# Blender v2.83.5 OBJ File: 'character.blend'
# www.blender.org
mtllib character_000034.mtl
o character
v 0.749895 1.274552 -0.104227
v 0.751883 1.366678 0.058545
v 0.754148 1.449831 0.209221
v 0.912863 0.819423 0.075868
v 0.874055 0.805783 -0.092681
v 0.840775 0.794109 -0.260957
v 0.935953 0.338518 -0.113684
v 0.844432 0.295930 -0.235946
v 0.758027 0.256926 -0.337907
v 0.457967 3.760967 -2.155834
v 0.159286 3.758466 -2.158216
v 0.099626 1.657746 -0.144862
v 0.639416 1.655916 -0.157199
v 0.050505 1.594767 -0.053260
v 0.698090 1.416446 -0.154640
v 0.051427 1.525634 -0.232559
v 0.696526 1.517878 -0.026802
v 0.050269 1.660829 0.138373
v 0.694977 1.619044 0.103114
v 0.538569 2.421618 -0.881804
v 0.160076 2.419407 -0.885517
v 0.558154 2.587150 -1.037724
v 0.131087 2.583609 -1.041167
v 0.548514 2.505380 -0.958924
v 0.145738 2.502356 -0.962371
v 0.352887 0.290720 -0.468481
v 0.568488 0.316544 0.327595
v 0.424878 -0.204274 0.138758
v 0.357991 -0.204530 -0.112263
v 0.298819 -0.204530 -0.331884
v 0.506411 0.568650 0.389602
v 0.405731 0.548511 -0.388631
v 0.400383 -0.340718 0.194910
v 0.367951 -0.340718 -0.054272
v 0.341527 -0.340718 -0.286172
v 0.553851 -0.424996 0.319522
v 0.530437 -0.424996 -0.036849
v 0.507750 -0.424996 -0.388612
v 0.541171 -0.929663 0.348061
v 0.535354 -0.929663 -0.008220
v 0.529112 -0.929663 -0.366057
v 0.420383 -1.185241 0.216220
v 0.419533 -1.185241 -0.001637
v 0.418683 -1.185241 -0.219493
v -0.916475 -0.436015 -2.004823
v -1.039544 -0.263518 -1.925685
v 0.724165 0.191882 -0.345865
v 1.067853 -0.068597 -0.401182
v 0.962362 -0.130653 -0.423179
v 0.912903 0.306474 -0.285027
v 0.852005 -0.204949 -0.419591
v 0.805164 0.246552 -0.316679
v 0.754517 -0.220254 -0.245953
v 0.699438 -0.236693 -0.385125
v 0.830309 -0.198764 -0.093468
v 0.665675 0.180875 -0.369478
v 0.943474 -0.113492 -0.486884
v 0.830392 -0.193183 -0.471094
v 1.060728 -0.042151 -0.483462
v 0.880697 0.321409 -0.363291
v 0.762354 0.250080 -0.366612
v 0.910719 -0.095268 -0.562135
v 0.717351 0.256457 -0.417232
v 0.361389 0.138417 -1.775550
v 0.154217 0.447980 -1.637721
v 0.290389 0.481541 -1.568554
v 0.473287 0.185673 -1.685074
v 0.435876 0.185015 -1.755959
v 0.238838 0.485252 -1.626020
v 0.002647 1.520400 0.383421
v -0.026573 0.314109 -0.500572
v -0.006349 0.841871 -0.498398
v 0.013265 0.304488 0.507260
v 0.002745 0.827041 0.504322
v -0.769488 1.480475 -0.204368
v -0.767044 1.377321 -0.059251
v -0.768055 1.273098 0.096964
v 0.025760 -0.210086 0.292548
v 0.000000 -0.204530 0.000000
v -0.009033 -0.201908 -0.297914
v 0.002160 1.513180 0.237363
v 0.000535 1.526202 -0.003985
v -0.000535 1.529980 -0.249482
v -0.889075 0.723157 0.177932
v -0.876094 0.703533 -0.010595
v -0.877994 0.709730 -0.209519
v -0.894421 0.180478 0.097939
v -0.869042 0.133460 -0.068324
v -0.853208 0.099955 -0.239967
v -0.456502 2.134453 2.768296
v -0.158174 2.130723 2.782760
v -0.086424 1.632251 0.147574
v -0.623977 1.637434 0.197175
v -0.044388 1.584488 0.046407
v -0.696171 1.635390 -0.063889
v -0.047049 1.667149 -0.135521
v -0.693195 1.519214 0.051268
v -0.041990 1.499622 0.215733
v -0.690475 1.404802 0.163456
v -0.455714 2.324340 0.987212
v -0.078123 2.314167 0.969050
v -0.452372 2.174902 1.088394
v -0.474767 2.373022 1.161576
v -0.048267 2.367163 1.180693
v -0.459864 2.386101 1.058901
v -0.057656 2.379605 1.065338
v -0.459301 2.202007 1.087458
v 0.006232 0.563940 0.508816
v -0.019163 0.569354 -0.502500
v -0.468887 0.253089 -0.437122
v -0.508185 0.240687 0.451488
v -0.377336 -0.251819 0.219474
v -0.362522 -0.243199 -0.032616
v -0.351472 -0.224047 -0.273952
v -0.484696 0.529149 0.455247
v -0.467612 0.580396 -0.475208
v 0.011733 -0.342597 0.296089
v 0.000000 -0.340718 0.000000
v -0.004129 -0.339309 -0.299144
v -0.370921 -0.362793 0.231469
v -0.363018 -0.358608 -0.018290
v -0.360562 -0.349014 -0.261385
v 0.010467 -0.426607 0.429592
v 0.000000 -0.424996 0.000000
v -0.003093 -0.424324 -0.432180
v -0.531846 -0.440594 0.347547
v -0.527580 -0.436802 -0.010721
v -0.524468 -0.431434 -0.367294
v 0.001687 -0.929663 0.432324
v 0.000000 -0.929663 0.000000
v -0.001687 -0.929663 -0.432324
v -0.531966 -0.932757 0.356071
v -0.532707 -0.931581 -0.001229
v -0.532456 -0.930869 -0.359385
v 0.001027 -1.185241 0.263279
v 0.000000 -1.185241 0.000000
v -0.001027 -1.185241 -0.263279
v -0.418683 -1.185241 0.219493
v -0.419533 -1.185241 0.001637
v -0.420383 -1.185241 -0.216220
v -0.886008 -0.626479 -1.534003
v -0.661260 -0.604533 -1.520935
v -0.813771 -0.011993 -0.225187
v -1.128173 -0.051915 -0.006693
v -1.120985 -0.118625 -0.120168
v -0.846153 0.133073 0.004163
v -1.095637 -0.219790 -0.224424
v -0.812195 0.050873 -0.114768
v -0.781242 -0.304575 -0.052528
v -0.789636 -0.314459 -0.218713
v -0.801345 -0.290158 0.128280
v -0.769749 -0.029640 -0.266799
v -1.136860 -0.067255 -0.171169
v -1.113124 -0.175740 -0.270091
v -1.154243 0.015884 -0.062606
v -0.812008 0.154222 -0.055931
v -0.776758 0.058753 -0.165421
v -1.146898 -0.004739 -0.233135
v -0.746430 0.081597 -0.218091
v -1.212996 0.732162 -1.261968
v -0.820189 0.785060 -1.240218
v -0.852010 0.868983 -1.177159
v -1.211550 0.796399 -1.180080
v -1.221127 0.821322 -1.241985
v -0.844099 0.878064 -1.226135
v 0.935158 0.322765 -0.196729
v 0.834075 0.269590 -0.269555
v 0.747301 0.221326 -0.332257
v 0.927218 -0.180462 -0.307456
v 0.834233 -0.228947 -0.370855
v 1.010243 -0.134684 -0.230751
v -0.874467 0.152232 0.055209
v -0.844668 0.084157 -0.085883
v -0.836583 0.034320 -0.226618
v -1.005120 -0.239796 -0.050693
v -0.990922 -0.297262 -0.187312
v -1.010338 -0.190888 0.088980
v -0.005887 1.206527 -0.441072
v 0.000211 1.191658 0.438608
v 0.830369 1.134505 0.186735
v 0.804286 1.092977 0.025048
v 0.783074 1.051768 -0.141496
v -0.817750 1.001705 0.106135
v -0.806919 1.025417 -0.069542
v -0.809473 1.065818 -0.244181
v 0.770471 0.793506 -0.425965
v 0.800042 0.790515 -0.400220
v 0.693583 0.192047 -0.463389
v 0.670347 0.251110 -0.481054
v 0.702859 0.248271 -0.455001
v 0.919444 0.828084 0.226580
v 0.888030 0.829427 0.278959
v 1.004460 0.315499 0.011295
v 0.983408 0.356621 0.028114
v 0.965124 0.355156 0.091962
v 0.709574 1.195291 -0.288896
v 0.697988 1.241274 -0.284300
v 0.747104 1.212133 -0.246613
v 0.668013 -0.185099 -0.468668
v 0.640364 -0.217403 -0.477644
v 0.602976 -0.177120 -0.491868
v 0.758742 1.493715 0.333997
v 0.720040 1.497475 0.361206
v 0.892213 -0.179668 0.047463
v 0.959378 -0.119067 0.033672
v 0.879581 -0.138120 0.104731
v 0.422841 3.829645 -2.033597
v 0.456820 3.829379 -2.085169
v 0.195961 3.637773 -2.231769
v 0.160431 3.690128 -2.228806
v 0.426016 3.640165 -2.229380
v 0.459112 3.692649 -2.226404
v 0.192765 3.828254 -2.034932
v 0.158138 3.826927 -2.087499
v 0.135365 1.855772 0.117342
v 0.101298 1.791507 0.180622
v 0.610240 1.817274 0.097494
v 0.636792 1.818363 0.027914
v 0.597541 1.866369 0.035845
v 0.615777 1.446577 -0.347565
v 0.603451 1.498544 -0.385545
v 0.642056 1.494280 -0.335396
v 0.124618 1.484017 -0.369202
v 0.102334 1.503614 -0.358444
v 0.140251 1.514158 -0.399346
v 0.508523 2.262972 -0.999742
v 0.508303 2.313361 -1.050227
v 0.540299 2.317120 -0.994828
v 0.196249 2.243474 -1.020234
v 0.162178 2.292317 -1.023011
v 0.194017 2.293201 -1.073050
v 0.191293 2.546805 -0.689573
v 0.188980 2.598899 -0.745186
v 0.157994 2.547009 -0.747631
v 0.504140 2.529693 -0.710260
v 0.536855 2.526302 -0.768671
v 0.503857 2.582470 -0.761823
v 0.522824 2.464298 -1.216295
v 0.560213 2.464723 -1.164550
v 0.521937 2.414531 -1.166077
v 0.170115 2.442718 -1.238622
v 0.174394 2.392809 -1.189025
v 0.133540 2.438112 -1.192088
v 0.164512 2.777040 -0.892000
v 0.128657 2.729500 -0.889984
v 0.168839 2.724638 -0.843061
v 0.517849 2.761174 -0.908639
v 0.517028 2.708251 -0.860207
v 0.556111 2.709701 -0.910693
v 0.518289 2.387138 -1.134214
v 0.550410 2.391499 -1.078591
v 0.512063 2.341153 -1.081206
v 0.179767 2.366109 -1.157181
v 0.188753 2.320476 -1.104253
v 0.148006 2.365945 -1.106618
v 0.174345 2.690886 -0.816406
v 0.143456 2.639420 -0.818293
v 0.183572 2.633553 -0.771487
v 0.513495 2.674541 -0.833274
v 0.507486 2.617111 -0.788439
v 0.546617 2.619246 -0.839157
v 0.482274 -0.130667 0.334316
v 0.465888 -0.173386 0.300367
v 0.265745 -0.139756 -0.507905
v 0.265839 -0.179585 -0.479831
v -0.883868 -0.418855 -1.885341
v -0.904688 -0.452603 -1.939673
v -0.965252 -0.304638 -1.833071
v -1.024563 -0.284582 -1.862605
v -0.883915 -0.330702 -2.077650
v -0.905030 -0.397744 -2.059824
v -0.965289 -0.216515 -2.025334
v -1.024918 -0.229717 -1.982721
v 0.671645 0.112513 -0.411246
v 0.699368 0.145018 -0.431914
v 0.704788 0.169840 -0.400075
v 1.029671 0.297949 -0.105475
v 1.034739 0.309579 -0.227646
v 1.001127 0.322161 -0.194971
v 1.103097 -0.042603 -0.192801
v 1.115492 -0.058525 -0.291331
v 1.136510 -0.000357 -0.310447
v 0.727482 -0.195241 -0.433100
v 0.774348 -0.224005 -0.418508
v 0.744088 -0.197675 -0.411482
v 1.009769 0.350098 -0.366482
v 0.973925 0.380642 -0.480619
v 0.932919 0.411042 -0.425031
v 1.144581 0.057312 -0.462822
v 1.141089 0.026480 -0.570192
v 1.125032 0.098366 -0.584244
v 0.525826 0.135414 -0.389020
v 0.529475 0.080322 -0.438799
v 0.587721 0.082950 -0.402012
v 0.695865 -0.191172 -0.470862
v 0.666034 -0.177786 -0.527276
v 0.719253 -0.226983 -0.514922
v 0.170667 0.505578 -1.863452
v 0.176090 0.535120 -1.814119
v 0.257565 0.543355 -1.832760
v 0.329606 0.268642 -1.970407
v 0.415198 0.306911 -1.937723
v 0.375367 0.237210 -1.948750
v 0.131866 0.300515 -1.467416
v 0.173560 0.329128 -1.476337
v 0.143494 0.357994 -1.470804
v 0.345685 0.060707 -1.602955
v 0.332507 0.092867 -1.579964
v 0.292588 0.063914 -1.572709
v 0.162430 0.373286 -1.515231
v 0.173909 0.337442 -1.515683
v 0.174828 0.319868 -1.485064
v 0.313202 0.094047 -1.576694
v 0.318540 0.110312 -1.610093
v 0.337773 0.088764 -1.630674
v 0.489153 0.570434 -1.617468
v 0.420260 0.576188 -1.711451
v 0.424495 0.583325 -1.627666
v 0.605766 0.299509 -1.736827
v 0.567449 0.349429 -1.803299
v 0.632974 0.343977 -1.703569
v 0.304290 0.576407 -1.753097
v 0.393605 0.574457 -1.739167
v 0.285250 0.551956 -1.818668
v 0.440796 0.317214 -1.922011
v 0.542669 0.346288 -1.833550
v 0.493591 0.286735 -1.878877
v 0.180532 0.387607 -1.504561
v 0.179251 0.334687 -1.484621
v 0.180010 0.340927 -1.511570
v 0.327421 0.112488 -1.607544
v 0.336112 0.100102 -1.586571
v 0.372544 0.098459 -1.627912
v -0.860714 0.705628 -0.350245
v -0.825542 0.710528 -0.385339
v -0.850873 0.054323 -0.386097
v -0.849910 0.119589 -0.378405
v -0.822733 0.134770 -0.411155
v -0.847473 0.750237 0.382964
v -0.881929 0.742709 0.336023
v -0.920729 0.169915 0.268377
v -0.885859 0.209447 0.311034
v -0.910919 0.206395 0.254967
v -0.736507 1.485565 -0.369002
v -0.771325 1.545520 -0.325533
v -0.717357 1.598069 -0.322207
v -0.836494 -0.277787 -0.353299
v -0.750623 -0.257774 -0.378471
v -0.780647 -0.297106 -0.343268
v -0.729447 1.218775 0.284870
v -0.770415 1.210410 0.238260
v -0.789607 -0.236393 0.337655
v -0.874682 -0.215887 0.305211
v -0.812923 -0.276356 0.290473
v 0.043281 -0.143154 0.497821
v 0.042572 -0.184282 0.461568
v 0.051017 1.511668 -0.368107
v -0.002203 1.502064 -0.389460
v -0.053387 1.590395 -0.349010
v -0.001292 1.533289 -0.345135
v -0.030328 -0.169822 -0.465885
v -0.036318 -0.127538 -0.500105
v -0.421707 2.006215 2.715801
v -0.457071 2.036628 2.754874
v -0.190308 2.274230 2.763688
v -0.157609 2.228065 2.796116
v -0.420131 2.276184 2.752517
v -0.455937 2.231767 2.781650
v -0.191913 2.002644 2.726835
v -0.158742 2.032907 2.769338
v -0.118121 1.474110 0.376476
v -0.088253 1.445298 0.344547
v -0.596416 1.410506 0.351750
v -0.615156 1.449579 0.395251
v -0.606159 1.831457 -0.034373
v -0.628647 1.823809 0.037581
v -0.587818 1.876101 0.032727
v -0.117826 1.802094 -0.161288
v -0.127794 1.866104 -0.079907
v -0.092270 1.818940 -0.084838
v -0.428220 2.462891 0.845889
v -0.457837 2.448920 0.901562
v -0.422078 2.518694 0.922899
v -0.117021 2.476428 0.811325
v -0.108853 2.530548 0.896953
v -0.080779 2.465129 0.864283
v -0.074577 2.168705 1.068932
v -0.109737 2.143719 1.086354
v -0.437253 2.580522 1.216137
v -0.433005 2.586741 1.132431
v -0.473709 2.547538 1.177341
v -0.084380 2.603199 1.229446
v -0.046905 2.575220 1.194916
v -0.085418 2.608509 1.134836
v -0.086503 2.132390 1.192487
v -0.086398 2.149725 1.137170
v -0.048761 2.164537 1.161410
v -0.439037 2.163062 1.179841
v -0.469478 2.199010 1.124986
v -0.428148 2.581887 1.076873
v -0.422809 2.553073 0.980384
v -0.460259 2.537578 1.039008
v -0.089929 2.600243 1.066841
v -0.058633 2.556933 1.022589
v -0.100577 2.565284 0.957957
v -0.092788 2.168202 1.095426
v -0.057155 2.197316 1.090360
v -0.381958 -0.230118 0.391433
v -0.393999 -0.189824 0.430665
v -0.359721 -0.199345 -0.423583
v -0.371682 -0.160643 -0.454170
v -0.860027 -0.581607 -1.418697
v -0.886356 -0.625099 -1.465765
v -0.711335 -0.566913 -1.410147
v -0.667445 -0.603723 -1.453050
v -0.852773 -0.533860 -1.624166
v -0.881763 -0.595658 -1.594443
v -0.704094 -0.519188 -1.615558
v -0.662830 -0.574287 -1.581699
v -0.847116 -0.019628 -0.305345
v -0.861051 -0.023386 -0.350094
v -0.847362 -0.076277 -0.345141
v -0.939183 0.155018 0.208637
v -0.911642 0.168541 0.131566
v -0.931835 0.173107 0.136050
v -1.054539 -0.102689 0.181897
v -1.107746 -0.020776 0.118563
v -1.101020 -0.083285 0.111347
v -1.023786 -0.258618 -0.338351
v -0.998851 -0.283968 -0.313132
v -1.054605 -0.271632 -0.293404
v -0.887712 0.232646 0.045559
v -0.794307 0.271140 -0.025893
v -0.861064 0.297733 -0.040702
v -1.142416 0.104733 0.034416
v -1.155338 0.204627 -0.048765
v -1.199762 0.148198 -0.038171
v -0.796095 -0.116507 -0.381866
v -0.769283 -0.098371 -0.432950
v -0.712902 -0.093724 -0.389920
v -1.035091 -0.225395 -0.380103
v -1.097395 -0.201522 -0.389907
v -1.042223 -0.173881 -0.431421
v -0.856646 0.825656 -1.445433
v -0.876034 0.914428 -1.388648
v -0.823719 0.848902 -1.409055
v -1.158123 0.786299 -1.463716
v -1.202454 0.799029 -1.432696
v -1.175582 0.873329 -1.404251
v -0.863588 0.692091 -1.062456
v -0.829961 0.734187 -1.076100
v -0.872306 0.750587 -1.095452
v -1.165465 0.653868 -1.077114
v -1.172147 0.710190 -1.108233
v -1.209378 0.686277 -1.094080
v -0.865340 0.689467 -1.243774
v -0.871634 0.748769 -1.228526
v -0.832665 0.738596 -1.255209
v -1.139204 0.635300 -1.250325
v -1.179281 0.669977 -1.263730
v -1.152395 0.699626 -1.236244
v -0.881998 1.001631 -1.101767
v -0.914572 1.018178 -1.180476
v -0.925188 1.002816 -1.058773
v -1.201109 0.949356 -1.054323
v -1.195911 0.970461 -1.182695
v -1.229937 0.936074 -1.097135
v -0.883297 0.939043 -1.361969
v -0.909112 1.009638 -1.224715
v -0.857654 0.965820 -1.295573
v -1.179735 0.896933 -1.376371
v -1.221015 0.910527 -1.311919
v -1.193570 0.963528 -1.229767
v -0.874077 0.761753 -1.204569
v -0.874249 0.761133 -1.115686
v -0.841767 0.793306 -1.159255
v -1.158151 0.714632 -1.213083
v -1.205754 0.739730 -1.170155
v -1.170978 0.719692 -1.127193
v 0.693569 0.189950 -0.464516
v 0.708290 0.205021 -0.415632
v 0.700689 0.146611 -0.428977
v 0.710279 -0.192762 -0.434584
v 0.738952 -0.197973 -0.414438
v 0.757455 -0.230779 -0.409291
v 1.002220 0.340335 -0.083856
v 1.007383 0.315371 0.009374
v 1.026670 0.297198 -0.104111
v 1.072287 -0.065584 -0.120091
v 1.016128 -0.094908 -0.033629
v 1.043057 -0.117567 -0.115789
v -0.852025 0.051355 -0.387642
v -0.860069 -0.021526 -0.346154
v -0.851073 0.038949 -0.335115
v -0.901554 -0.292469 -0.326333
v -0.958690 -0.317440 -0.282229
v -0.963963 -0.295345 -0.312267
v -0.937324 0.153895 0.207245
v -0.922579 0.169803 0.268998
v -0.915132 0.185591 0.195534
v -1.007881 -0.140491 0.226719
v -0.984369 -0.189372 0.216761
v -0.938516 -0.183904 0.272352
v 0.803664 1.168657 0.364040
v 0.838258 1.162831 0.324578
v 0.761241 1.024810 -0.284045
v 0.725525 1.028838 -0.322404
v -0.820444 0.990309 0.254018
v -0.784864 0.997787 0.300832
v -0.771402 1.112524 -0.411206
v -0.806556 1.100182 -0.381104
vt 0.618418 0.750000
vt 0.547996 0.750000
vt 0.547994 0.750000
vt 0.618285 0.750000
vt 0.541667 0.562500
vt 0.541667 0.512151
vt 0.541667 0.513846
vt 0.541667 0.562500
vt 0.541667 0.625000
vt 0.541667 0.518437
vt 0.541667 0.544499
vt 0.541667 0.625000
vt 0.416667 0.755722
vt 0.458333 0.755033
vt 0.458333 0.875000
vt 0.416667 0.875000
vt 0.500000 0.812500
vt 0.541667 0.812500
vt 0.541667 0.875000
vt 0.500000 0.875000
vt 0.616899 0.750000
vt 0.549754 0.750000
vt 0.554884 0.750000
vt 0.611756 0.750000
vt 0.687500 0.687500
vt 0.750000 0.687500
vt 0.750000 0.739236
vt 0.687500 0.738904
vt 0.416667 0.511914
vt 0.458333 0.511937
vt 0.458333 0.562500
vt 0.416667 0.562500
vt 0.541667 0.755032
vt 0.618846 0.812500
vt 0.618844 0.875000
vt 0.687500 0.625000
vt 0.687500 0.562500
vt 0.687500 0.562500
vt 0.687500 0.625000
vt 0.547615 0.500000
vt 0.618777 0.500000
vt 0.618665 0.500000
vt 0.547612 0.500000
vt 0.458333 0.625000
vt 0.416667 0.625000
vt 0.458333 0.687500
vt 0.416667 0.687500
vt 0.541667 0.625000
vt 0.541667 0.511263
vt 0.541667 0.519595
vt 0.541667 0.625000
vt 0.541667 0.734463
vt 0.541667 0.687500
vt 0.541667 0.687500
vt 0.541667 0.738768
vt 0.416667 0.375000
vt 0.458333 0.375000
vt 0.458333 0.494978
vt 0.416667 0.494291
vt 0.500000 0.437500
vt 0.500000 0.375000
vt 0.541667 0.625000
vt 0.323100 0.437553
vt 0.369848 0.494495
vt 0.360884 0.499526
vt 0.265660 0.498923
vt 0.541667 0.687500
vt 0.541667 0.737844
vt 0.458333 0.738057
vt 0.375000 0.756799
vt 0.375000 0.868512
vt 0.375000 0.867265
vt 0.375000 0.757723
vt 0.375000 0.625000
vt 0.375000 0.733574
vt 0.375000 0.725966
vt 0.375000 0.625000
vt 0.375000 0.625000
vt 0.375000 0.728629
vt 0.375000 0.716275
vt 0.375000 0.625000
vt 0.375000 0.727386
vt 0.375000 0.625000
vt 0.000000 0.000000
vt 0.000000 0.000000
vt 0.000000 0.000000
vt 0.000000 0.000000
vt 0.111084 0.230305
vt 0.250000 0.533533
vt 0.250000 0.625000
vt 0.111084 0.277711
vt 0.369848 0.755505
vt 0.323101 0.812448
vt 0.265659 0.751075
vt 0.360883 0.750473
vt 0.380988 0.756170
vt 0.379291 0.875000
vt 0.000000 0.000000
vt 0.000000 0.000000
vt 0.000000 0.000000
vt 0.000000 0.000000
vt 0.250000 0.716302
vt 0.000000 0.000000
vt 0.000000 0.000000
vt 0.375000 0.375000
vt 0.375000 0.493405
vt 0.375000 0.492227
vt 0.375000 0.378402
vt 0.375000 0.625000
vt 0.375000 0.687500
vt 0.375000 0.687500
vt 0.375000 0.625000
vt -0.002465 -0.006174
vt 0.091560 0.190487
vt 0.091560 0.228899
vt 0.375000 0.516410
vt 0.375000 0.524000
vt 0.375000 0.562500
vt 0.375000 0.562500
vt 0.111084 0.325064
vt 0.091560 0.267227
vt 0.625000 0.565471
vt 0.625000 0.511656
vt 0.687500 0.511100
vt 0.375000 0.521311
vt 0.375000 0.533599
vt 0.373837 0.384699
vt 0.374632 0.491827
vt 0.371300 0.492421
vt 0.334470 0.426803
vt 0.000000 0.000000
vt 0.374633 0.758175
vt 0.373835 0.865298
vt 0.334475 0.823202
vt 0.371302 0.757582
vt 0.375000 0.522568
vt 0.101322 0.210413
vt 0.101322 0.253305
vt 0.327389 0.433478
vt 0.370451 0.493735
vt 0.370413 0.493926
vt 0.325607 0.435106
vt 0.101322 0.296131
vt 0.541667 0.375000
vt 0.618805 0.375000
vt 0.618808 0.437500
vt 0.541667 0.437500
vt 0.370451 0.756264
vt 0.327389 0.816522
vt 0.325608 0.814894
vt 0.370413 0.756074
vt 0.370617 0.757104
vt 0.332104 0.820561
vt 0.330328 0.818958
vt 0.370574 0.756888
vt 0.332104 0.429439
vt 0.370617 0.492896
vt 0.370574 0.493112
vt 0.330328 0.431042
vt 0.541667 0.494979
vt 0.625000 0.687500
vt 0.625000 0.625000
vt 0.541667 0.687500
vt 0.541667 0.736149
vt 0.625000 0.513053
vt 0.625000 0.563986
vt 0.416667 0.738079
vt 0.750000 0.510770
vt 0.750000 0.562500
vt 0.750000 0.562500
vt 0.750000 0.562500
vt 0.687500 0.562500
vt 0.687500 0.687500
vt 0.750000 0.687500
vt 0.687500 0.625000
vt 0.687500 0.562500
vt 0.687500 0.625000
vt 0.687500 0.687500
vt 0.750000 0.687500
vt 0.687500 0.687500
vt 0.687500 0.625000
vt 0.687500 0.687500
vt 0.750000 0.687500
vt 0.750000 0.562500
vt 0.687500 0.562500
vt 0.750000 0.562500
vt 0.750000 0.625000
vt 0.750000 0.687500
vt 0.541667 0.705829
vt 0.541667 0.731548
vt 0.625000 0.731504
vt 0.625000 0.705847
vt 0.625000 0.625000
vt 0.625000 0.625000
vt 0.541667 0.730388
vt 0.541667 0.738990
vt 0.541667 0.625000
vt 0.541667 0.625000
vt 0.548527 0.500000
vt 0.618284 0.500000
vt 0.618143 0.500000
vt 0.548480 0.500000
vt 0.541667 0.562500
vt 0.541667 0.625000
vt 0.541667 0.562500
vt 0.541667 0.511195
vt 0.617446 0.750000
vt 0.549213 0.750000
vt 0.549253 0.750000
vt 0.617406 0.750000
vt 0.548728 0.500000
vt 0.617930 0.500000
vt 0.617896 0.500000
vt 0.548762 0.500000
vt 0.541667 0.515532
vt 0.625000 0.625000
vt 0.625000 0.687500
vt 0.625000 0.687500
vt 0.625000 0.625000
vt 0.625000 0.737706
vt 0.625000 0.735758
vt 0.625000 0.733698
vt 0.625000 0.735940
vt 0.625000 0.687500
vt 0.617871 0.750000
vt 0.549053 0.750000
vt 0.548979 0.750000
vt 0.617712 0.750000
vt 0.625000 0.625000
vt 0.625000 0.562500
vt 0.625000 0.562500
vt 0.625000 0.514892
vt 0.541667 0.511496
vt 0.625000 0.544481
vt 0.625000 0.519632
vt 0.625000 0.511013
vt 0.625000 0.625000
vt 0.625000 0.625000
vt 0.625000 0.518487
vt 0.549708 0.500000
vt 0.617007 0.500000
vt 0.617051 0.500000
vt 0.549663 0.500000
vt 0.625000 0.738246
vt 0.625000 0.730357
vt 0.617007 0.750000
vt 0.549707 0.750000
vt 0.549663 0.750000
vt 0.617051 0.750000
vt 0.625000 0.730945
vt 0.625000 0.625000
vt 0.549754 0.500000
vt 0.616900 0.500000
vt 0.611755 0.500000
vt 0.554886 0.500000
vt 0.541667 0.625000
vt 0.541666 0.730980
vt 0.625000 0.519046
vt 0.541667 0.519004
vt 0.625000 0.510886
vt 0.548907 0.500000
vt 0.617755 0.500000
vt 0.616650 0.500000
vt 0.550011 0.500000
vt 0.625000 0.737978
vt 0.541667 0.739083
vt 0.617302 0.750000
vt 0.549363 0.750000
vt 0.550060 0.750000
vt 0.616604 0.750000
vt 0.458333 0.755033
vt 0.500000 0.812500
vt 0.550035 0.500000
vt 0.616680 0.500000
vt 0.616728 0.500000
vt 0.549987 0.500000
vt 0.616680 0.750000
vt 0.550035 0.750000
vt 0.549987 0.750000
vt 0.616728 0.750000
vt 0.416667 0.755722
vt 0.541667 0.562500
vt 0.541667 0.562500
vt 0.541667 0.513990
vt 0.541667 0.512312
vt 0.541667 0.625000
vt 0.541667 0.625000
vt 0.541667 0.544499
vt 0.541667 0.518437
vt 0.458333 0.687500
vt 0.458333 0.738057
vt 0.541667 0.737844
vt 0.541667 0.687500
vt 0.541667 0.812500
vt 0.375000 0.533246
vt 0.250000 0.533254
vt 0.250000 0.625000
vt 0.375000 0.625000
vt 0.687500 0.687500
vt 0.687500 0.738904
vt 0.500000 0.437500
vt 0.458333 0.494978
vt 0.541667 0.755032
vt 0.000000 0.000000
vt 0.000000 0.000000
vt 0.000000 0.000000
vt 0.000000 0.000000
vt 0.000000 0.000000
vt 0.000000 0.000000
vt 0.687500 0.625000
vt 0.687500 0.625000
vt 0.687500 0.562500
vt 0.687500 0.562500
vt 0.547615 0.500000
vt 0.547612 0.500000
vt 0.618665 0.500000
vt 0.618777 0.500000
vt 0.416667 0.562500
vt 0.416667 0.625000
vt 0.458333 0.625000
vt 0.458333 0.562500
vt 0.416667 0.687500
vt 0.541667 0.625000
vt 0.541667 0.625000
vt 0.541667 0.519595
vt 0.541667 0.511358
vt 0.541667 0.734463
vt 0.541667 0.738768
vt 0.541667 0.687500
vt 0.541667 0.687500
vt 0.416667 0.494291
vt 0.541667 0.494979
vt 0.541667 0.437500
vt 0.541667 0.625000
vt 0.323100 0.437553
vt 0.265660 0.498923
vt 0.360884 0.499526
vt 0.369848 0.494495
vt 0.618418 0.750000
vt 0.618284 0.750000
vt 0.547994 0.750000
vt 0.547996 0.750000
vt 0.375000 0.756799
vt 0.375000 0.757723
vt 0.375000 0.867265
vt 0.375000 0.868512
vt 0.375000 0.625000
vt 0.375000 0.625000
vt 0.375000 0.725966
vt 0.375000 0.733574
vt 0.375000 0.625000
vt 0.375000 0.716275
vt 0.375000 0.728629
vt 0.375000 0.625000
vt 0.375000 0.727386
vt 0.618846 0.812500
vt 0.111084 0.230250
vt 0.111084 0.277711
vt 0.369848 0.755505
vt 0.360883 0.750473
vt 0.265659 0.751075
vt 0.323101 0.812448
vt 0.380988 0.756170
vt 0.000000 0.000000
vt 0.000000 0.000000
vt 0.250000 0.716302
vt 0.000000 0.000000
vt 0.375000 0.378401
vt 0.375000 0.492227
vt 0.375000 0.493405
vt 0.375000 0.625000
vt 0.375000 0.625000
vt 0.375000 0.687500
vt 0.375000 0.687500
vt -0.002467 -0.006178
vt 0.000000 0.000000
vt 0.091560 0.228899
vt 0.091560 0.190450
vt 0.373838 0.384736
vt 0.333549 0.428270
vt 0.375000 0.500000
vt 0.375015 0.500192
vt 0.375000 0.562500
vt 0.375000 0.562500
vt 0.111084 0.325064
vt 0.374633 0.758175
vt 0.371302 0.757582
vt 0.334475 0.823202
vt 0.373835 0.865298
vt 0.687500 0.511100
vt 0.625000 0.511656
vt 0.625000 0.565471
vt 0.375000 0.511374
vt 0.375000 0.500124
vt 0.375000 0.500381
vt 0.091560 0.267227
vt 0.375000 0.500000
vt 0.375000 0.509421
vt 0.101322 0.210368
vt 0.101322 0.253305
vt 0.328843 0.432270
vt 0.325598 0.435093
vt 0.375175 0.500236
vt 0.101322 0.296131
vt 0.616899 0.750000
vt 0.611756 0.750000
vt 0.554884 0.750000
vt 0.549754 0.750000
vt 0.370617 0.757104
vt 0.370574 0.756888
vt 0.330328 0.818958
vt 0.332104 0.820560
vt 0.416667 0.512140
vt 0.458333 0.512122
vt 0.370451 0.756264
vt 0.370413 0.756074
vt 0.325608 0.814894
vt 0.327389 0.816522
vt 0.625000 0.625000
vt 0.625000 0.687500
vt 0.541667 0.736149
vt 0.541667 0.687500
vt 0.625000 0.513053
vt 0.625000 0.563986
vt 0.416667 0.738079
vt 0.000000 0.000000
vt 0.000000 0.000000
vt 0.000000 0.000000
vt 0.687500 0.562500
vt 0.687500 0.687500
vt 0.000000 0.000000
vt 0.687500 0.625000
vt 0.687500 0.625000
vt 0.687500 0.562500
vt 0.000000 0.000000
vt 0.000000 0.000000
vt 0.000000 0.000000
vt 0.687500 0.687500
vt 0.687500 0.687500
vt 0.687500 0.687500
vt 0.687500 0.625000
vt 0.000000 0.000000
vt 0.000000 0.000000
vt 0.000000 0.000000
vt 0.687500 0.562500
vt 0.000000 0.000000
vt 0.541667 0.731548
vt 0.541667 0.705829
vt 0.625000 0.731504
vt 0.625000 0.625000
vt 0.625000 0.625000
vt 0.625000 0.705847
vt 0.541667 0.738990
vt 0.541667 0.730388
vt 0.541667 0.625000
vt 0.541667 0.625000
vt 0.548527 0.500000
vt 0.548480 0.500000
vt 0.618143 0.500000
vt 0.618284 0.500000
vt 0.541667 0.562500
vt 0.541667 0.625000
vt 0.541667 0.511289
vt 0.541667 0.562500
vt 0.617871 0.750000
vt 0.617712 0.750000
vt 0.548979 0.750000
vt 0.549053 0.750000
vt 0.541667 0.511592
vt 0.541667 0.515667
vt 0.548728 0.500000
vt 0.548762 0.500000
vt 0.617896 0.500000
vt 0.617930 0.500000
vt 0.625000 0.625000
vt 0.618808 0.437500
vt 0.625000 0.687500
vt 0.625000 0.625000
vt 0.625000 0.687500
vt 0.625000 0.737706
vt 0.625000 0.735758
vt 0.625000 0.687500
vt 0.625000 0.735940
vt 0.625000 0.733698
vt 0.625000 0.625000
vt 0.625000 0.562500
vt 0.625000 0.562500
vt 0.617446 0.750000
vt 0.617406 0.750000
vt 0.549253 0.750000
vt 0.549213 0.750000
vt 0.625000 0.514892
vt 0.625000 0.544481
vt 0.625000 0.519632
vt 0.625000 0.625000
vt 0.625000 0.625000
vt 0.625000 0.511013
vt 0.625000 0.518487
vt 0.549708 0.500000
vt 0.549663 0.500000
vt 0.617051 0.500000
vt 0.617007 0.500000
vt 0.625000 0.738246
vt 0.625000 0.730357
vt 0.617007 0.750000
vt 0.617051 0.750000
vt 0.549663 0.750000
vt 0.549707 0.750000
vt 0.625000 0.730945
vt 0.625000 0.625000
vt 0.549754 0.500000
vt 0.554886 0.500000
vt 0.611755 0.500000
vt 0.616900 0.500000
vt 0.541666 0.730980
vt 0.541667 0.625000
vt 0.625000 0.519046
vt 0.541667 0.519004
vt 0.625000 0.510886
vt 0.548907 0.500000
vt 0.550011 0.500000
vt 0.616650 0.500000
vt 0.617755 0.500000
vt 0.625000 0.737978
vt 0.541667 0.739083
vt 0.617302 0.750000
vt 0.616604 0.750000
vt 0.550060 0.750000
vt 0.549363 0.750000
vt 0.550035 0.500000
vt 0.549987 0.500000
vt 0.616728 0.500000
vt 0.616680 0.500000
vt 0.616680 0.750000
vt 0.616728 0.750000
vt 0.549987 0.750000
vt 0.550035 0.750000
vt 0.625000 0.511271
vt 0.619191 0.494352
vt 0.375000 0.738143
vt 0.618885 0.755688
vt 0.625000 0.511271
vt 0.619191 0.494352
vt 0.375000 0.738143
vt 0.618885 0.755688
vt 0.375000 0.512132
vt 0.375000 0.498819
vt 0.375000 0.735890
vt 0.375000 0.514096
vt 0.375000 0.511848
vt 0.375000 0.735890
vt 0.625000 0.750000
vt 0.620585 0.750000
vt 0.625000 0.500000
vt 0.625000 0.500000
vt 0.375000 0.874047
vt 0.375000 0.866239
vt 0.329602 0.828559
vt 0.332973 0.822727
vt 0.332973 0.427273
vt 0.329598 0.421433
vt 0.324755 0.812834
vt 0.319824 0.819000
vt 0.319821 0.430997
vt 0.324755 0.437166
vt 0.329462 0.816822
vt 0.324713 0.823790
vt 0.324710 0.426205
vt 0.329462 0.433178
vt 0.620585 0.750000
vt 0.625000 0.750000
vt 0.616300 0.500000
vt 0.625000 0.500000
vt 0.375000 0.873556
vt 0.375000 0.875000
vt 0.375000 0.875000
vt 0.375000 0.866239
vt 0.375000 0.874047
vt 0.332973 0.822727
vt 0.329602 0.828559
vt 0.319824 0.819000
vt 0.324755 0.812834
vt 0.324745 0.437154
vt 0.319819 0.430994
vt 0.324713 0.823790
vt 0.329462 0.816822
vt 0.629735 0.500000
vt 0.687147 0.500000
vt 0.750000 0.750000
vt 0.687500 0.750000
vt 0.247006 0.741018
vt 0.114206 0.342618
vt 0.250000 0.500000
vt 0.319366 0.430634
vt 0.000000 0.000000
vt 0.000000 0.000000
vt 0.088666 0.265998
vt 0.003288 0.009865
vt 0.329220 0.420780
vt 0.375000 0.375000
vt 0.107610 0.322829
vt 0.103972 0.311916
vt 0.319607 0.430393
vt 0.324339 0.425661
vt 0.097846 0.293538
vt 0.094208 0.282625
vt 0.324488 0.425512
vt 0.687500 0.500000
vt 0.750000 0.500000
vt 0.686624 0.750000
vt 0.629252 0.750000
vt 0.625000 0.438490
vt 0.625000 0.874105
vt 0.625000 0.812500
vt 0.250000 0.750000
vt 0.319338 0.819338
vt 0.247002 0.494004
vt 0.114206 0.228411
vt 0.375000 0.875000
vt 0.329220 0.829220
vt 0.374845 0.874845
vt 0.091560 0.183119
vt 0.003289 0.006578
vt 0.319608 0.819608
vt 0.324339 0.824339
vt 0.107611 0.215221
vt 0.101322 0.202644
vt 0.324489 0.824489
vt 0.100910 0.201820
vt 0.625000 0.437500
vt 0.625000 0.375896
vt 0.625000 0.811240
vn 0.6100 -0.0328 -0.7917
vn 0.0441 0.9865 -0.1580
vn -0.5407 0.7785 0.3188
vn 0.1604 0.2667 -0.9503
vn 0.1838 0.1265 -0.9748
vn -0.0562 -0.4411 0.8957
vn -0.0338 -0.9845 -0.1719
vn 0.9598 0.2683 -0.0825
vn -0.1280 0.1887 -0.9737
vn 0.0377 0.0404 -0.9985
vn 0.9722 -0.1326 -0.1930
vn 0.7648 -0.0486 0.6424
vn 0.9178 0.3208 -0.2339
vn 0.9312 0.3048 -0.1997
vn -0.5138 0.7888 0.3373
vn 0.1390 -0.8615 0.4884
vn 0.1748 -0.0055 0.9846
vn 0.2410 0.0392 0.9697
vn 0.8937 0.1376 -0.4271
vn 0.0360 0.7306 0.6818
vn 0.9323 -0.1135 -0.3433
vn -0.0051 -0.3408 -0.9401
vn 0.9954 0.0779 -0.0563
vn 0.9980 0.0524 -0.0344
vn 0.9960 -0.0565 0.0686
vn -0.8232 0.4903 -0.2863
vn -0.9998 0.0045 -0.0205
vn 0.0588 -0.6438 -0.7629
vn 0.2073 0.1826 -0.9611
vn -0.9413 0.3374 0.0104
vn -0.0005 0.7185 -0.6956
vn -0.5571 0.8208 -0.1261
vn 0.0658 0.6191 0.7826
vn -0.9209 0.3872 -0.0445
vn 0.9479 0.2644 -0.1775
vn -0.9985 0.0470 -0.0274
vn 0.9954 0.0782 -0.0556
vn 0.9559 0.2443 -0.1629
vn -0.9983 0.0377 -0.0439
vn 0.0786 -0.9875 0.1364
vn 0.9980 0.0524 -0.0345
vn 0.0924 0.7515 0.6532
vn -0.8928 0.4209 -0.1602
vn 0.2142 0.9762 -0.0339
vn 0.0373 -0.6362 -0.7706
vn 0.9595 0.2223 -0.1733
vn 0.9547 0.2319 -0.1863
vn 0.9964 -0.0527 0.0664
vn -0.9917 -0.1001 0.0801
vn 0.0682 0.6218 0.7802
vn -0.9915 -0.1014 0.0810
vn 0.3267 -0.0234 0.9448
vn 0.0905 -0.7579 -0.6460
vn 0.0952 -0.7441 -0.6612
vn -0.9921 -0.0985 0.0771
vn 0.9963 -0.0535 0.0673
vn 0.0728 0.6065 0.7918
vn -0.9919 -0.1003 0.0784
vn 0.4630 -0.2067 0.8619
vn 0.9962 -0.0551 0.0671
vn -0.0458 -0.9971 0.0603
vn 0.2728 -0.0823 0.9586
vn 0.8826 -0.2764 -0.3802
vn 0.3566 -0.9343 0.0002
vn 0.9254 0.2953 -0.2375
vn 0.0794 -0.9847 0.1550
vn 0.9152 -0.0135 -0.4028
vn 0.1094 0.8609 0.4968
vn 0.9756 0.1182 -0.1849
vn -0.0327 -0.1659 -0.9856
vn 0.3022 0.1651 0.9388
vn 0.9991 -0.0100 -0.0410
vn 0.4482 0.8931 -0.0377
vn 0.4858 0.8729 -0.0448
vn 0.0393 0.8243 -0.5647
vn 0.9131 -0.4075 -0.0112
vn 0.1048 -0.0197 -0.9943
vn 0.1765 0.0268 0.9839
vn 0.9989 0.0239 -0.0407
vn -0.0000 -1.0000 -0.0000
vn 0.9084 -0.4179 -0.0105
vn 0.0970 -0.5379 -0.8374
vn 0.1156 -0.5241 0.8438
vn -0.5399 0.7540 0.3741
vn 0.4343 -0.8398 -0.3259
vn -0.4918 0.8040 0.3341
vn -0.8142 -0.5806 -0.0005
vn -0.2175 0.8230 -0.5248
vn 0.8954 0.0874 0.4367
vn -0.4371 0.8944 -0.0946
vn -0.4591 0.6897 0.5599
vn -0.1921 -0.2038 0.9600
vn 0.9352 0.3483 0.0632
vn 0.0136 0.9850 -0.1718
vn 0.3135 -0.9476 0.0609
vn 0.5478 -0.8149 -0.1895
vn 0.0102 -0.9987 0.0502
vn 0.0319 -0.9858 -0.1646
vn -0.5113 0.5660 0.6467
vn 0.3081 -0.9268 -0.2148
vn 0.2096 -0.9100 -0.3578
vn -0.0129 -0.0524 -0.9985
vn -0.5051 0.7620 0.4053
vn 0.5044 -0.7788 -0.3729
vn 0.5126 -0.7934 -0.3283
vn 0.8867 -0.3737 -0.2722
vn 0.5470 -0.8317 -0.0952
vn -0.5966 0.6816 0.4238
vn -0.8152 -0.3819 -0.4354
vn 0.4562 -0.8010 -0.3876
vn 0.4321 -0.7935 -0.4285
vn 0.2625 0.5307 -0.8059
vn 0.4480 -0.8094 -0.3796
vn 0.7360 0.2131 0.6425
vn 0.6117 -0.7508 -0.2494
vn -0.0943 0.3570 -0.9293
vn -0.3421 0.7685 0.5407
vn 0.5472 -0.7486 -0.3744
vn -0.4292 0.8273 0.3625
vn 0.4582 -0.8324 -0.3117
vn 0.7986 0.5522 -0.2392
vn 0.4487 -0.7776 -0.4405
vn -0.3836 0.6663 0.6395
vn -0.8340 -0.5304 0.1521
vn -0.1210 0.1261 -0.9846
vn -0.3688 0.8170 0.4433
vn -0.4279 0.8165 0.3875
vn 0.5517 -0.7619 -0.3395
vn 0.5721 0.6010 -0.5581
vn 0.6068 -0.7845 -0.1276
vn 0.1970 0.4829 -0.8532
vn -0.0964 0.0477 -0.9942
vn -0.9683 0.1316 -0.2124
vn 0.9937 0.1093 0.0227
vn -0.9969 -0.0260 -0.0749
vn -0.0974 -0.0668 -0.9930
vn -0.0497 -0.1355 0.9895
vn 0.0577 -0.9818 -0.1809
vn -0.1337 0.0558 0.9895
vn -0.1608 -0.0137 -0.9869
vn 0.9566 0.2904 0.0234
vn 0.9996 0.0180 -0.0219
vn -0.9984 -0.0315 -0.0460
vn -0.4280 0.0317 0.9032
vn -0.9747 0.2147 -0.0613
vn -0.9783 0.2038 0.0371
vn 0.9797 0.1939 0.0516
vn -0.2651 -0.9185 0.2934
vn -0.1915 0.2481 0.9496
vn -0.2910 -0.0654 0.9545
vn -0.9939 0.0121 -0.1097
vn -0.0546 -0.9940 -0.0944
vn -0.3296 -0.1134 -0.9373
vn -0.0670 0.7317 -0.6783
vn -0.9872 0.0849 0.1350
vn -0.9999 0.0047 0.0120
vn -0.9997 -0.0166 -0.0195
vn -0.1399 0.0049 -0.9902
vn 0.9977 -0.0108 0.0671
vn -0.0432 0.9787 0.2006
vn -0.0436 0.1413 -0.9890
vn -0.5630 0.8251 0.0476
vn 0.9244 0.3754 0.0678
vn -0.0092 -0.2303 0.9731
vn 0.4901 0.8490 0.1976
vn -0.9351 0.2611 0.2395
vn 0.9999 -0.0042 -0.0104
vn 0.0118 -0.7098 0.7043
vn -0.9057 0.3258 0.2712
vn 0.9977 -0.0123 0.0665
vn -0.1113 0.8184 -0.5637
vn 0.0736 -0.9913 0.1089
vn -0.9998 -0.0187 0.0072
vn 0.8301 0.4485 0.3315
vn -0.9867 0.0866 0.1377
vn 0.9437 0.2859 0.1665
vn -0.9425 0.2114 0.2590
vn -0.9379 0.2305 0.2594
vn 0.9998 0.0080 -0.0172
vn -0.9841 -0.0121 -0.1774
vn 0.9954 -0.0014 -0.0953
vn -0.0992 -0.9592 -0.2646
vn 0.9973 -0.0064 -0.0731
vn -0.0180 -0.2694 0.9629
vn -0.9943 -0.0485 -0.0948
vn -0.0707 0.8636 -0.4992
vn 0.9659 -0.0817 -0.2456
vn -0.9932 0.0005 -0.1168
vn -0.0221 -0.1516 0.9882
vn 0.9896 -0.0497 -0.1349
vn -0.9690 0.2468 0.0075
vn -0.0592 0.9926 -0.1056
vn 0.1735 -0.9846 -0.0213
vn -0.1068 -0.0064 0.9943
vn -0.9952 -0.0912 0.0361
vn -0.4552 -0.8877 0.0695
vn -0.9862 0.1564 -0.0547
vn 0.0812 -0.9876 0.1347
vn -0.9991 -0.0243 -0.0358
vn 0.9990 -0.0319 -0.0307
vn -0.1096 0.8650 0.4896
vn -0.9990 0.0370 -0.0257
vn -0.0860 -0.0416 -0.9954
vn 0.9965 -0.0529 -0.0641
vn -0.1774 0.0682 0.9818
vn -1.0000 0.0052 -0.0049
vn 1.0000 0.0014 -0.0055
vn -0.4436 0.8960 0.0182
vn 0.9999 0.0138 -0.0098
vn -0.4312 0.9023 0.0032
vn -0.0787 0.8408 -0.5355
vn -0.9142 -0.4052 0.0005
vn 1.0000 -0.0000 -0.0039
vn -0.1298 -0.0068 -0.9915
vn -0.1457 0.0125 0.9892
vn 0.9999 -0.0088 -0.0141
vn -0.9999 0.0131 -0.0046
vn -0.9126 -0.4088 0.0017
vn -0.1051 -0.5361 -0.8376
vn -0.1043 -0.5295 0.8419
vn 0.9915 0.0954 0.0888
vn -0.9728 -0.2296 -0.0298
vn 0.9875 0.1567 0.0172
vn 0.0960 -0.9952 0.0206
vn -0.7512 -0.6093 0.2540
vn -0.5709 0.1817 0.8006
vn -0.1323 -0.8719 0.4715
vn 0.8644 -0.2242 0.4500
vn 0.0866 -0.1693 -0.9818
vn 0.8547 -0.2185 0.4709
vn -0.4963 0.6091 0.6186
vn -0.3618 -0.9196 0.1531
vn -0.1209 -0.0540 0.9912
vn -0.7143 -0.6326 0.2993
vn 0.1145 -0.9932 0.0225
vn 0.0119 -0.9998 0.0151
vn 0.5064 -0.6955 0.5097
vn -0.8577 -0.5119 -0.0474
vn -0.5410 -0.8319 0.1237
vn -0.9544 -0.1708 0.2447
vn 0.8463 -0.2647 0.4623
vn -0.9588 -0.2786 0.0559
vn -0.9599 -0.2698 0.0759
vn 0.5435 -0.7652 0.3451
vn -0.7534 -0.6523 0.0836
vn -0.4021 0.8356 -0.3743
vn 0.1126 -0.8884 -0.4451
vn -0.9834 -0.1618 -0.0817
vn -0.9676 -0.2043 -0.1482
vn -0.0697 0.7402 -0.6688
vn -0.9793 -0.1820 -0.0884
vn -0.1392 0.8805 0.4531
vn -0.9969 -0.0006 0.0787
vn 0.0435 0.1303 -0.9905
vn -0.9873 -0.1056 0.1184
vn -0.9936 -0.0696 -0.0891
vn 0.9719 0.2237 0.0726
vn -0.9612 -0.2757 -0.0081
vn -0.2067 0.7900 0.5772
vn -0.9815 -0.1794 -0.0670
vn 0.7917 -0.3766 0.4810
vn 0.1709 -0.6935 -0.6999
vn 0.9247 0.3145 0.2144
vn 0.9758 0.1898 0.1087
vn -0.9968 -0.0797 0.0025
vn -0.1588 0.9711 -0.1781
vn 0.8646 0.1712 0.4724
vn -0.1286 0.8426 -0.5229
vn 0.1773 -0.9675 0.1805
vn 0.5395 -0.8119 -0.2230
vn 0.5501 -0.8207 -0.1541
vn 0.5063 -0.0747 0.8591
vn 0.9824 0.1366 -0.1277
vn 0.9666 0.1674 -0.1939
vn 0.0661 0.0958 0.9932
vn -0.1365 0.9359 -0.3247
vn 0.0119 0.0563 -0.9983
vn 0.6533 0.1154 -0.7482
vn -0.1691 -0.9628 0.2109
vn -0.9415 -0.3202 0.1055
vn -0.7912 -0.5701 0.2216
vn -0.2828 -0.0616 0.9572
vn -0.9961 0.0840 0.0282
vn -0.9987 0.0370 -0.0350
vn -0.1987 0.1463 0.9691
vn -0.8532 -0.5200 0.0415
vn -0.1242 -0.0453 -0.9912
vn -0.9415 -0.3365 0.0177
vn 0.1892 -0.9707 -0.1484
vn -0.9932 0.0995 0.0602
vn -0.9896 0.1422 0.0195
vn -0.8792 0.4357 0.1928
vn -0.9791 0.2004 0.0342
vn -0.9481 0.2599 0.1831
vn -0.0984 -0.9848 -0.1435
vn 0.9715 0.1881 -0.1446
vn 0.9579 0.2260 -0.1771
vn 0.9614 0.2395 -0.1355
vn 0.9649 0.2380 -0.1113
vn 0.9419 0.2968 -0.1573
vn 0.6260 0.0131 -0.7797
vn 0.8979 0.3512 0.2652
vn 0.6766 0.2400 -0.6961
vn 0.3333 -0.0234 -0.9425
vn 0.6204 -0.5634 0.5456
vn 0.7622 0.5737 0.2999
vn 0.7539 -0.2616 -0.6026
vn -0.6395 -0.3519 -0.6835
vn 0.7951 -0.4275 -0.4302
vn -0.7141 -0.5245 -0.4636
vn -0.7771 0.4429 0.4472
vn 0.8022 0.4195 0.4249
vn 0.6964 -0.5159 -0.4989
vn -0.6085 -0.5850 -0.5362
vn -0.6310 0.5010 0.5923
vn 0.6839 0.4867 0.5435
vn 0.7433 -0.5461 -0.3864
vn -0.6650 -0.6178 -0.4197
vn -0.6770 0.3833 0.6283
vn 0.7266 0.3739 0.5764
vn 0.8105 -0.5208 0.2681
vn 0.4351 0.8944 0.1032
vn 0.9437 -0.2868 0.1650
vn -0.5668 -0.7451 0.3515
vn 0.6122 0.7905 0.0193
vn 0.9756 0.2005 -0.0893
vn -0.3940 -0.6304 0.6688
vn -0.6897 -0.6960 0.1996
vn -0.1975 0.8504 -0.4876
vn 0.3845 -0.0742 -0.9201
vn 0.1975 0.0178 0.9801
vn 0.4357 -0.3985 0.8071
vn -0.9430 -0.3002 -0.1440
vn -0.8393 -0.4239 -0.3405
vn 0.2088 0.9735 -0.0935
vn 0.8295 -0.0960 -0.5502
vn 0.0776 0.9266 -0.3681
vn 0.6476 0.0453 -0.7606
vn 0.9996 -0.0149 0.0247
vn 0.4129 0.8488 0.3302
vn -0.7856 0.0838 -0.6130
vn -0.8575 0.3642 0.3634
vn -0.3472 0.4099 -0.8435
vn -0.0794 -0.6305 -0.7721
vn -0.4081 -0.5872 0.6990
vn 0.4516 0.7250 -0.5200
vn -0.7832 0.5947 -0.1816
vn 0.7230 0.5833 -0.3702
vn -0.8075 0.5064 -0.3025
vn 0.7512 0.5233 -0.4024
vn -0.6822 0.7309 0.0197
vn 0.6196 0.7840 0.0372
vn 0.4936 -0.8301 -0.2592
vn -0.6731 0.6976 -0.2456
vn 0.6042 0.7396 -0.2965
vn -0.9280 -0.2115 0.3067
vn 0.2673 0.9283 0.2584
vn -0.8441 -0.1503 0.5148
vn -0.3464 -0.8106 -0.4722
vn 0.1648 0.7622 0.6260
vn -0.4920 0.5186 0.6993
vn 0.2391 -0.9478 -0.2110
vn -0.1629 -0.7076 -0.6876
vn 0.4103 0.5533 -0.7249
vn -0.4201 0.4530 -0.7863
vn -0.2186 0.4545 0.8635
vn 0.0205 0.4854 0.8741
vn -0.5294 0.1581 -0.8335
vn 0.5153 0.2828 -0.8090
vn 0.1638 0.9769 0.1376
vn -0.5501 0.8273 0.1137
vn 0.1719 0.8888 -0.4248
vn -0.3707 0.8319 -0.4129
vn -0.7013 0.7129 0.0036
vn 0.4804 0.8768 0.0201
vn 0.9608 -0.0634 -0.2698
vn 0.5874 0.2086 -0.7820
vn 0.8823 0.4646 0.0755
vn 0.8174 -0.4277 0.3859
vn -0.9892 0.1379 0.0505
vn -0.0932 -0.8098 -0.5793
vn -0.8108 0.5837 0.0433
vn -0.6695 -0.4434 0.5959
vn 0.4023 -0.0281 -0.9151
vn 0.3553 -0.6938 0.6263
vn 0.6756 0.1599 0.7197
vn 0.7102 0.1960 -0.6762
vn 0.7779 -0.0859 0.6225
vn -0.0511 -0.6060 -0.7938
vn 0.7311 -0.4103 -0.5451
vn -0.6887 -0.4540 -0.5653
vn -0.7052 0.5309 0.4700
vn 0.7160 0.5349 0.4485
vn 0.6607 0.6164 0.4284
vn 0.5585 -0.0438 -0.8283
vn 0.2264 0.8287 -0.5119
vn 0.7215 -0.3767 -0.5809
vn -0.5972 -0.4913 -0.6340
vn -0.5756 0.6461 0.5013
vn 0.7452 0.5420 0.3884
vn 0.7401 -0.5508 -0.3859
vn -0.6605 -0.6254 -0.4154
vn -0.6805 0.3841 0.6241
vn 0.7281 0.3774 0.5722
vn 0.7420 -0.5427 -0.3935
vn -0.6604 -0.6159 -0.4295
vn -0.6795 0.3747 0.6308
vn 0.7320 0.3623 0.5770
vn 0.9192 -0.0231 0.3930
vn 0.6381 -0.0382 -0.7690
vn 0.2835 -0.6490 0.7061
vn 0.2372 0.2594 -0.9362
vn -0.0279 -0.4769 -0.8785
vn 0.0085 0.0568 -0.9984
vn -0.0072 0.9999 -0.0153
vn -0.0069 -0.6383 -0.7697
vn 0.0875 0.7302 0.6776
vn 0.0795 0.7135 0.6962
vn 0.0932 -0.7139 -0.6941
vn 0.0664 0.6785 0.7316
vn 0.0891 -0.7033 -0.7053
vn 0.0928 -0.7519 -0.6527
vn 0.0705 0.6157 0.7848
vn -0.5070 -0.6308 0.5874
vn -0.5757 -0.0360 -0.8169
vn 0.9580 -0.1093 -0.2653
vn -0.4490 0.7959 -0.4061
vn 0.2344 -0.3107 -0.9212
vn 0.5358 -0.0469 -0.8431
vn 0.1199 -0.1833 0.9757
vn 0.8194 0.5685 -0.0742
vn 0.8536 -0.4829 0.1955
vn -0.5504 -0.7583 0.3495
vn -0.0181 -0.0050 0.9998
vn 0.9580 0.2057 0.1999
vn 0.5200 0.8385 0.1628
vn 0.9664 -0.2567 -0.0095
vn -0.9441 -0.1885 0.2706
vn -0.5818 -0.8130 -0.0233
vn -0.6660 -0.4760 0.5744
vn 0.8839 0.4628 -0.0672
vn -0.1576 0.9414 -0.2982
vn 0.5586 -0.1867 -0.8082
vn -0.3864 0.1489 0.9102
vn 0.2283 -0.8572 0.4617
vn 0.3202 -0.1933 0.9274
vn 0.1150 0.4689 -0.8757
vn 0.4400 0.1386 -0.8872
vn -0.0940 0.6737 -0.7330
vn 0.3735 0.9275 -0.0150
vn 0.9103 -0.0190 -0.4134
vn 0.6724 0.6013 -0.4318
vn -0.8614 -0.4221 -0.2826
vn 0.0337 0.9955 -0.0885
vn 0.7768 -0.1922 -0.5997
vn 0.5163 0.3215 0.7937
vn 0.7697 -0.0765 0.6338
vn 0.4195 0.5758 -0.7018
vn 0.8465 0.5284 0.0653
vn -0.3081 -0.1220 -0.9435
vn -0.0791 -0.7253 0.6839
vn -0.7718 0.2272 0.5939
vn -0.6686 0.1444 -0.7294
vn -0.5276 -0.0255 0.8491
vn -0.0436 -0.6301 -0.7753
vn -0.7324 0.6664 0.1397
vn 0.7152 0.6714 0.1942
vn 0.6621 -0.7492 -0.0169
vn -0.7008 -0.7104 -0.0651
vn -0.2181 -0.3311 0.9181
vn -0.7216 0.6525 -0.2315
vn 0.7114 0.5799 -0.3970
vn -0.7717 0.5779 -0.2655
vn 0.7245 0.5652 -0.3946
vn 0.4352 -0.6492 0.6238
vn -0.7533 0.6466 -0.1205
vn 0.7460 0.6545 -0.1227
vn 0.5458 -0.7336 -0.4049
vn -0.7817 0.5216 -0.3419
vn 0.7438 0.5290 -0.4084
vn 0.6313 -0.6509 0.4216
vn -0.8650 -0.0171 0.5015
vn -0.7394 0.0226 -0.6729
vn -0.0430 -0.6824 0.7297
vn -0.0335 0.3937 -0.9186
vn 0.0084 -0.6457 -0.7636
vn -0.0341 0.5626 0.8261
vn -0.0398 -0.8023 0.5956
vn -0.1137 0.8048 -0.5825
vn 0.0604 -0.7223 0.6890
vn -0.0873 0.8289 -0.5525
vn -0.0845 -0.9059 -0.4149
vn -0.0646 0.9959 0.0632
vn -0.0586 0.9538 -0.2947
vn 0.0341 -0.7423 0.6692
vn 0.0969 -0.4677 -0.8786
vn -0.9995 0.0303 0.0052
vn 0.7145 0.1651 -0.6799
vn -0.6175 -0.0492 -0.7851
vn -0.1177 -0.7672 -0.6305
vn 0.2023 -0.5392 0.8175
vn -0.8083 0.5652 -0.1649
vn -0.7848 -0.4752 0.3979
vn -0.2842 -0.8180 -0.5002
vn 0.7945 -0.5353 0.2866
vn -0.7256 0.4142 0.5495
vn 0.1868 0.7621 0.6200
vn -0.8473 0.0304 0.5302
vn 0.5562 -0.5606 -0.6135
vn -0.2492 -0.7003 -0.6690
vn 0.2908 -0.8162 -0.4993
vn -0.3026 0.6950 0.6522
vn 0.6000 0.6443 -0.4742
vn -0.7018 0.4706 -0.5349
vn 0.5893 -0.1501 0.7938
vn -0.6005 -0.3496 0.7192
vn -0.1019 0.4746 0.8743
vn -0.0261 0.5476 -0.8364
vn -0.1276 0.8584 -0.4969
vn -0.1736 0.7735 -0.6096
vn 0.3319 0.7891 0.5169
vn -0.7139 0.5495 0.4342
vn -0.1766 0.9755 0.1311
vn -0.0175 0.2282 -0.9735
vn 0.5864 0.8064 -0.0768
vn -0.8153 0.5694 -0.1057
vn 0.0058 0.8296 0.5583
vn -0.2538 0.8122 0.5252
vn -0.1198 0.8872 -0.4455
vn -0.1494 0.9881 -0.0362
vn 0.9898 -0.1395 -0.0283
vn -0.2240 -0.1542 -0.9623
vn 0.8794 0.4653 0.1008
vn 0.6776 -0.6338 0.3730
vn 0.9342 0.0386 0.3547
vn 0.8535 0.0327 -0.5201
vn -0.9511 0.0806 0.2981
vn -0.3141 -0.8195 -0.4793
vn -0.9537 0.3006 -0.0086
vn -0.5601 -0.6638 0.4956
vn -0.7654 0.1244 0.6314
vn -0.6469 0.0434 -0.7613
vn 0.8129 0.0419 0.5810
vn 0.6607 0.4116 -0.6278
vn -0.7728 0.3656 0.5188
vn -0.6847 0.0413 -0.7277
vn 0.1417 -0.1661 -0.9759
usemtl Color_1
s off
f 199/1/1 188/2/1 480/3/1 483/4/1
f 7/5/2 194/6/2 486/7/2 166/8/2
f 65/9/3 299/10/3 273/11/3 46/12/3
f 507/13/4 186/14/4 72/15/4 178/16/4
f 32/17/5 26/18/5 71/19/5 109/20/5
f 309/21/6 304/22/6 268/23/6 266/24/6
f 30/25/7 80/26/7 361/27/7 265/28/7
f 505/29/8 191/30/8 4/31/8 180/32/8
f 32/17/9 186/14/9 189/33/9 26/18/9
f 26/18/10 264/34/10 362/35/10 71/19/10
f 29/36/11 28/37/11 33/38/11 34/39/11
f 193/40/12 205/41/12 490/42/12 487/43/12
f 180/32/13 4/31/13 5/44/13 181/45/13
f 181/45/14 5/44/14 6/46/14 182/47/14
f 63/48/15 288/49/15 318/50/15 66/51/15
f 276/52/16 47/53/16 56/54/16 292/55/16
f 179/56/17 74/57/17 192/58/17 504/59/17
f 31/60/18 192/58/18 74/57/18 108/61/18
f 4/31/19 7/5/19 8/62/19 5/44/19
f 244/63/20 247/64/20 207/65/20 213/66/20
f 6/46/21 9/67/21 190/68/21 187/69/21
f 197/70/22 357/71/22 223/72/22 220/73/22
f 13/74/23 222/75/23 228/76/23 20/77/23
f 22/78/24 239/79/24 212/80/24 10/81/24
f 20/77/25 228/76/25 251/82/25 24/83/25
f 224/84/26 16/85/26 14/86/26 12/87/26
f 245/88/27 214/89/27 11/90/27 23/91/27
f 238/92/28 241/93/28 209/94/28 211/95/28
f 196/96/29 507/13/29 178/16/29 358/97/29
f 216/98/30 18/99/30 81/100/30 70/101/30
f 11/90/31 10/81/31 212/80/31 210/102/31
f 83/103/32 82/104/32 14/86/32 16/85/32
f 70/105/33 203/106/33 217/107/33 216/108/33
f 82/104/34 81/100/34 18/99/34 14/86/34
f 2/109/35 1/110/35 15/111/35 17/112/35
f 216/113/36 234/114/36 21/115/36 12/87/36
f 218/116/37 13/74/37 20/77/37 236/117/37
f 3/118/38 2/109/38 17/112/38 19/119/38
f 243/120/27 23/91/27 11/90/27 210/102/27
f 224/84/39 12/87/39 21/115/39 230/121/39
f 28/37/40 55/122/40 204/123/40 263/124/40
f 249/125/41 22/78/41 10/81/41 208/126/41
f 215/127/42 219/128/42 235/129/42 232/130/42
f 18/99/43 216/98/43 12/87/43 14/86/43
f 16/85/44 224/84/44 360/131/44 83/103/44
f 221/132/45 225/133/45 229/134/45 226/135/45
f 218/116/46 19/119/46 17/112/46 13/74/46
f 222/75/47 13/74/47 17/112/47 15/111/47
f 261/136/48 24/83/48 22/78/48 249/125/48
f 257/137/49 245/88/49 23/91/49 25/138/49
f 256/139/50 259/140/50 248/141/50 246/142/50
f 255/143/51 25/138/51 23/91/51 243/120/51
f 73/144/52 355/145/52 262/146/52 27/147/52
f 250/148/53 253/149/53 242/150/53 240/151/53
f 227/152/54 231/153/54 254/154/54 252/155/54
f 234/114/55 257/137/55 25/138/55 21/115/55
f 24/83/56 251/82/56 239/79/56 22/78/56
f 233/156/57 237/157/57 260/158/57 258/159/57
f 230/121/58 21/115/58 25/138/58 255/143/58
f 192/58/59 31/60/59 27/147/59 195/160/59
f 236/117/60 20/77/60 24/83/60 261/136/60
f 30/25/61 54/161/61 53/162/61 29/36/61
f 108/61/62 73/144/62 27/147/62 31/60/62
f 190/68/63 9/67/63 168/163/63 481/164/63
f 491/165/64 204/123/64 55/122/64 171/166/64
f 182/47/65 6/46/65 187/69/65 506/167/65
f 263/124/66 356/168/66 78/169/66 28/37/66
f 5/44/67 8/62/67 9/67/67 6/46/67
f 33/38/68 117/170/68 123/171/68 36/172/68
f 30/25/69 29/36/69 34/39/69 35/173/69
f 80/26/70 30/25/70 35/173/70 119/174/70
f 28/37/71 78/169/71 117/170/71 33/38/71
f 37/175/72 36/172/72 39/176/72 40/177/72
f 35/173/73 34/39/73 37/175/73 38/178/73
f 34/39/74 33/38/74 36/172/74 37/175/74
f 119/174/75 35/173/75 38/178/75 125/179/75
f 41/180/76 40/177/76 43/181/76 44/182/76
f 125/179/77 38/178/77 41/180/77 131/183/77
f 36/172/78 123/171/78 129/184/78 39/176/78
f 38/178/79 37/175/79 40/177/79 41/180/79
f 42/185/80 135/186/80 136/187/80 43/181/80
f 43/181/80 136/187/80 137/188/80 44/182/80
f 40/177/81 39/176/81 42/185/81 43/181/81
f 131/183/82 41/180/82 44/182/82 137/188/82
f 39/176/83 129/184/83 135/186/83 42/185/83
f 65/9/84 46/12/84 269/189/84 306/190/84
f 307/191/85 267/192/85 45/193/85 64/194/85
f 63/48/86 66/51/86 310/195/86 292/196/86
f 46/12/87 45/193/87 267/192/87 269/189/87
f 168/163/88 167/197/88 52/198/88 47/53/88
f 488/199/89 489/200/89 280/201/89 277/202/89
f 167/197/90 166/8/90 50/203/90 52/198/90
f 61/204/91 60/205/91 288/206/91 63/48/91
f 283/207/92 274/208/92 294/209/92 295/210/92
f 278/211/93 282/212/93 289/213/93 286/214/93
f 166/8/94 486/7/94 279/215/94 50/203/94
f 171/166/95 55/122/95 53/162/95 169/216/95
f 208/126/31 10/81/31 11/90/31 214/89/31
f 170/217/96 51/218/96 49/219/96 169/216/96
f 29/36/97 53/162/97 55/122/97 28/37/97
f 200/220/98 485/221/98 170/217/98 54/161/98
f 47/53/99 52/198/99 61/204/99 56/54/99
f 51/218/100 284/222/100 297/223/100 58/224/100
f 485/221/101 284/222/101 51/218/101 170/217/101
f 484/225/102 482/226/102 275/227/102 285/228/102
f 52/198/103 50/203/103 60/205/103 61/204/103
f 49/219/104 51/218/104 58/224/104 57/229/104
f 48/230/105 49/219/105 57/229/105 59/231/105
f 481/164/106 168/163/106 47/53/106 276/52/106
f 281/232/107 491/165/107 171/166/107 48/230/107
f 50/203/108 279/215/108 288/233/108 60/205/108
f 271/234/109 45/193/109 46/12/109 273/11/109
f 319/235/110 290/236/110 62/237/110 67/238/110
f 271/234/111 303/239/111 64/194/111 45/193/111
f 324/240/112 325/241/112 302/242/112 300/243/112
f 297/244/113 315/245/113 67/238/113 62/237/113
f 332/246/114 329/247/114 305/248/114 308/249/114
f 333/250/115 307/191/115 64/194/115 68/251/115
f 298/252/116 301/253/116 270/254/116 272/255/116
f 66/51/117 69/256/117 328/257/117 310/195/117
f 303/239/118 327/258/118 68/251/118 64/194/118
f 69/256/119 322/259/119 299/10/119 65/9/119
f 290/260/120 59/231/120 57/229/120 62/237/120
f 287/261/121 291/262/121 321/263/121 316/264/121
f 58/224/122 297/265/122 62/237/122 57/229/122
f 56/54/123 61/204/123 63/48/123 292/266/123
f 296/267/124 293/268/124 312/269/124 313/270/124
f 335/271/125 72/15/125 109/20/125 116/272/125
f 69/256/126 65/9/126 306/190/126 328/257/126
f 66/51/127 318/50/127 322/259/127 69/256/127
f 327/258/128 319/235/128 67/238/128 68/251/128
f 317/273/129 320/274/129 326/275/129 323/276/129
f 315/245/130 333/250/130 68/251/130 67/238/130
f 314/277/131 311/278/131 330/279/131 331/280/131
f 510/281/132 178/16/132 72/15/132 335/271/132
f 87/282/133 172/283/133 500/284/133 343/285/133
f 161/286/134 142/287/134 419/288/134 446/289/134
f 86/290/135 334/291/135 337/292/135 89/293/135
f 116/272/136 109/20/136 71/19/136 110/294/136
f 364/295/137 370/296/137 91/297/137 90/298/137
f 114/299/138 410/300/138 361/27/138 80/26/138
f 115/301/139 108/61/139 74/57/139 339/302/139
f 116/272/140 110/294/140 338/303/140 335/271/140
f 96/304/141 83/103/141 360/131/141 380/305/141
f 79/306/142 118/307/142 119/308/142 80/309/142
f 113/310/143 121/311/143 120/312/143 112/313/143
f 341/314/144 499/315/144 503/316/144 353/317/144
f 183/318/145 184/319/145 85/320/145 84/321/145
f 184/319/146 185/322/146 86/290/146 85/320/146
f 159/323/147 162/324/147 462/325/147 433/326/147
f 420/327/148 440/328/148 152/329/148 143/330/148
f 179/56/149 509/331/149 339/302/149 74/57/149
f 339/302/150 342/332/150 111/333/150 115/301/150
f 84/321/151 85/320/151 88/334/151 87/282/151
f 395/335/152 369/336/152 363/337/152 398/338/152
f 347/339/153 495/340/153 492/341/153 336/342/153
f 346/343/154 375/344/154 378/345/154 359/346/154
f 93/347/155 100/348/155 382/349/155 376/350/155
f 103/351/156 90/298/156 368/352/156 391/353/156
f 100/348/157 105/354/157 402/355/157 382/349/157
f 110/294/158 71/19/158 362/35/158 411/356/158
f 397/357/159 104/358/159 91/297/159 370/296/159
f 389/359/160 367/360/160 365/361/160 392/362/160
f 344/363/161 358/97/161 178/16/161 510/281/161
f 372/364/162 70/101/162 81/100/162 98/365/162
f 91/297/137 366/366/137 368/352/137 90/298/137
f 83/103/163 96/304/163 94/367/163 82/104/163
f 70/105/164 372/368/164 373/369/164 350/370/164
f 82/104/165 94/367/165 98/365/165 81/100/165
f 76/371/166 97/372/166 95/373/166 75/374/166
f 372/375/167 92/376/167 101/377/167 387/378/167
f 371/379/168 388/380/168 102/381/168 374/382/168
f 77/383/169 99/384/169 97/372/169 76/371/169
f 393/385/170 366/366/170 91/297/170 104/358/170
f 377/386/171 381/387/171 384/388/171 379/389/171
f 112/313/172 408/390/172 354/391/172 151/392/172
f 399/393/173 364/295/173 90/298/173 103/351/173
f 98/365/174 94/367/174 92/376/174 372/364/174
f 374/394/175 102/381/175 100/348/175 93/347/175
f 380/305/176 92/376/176 94/367/176 96/304/176
f 376/350/177 95/373/177 97/372/177 93/347/177
f 374/395/178 93/347/178 97/372/178 99/384/178
f 380/305/179 386/396/179 101/377/179 92/376/179
f 107/397/180 399/398/180 103/351/180 105/354/180
f 407/399/181 106/400/181 104/358/181 397/357/181
f 406/401/182 396/402/182 399/403/182 107/397/182
f 404/404/183 393/385/183 104/358/183 106/400/183
f 453/405/184 412/406/184 414/407/184 450/408/184
f 102/381/185 107/397/185 105/354/185 100/348/185
f 383/409/186 401/410/186 405/411/186 385/412/186
f 387/378/187 101/377/187 106/400/187 407/399/187
f 105/354/188 103/351/188 391/353/188 402/355/188
f 388/380/189 406/401/189 107/397/189 102/381/189
f 386/396/190 404/404/190 106/400/190 101/377/190
f 508/413/191 183/318/191 84/321/191 340/414/191
f 400/415/192 390/416/192 394/417/192 403/418/192
f 114/299/193 113/310/193 149/419/193 150/420/193
f 108/61/194 115/301/194 111/333/194 73/144/194
f 337/292/195 494/421/195 174/422/195 89/293/195
f 502/423/196 177/424/196 151/392/196 354/391/196
f 185/322/197 511/425/197 334/291/197 86/290/197
f 408/390/198 112/313/198 78/169/198 356/168/198
f 85/320/199 86/290/199 89/293/199 88/334/199
f 117/426/200 123/427/200 124/428/200 118/307/200
f 120/312/201 126/429/201 123/171/201 117/170/201
f 114/299/202 122/430/202 121/311/202 113/310/202
f 80/26/203 119/174/203 122/430/203 114/299/203
f 78/431/204 117/426/204 118/307/204 79/306/204
f 112/313/205 120/312/205 117/170/205 78/169/205
f 127/432/206 133/433/206 132/434/206 126/429/206
f 124/428/207 130/435/207 131/436/207 125/437/207
f 122/430/208 128/438/208 127/432/208 121/311/208
f 118/307/209 124/428/209 125/437/209 119/308/209
f 121/311/210 127/432/210 126/429/210 120/312/210
f 119/174/211 125/179/211 128/438/211 122/430/211
f 134/439/212 140/440/212 139/441/212 133/433/212
f 129/442/213 135/443/213 136/444/213 130/435/213
f 125/179/214 131/183/214 134/439/214 128/438/214
f 126/429/215 132/434/215 129/184/215 123/171/215
f 123/427/216 129/442/216 130/435/216 124/428/216
f 128/438/217 134/439/217 133/433/217 127/432/217
f 138/445/80 139/441/80 136/187/80 135/186/80
f 139/441/80 140/440/80 137/188/80 136/187/80
f 130/435/213 136/444/213 137/446/213 131/436/213
f 133/433/218 139/441/218 138/445/218 132/434/218
f 131/183/219 137/188/219 140/440/219 134/439/219
f 132/434/220 138/445/220 135/186/220 129/184/220
f 161/286/221 451/447/221 415/448/221 142/287/221
f 455/449/222 160/450/222 141/451/222 413/452/222
f 159/323/223 440/453/223 458/454/223 162/324/223
f 142/287/224 415/448/224 413/452/224 141/451/224
f 174/422/225 143/330/225 148/455/225 173/456/225
f 498/457/226 423/458/226 426/459/226 501/460/226
f 173/456/227 148/455/227 146/461/227 172/283/227
f 157/462/228 159/323/228 433/463/228 156/464/228
f 497/465/229 430/466/229 421/467/229 493/468/229
f 146/461/230 156/464/230 433/469/230 424/470/230
f 425/471/231 432/472/231 435/473/231 427/474/231
f 177/424/232 175/475/232 149/419/232 151/392/232
f 73/144/233 111/333/233 409/476/233 355/145/233
f 176/477/234 175/475/234 145/478/234 147/479/234
f 113/310/235 112/313/235 151/392/235 149/419/235
f 349/480/236 150/420/236 176/477/236 496/481/236
f 143/330/237 152/329/237 157/462/237 148/455/237
f 147/479/238 154/482/238 442/483/238 431/484/238
f 496/481/239 176/477/239 147/479/239 431/484/239
f 494/421/240 420/327/240 143/330/240 174/422/240
f 148/455/241 157/462/241 156/464/241 146/461/241
f 145/478/242 153/485/242 154/482/242 147/479/242
f 144/486/243 155/487/243 153/485/243 145/478/243
f 429/488/244 441/489/244 438/490/244 422/491/244
f 428/492/245 144/486/245 177/424/245 502/423/245
f 172/283/246 146/461/246 424/470/246 500/284/246
f 417/493/247 419/288/247 142/287/247 141/451/247
f 467/494/248 163/495/248 158/496/248 437/497/248
f 417/493/249 141/451/249 160/450/249 448/498/249
f 468/499/250 445/500/250 449/501/250 471/502/250
f 442/503/251 158/496/251 163/495/251 460/504/251
f 479/505/252 454/506/252 452/507/252 475/508/252
f 478/509/253 164/510/253 160/450/253 455/449/253
f 444/511/254 418/512/254 416/513/254 447/514/254
f 162/324/255 458/454/255 476/515/255 165/516/255
f 448/498/256 160/450/256 164/510/256 472/517/256
f 165/516/257 161/286/257 446/289/257 470/518/257
f 437/519/258 158/496/258 153/485/258 155/487/258
f 434/520/259 464/521/259 465/522/259 436/523/259
f 154/482/260 153/485/260 158/496/260 442/524/260
f 152/329/261 440/525/261 159/323/261 157/462/261
f 443/526/262 459/527/262 456/528/262 439/529/262
f 165/516/263 476/515/263 451/447/263 161/286/263
f 162/324/264 165/516/264 470/518/264 462/325/264
f 472/517/265 164/510/265 163/495/265 467/494/265
f 463/530/266 469/531/266 473/532/266 466/533/266
f 460/504/267 163/495/267 164/510/267 478/509/267
f 461/534/268 477/535/268 474/536/268 457/537/268
f 54/161/269 170/217/269 169/216/269 53/162/269
f 281/232/270 48/230/270 59/231/270 290/538/270
f 48/230/271 171/166/271 169/216/271 49/219/271
f 27/147/272 262/146/272 206/539/272 195/160/272
f 1/110/273 182/47/273 506/167/273 198/540/273
f 191/30/274 194/6/274 7/5/274 4/31/274
f 70/105/275 179/56/275 504/59/275 203/106/275
f 8/62/276 7/5/276 166/8/276 167/197/276
f 189/33/277 201/541/277 264/34/277 26/18/277
f 9/67/278 8/62/278 167/197/278 168/163/278
f 150/420/279 149/419/279 175/475/279 176/477/279
f 428/492/280 437/542/280 155/487/280 144/486/280
f 144/486/281 145/478/281 175/475/281 177/424/281
f 111/333/282 342/332/282 352/543/282 409/476/282
f 75/374/283 345/544/283 511/425/283 185/322/283
f 340/414/284 84/321/284 87/282/284 343/285/284
f 70/105/285 350/370/285 509/331/285 179/56/285
f 88/334/286 173/456/286 172/283/286 87/282/286
f 338/303/287 110/294/287 411/356/287 348/545/287
f 89/293/288 174/422/288 173/456/288 88/334/288
f 349/480/289 410/300/289 114/299/289 150/420/289
f 76/371/290 75/374/290 185/322/290 184/319/290
f 77/383/291 76/371/291 184/319/291 183/318/291
f 99/384/292 77/383/292 351/546/292 374/547/292
f 351/546/293 77/383/293 183/318/293 508/413/293
f 376/548/294 345/544/294 75/374/294 95/373/294
f 200/220/295 54/161/295 30/25/295 265/28/295
f 2/109/296 181/45/296 182/47/296 1/110/296
f 3/118/297 180/32/297 181/45/297 2/109/297
f 19/119/298 218/549/298 202/550/298 3/118/298
f 202/550/299 505/29/299 180/32/299 3/118/299
f 222/551/300 15/111/300 1/110/300 198/540/300
f 188/2/301 189/33/301 190/68/301
f 193/40/302 194/6/302 195/160/302
f 196/96/303 197/70/303 198/540/303
f 199/1/304 200/552/304 201/553/304
f 204/123/305 205/554/305 206/555/305
f 217/107/306 218/116/306 219/128/306
f 220/73/307 221/132/307 222/551/307
f 223/72/308 224/556/308 225/557/308
f 226/135/309 227/152/309 228/76/309
f 229/134/310 230/558/310 231/559/310
f 232/130/311 233/560/311 234/561/311
f 235/129/312 236/117/312 237/157/312
f 238/92/313 239/79/313 240/151/313
f 241/93/314 242/562/314 243/563/314
f 244/63/315 245/564/315 246/565/315
f 247/64/316 248/141/316 249/125/316
f 250/148/317 251/82/317 252/155/317
f 253/149/318 254/566/318 255/567/318
f 256/139/319 257/568/319 258/569/319
f 259/140/320 260/158/320 261/136/320
f 274/208/321 275/227/321 276/52/321
f 277/202/322 278/211/322 279/215/322
f 280/201/323 281/232/323 282/212/323
f 283/207/324 284/222/324 285/228/324
f 286/214/325 287/261/325 288/233/325
f 289/213/326 290/236/326 291/262/326
f 292/196/327 293/268/327 294/209/327
f 295/210/328 296/267/328 297/223/328
f 298/252/329 299/10/329 300/243/329
f 301/253/330 302/242/330 303/239/330
f 304/22/331 305/248/331 306/190/331
f 307/191/332 308/249/332 309/21/332
f 310/195/333 311/278/333 312/269/333
f 313/270/334 314/277/334 315/245/334
f 316/264/335 317/273/335 318/50/335
f 319/235/336 320/274/336 321/263/336
f 322/259/337 323/276/337 324/240/337
f 325/241/338 326/275/338 327/258/338
f 328/257/339 329/247/339 330/279/339
f 331/280/340 332/246/340 333/250/340
f 336/342/341 337/292/341 338/303/341
f 341/314/342 342/332/342 343/285/342
f 344/363/343 345/544/343 346/343/343
f 347/339/344 348/570/344 349/571/344
f 352/543/345 353/572/345 354/573/345
f 357/71/346 358/574/346 359/575/346 360/576/346
f 375/344/347 376/350/347 377/386/347
f 378/345/348 379/577/348 380/578/348
f 381/387/349 382/349/349 383/409/349
f 384/388/350 385/579/350 386/580/350
f 389/359/351 390/416/351 391/353/351
f 392/362/352 393/581/352 394/582/352
f 395/335/353 396/583/353 397/584/353
f 400/415/354 401/410/354 402/355/354
f 403/418/355 404/585/355 405/586/355
f 420/327/356 421/467/356 422/491/356
f 423/458/357 424/470/357 425/471/357
f 426/459/358 427/474/358 428/492/358
f 429/488/359 430/466/359 431/484/359
f 432/472/360 433/326/360 434/520/360
f 435/473/361 436/523/361 437/542/361
f 438/490/362 439/529/362 440/328/362
f 441/489/363 442/503/363 443/526/363
f 444/511/364 445/500/364 446/289/364
f 447/514/365 448/498/365 449/501/365
f 450/408/366 451/447/366 452/507/366
f 453/405/367 454/506/367 455/449/367
f 456/528/368 457/537/368 458/454/368
f 459/527/369 460/504/369 461/534/369
f 462/325/370 463/530/370 464/521/370
f 465/522/371 466/533/371 467/494/371
f 468/499/372 469/531/372 470/518/372
f 471/502/373 472/517/373 473/532/373
f 474/536/374 475/508/374 476/515/374
f 477/535/375 478/509/375 479/505/375
f 480/3/376 481/164/376 482/226/376
f 483/4/377 484/225/377 485/221/377
f 486/7/378 487/43/378 488/199/378
f 489/200/379 490/42/379 491/165/379
f 492/341/380 493/468/380 494/421/380
f 495/340/381 496/481/381 497/465/381
f 498/457/382 499/315/382 500/284/382
f 501/460/383 502/423/383 503/316/383
f 201/541/384 189/33/384 188/2/384 199/1/384
f 263/124/385 204/123/385 206/587/385 262/588/385
f 505/29/386 202/550/386 203/106/386 504/59/386
f 507/13/387 196/96/387 198/540/387 506/167/387
f 205/41/388 193/40/388 195/160/388 206/539/388
f 265/28/389 361/27/389 362/589/389 264/590/389
f 238/92/390 211/95/390 212/80/390 239/79/390
f 243/120/391 210/102/391 209/591/391 241/592/391
f 244/63/392 213/66/392 214/593/392 245/594/392
f 249/125/393 208/126/393 207/65/393 247/64/393
f 202/550/394 218/549/394 217/107/394 203/106/394
f 197/70/395 220/73/395 222/551/395 198/540/395
f 360/131/396 224/84/396 223/595/396 357/596/396
f 221/132/397 226/135/397 228/76/397 222/75/397
f 224/84/398 230/121/398 229/597/398 225/598/398
f 215/127/399 232/130/399 234/599/399 216/600/399
f 218/116/400 236/117/400 235/129/400 219/128/400
f 250/148/401 240/151/401 239/79/401 251/82/401
f 255/143/402 243/120/402 242/601/402 253/602/402
f 256/139/403 246/142/403 245/603/403 257/604/403
f 261/136/404 249/125/404 248/141/404 259/140/404
f 227/152/405 252/155/405 251/82/405 228/76/405
f 230/121/406 255/143/406 254/605/406 231/606/406
f 233/156/407 258/159/407 257/607/407 234/599/407
f 236/117/408 261/136/408 260/158/408 237/157/408
f 194/6/409 191/30/409 192/58/409 195/160/409
f 189/33/410 186/14/410 187/69/410 190/68/410
f 356/168/411 263/124/411 262/608/411 355/609/411
f 357/71/412 197/70/412 196/96/412 358/97/412
f 200/220/413 265/28/413 264/610/413 201/611/413
f 210/102/414 212/80/414 211/95/414 209/94/414
f 208/126/415 214/89/415 213/66/415 207/65/415
f 225/133/416 221/132/416 220/73/416 223/72/416
f 219/128/417 215/127/417 216/108/417 217/107/417
f 237/157/418 233/156/418 232/130/418 235/129/418
f 231/153/419 227/152/419 226/135/419 229/134/419
f 247/64/420 244/63/420 246/142/420 248/141/420
f 241/93/421 238/92/421 240/151/421 242/150/421
f 253/149/422 250/148/422 252/155/422 254/154/422
f 259/140/423 256/139/423 258/159/423 260/158/423
f 266/24/424 268/23/424 269/189/424 267/192/424
f 271/234/425 273/11/425 272/255/425 270/254/425
f 480/3/426 188/2/426 190/68/426 481/164/426
f 298/252/427 272/255/427 273/11/427 299/10/427
f 303/239/428 271/234/428 270/254/428 301/253/428
f 485/221/429 200/220/429 199/1/429 483/4/429
f 294/209/430 274/208/430 276/52/430 292/55/430
f 488/199/431 277/202/431 279/215/431 486/7/431
f 491/165/432 281/232/432 280/201/432 489/200/432
f 297/223/433 284/222/433 283/207/433 295/210/433
f 274/208/434 283/207/434 285/228/434 275/227/434
f 282/212/435 278/211/435 277/202/435 280/201/435
f 278/211/436 286/214/436 288/233/436 279/215/436
f 281/232/437 290/538/437 289/213/437 282/212/437
f 312/269/438 293/268/438 292/196/438 310/195/438
f 315/245/439 297/244/439 296/267/439 313/270/439
f 293/268/440 296/267/440 295/210/440 294/209/440
f 291/262/441 287/261/441 286/214/441 289/213/441
f 324/240/442 300/243/442 299/10/442 322/259/442
f 327/258/443 303/239/443 302/242/443 325/241/443
f 268/23/444 304/22/444 306/190/444 269/189/444
f 267/192/445 307/191/445 309/21/445 266/24/445
f 304/22/446 309/21/446 308/249/446 305/248/446
f 301/253/447 298/252/447 300/243/447 302/242/447
f 330/279/448 311/278/448 310/195/448 328/257/448
f 333/250/449 315/245/449 314/277/449 331/280/449
f 287/261/450 316/264/450 318/50/450 288/49/450
f 290/236/451 319/235/451 321/263/451 291/262/451
f 320/274/452 317/273/452 316/264/452 321/263/452
f 311/278/453 314/277/453 313/270/453 312/269/453
f 317/273/454 323/276/454 322/259/454 318/50/454
f 319/235/455 327/258/455 326/275/455 320/274/455
f 305/248/456 329/247/456 328/257/456 306/190/456
f 307/191/457 333/250/457 332/246/457 308/249/457
f 325/241/458 324/240/458 323/276/458 326/275/458
f 329/247/459 332/246/459 331/280/459 330/279/459
f 347/339/460 336/342/460 338/303/460 348/545/460
f 409/476/461 352/543/461 354/573/461 408/612/461
f 509/331/462 350/370/462 351/546/462 508/413/462
f 511/425/463 345/544/463 344/363/463 510/281/463
f 352/543/464 342/332/464 341/314/464 353/317/464
f 411/356/465 362/35/465 361/613/465 410/614/465
f 391/353/466 368/352/466 367/360/466 389/359/466
f 392/362/467 365/361/467 366/615/467 393/616/467
f 397/357/468 370/296/468 369/617/468 395/618/468
f 398/338/469 363/337/469 364/295/469 399/393/469
f 350/370/470 373/369/470 374/547/470 351/546/470
f 345/544/471 376/548/471 375/344/471 346/343/471
f 359/346/472 378/345/472 380/619/472 360/576/472
f 376/350/473 382/349/473 381/387/473 377/386/473
f 379/389/474 384/388/474 386/620/474 380/621/474
f 372/375/475 387/378/475 388/622/475 371/623/475
f 402/355/476 391/353/476 390/416/476 400/415/476
f 403/418/477 394/417/477 393/624/477 404/625/477
f 407/399/478 397/357/478 396/626/478 406/627/478
f 382/349/479 402/355/479 401/410/479 383/409/479
f 385/412/480 405/411/480 404/628/480 386/620/480
f 387/378/481 407/399/481 406/629/481 388/622/481
f 342/332/482 339/302/482 340/414/482 343/285/482
f 337/292/483 334/291/483 335/271/483 338/303/483
f 355/145/484 409/476/484 408/630/484 356/631/484
f 358/97/485 344/363/485 346/343/485 359/346/485
f 348/545/486 411/356/486 410/632/486 349/571/486
f 365/361/487 367/360/487 368/352/487 366/366/487
f 363/337/488 369/336/488 370/296/488 364/295/488
f 378/345/489 375/344/489 377/386/489 379/389/489
f 373/369/490 372/368/490 371/379/490 374/382/490
f 384/388/491 381/387/491 383/409/491 385/412/491
f 399/403/492 396/402/492 395/335/492 398/338/492
f 394/417/493 390/416/493 389/359/493 392/362/493
f 405/411/494 401/410/494 400/415/494 403/418/494
f 413/452/495 415/448/495 414/407/495 412/406/495
f 416/513/496 418/512/496 419/288/496 417/493/496
f 494/421/497 337/292/497 336/342/497 492/341/497
f 446/289/498 419/288/498 418/512/498 444/511/498
f 447/514/499 416/513/499 417/493/499 448/498/499
f 495/340/500 347/339/500 349/480/500 496/481/500
f 440/328/501 420/327/501 422/491/501 438/490/501
f 500/284/502 424/470/502 423/458/502 498/457/502
f 501/460/503 426/459/503 428/492/503 502/423/503
f 441/489/504 429/488/504 431/484/504 442/483/504
f 421/467/505 430/466/505 429/488/505 422/491/505
f 426/459/506 423/458/506 425/471/506 427/474/506
f 424/470/507 433/469/507 432/472/507 425/471/507
f 427/474/508 435/473/508 437/542/508 428/492/508
f 458/454/509 440/453/509 439/529/509 456/528/509
f 459/527/510 443/526/510 442/503/510 460/504/510
f 438/490/511 441/489/511 443/526/511 439/529/511
f 435/473/512 432/472/512 434/520/512 436/523/512
f 470/518/513 446/289/513 445/500/513 468/499/513
f 471/502/514 449/501/514 448/498/514 472/517/514
f 415/448/515 451/447/515 450/408/515 414/407/515
f 412/406/516 453/405/516 455/449/516 413/452/516
f 452/507/517 454/506/517 453/405/517 450/408/517
f 449/501/518 445/500/518 444/511/518 447/514/518
f 476/515/519 458/454/519 457/537/519 474/536/519
f 477/535/520 461/534/520 460/504/520 478/509/520
f 433/326/521 462/325/521 464/521/521 434/520/521
f 436/523/522 465/522/522 467/494/522 437/497/522
f 465/522/523 464/521/523 463/530/523 466/533/523
f 456/528/524 459/527/524 461/534/524 457/537/524
f 462/325/525 470/518/525 469/531/525 463/530/525
f 466/533/526 473/532/526 472/517/526 467/494/526
f 451/447/527 476/515/527 475/508/527 452/507/527
f 454/506/528 479/505/528 478/509/528 455/449/528
f 473/532/529 469/531/529 468/499/529 471/502/529
f 474/536/530 477/535/530 479/505/530 475/508/530
f 275/227/531 482/226/531 481/164/531 276/52/531
f 284/222/532 485/221/532 484/225/532 285/228/532
f 193/40/533 487/43/533 486/7/533 194/6/533
f 204/123/534 491/165/534 490/42/534 205/41/534
f 489/200/535 488/199/535 487/43/535 490/42/535
f 482/226/536 484/225/536 483/4/536 480/3/536
f 420/327/537 494/421/537 493/468/537 421/467/537
f 430/466/538 497/465/538 496/481/538 431/484/538
f 343/285/539 500/284/539 499/315/539 341/314/539
f 353/317/540 503/316/540 502/423/540 354/391/540
f 498/457/541 501/460/541 503/316/541 499/315/541
f 497/465/542 493/468/542 492/341/542 495/340/542
f 191/30/543 505/29/543 504/59/543 192/58/543
f 186/14/544 507/13/544 506/167/544 187/69/544
f 339/302/545 509/331/545 508/413/545 340/414/545
f 334/291/546 511/425/546 510/281/546 335/271/546
f 186/14/547 32/17/547 109/20/547 72/15/547
o Icosphere
v -0.968488 -1.467491 1.998372
v -0.965072 -1.307616 2.086358
v -0.989637 -1.739341 1.242701
v -1.030124 -1.757720 1.412353
v -1.066503 -1.746004 1.574775
v -1.096992 -1.692889 1.726218
v -1.140679 -1.122817 2.117959
v -1.130688 -0.941738 2.138548
v -1.112683 -0.760671 2.124267
v -1.087466 -0.589918 2.074954
v -1.056357 -0.446855 1.990215
v -1.020617 -0.338956 1.872887
v -0.981436 -0.264737 1.728671
v -0.939937 -0.215296 1.565601
v -1.120235 -1.594788 1.862052
v -1.135406 -1.457444 1.976641
v -1.142272 -1.296950 2.063289
v -1.311234 -1.279470 2.006796
v -1.294566 -1.440979 1.923425
v -1.263475 -1.579970 1.814159
v -0.973545 -0.211819 1.554363
v -1.047363 -0.257917 1.706629
v -1.116327 -0.329055 1.840886
v -1.178173 -0.434254 1.949486
v -1.230705 -0.575099 2.027061
v -1.271843 -0.744205 2.071051
v -1.299651 -0.924258 2.082054
v -1.312952 -1.104995 2.060359
v -1.218807 -1.680287 1.685488
v -1.162213 -1.736103 1.542774
v -1.096050 -1.750900 1.390310
v -1.023246 -1.735864 1.231464
v -1.053925 -1.731165 1.214010
v -1.156229 -1.741683 1.356072
v -1.249579 -1.722723 1.493069
v -1.330003 -1.663257 1.622225
v -1.470207 -1.080912 1.970892
v -1.453884 -0.900638 1.994307
v -1.417128 -0.721955 1.988394
v -1.361458 -0.555075 1.952672
v -1.289369 -0.417224 1.886223
v -1.203694 -0.315675 1.791180
v -1.107541 -0.248700 1.672391
v -1.004224 -0.207121 1.536909
v -1.394228 -1.559945 1.739771
v -1.439850 -1.418728 1.840769
v -1.465468 -1.255849 1.919048
v -1.599045 -1.226995 1.803419
v -1.565677 -1.391548 1.731849
v -1.507469 -1.535483 1.641744
v -1.030794 -0.201381 1.513909
v -1.159660 -0.237442 1.627275
v -1.279359 -0.299330 1.725682
v -1.385673 -0.396421 1.802858
v -1.474699 -0.530613 1.854646
v -1.542954 -0.694775 1.879474
v -1.587461 -0.871783 1.878678
v -1.606400 -1.051492 1.852998
v -1.426307 -1.642454 1.538861
v -1.325244 -1.706378 1.427571
v -1.208348 -1.730425 1.310956
v -1.080495 -1.725426 1.191010
v -1.101935 -1.718866 1.163347
v -1.250405 -1.717557 1.256694
v -1.386301 -1.687696 1.348795
v -1.504017 -1.618678 1.438599
v -1.716299 -1.017866 1.711205
v -1.695248 -0.838804 1.739610
v -1.644487 -0.663709 1.748475
v -1.566077 -0.502654 1.736750
v -1.463382 -0.372644 1.702596
v -1.340415 -0.280649 1.646906
v -1.201717 -0.224574 1.573013
v -1.052234 -0.194821 1.486247
v -1.598846 -1.507524 1.523848
v -1.667210 -1.360482 1.600849
v -1.706832 -1.194015 1.664351
v -1.784686 -1.158179 1.507189
v -1.740548 -1.326725 1.452806
v -1.664849 -1.477143 1.390613
v -1.067721 -0.187693 1.454985
v -1.232094 -0.210591 1.511692
v -1.384516 -0.260349 1.557881
v -1.519513 -0.346807 1.589289
v -1.632079 -0.472273 1.603515
v -1.717825 -0.629951 1.600431
v -1.773103 -0.802967 1.582448
v -1.795679 -0.981327 1.550964
v -1.560147 -1.592841 1.325291
v -1.430402 -1.667396 1.259769
v -1.280782 -1.703574 1.195373
v -1.117422 -1.711737 1.132086
v -1.126359 -1.704314 1.098427
v -1.298313 -1.689014 1.129348
v -1.455853 -1.646258 1.163916
v -1.592541 -1.565937 1.203293
v -1.841490 -0.943279 1.378432
v -1.818033 -0.765650 1.413231
v -1.760149 -0.594799 1.441033
v -1.670169 -0.440637 1.460060
v -1.551906 -0.319903 1.467290
v -1.409968 -0.239210 1.462028
v -1.249625 -0.196031 1.445667
v -1.076658 -0.180270 1.421326
v -1.702939 -1.445508 1.247158
v -1.782871 -1.291573 1.293407
v -1.829617 -1.120862 1.337973
v -1.839897 -1.083498 1.163205
v -1.792555 -1.256377 1.128780
v -1.711654 -1.413832 1.098997
v -1.078703 -0.172838 1.386563
v -1.253636 -0.181452 1.377476
v -1.415791 -0.218046 1.363029
v -1.559318 -0.292965 1.341290
v -1.678884 -0.408962 1.311899
v -1.769832 -0.559604 1.276405
v -1.828313 -0.728286 1.238463
v -1.851972 -0.905184 1.200240
v -1.599952 -1.538999 1.077292
v -1.461676 -1.625093 1.064918
v -1.302324 -1.674435 1.061157
v -1.128404 -1.696882 1.063663
v -1.123478 -1.689727 1.029131
v -1.292661 -1.660399 0.993420
v -1.447648 -1.604716 0.966579
v -1.582097 -1.513063 0.952131
v -1.826721 -0.868505 1.023236
v -1.803548 -0.692313 1.064860
v -1.746504 -0.525717 1.112874
v -1.657889 -0.378465 1.164726
v -1.541462 -0.267030 1.216129
v -1.401762 -0.197668 1.264691
v -1.243973 -0.167416 1.309739
v -1.073777 -0.165682 1.352031
v -1.690659 -1.383335 0.951823
v -1.769226 -1.222491 0.965249
v -1.815132 -1.047524 0.989601
v -1.756272 -1.014323 0.823835
v -1.713782 -1.191215 0.809100
v -1.640760 -1.355188 0.811293
v -1.062069 -0.159078 1.319058
v -1.221007 -0.154461 1.245060
v -1.368421 -0.178861 1.170792
v -1.499027 -0.243093 1.096617
v -1.607990 -0.350318 1.024195
v -1.691059 -0.494442 0.956725
v -1.744688 -0.659111 0.899093
v -1.766708 -0.834653 0.854221
v -1.539661 -1.489126 0.832620
v -1.414306 -1.585909 0.872680
v -1.269695 -1.647444 0.928741
v -1.111770 -1.683123 0.996158
v -0.947074 -1.706165 1.069249
v -1.093730 -1.677324 0.966011
v -1.234309 -1.636069 0.869605
v -1.362933 -1.569394 0.786828
v -1.474276 -1.468108 0.723351
v -1.674240 -0.804928 0.699691
v -1.653996 -0.629957 0.747533
v -1.605629 -0.466980 0.813958
v -1.531105 -0.325603 0.895708
v -1.433642 -0.222074 0.987348
v -1.317048 -0.162347 1.084939
v -1.185621 -0.143086 1.185924
v -1.044029 -0.153279 1.288910
v -1.563875 -1.330473 0.682806
v -1.628352 -1.163753 0.666333
v -1.665580 -0.985169 0.672274
v -1.546541 -0.961184 0.540744
v -1.516220 -1.141160 0.542434
v -1.462959 -1.310139 0.571300
v -1.020351 -0.148508 1.262748
v -1.139175 -0.133728 1.134603
v -1.249618 -0.148760 1.010434
v -1.347820 -0.204782 0.892520
v -1.430189 -0.305269 0.784202
v -1.493497 -0.444386 0.690060
v -1.534958 -0.605972 0.616003
v -1.552869 -0.780473 0.565585
v -1.388454 -1.450815 0.628523
v -1.295503 -1.555808 0.712322
v -1.187863 -1.626711 0.818285
v -1.070052 -1.672553 0.939848
v -1.041645 -1.668993 0.918675
v -1.132141 -1.619728 0.776752
v -1.214608 -1.545671 0.652026
v -1.285493 -1.437914 0.551781
v -1.407260 -0.762227 0.457055
v -1.392147 -0.588077 0.509558
v -1.358972 -0.427529 0.589792
v -1.309120 -0.290098 0.693963
v -1.244859 -0.191880 0.815778
v -1.168722 -0.138623 0.950138
v -1.083453 -0.126745 1.093071
v -0.991944 -0.144949 1.241575
v -1.341890 -1.294969 0.481061
v -1.381695 -1.124303 0.442166
v -1.403731 -0.943289 0.434300
v -1.242636 -0.932171 0.357032
v -1.229947 -1.113830 0.369381
v -1.205320 -1.285544 0.415557
v -0.959900 -0.142737 1.226205
v -1.020597 -0.122407 1.062922
v -1.077469 -0.132326 0.906369
v -1.128716 -0.183865 0.760071
v -1.172550 -0.280674 0.628459
v -1.207224 -0.417057 0.517006
v -1.231052 -0.576960 0.432290
v -1.243009 -0.750892 0.378273
v -1.169350 -1.429899 0.496074
v -1.123355 -1.539374 0.608257
v -1.069284 -1.615391 0.746603
v -1.009601 -1.666782 0.903305
v -0.975152 -1.666003 0.894330
v -1.001710 -1.613864 0.728998
v -1.025251 -1.537158 0.582697
v -1.044488 -1.427078 0.463542
v -1.066428 -0.746903 0.332267
v -1.057864 -0.573047 0.387168
v -1.044084 -0.413372 0.474502
v -1.025728 -0.277357 0.590205
v -1.003854 -0.181044 0.727540
v -0.979366 -0.130110 0.880809
v -0.953022 -0.120881 1.045316
v -0.925451 -0.141959 1.217229
v -1.058498 -1.282227 0.377303
v -1.066807 -1.110145 0.326877
v -1.069448 -0.928259 0.311909
v -0.890821 -0.931702 0.300666
v -0.898545 -1.113388 0.316286
v -0.907066 -1.285146 0.367772
v -0.889920 -0.142644 1.214993
v -0.883325 -0.122224 1.040929
v -0.878182 -0.132060 0.874440
v -0.875072 -0.183527 0.719434
v -0.874297 -0.280276 0.580674
v -0.875822 -0.416615 0.463911
v -0.879238 -0.576490 0.375925
v -0.884302 -0.750414 0.320803
v -0.915706 -1.429560 0.455436
v -0.924068 -1.539108 0.576329
v -0.932013 -1.615208 0.724611
v -0.939621 -1.666688 0.892093
v -0.904373 -1.668810 0.896682
v -0.862873 -1.619369 0.733612
v -0.823692 -1.545150 0.589396
v -0.787953 -1.437250 0.472068
v -0.703631 -0.761289 0.344324
v -0.702038 -0.587157 0.398993
v -0.708904 -0.426662 0.485641
v -0.724074 -0.289318 0.600230
v -0.747318 -0.191217 0.736065
v -0.777807 -0.138102 0.887507
v -0.814186 -0.126386 1.049930
v -0.854673 -0.144766 1.219582
v -0.756844 -1.294188 0.387328
v -0.731627 -1.123436 0.338016
v -0.713622 -0.942368 0.323734
v -0.544659 -0.959848 0.380228
v -0.572467 -1.139901 0.391232
v -0.613604 -1.309007 0.435221
v -0.821064 -0.148242 1.230819
v -0.748260 -0.133206 1.071973
v -0.682097 -0.148003 0.919509
v -0.625503 -0.203819 0.776795
v -0.580834 -0.304137 0.648124
v -0.549744 -0.443128 0.538857
v -0.533075 -0.604636 0.455487
v -0.531358 -0.779111 0.401924
v -0.666137 -1.449852 0.512798
v -0.727982 -1.555051 0.621397
v -0.796947 -1.626189 0.755654
v -0.870765 -1.672287 0.907919
v -0.840086 -1.676985 0.925373
v -0.736768 -1.635406 0.789891
v -0.640616 -1.568431 0.671102
v -0.554941 -1.466882 0.576060
v -0.374103 -0.803194 0.491390
v -0.378842 -0.628257 0.543234
v -0.404460 -0.465378 0.621514
v -0.450081 -0.324161 0.722512
v -0.514306 -0.220848 0.840058
v -0.594731 -0.161383 0.969213
v -0.688081 -0.142423 1.106210
v -0.790385 -0.152941 1.248273
v -0.482851 -1.329031 0.509610
v -0.427182 -1.162151 0.473888
v -0.390426 -0.983469 0.467975
v -0.256849 -1.012323 0.583605
v -0.301355 -1.189332 0.582809
v -0.369610 -1.353493 0.607636
v -0.763815 -0.158680 1.271273
v -0.635962 -0.153681 1.151327
v -0.519066 -0.177728 1.034713
v -0.418003 -0.241651 0.923422
v -0.336840 -0.348623 0.820538
v -0.278633 -0.492558 0.730434
v -0.245265 -0.657111 0.658864
v -0.237909 -0.832614 0.609285
v -0.458637 -1.487685 0.659424
v -0.564951 -1.584776 0.736601
v -0.684649 -1.646664 0.835008
v -0.813515 -1.682725 0.948373
v -0.792075 -1.689285 0.976036
v -0.642593 -1.659532 0.889270
v -0.503894 -1.603457 0.815377
v -0.380927 -1.511462 0.759686
v -0.128010 -0.866240 0.751078
v -0.137478 -0.690091 0.797932
v -0.177100 -0.523624 0.861434
v -0.245463 -0.376582 0.938434
v -0.340293 -0.265428 1.023684
v -0.458009 -0.196409 1.113488
v -0.593905 -0.166549 1.205589
v -0.742375 -0.165240 1.298935
v -0.278233 -1.381452 0.725532
v -0.199822 -1.220398 0.713808
v -0.149062 -1.045303 0.722673
v -0.071207 -1.081139 0.879835
v -0.126485 -1.254155 0.861851
v -0.212231 -1.411833 0.858768
v -0.726888 -0.172369 1.330197
v -0.563528 -0.180532 1.266910
v -0.413908 -0.216709 1.202513
v -0.284162 -0.291265 1.136992
v -0.179461 -0.406963 1.071670
v -0.103762 -0.557382 1.009477
v -0.059623 -0.725928 0.955094
v -0.048630 -0.902779 0.911319
v -0.324797 -1.537299 0.872994
v -0.459793 -1.623757 0.904402
v -0.612215 -1.673515 0.950591
v -0.776589 -1.696413 1.007298
v -0.767652 -1.703836 1.040956
v -0.594684 -1.688076 1.016616
v -0.434342 -1.644896 1.000255
v -0.292404 -1.564203 0.994993
v -0.002819 -0.940827 1.083851
v -0.014692 -0.763245 1.124310
v -0.061438 -0.592534 1.168875
v -0.141370 -0.438599 1.215125
v -0.251769 -0.318169 1.258990
v -0.388457 -0.237848 1.298367
v -0.545997 -0.195092 1.332935
v -0.717951 -0.179792 1.363856
v -0.174140 -1.443469 1.002223
v -0.084161 -1.289307 1.021250
v -0.026276 -1.118457 1.049052
v -0.015996 -1.155820 1.223819
v -0.074477 -1.324503 1.185878
v -0.165425 -1.475144 1.150384
v -0.715906 -0.187224 1.398620
v -0.541986 -0.209671 1.401126
v -0.382634 -0.259013 1.397365
v -0.244358 -0.345107 1.384991
v -0.132655 -0.470274 1.363286
v -0.051755 -0.627729 1.333503
v -0.004412 -0.800608 1.299078
v 0.007662 -0.978922 1.262043
v -0.284992 -1.591140 1.120993
v -0.428519 -1.666061 1.099253
v -0.590673 -1.702654 1.084807
v -0.765607 -1.711268 1.075720
v -0.770533 -1.718424 1.110252
v -0.600336 -1.716690 1.152544
v -0.442548 -1.686438 1.197592
v -0.302847 -1.617076 1.246154
v -0.017589 -1.015601 1.439047
v -0.029178 -0.836582 1.472682
v -0.075084 -0.661616 1.497034
v -0.153651 -0.500771 1.510460
v -0.262213 -0.371042 1.510152
v -0.396662 -0.279390 1.495704
v -0.551649 -0.223707 1.468863
v -0.720833 -0.194379 1.433151
v -0.897236 -0.177941 1.393034
v -0.186421 -1.505641 1.297558
v -0.097806 -1.358389 1.349409
v -0.040762 -1.191794 1.397423
v -0.099622 -1.224995 1.563190
v -0.153251 -1.389665 1.505558
v -0.236319 -1.533788 1.438088
v -0.732540 -0.200984 1.466125
v -0.574614 -0.236662 1.533542
v -0.430004 -0.298197 1.589603
v -0.304648 -0.394979 1.629663
v -0.203550 -0.528918 1.650990
v -0.130528 -0.692891 1.653183
v -0.088038 -0.869784 1.638449
v -0.077602 -1.049453 1.608062
v -0.345283 -1.641013 1.365666
v -0.475889 -1.705245 1.291492
v -0.623302 -1.729645 1.217224
v -0.782241 -1.725028 1.143225
v -0.800281 -1.730827 1.173373
v -0.658688 -1.741020 1.276359
v -0.527262 -1.721760 1.377344
v -0.410668 -1.662032 1.474935
v -0.170070 -1.079178 1.762592
v -0.178730 -0.898937 1.790009
v -0.215958 -0.720353 1.795950
v -0.280434 -0.553633 1.779477
v -0.370033 -0.415998 1.738932
v -0.481376 -0.314711 1.675455
v -0.610001 -0.248037 1.592678
v -0.750580 -0.206783 1.496272
v -0.313204 -1.558503 1.566575
v -0.238681 -1.417127 1.648325
v -0.190313 -1.254149 1.714751
v -0.309352 -1.278134 1.846281
v -0.350813 -1.439720 1.772223
v -0.414120 -1.578837 1.678081
v -0.774258 -0.211554 1.522435
v -0.656447 -0.257395 1.643999
v -0.548806 -0.328298 1.749961
v -0.455856 -0.433290 1.833760
v -0.381351 -0.573967 1.890983
v -0.328090 -0.742947 1.919849
v -0.297768 -0.922922 1.921540
v -0.291441 -1.103633 1.896698
v -0.496490 -1.679324 1.569763
v -0.594692 -1.735346 1.451849
v -0.705135 -1.750379 1.327680
v -0.823959 -1.735598 1.199535
v -0.852366 -1.739158 1.220709
v -0.760857 -1.757361 1.369212
v -0.675588 -1.745483 1.512145
v -0.599451 -1.692226 1.646505
v -0.437050 -1.121879 2.005228
v -0.440579 -0.940818 2.027984
v -0.462615 -0.759804 2.020117
v -0.502420 -0.589138 1.981222
v -0.558817 -0.446192 1.910502
v -0.629702 -0.338435 1.810256
v -0.712169 -0.264378 1.685531
v -0.802665 -0.215113 1.543608
v -0.535190 -1.594008 1.768320
v -0.485338 -1.456577 1.872492
v -0.452163 -1.296029 1.952725
v -0.613258 -1.307147 2.029993
v -0.637086 -1.467049 1.945276
v -0.671759 -1.603433 1.833825
v -0.834709 -0.217325 1.558978
v -0.775026 -0.268715 1.715679
v -0.720955 -0.344732 1.854026
v -0.674960 -0.454207 1.966209
v -0.638990 -0.598562 2.046727
v -0.614363 -0.770276 2.092902
v -0.601674 -0.951935 2.105252
v -0.601301 -1.133214 2.084010
v -0.715594 -1.700241 1.702212
v -0.766841 -1.751780 1.555914
v -0.823713 -1.761699 1.399361
v -0.884410 -1.741369 1.236078
v -0.970013 -1.603830 1.881609
v -0.918859 -1.742147 1.245054
v -0.891288 -1.763225 1.416967
v -0.864944 -1.753996 1.581474
v -0.840456 -1.703061 1.734744
v -0.777882 -1.137203 2.130017
v -0.774863 -0.955847 2.150374
v -0.777503 -0.773961 2.135406
v -0.785812 -0.601879 2.084980
v -0.799821 -0.457028 1.998741
v -0.819059 -0.346948 1.879586
v -0.842600 -0.270242 1.733285
v -0.869158 -0.218103 1.567953
v -0.818582 -1.606749 1.872078
v -0.800226 -1.470735 1.987781
v -0.786446 -1.311059 2.075116
v -0.904689 -0.217418 1.570190
v -0.912297 -0.268899 1.737672
v -0.920242 -0.344998 1.885954
v -0.928604 -0.454545 2.006847
v -0.937244 -0.598960 2.094511
v -0.945765 -0.770718 2.145997
v -0.953489 -0.952404 2.161617
v -0.960008 -1.133692 2.141480
v -0.969238 -1.700579 1.742849
v -0.706651 0.248155 -3.833275
v -0.895701 -0.708971 0.713239
v -0.683058 0.244934 -3.832972
v -0.872108 -0.712187 0.713543
v -0.660520 0.237272 -3.833648
v -0.849570 -0.719839 0.712869
v -0.639904 0.225464 -3.835276
v -0.828954 -0.731642 0.711242
v -0.622002 0.209963 -3.837795
v -0.811051 -0.747143 0.708723
v -0.607502 0.191366 -3.841107
v -0.796551 -0.765741 0.705411
v -0.596961 0.170386 -3.845086
v -0.786010 -0.786721 0.701432
v -0.590784 0.147830 -3.849577
v -0.779833 -0.809277 0.696941
v -0.589208 0.124564 -3.854409
v -0.778258 -0.832542 0.692109
v -0.592295 0.101484 -3.859396
v -0.781345 -0.855622 0.687122
v -0.599925 0.079476 -3.864347
v -0.788975 -0.877631 0.682171
v -0.611806 0.059385 -3.869070
v -0.800855 -0.897722 0.677448
v -0.627480 0.041983 -3.873385
v -0.816529 -0.915123 0.673133
v -0.646345 0.027941 -3.877126
v -0.835395 -0.929166 0.669392
v -0.667677 0.017796 -3.880148
v -0.856727 -0.939306 0.666371
v -0.690656 0.011939 -3.882337
v -0.879705 -0.945153 0.664184
v -0.714398 0.010595 -3.883607
v -0.903447 -0.946492 0.662915
v -0.737991 0.013816 -3.883910
v -0.927040 -0.943276 0.662611
v -0.760529 0.021478 -3.883234
v -0.949578 -0.935624 0.663285
v -0.781145 0.033286 -3.881606
v -0.970194 -0.923821 0.664912
v -0.799047 0.048787 -3.879087
v -0.988096 -0.908320 0.667431
v -0.813547 0.067384 -3.875775
v -1.002596 -0.889722 0.670743
v -0.824088 0.088364 -3.871796
v -1.013137 -0.868742 0.674722
v -0.830265 0.110920 -3.867305
v -1.019314 -0.846186 0.679213
v -0.831840 0.134185 -3.862473
v -1.020890 -0.822921 0.684045
v -0.828753 0.157266 -3.857486
v -1.017803 -0.799841 0.689032
v -0.821123 0.179274 -3.852535
v -1.010173 -0.777832 0.693983
v -0.809243 0.199365 -3.847812
v -0.998292 -0.757741 0.698706
v -0.793568 0.216766 -3.843497
v -0.982618 -0.740340 0.703021
v -0.774703 0.230809 -3.839756
v -0.963752 -0.726297 0.706762
v -0.753371 0.240954 -3.836734
v -0.942421 -0.716157 0.709783
v -0.730393 0.246811 -3.834545
v -0.919442 -0.710310 0.711970
v -0.966128 -1.752046 1.587843
v -0.960985 -1.761882 1.421354
v -0.954390 -1.741462 1.247290
v -1.115236 -0.609694 2.188781
v -0.941965 -0.620124 2.211339
v -0.974949 -1.631561 1.997046
v -1.148220 -1.621131 1.974488
v -0.970945 -1.479934 2.057476
v -1.149594 -1.469180 2.034218
v -0.948223 -0.783160 2.205101
v -1.126871 -0.772407 2.181844
v -1.313436 -1.604039 1.919247
v -1.319938 -1.451558 1.977263
v -1.297216 -0.754784 2.124888
v -1.280452 -0.592603 2.133540
v -1.452710 -0.730971 2.036423
v -1.475433 -1.427744 1.888798
v -1.464250 -1.580942 1.833445
v -1.431266 -0.569506 2.047738
v -1.594865 -1.552727 1.720379
v -1.610102 -1.398654 1.772223
v -1.587379 -0.701880 1.919848
v -1.561881 -0.541291 1.934672
v -1.667278 -0.509042 1.798687
v -1.696048 -0.668631 1.779643
v -1.718770 -1.365404 1.632018
v -1.700262 -1.520479 1.584394
v -1.776391 -1.485437 1.430717
v -1.797261 -1.329274 1.473570
v -1.774539 -0.632501 1.621196
v -1.743407 -0.474000 1.645010
v -1.787342 -0.437510 1.479546
v -1.819837 -0.594879 1.450596
v -1.842560 -1.291652 1.302970
v -1.820326 -1.448947 1.265253
v -1.830378 -1.412412 1.094359
v -1.852924 -1.253983 1.126773
v -1.830201 -0.557210 1.274399
v -1.797394 -0.400976 1.308653
v -1.773177 -0.365799 1.138899
v -1.805233 -0.520942 1.099376
v -1.827955 -1.217715 0.951750
v -1.806161 -1.377236 0.924605
v -1.715622 -0.333334 0.976807
v -1.748606 -1.344771 0.762513
v -1.745892 -0.487469 0.932253
v -1.768615 -1.184242 0.784628
v -1.626942 -0.304827 0.828607
v -1.654459 -0.458077 0.779453
v -1.677181 -1.154850 0.631828
v -1.659926 -1.316263 0.614313
v -1.510542 -0.281373 0.699993
v -1.543526 -1.292810 0.485700
v -1.557169 -1.130669 0.499223
v -1.534447 -0.433895 0.646848
v -1.370898 -0.263875 0.595909
v -1.390468 -0.415854 0.539534
v -1.413190 -1.112627 0.391908
v -1.403882 -1.275312 0.381616
v -1.228056 -0.404646 0.461634
v -1.213375 -0.253004 0.520354
v -1.246359 -1.264441 0.306061
v -1.250778 -1.101419 0.314008
v -1.044026 -0.249178 0.476232
v -1.053451 -0.400702 0.416142
v -1.077010 -1.260615 0.261939
v -1.076174 -1.097475 0.268517
v -0.896087 -1.100946 0.257182
v -0.873365 -0.404173 0.404807
v -0.869361 -0.252545 0.465238
v -0.902345 -1.263982 0.250945
v -0.696090 -0.262975 0.487795
v -0.694716 -0.414926 0.428065
v -0.729074 -1.274412 0.273502
v -0.717439 -1.111700 0.280439
v -0.547094 -1.129322 0.337394
v -0.524372 -0.432548 0.485020
v -0.530873 -0.280067 0.543036
v -0.563857 -1.291503 0.328743
v -0.413043 -1.314600 0.414544
v -0.380059 -0.303164 0.628838
v -0.391599 -1.153136 0.425859
v -0.368877 -0.456362 0.573485
v -0.282428 -1.342815 0.527610
v -0.256930 -1.182226 0.542434
v -0.234208 -0.485453 0.690060
v -0.249444 -0.331379 0.741904
v -0.177031 -1.375064 0.663595
v -0.144047 -0.363627 0.877888
v -0.148262 -1.215475 0.682640
v -0.125540 -0.518702 0.830265
v -0.100902 -1.410106 0.817272
v -0.069771 -1.251605 0.841087
v -0.047048 -0.554832 0.988712
v -0.067918 -0.398669 1.031566
v -0.056968 -1.446596 0.982737
v -0.024473 -1.289228 1.011687
v -0.001750 -0.592454 1.159312
v -0.023984 -0.435159 1.197031
v 0.008614 -0.630123 1.335510
v -0.013932 -0.471694 1.367923
v -0.046916 -1.483131 1.153630
v -0.014109 -1.326897 1.187884
v -0.038148 -0.506870 1.537678
v -0.016354 -0.666391 1.510532
v -0.071132 -1.518307 1.323385
v -0.039077 -1.363164 1.362907
v -0.098418 -1.396638 1.530030
v -0.075695 -0.699864 1.677655
v -0.095703 -0.539335 1.699770
v -0.128687 -1.550772 1.485476
v -0.184384 -0.567843 1.847970
v -0.167129 -0.729256 1.830455
v -0.217368 -1.579280 1.633677
v -0.189851 -1.426030 1.682829
v -0.309863 -1.450211 1.815435
v -0.287141 -0.753438 1.963060
v -0.300783 -0.591296 1.976584
v -0.333767 -1.602733 1.762290
v -0.440428 -0.608795 2.080667
v -0.431119 -0.771479 2.070375
v -0.453842 -1.468252 1.922750
v -0.473412 -1.620231 1.866374
v -0.593532 -0.782687 2.148275
v -0.597951 -0.619666 2.156223
v -0.630935 -1.631102 1.941929
v -0.616254 -1.479461 2.000649
v -0.767300 -0.623491 2.200345
v -0.768136 -0.786632 2.193766
v -0.800284 -1.634928 1.986052
v -0.790859 -1.483405 2.046141
vt 0.781250 0.937500
vt 0.765625 1.000000
vt 0.750000 0.937500
vt 1.000000 0.875000
vt 1.000000 0.937500
vt 0.968750 0.937500
vt 0.968750 0.875000
vt 0.156250 0.625000
vt 0.187500 0.625000
vt 0.187500 0.625000
vt 0.156250 0.625000
vt 0.781250 0.562500
vt 0.781250 0.625000
vt 0.750000 0.625000
vt 0.750000 0.562500
vt 0.781250 0.500000
vt 0.750000 0.500000
vt 0.812500 0.687500
vt 0.781250 0.687500
vt 0.781250 0.687500
vt 0.812500 0.687500
vt 0.765625 0.000000
vt 0.781250 0.062500
vt 0.750000 0.062500
vt 0.781250 0.750000
vt 0.750000 0.750000
vt 0.750000 0.687500
vt 0.781250 0.375000
vt 0.781250 0.437500
vt 0.750000 0.437500
vt 0.750000 0.375000
vt 0.781250 0.250000
vt 0.781250 0.312500
vt 0.750000 0.312500
vt 0.750000 0.250000
vt 0.781250 0.812500
vt 0.781250 0.875000
vt 0.750000 0.875000
vt 0.750000 0.812500
vt 0.281250 0.625000
vt 0.312500 0.625000
vt 0.312500 0.625000
vt 0.281250 0.625000
vt 0.812500 0.437500
vt 0.812500 0.500000
vt 0.031250 0.375000
vt 0.000000 0.375000
vt 0.000000 0.375000
vt 0.031250 0.375000
vt 0.375000 0.812500
vt 0.343750 0.812500
vt 0.343750 0.750000
vt 0.375000 0.750000
vt 0.843750 0.437500
vt 0.843750 0.500000
vt 0.812500 0.812500
vt 0.812500 0.750000
vt 0.187500 0.687500
vt 0.156250 0.687500
vt 0.156250 0.687500
vt 0.187500 0.687500
vt 0.812500 0.062500
vt 0.812500 0.125000
vt 0.781250 0.125000
vt 0.843750 0.937500
vt 0.828125 1.000000
vt 0.812500 0.937500
vt 0.843750 0.250000
vt 0.843750 0.312500
vt 0.812500 0.312500
vt 0.812500 0.250000
vt 0.796875 0.000000
vt 0.406250 0.375000
vt 0.375000 0.375000
vt 0.375000 0.375000
vt 0.406250 0.375000
vt 0.812500 0.562500
vt 0.812500 0.375000
vt 0.812500 0.875000
vt 0.875000 0.437500
vt 0.875000 0.500000
vt 0.812500 0.625000
vt 0.875000 0.937500
vt 0.859375 1.000000
vt 0.875000 0.687500
vt 0.875000 0.750000
vt 0.843750 0.750000
vt 0.843750 0.687500
vt 0.859375 0.000000
vt 0.875000 0.062500
vt 0.843750 0.062500
vt 0.796875 1.000000
vt 0.218750 0.312500
vt 0.250000 0.312500
vt 0.250000 0.312500
vt 0.218750 0.312500
vt 0.875000 0.562500
vt 0.843750 0.562500
vt 0.843750 0.875000
vt 0.843750 0.125000
vt 0.843750 0.625000
vt 0.875000 0.125000
vt 0.843750 0.812500
vt 0.875000 0.375000
vt 0.843750 0.375000
vt 0.875000 0.812500
vt 0.875000 0.875000
vt 0.875000 0.625000
vt 0.000000 0.312500
vt 0.031250 0.312500
vt 0.031250 0.312500
vt 0.000000 0.312500
vt 0.437500 0.625000
vt 0.468750 0.625000
vt 0.468750 0.625000
vt 0.437500 0.625000
vt 0.828125 0.000000
vt 0.875000 0.250000
vt 0.875000 0.312500
vt 0.906250 0.937500
vt 0.890625 1.000000
vt 0.625000 0.687500
vt 0.593750 0.687500
vt 0.593750 0.687500
vt 0.625000 0.687500
vt 0.906250 0.500000
vt 0.906250 0.562500
vt 0.906250 0.250000
vt 0.906250 0.312500
vt 0.937500 0.812500
vt 0.937500 0.875000
vt 0.906250 0.875000
vt 0.906250 0.812500
vt 0.750000 0.375000
vt 0.781250 0.375000
vt 0.906250 0.437500
vt 0.906250 0.625000
vt 0.937500 0.562500
vt 0.937500 0.625000
vt 0.953125 1.000000
vt 0.937500 0.937500
vt 0.906250 0.375000
vt 0.250000 0.375000
vt 0.218750 0.375000
vt 0.218750 0.375000
vt 0.250000 0.375000
vt 0.890625 0.000000
vt 0.906250 0.062500
vt 0.968750 0.687500
vt 0.937500 0.687500
vt 0.937500 0.687500
vt 0.968750 0.687500
vt 0.906250 0.687500
vt 0.906250 0.750000
vt 0.968750 0.562500
vt 0.968750 0.625000
vt 0.906250 0.125000
vt 0.937500 0.375000
vt 0.937500 0.437500
vt 0.968750 0.250000
vt 0.968750 0.312500
vt 0.937500 0.312500
vt 0.937500 0.250000
vt 0.968750 0.375000
vt 0.968750 0.437500
vt 0.968750 0.500000
vt 0.937500 0.500000
vt 0.781250 0.625000
vt 0.750000 0.625000
vt 0.953125 0.000000
vt 0.968750 0.062500
vt 0.937500 0.062500
vt 0.921875 1.000000
vt 0.125000 0.812500
vt 0.093750 0.812500
vt 0.093750 0.750000
vt 0.125000 0.750000
vt 0.968750 0.812500
vt 0.968750 0.750000
vt 0.937500 0.750000
vt 0.968750 0.125000
vt 0.937500 0.125000
vt 0.921875 0.000000
vt 0.687500 0.812500
vt 0.656250 0.812500
vt 0.656250 0.750000
vt 0.687500 0.750000
vt 0.968750 0.625000
vt 0.937500 0.625000
vt 1.000000 0.250000
vt 1.000000 0.312500
vt 0.984375 1.000000
vt 0.984375 0.000000
vt 1.000000 0.062500
vt 0.031250 0.062500
vt 0.031250 0.125000
vt 0.000000 0.125000
vt 0.000000 0.062500
vt 0.625000 0.812500
vt 0.625000 0.750000
vt 1.000000 0.562500
vt 1.000000 0.625000
vt 1.000000 0.437500
vt 1.000000 0.500000
vt 0.031250 0.437500
vt 0.031250 0.500000
vt 0.000000 0.500000
vt 0.000000 0.437500
vt 0.062500 0.875000
vt 0.062500 0.937500
vt 0.031250 0.937500
vt 0.031250 0.875000
vt 1.000000 0.125000
vt 0.062500 0.250000
vt 0.062500 0.312500
vt 0.031250 0.250000
vt 1.000000 0.687500
vt 1.000000 0.750000
vt 0.000000 0.937500
vt 0.000000 0.875000
vt 0.125000 0.375000
vt 0.093750 0.375000
vt 0.093750 0.375000
vt 0.125000 0.375000
vt 0.750000 0.687500
vt 1.000000 0.375000
vt 1.000000 0.812500
vt 0.218750 0.625000
vt 0.250000 0.625000
vt 0.250000 0.625000
vt 0.218750 0.625000
vt 0.046875 1.000000
vt 0.062500 0.062500
vt 0.062500 0.125000
vt 0.062500 0.687500
vt 0.062500 0.750000
vt 0.031250 0.750000
vt 0.031250 0.687500
vt 0.046875 0.000000
vt 0.015625 1.000000
vt 0.375000 0.625000
vt 0.406250 0.625000
vt 0.406250 0.625000
vt 0.375000 0.625000
vt 0.000000 0.250000
vt 0.000000 0.750000
vt 0.000000 0.687500
vt 0.468750 0.687500
vt 0.437500 0.687500
vt 0.437500 0.687500
vt 0.468750 0.687500
vt 0.062500 0.437500
vt 0.062500 0.500000
vt 0.031250 0.562500
vt 0.031250 0.625000
vt 0.000000 0.625000
vt 0.000000 0.562500
vt 0.062500 0.562500
vt 0.031250 0.812500
vt 0.000000 0.812500
vt 0.062500 0.375000
vt 0.062500 0.812500
vt 0.062500 0.625000
vt 0.937500 0.375000
vt 0.968750 0.375000
vt 0.015625 0.000000
vt 0.093750 0.937500
vt 0.078125 1.000000
vt 0.375000 0.312500
vt 0.406250 0.312500
vt 0.406250 0.312500
vt 0.375000 0.312500
vt 0.093750 0.500000
vt 0.093750 0.562500
vt 0.093750 0.250000
vt 0.093750 0.312500
vt 0.125000 0.437500
vt 0.093750 0.437500
vt 0.093750 0.875000
vt 0.093750 0.625000
vt 0.156250 0.437500
vt 0.156250 0.500000
vt 0.125000 0.500000
vt 0.156250 0.937500
vt 0.140625 1.000000
vt 0.125000 0.937500
vt 0.109375 1.000000
vt 0.656250 0.312500
vt 0.687500 0.312500
vt 0.687500 0.312500
vt 0.656250 0.312500
vt 0.593750 0.812500
vt 0.593750 0.750000
vt 0.156250 0.875000
vt 0.125000 0.875000
vt 0.078125 0.000000
vt 0.093750 0.062500
vt 0.968750 0.312500
vt 0.937500 0.312500
vt 0.093750 0.687500
vt 0.156250 0.562500
vt 0.125000 0.625000
vt 0.125000 0.562500
vt 0.093750 0.125000
vt 0.156250 0.250000
vt 0.156250 0.312500
vt 0.125000 0.312500
vt 0.125000 0.250000
vt 0.156250 0.375000
vt 0.125000 0.625000
vt 0.093750 0.625000
vt 0.687500 0.375000
vt 0.656250 0.375000
vt 0.656250 0.375000
vt 0.687500 0.375000
vt 0.140625 0.000000
vt 0.156250 0.062500
vt 0.125000 0.062500
vt 0.187500 0.312500
vt 0.187500 0.312500
vt 0.156250 0.312500
vt 0.156250 0.812500
vt 0.156250 0.750000
vt 0.125000 0.687500
vt 0.156250 0.125000
vt 0.125000 0.125000
vt 0.187500 0.500000
vt 0.187500 0.562500
vt 0.187500 0.375000
vt 0.187500 0.437500
vt 0.187500 0.812500
vt 0.187500 0.875000
vt 0.109375 0.000000
vt 0.187500 0.937500
vt 0.187500 0.250000
vt 0.343750 0.375000
vt 0.312500 0.375000
vt 0.312500 0.375000
vt 0.343750 0.375000
vt 0.250000 0.500000
vt 0.250000 0.562500
vt 0.218750 0.562500
vt 0.218750 0.500000
vt 0.250000 0.812500
vt 0.250000 0.875000
vt 0.218750 0.875000
vt 0.218750 0.812500
vt 0.171875 1.000000
vt 0.187500 0.750000
vt 0.250000 0.437500
vt 0.218750 0.437500
vt 0.093750 0.687500
vt 0.125000 0.687500
vt 0.250000 0.937500
vt 0.218750 0.937500
vt 0.187500 0.062500
vt 0.187500 0.125000
vt 0.234375 1.000000
vt 0.171875 0.000000
vt 0.843750 0.312500
vt 0.812500 0.312500
vt 0.218750 0.687500
vt 0.218750 0.750000
vt 0.218750 0.062500
vt 0.218750 0.125000
vt 0.250000 0.250000
vt 0.218750 0.250000
vt 0.250000 0.062500
vt 0.250000 0.125000
vt 0.250000 0.687500
vt 0.250000 0.750000
vt 0.234375 0.000000
vt 0.203125 1.000000
vt 0.203125 0.000000
vt 0.562500 0.687500
vt 0.531250 0.687500
vt 0.531250 0.687500
vt 0.562500 0.687500
vt 0.265625 0.000000
vt 0.281250 0.062500
vt 0.281250 0.687500
vt 0.281250 0.750000
vt 0.281250 0.125000
vt 0.281250 0.437500
vt 0.281250 0.500000
vt 0.156250 0.375000
vt 0.187500 0.375000
vt 0.312500 0.812500
vt 0.312500 0.750000
vt 0.281250 0.250000
vt 0.281250 0.312500
vt 0.281250 0.562500
vt 0.875000 0.687500
vt 0.906250 0.687500
vt 0.312500 0.875000
vt 0.281250 0.875000
vt 0.281250 0.812500
vt 0.281250 0.937500
vt 0.265625 1.000000
vt 0.906250 0.625000
vt 0.875000 0.625000
vt 0.343750 0.687500
vt 0.312500 0.687500
vt 0.343750 0.062500
vt 0.343750 0.125000
vt 0.312500 0.125000
vt 0.312500 0.062500
vt 0.312500 0.437500
vt 0.281250 0.375000
vt 0.593750 0.312500
vt 0.625000 0.312500
vt 0.625000 0.312500
vt 0.593750 0.312500
vt 0.343750 0.250000
vt 0.343750 0.312500
vt 0.312500 0.312500
vt 0.312500 0.250000
vt 0.343750 0.875000
vt 0.343750 0.937500
vt 0.312500 0.937500
vt 0.296875 1.000000
vt 0.343750 0.437500
vt 0.343750 0.500000
vt 0.312500 0.500000
vt 0.328125 1.000000
vt 0.296875 0.000000
vt 0.343750 0.625000
vt 0.343750 0.625000
vt 0.343750 0.562500
vt 0.312500 0.562500
vt 0.062500 0.625000
vt 0.031250 0.625000
vt 0.375000 0.500000
vt 0.375000 0.562500
vt 0.781250 0.312500
vt 0.750000 0.312500
vt 0.375000 0.437500
vt 0.375000 0.875000
vt 0.328125 0.000000
vt 0.359375 0.000000
vt 0.375000 0.062500
vt 0.875000 0.375000
vt 0.906250 0.375000
vt 0.375000 0.937500
vt 0.375000 0.250000
vt 0.359375 1.000000
vt 0.375000 0.687500
vt 0.343750 0.312500
vt 0.312500 0.312500
vt 0.406250 0.437500
vt 0.406250 0.500000
vt 0.375000 0.125000
vt 0.437500 0.875000
vt 0.437500 0.937500
vt 0.406250 0.937500
vt 0.406250 0.875000
vt 0.421874 1.000000
vt 0.406250 0.562500
vt 0.406250 0.250000
vt 0.390625 0.000000
vt 0.406250 0.062500
vt 0.437500 0.250000
vt 0.437500 0.312500
vt 0.406250 0.687500
vt 0.406250 0.750000
vt 0.406250 0.125000
vt 0.437500 0.062500
vt 0.437500 0.125000
vt 0.468750 0.812500
vt 0.468750 0.875000
vt 0.437500 0.812500
vt 0.562500 0.812500
vt 0.562500 0.750000
vt 0.468750 0.062500
vt 0.468750 0.125000
vt 0.468750 0.375000
vt 0.468750 0.437500
vt 0.437500 0.437500
vt 0.437500 0.375000
vt 0.390625 1.000000
vt 0.468750 0.250000
vt 0.468750 0.312500
vt 0.437500 0.500000
vt 0.625000 0.375000
vt 0.593750 0.375000
vt 0.593750 0.375000
vt 0.625000 0.375000
vt 0.375000 0.687500
vt 0.406250 0.687500
vt 0.468750 0.750000
vt 0.437500 0.750000
vt 0.406250 0.812500
vt 0.468750 0.500000
vt 0.250000 0.687500
vt 0.281250 0.687500
vt 0.421875 0.000000
vt 0.906250 0.312500
vt 0.875000 0.312500
vt 0.468750 0.562500
vt 0.437500 0.562500
vt 0.468750 0.937500
vt 0.453124 1.000000
vt 0.453125 0.000000
vt 0.062500 0.375000
vt 0.500000 0.812500
vt 0.500000 0.875000
vt 0.500000 0.250000
vt 0.500000 0.312500
vt 0.500000 0.500000
vt 0.500000 0.562500
vt 0.531250 0.562500
vt 0.531250 0.625000
vt 0.500000 0.625000
vt 0.531250 0.375000
vt 0.531250 0.437500
vt 0.500000 0.437500
vt 0.500000 0.375000
vt 0.531250 0.812500
vt 0.531250 0.875000
vt 0.593750 0.625000
vt 0.625000 0.625000
vt 0.625000 0.625000
vt 0.593750 0.625000
vt 0.500000 0.625000
vt 0.515625 0.000000
vt 0.531250 0.062500
vt 0.500000 0.062500
vt 0.500000 0.937500
vt 0.531250 0.125000
vt 0.500000 0.125000
vt 0.484374 1.000000
vt 0.531250 0.500000
vt 0.562500 0.500000
vt 0.562500 0.562500
vt 0.562500 0.375000
vt 0.562500 0.437500
vt 0.562500 0.875000
vt 0.562500 0.062500
vt 0.562500 0.125000
vt 0.500000 0.687500
vt 0.500000 0.687500
vt 0.125000 0.312500
vt 0.093750 0.312500
vt 0.500000 0.750000
vt 0.562500 0.937500
vt 0.531250 0.937500
vt 0.484375 0.000000
vt 0.562500 0.250000
vt 0.562500 0.312500
vt 0.531250 0.312500
vt 0.531250 0.250000
vt 0.281250 0.375000
vt 0.546875 1.000000
vt 0.531250 0.750000
vt 1.000000 0.312500
vt 0.562500 0.625000
vt 0.515625 1.000000
vt 0.546875 0.000000
vt 0.578125 0.000000
vt 0.593750 0.062500
vt 0.593750 0.437500
vt 0.593750 0.500000
vt 0.593750 0.937500
vt 0.578125 1.000000
vt 0.625000 0.437500
vt 0.625000 0.500000
vt 0.593750 0.125000
vt 0.593750 0.875000
vt 0.656250 0.437500
vt 0.656250 0.500000
vt 0.625000 0.562500
vt 0.593750 0.562500
vt 0.593750 0.250000
vt 0.625000 0.062500
vt 0.625000 0.125000
vt 0.687500 0.625000
vt 0.718750 0.625000
vt 0.718750 0.625000
vt 0.687500 0.625000
vt 0.656250 0.937500
vt 0.640625 1.000000
vt 0.625000 0.937500
vt 0.656250 0.062500
vt 0.656250 0.125000
vt 0.656250 0.875000
vt 0.625000 0.875000
vt 0.031250 0.687500
vt 0.062500 0.687500
vt 0.843750 0.687500
vt 0.656250 0.562500
vt 0.656250 0.625000
vt 0.609375 0.000000
vt 1.000000 0.375000
vt 0.656250 0.250000
vt 0.625000 0.250000
vt 0.750000 0.125000
vt 0.734375 0.000000
vt 0.718750 0.062500
vt 0.562500 0.312500
vt 0.531250 0.312500
vt 0.718750 0.687500
vt 0.687500 0.687500
vt 0.687500 0.687500
vt 0.718750 0.687500
vt 0.640625 0.000000
vt 0.609375 1.000000
vt 0.656250 0.687500
vt 0.687500 0.500000
vt 0.687500 0.562500
vt 0.687500 0.937500
vt 0.671875 1.000000
vt 0.687500 0.437500
vt 0.718750 0.375000
vt 0.718750 0.437500
vt 0.843750 0.625000
vt 0.812500 0.625000
vt 0.687500 0.875000
vt 0.687500 0.062500
vt 0.687500 0.125000
vt 0.312500 0.687500
vt 0.343750 0.687500
vt 0.718750 0.500000
vt 0.718750 0.562500
vt 0.687500 0.250000
vt 0.703125 0.000000
vt 0.718750 0.812500
vt 0.718750 0.875000
vt 0.671875 0.000000
vt 0.718750 0.125000
vt 0.281250 0.312500
vt 0.718750 0.937500
vt 0.718750 0.750000
vt 0.703125 1.000000
vt 0.718750 0.250000
vt 0.718750 0.312500
vt 1.000000 0.625000
vt 1.000000 0.500000
vt 1.000000 1.000000
vt 0.968750 1.000000
vt 0.968750 0.500000
vt 0.937500 1.000000
vt 0.937500 0.500000
vt 0.906250 1.000000
vt 0.906250 0.500000
vt 0.875000 1.000000
vt 0.875000 0.500000
vt 0.843750 1.000000
vt 0.843750 0.500000
vt 0.812500 1.000000
vt 0.812500 0.500000
vt 0.781250 1.000000
vt 0.781250 0.500000
vt 0.750000 1.000000
vt 0.750000 0.500000
vt 0.718750 1.000000
vt 0.718750 0.500000
vt 0.687500 1.000000
vt 0.687500 0.500000
vt 0.656250 1.000000
vt 0.656250 0.500000
vt 0.625000 1.000000
vt 0.625000 0.500000
vt 0.593750 1.000000
vt 0.593750 0.500000
vt 0.562500 1.000000
vt 0.562500 0.500000
vt 0.531250 1.000000
vt 0.531250 0.500000
vt 0.500000 1.000000
vt 0.500000 0.500000
vt 0.468750 1.000000
vt 0.468750 0.500000
vt 0.437500 1.000000
vt 0.437500 0.500000
vt 0.406250 1.000000
vt 0.406250 0.500000
vt 0.375000 1.000000
vt 0.375000 0.500000
vt 0.343750 1.000000
vt 0.343750 0.500000
vt 0.312500 1.000000
vt 0.312500 0.500000
vt 0.281250 1.000000
vt 0.281250 0.500000
vt 0.250000 1.000000
vt 0.250000 0.500000
vt 0.218750 1.000000
vt 0.218750 0.500000
vt 0.187500 1.000000
vt 0.187500 0.500000
vt 0.156250 1.000000
vt 0.156250 0.500000
vt 0.125000 1.000000
vt 0.125000 0.500000
vt 0.093750 1.000000
vt 0.093750 0.500000
vt 0.062500 1.000000
vt 0.062500 0.500000
vt 0.296822 0.485388
vt 0.250000 0.490000
vt 0.203179 0.485389
vt 0.158156 0.471731
vt 0.116663 0.449553
vt 0.080295 0.419706
vt 0.050447 0.383337
vt 0.028269 0.341844
vt 0.014612 0.296822
vt 0.010000 0.250000
vt 0.014611 0.203179
vt 0.028269 0.158156
vt 0.050447 0.116663
vt 0.080294 0.080294
vt 0.116663 0.050447
vt 0.158156 0.028269
vt 0.203178 0.014612
vt 0.250000 0.010000
vt 0.296822 0.014612
vt 0.341844 0.028269
vt 0.383337 0.050447
vt 0.419706 0.080294
vt 0.449553 0.116663
vt 0.471731 0.158156
vt 0.485388 0.203178
vt 0.490000 0.250000
vt 0.485388 0.296822
vt 0.471731 0.341844
vt 0.449553 0.383337
vt 0.419706 0.419706
vt 0.383337 0.449553
vt 0.341844 0.471731
vt 0.031250 1.000000
vt 0.031250 0.500000
vt 0.000000 1.000000
vt 0.000000 0.500000
vt 0.750000 0.490000
vt 0.796822 0.485388
vt 0.841844 0.471731
vt 0.883337 0.449553
vt 0.919706 0.419706
vt 0.949553 0.383337
vt 0.971731 0.341844
vt 0.985388 0.296822
vt 0.990000 0.250000
vt 0.985388 0.203178
vt 0.971731 0.158156
vt 0.949553 0.116663
vt 0.919706 0.080294
vt 0.883337 0.050447
vt 0.841844 0.028269
vt 0.796822 0.014612
vt 0.750000 0.010000
vt 0.703178 0.014612
vt 0.658156 0.028269
vt 0.616663 0.050447
vt 0.580294 0.080294
vt 0.550447 0.116663
vt 0.528269 0.158156
vt 0.514611 0.203179
vt 0.510000 0.250000
vt 0.514612 0.296822
vt 0.528269 0.341844
vt 0.550447 0.383337
vt 0.580295 0.419706
vt 0.616663 0.449553
vt 0.658156 0.471731
vt 0.703179 0.485389
vt 0.531250 0.375000
vt 0.562500 0.375000
vt 0.734375 1.000000
vt 0.812500 0.375000
vt 0.843750 0.375000
vt 1.000000 0.687500
vt 0.062500 0.312500
vt 0.000000 0.687500
vt 0.000000 0.625000
vt 0.218750 0.687500
vt 0.437500 0.312500
vt 0.437500 0.375000
vt 0.468750 0.312500
vt 0.468750 0.375000
vt 0.531250 0.625000
vt 0.500000 0.312500
vt 0.500000 0.375000
vt 0.562500 0.625000
vt 0.656250 0.625000
vt 0.656250 0.687500
vt 0.718750 0.312500
vt 0.718750 0.375000
vt 0.781250 0.187500
vt 0.750000 0.187500
vt 0.812500 0.187500
vt 0.843750 0.187500
vt 0.875000 0.187500
vt 0.968750 0.187500
vt 0.937500 0.187500
vt 0.906250 0.187500
vt 1.000000 0.187500
vt 0.031250 0.187500
vt 0.000000 0.187500
vt 0.062500 0.187500
vt 0.093750 0.187500
vt 0.156250 0.187500
vt 0.125000 0.187500
vt 0.187500 0.187500
vt 0.250000 0.187500
vt 0.218750 0.187500
vt 0.312500 0.187500
vt 0.281250 0.187500
vt 0.343750 0.187500
vt 0.375000 0.187500
vt 0.437500 0.187500
vt 0.406250 0.187500
vt 0.468750 0.187500
vt 0.500000 0.187500
vt 0.531250 0.187500
vt 0.562500 0.187500
vt 0.593750 0.187500
vt 0.625000 0.187500
vt 0.656250 0.187500
vt 0.718750 0.187500
vt 0.687500 0.187500
vn -0.0335 -0.9801 -0.1957
vn -0.1226 -0.9720 -0.2006
vn 0.0319 0.9778 0.2072
vn -0.1417 -0.4750 0.8685
vn -0.1408 -0.2954 0.9449
vn -0.0225 -0.9721 -0.2334
vn 0.0302 0.9753 0.2186
vn -0.1229 -0.8144 0.5671
vn -0.1232 0.0902 0.9883
vn -0.1346 -0.1046 0.9854
vn -0.0793 0.5207 0.8500
vn -0.0674 -0.9961 0.0568
vn -0.0443 -0.9920 -0.1181
vn -0.3241 -0.0892 0.9418
vn -0.0319 -0.9778 -0.2072
vn 0.3089 -0.7757 -0.5504
vn -0.5011 -0.0667 0.8628
vn -0.1938 -0.9373 0.2897
vn -0.0195 -0.9831 -0.1821
vn 0.0018 0.9569 0.2906
vn -0.0379 -0.9796 -0.1971
vn -0.2620 -0.8031 0.5352
vn -0.3484 0.5486 0.7601
vn 0.0280 0.9755 0.2181
vn -0.3303 -0.2800 0.9014
vn -0.3056 0.1050 0.9464
vn -0.1177 -0.9920 0.0452
vn -0.6587 -0.0380 0.7515
vn -0.3240 -0.4601 0.8266
vn -0.0397 -0.9793 -0.1985
vn -0.0617 -0.9906 -0.1220
vn -0.5076 -0.7655 0.3954
vn -0.2185 0.5321 0.8180
vn 0.0240 0.9761 0.2158
vn -0.0358 -0.9799 -0.1962
vn 0.0335 0.9715 0.2348
vn -0.6649 -0.2287 0.7110
vn -0.0779 -0.9885 -0.1293
vn -0.0143 0.9589 0.2833
vn -0.4942 -0.4385 0.7506
vn -0.0288 0.9615 0.2732
vn -0.1648 -0.9860 0.0242
vn -0.6274 0.1543 0.7633
vn -0.4758 0.1267 0.8704
vn -0.2067 -0.9784 -0.0054
vn -0.5073 -0.2575 0.8224
vn -0.6458 -0.4108 0.6435
vn 0.0600 0.9757 0.2107
vn 0.0259 0.9758 0.2172
vn -0.0923 -0.9859 -0.1394
vn -0.3919 -0.7866 0.4772
vn -0.4641 0.5697 0.6783
vn -0.0413 -0.9789 -0.2001
vn -0.0531 -0.9728 -0.2254
vn -0.7971 -0.1949 0.5716
vn -0.5611 0.5945 0.5759
vn -0.2688 -0.9594 -0.0856
vn -0.1044 -0.9828 -0.1522
vn -0.7909 -0.0041 0.6120
vn -0.7729 -0.3783 0.5094
vn -0.8707 -0.3420 0.3533
vn -0.2418 -0.9694 -0.0425
vn -0.0433 -0.9780 -0.2042
vn -0.7545 0.1869 0.6291
vn -0.1136 -0.9794 -0.1670
vn -0.1198 -0.9757 -0.1834
vn 0.0225 0.9765 0.2142
vn -0.0044 -0.9768 -0.2142
vn -0.6047 -0.7406 0.2930
vn -0.9354 -0.3035 0.1814
vn -0.0408 0.9646 0.2604
vn -0.8523 0.2231 0.4731
vn -0.6851 0.6516 0.3256
vn -0.9170 0.2617 0.3012
vn -0.9660 -0.1171 0.2307
vn -0.6358 0.6222 0.4568
vn 0.0204 0.9775 0.2101
vn -0.0425 -0.9785 -0.2021
vn -0.8987 -0.1572 0.4094
vn -0.4050 -0.7619 -0.5054
vn -0.2867 -0.9487 -0.1331
vn -0.7287 -0.6835 0.0427
vn -0.8925 0.0336 0.4498
vn -0.0563 0.9717 0.2292
vn -0.0501 0.9681 0.2456
vn -0.9597 0.0736 0.2711
vn -0.6793 -0.7129 0.1739
vn 0.0212 0.9770 0.2122
vn 0.1925 -0.9447 0.2654
vn -0.7073 0.6816 0.1873
vn -0.0437 -0.9775 -0.2064
vn 0.0201 0.9779 0.2079
vn -0.0583 0.9792 0.1946
vn 0.2771 -0.9367 0.2143
vn -0.9645 -0.2642 0.0003
vn -0.9900 0.1145 0.0827
vn -0.9820 0.1547 -0.1080
vn -0.1176 -0.9648 -0.2350
vn -0.0590 0.9755 0.2120
vn -0.6679 0.7389 -0.0891
vn -0.7509 -0.6535 -0.0955
vn -0.1218 -0.9683 -0.2180
vn -0.0279 -0.9717 -0.2346
vn -0.9962 -0.0762 0.0423
vn -0.9460 0.3010 0.1200
vn -0.2947 -0.9379 -0.1832
vn -0.0430 -0.9766 -0.2109
vn -0.0541 0.9826 0.1776
vn -0.7114 -0.5962 -0.3720
vn 0.0207 0.9789 0.2034
vn -0.0436 -0.9770 -0.2087
vn -0.7015 0.7111 0.0473
vn -0.7450 -0.6240 -0.2356
vn -0.0593 -0.9780 -0.1999
vn -0.9362 0.1926 -0.2939
vn -0.9568 -0.2255 -0.1832
vn -0.9425 0.0018 -0.3343
vn -0.2926 -0.9272 -0.2339
vn -0.8944 0.3761 -0.2422
vn -0.9384 0.3396 -0.0635
vn -0.2804 -0.9171 -0.2833
vn -0.9883 -0.0361 -0.1485
vn -0.9128 -0.1891 -0.3620
vn 0.0202 0.9784 0.2056
vn -0.0421 -0.9762 -0.2129
vn 0.0092 0.9746 0.2240
vn -0.8606 0.0359 -0.5080
vn -0.6078 0.7640 -0.2167
vn -0.7051 0.4369 -0.5585
vn -0.1102 -0.9617 -0.2509
vn -0.8544 0.2267 -0.4676
vn -0.8340 -0.1563 -0.5291
vn -0.5961 0.2787 -0.7529
vn -0.2587 -0.9080 -0.3295
vn -0.0390 -0.9755 -0.2163
vn -0.8156 0.4089 -0.4094
vn -0.0407 -0.9758 -0.2148
vn 0.0195 0.9831 0.1822
vn 0.3499 -0.9250 0.1480
vn -0.0865 -0.9570 -0.2770
vn 0.0217 0.9793 0.2014
vn 0.0593 0.9780 0.1999
vn -0.6513 -0.5712 -0.4996
vn -0.5856 -0.1062 -0.8036
vn -0.0466 0.9857 0.1617
vn -0.7457 0.0650 -0.6631
vn -0.2282 -0.9003 -0.3707
vn -0.4182 0.8022 -0.4262
vn -0.5672 0.4590 -0.6838
vn -0.7236 -0.1283 -0.6782
vn -0.6024 0.0880 -0.7934
vn -0.0997 -0.9591 -0.2651
vn 0.0248 0.9799 0.1980
vn -0.5234 0.7853 -0.3305
vn 0.0442 0.9717 0.2320
vn -0.1900 -0.8942 -0.4053
vn -0.4617 -0.5330 -0.7091
vn -0.0230 0.9905 0.1356
vn -0.7395 0.2558 -0.6226
vn -0.4359 0.1039 -0.8940
vn -0.0361 0.9884 0.1475
vn -0.4071 0.4742 -0.7806
vn -0.5670 -0.5498 -0.6134
vn -0.1458 -0.8900 -0.4320
vn 0.0231 0.9796 0.1995
vn -0.4256 -0.0909 -0.9003
vn -0.0713 -0.9555 -0.2862
vn -0.2960 0.8138 -0.5000
vn -0.0603 0.1123 -0.9918
vn -0.0459 -0.8877 -0.4581
vn -0.0370 -0.9754 -0.2175
vn -0.3395 -0.5213 -0.7829
vn -0.0458 0.4824 -0.8748
vn -0.0107 -0.9820 -0.1887
vn -0.0370 -0.9547 -0.2951
vn -0.4297 0.2946 -0.8535
vn -0.2467 0.3029 -0.9206
vn -0.0078 0.9919 0.1264
vn -0.0642 -0.0828 -0.9945
vn -0.0326 -0.9753 -0.2187
vn 0.0267 0.9801 0.1968
vn 0.0463 0.9820 0.1830
vn -0.5323 -0.8337 -0.1469
vn -0.2052 -0.5153 -0.8321
vn -0.0546 -0.9548 -0.2923
vn 0.0089 0.9927 0.1203
vn -0.0202 0.8201 -0.5719
vn -0.0540 0.3031 -0.9514
vn 0.0265 0.9927 0.1175
vn -0.5282 -0.8133 -0.2439
vn -0.0637 -0.5151 -0.8548
vn 0.0312 0.9802 0.1956
vn -0.0349 -0.9753 -0.2183
vn 0.0289 0.9802 0.1960
vn -0.1616 0.8199 -0.5492
vn -0.0587 -0.9746 -0.2160
vn 0.0335 0.9801 0.1957
vn -0.2495 -0.0830 -0.9648
vn 0.0793 -0.5207 -0.8500
vn -0.0971 -0.8878 -0.4499
vn 0.0443 0.9920 0.1181
vn -0.2311 0.4821 -0.8451
vn 0.1408 0.2954 -0.9449
vn -0.2529 0.1121 -0.9610
vn 0.2288 -0.7611 -0.6070
vn 0.1229 0.8144 -0.5671
vn 0.1232 -0.0902 -0.9883
vn -0.0092 -0.9746 -0.2240
vn 0.0562 -0.8939 -0.4448
vn -0.0303 -0.9753 -0.2186
vn 0.1346 0.1046 -0.9854
vn 0.3484 -0.5486 -0.7601
vn 0.0779 0.9885 0.1293
vn -0.0192 -0.9554 -0.2946
vn 0.3240 0.4601 -0.8266
vn 0.0107 0.9820 0.1887
vn 0.3919 0.7866 -0.4772
vn 0.0058 -0.8898 -0.4563
vn 0.0143 -0.9589 -0.2834
vn 0.1417 0.4750 -0.8685
vn -0.0280 -0.9755 -0.2181
vn 0.5073 0.2575 -0.8224
vn -0.0259 -0.9758 -0.2172
vn 0.1033 -0.8999 -0.4238
vn 0.0358 0.9799 0.1962
vn 0.4942 0.4385 -0.7506
vn 0.5011 0.0667 -0.8628
vn 0.3241 0.0892 -0.9418
vn 0.4758 -0.1267 -0.8704
vn 0.3056 -0.1050 -0.9464
vn 0.6587 0.0380 -0.7515
vn 0.0358 0.9831 0.1795
vn 0.6458 0.4109 -0.6435
vn -0.0018 -0.9569 -0.2906
vn 0.1452 -0.9075 -0.3942
vn 0.2620 0.8031 -0.5352
vn 0.0379 0.9796 0.1971
vn 0.0397 0.9793 0.1985
vn 0.0288 -0.9615 -0.2732
vn 0.3303 0.2800 -0.9014
vn 0.5076 0.7655 -0.3954
vn 0.0617 0.9906 0.1220
vn -0.0240 -0.9761 -0.2158
vn 0.2185 -0.5321 -0.8180
vn 0.4641 -0.5697 -0.6783
vn 0.1388 -0.7496 -0.6471
vn 0.6649 0.2287 -0.7110
vn 0.0175 0.9728 0.2311
vn 0.7971 0.1949 -0.5716
vn 0.0923 0.9859 0.1394
vn 0.0501 -0.9681 -0.2456
vn -0.0212 -0.9770 -0.2123
vn 0.7909 0.0041 -0.6120
vn 0.6047 0.7406 -0.2930
vn 0.0413 0.9789 0.2001
vn 0.6793 0.7129 -0.1739
vn -0.5050 -0.7941 -0.3383
vn 0.5611 -0.5945 -0.5759
vn 0.1043 0.9828 0.1522
vn 0.1136 0.9794 0.1670
vn 0.2252 -0.9372 -0.2665
vn 0.4083 -0.9102 0.0692
vn 0.1198 0.9757 0.1834
vn 0.9354 0.3035 -0.1814
vn -0.0225 -0.9765 -0.2142
vn 0.7287 0.6835 -0.0427
vn 0.0408 -0.9646 -0.2604
vn 0.8987 0.1572 -0.4094
vn -0.0545 -0.9802 -0.1902
vn 0.7545 -0.1869 -0.6291
vn 0.6851 -0.6516 -0.3256
vn 0.1803 -0.9165 -0.3571
vn 0.9660 0.1171 -0.2307
vn 0.7729 0.3783 -0.5094
vn -0.0358 -0.9831 -0.1795
vn 0.6358 -0.6222 -0.4568
vn 0.0425 0.9785 0.2020
vn 0.0545 0.9802 0.1902
vn 0.9170 -0.2617 -0.3012
vn 0.8925 -0.0336 -0.4498
vn -0.0204 -0.9775 -0.2101
vn 0.8707 0.3420 -0.3533
vn 0.9597 -0.0736 -0.2711
vn 0.2073 -0.9265 -0.3140
vn 0.0433 0.9780 0.2042
vn 0.8523 -0.2231 -0.4731
vn 0.0563 -0.9717 -0.2292
vn 0.2332 -0.9480 -0.2164
vn 0.7509 0.6535 0.0955
vn 0.9900 -0.1145 -0.0827
vn 0.9384 -0.3396 0.0635
vn 0.9568 0.2255 0.1832
vn 0.9645 0.2642 -0.0003
vn 0.9962 0.0762 -0.0423
vn 0.9460 -0.3010 -0.1200
vn 0.2311 -0.9587 -0.1657
vn 0.0436 0.9770 0.2087
vn 0.0590 -0.9755 -0.2120
vn 0.1218 0.9683 0.2180
vn -0.0201 -0.9779 -0.2079
vn 0.9820 -0.1547 0.1080
vn 0.9362 -0.1926 0.2939
vn 0.9128 0.1891 0.3620
vn 0.2189 -0.9688 -0.1163
vn 0.1176 0.9648 0.2350
vn 0.1226 0.9720 0.2006
vn -0.0602 -0.9768 -0.2053
vn 0.0531 0.9728 0.2254
vn 0.7073 -0.6816 -0.1873
vn 0.0541 -0.9826 -0.1776
vn 0.0437 0.9775 0.2064
vn 0.7114 0.5962 0.3720
vn -0.0207 -0.9789 -0.2034
vn 0.7015 -0.7111 -0.0473
vn 0.0602 0.9768 0.2053
vn 0.9883 0.0361 0.1485
vn 0.8944 -0.3761 0.2422
vn 0.6274 -0.1543 -0.7633
vn 0.0425 -0.7418 -0.6693
vn -0.0202 -0.9784 -0.2056
vn 0.9425 -0.0018 0.3343
vn 0.7450 0.6240 0.2356
vn 0.6679 -0.7389 0.0891
vn 0.0583 -0.9792 -0.1946
vn 0.0430 0.9766 0.2109
vn 0.0421 0.9762 0.2129
vn 0.8606 -0.0359 0.5080
vn -0.0217 -0.9793 -0.2014
vn 0.6078 -0.7640 0.2167
vn 0.7457 -0.0650 0.6631
vn 0.1102 0.9617 0.2509
vn 0.1972 -0.9779 -0.0701
vn 0.5234 -0.7853 0.3305
vn 0.4499 -0.8929 -0.0191
vn 0.6024 -0.0880 0.7934
vn 0.7395 -0.2558 0.6226
vn 0.6513 0.5712 0.4996
vn 0.0997 0.9591 0.2651
vn -0.4827 -0.8749 0.0396
vn 0.0466 -0.9857 -0.1617
vn -0.0248 -0.9799 -0.1980
vn 0.8156 -0.4089 0.4094
vn 0.0865 0.9570 0.2770
vn 0.8340 0.1563 0.5291
vn 0.0230 -0.9905 -0.1356
vn 0.8544 -0.2267 0.4676
vn -0.0051 -0.9802 -0.1981
vn -0.0175 -0.9728 -0.2311
vn 0.5672 -0.4590 0.6838
vn 0.0407 0.9758 0.2148
vn 0.1285 -0.9917 0.0057
vn 0.7236 0.1283 0.6782
vn 0.4617 0.5330 0.7091
vn 0.0192 0.9554 0.2946
vn 0.1666 -0.9856 -0.0289
vn 0.0326 0.9753 0.2187
vn 0.7051 -0.4369 0.5585
vn 0.5856 0.1062 0.8036
vn 0.0051 0.9802 0.1981
vn 0.5961 -0.2787 0.7529
vn 0.0361 -0.9884 -0.1475
vn -0.0390 -0.9715 -0.2339
vn 0.5670 0.5498 0.6134
vn 0.0390 0.9755 0.2163
vn -0.0231 -0.9796 -0.1995
vn 0.4182 -0.8022 0.4262
vn 0.4297 -0.2946 0.8535
vn 0.4071 -0.4742 0.7806
vn -0.0267 -0.9801 -0.1968
vn 0.4256 0.0909 0.9003
vn 0.2495 0.0830 0.9648
vn 0.0843 -0.9959 0.0325
vn 0.0713 0.9555 0.2862
vn -0.0463 -0.9820 -0.1830
vn 0.2467 -0.3028 0.9206
vn 0.0078 -0.9919 -0.1264
vn 0.0540 -0.3031 0.9514
vn 0.3395 0.5213 0.7829
vn 0.2529 -0.1121 0.9610
vn 0.0349 0.9753 0.2183
vn 0.0603 -0.1123 0.9918
vn -0.5169 -0.8545 -0.0512
vn 0.4359 -0.1039 0.8940
vn 0.0356 -0.9981 0.0503
vn 0.2960 -0.8138 0.5000
vn 0.0458 -0.4824 0.8748
vn 0.0370 0.9754 0.2175
vn 0.0370 0.9547 0.2951
vn 0.0279 0.9717 0.2346
vn -0.0265 -0.9927 -0.1175
vn 0.1616 -0.8199 0.5492
vn 0.0202 -0.8201 0.5719
vn 0.0546 0.9548 0.2923
vn 0.2311 -0.4821 0.8451
vn -0.0156 -0.9982 0.0585
vn -0.0289 -0.9802 -0.1960
vn 0.2052 0.5153 0.8321
vn -0.0089 -0.9927 -0.1203
vn 0.1295 0.9692 0.2094
vn 0.3202 0.9242 0.2079
vn 0.4988 0.8437 0.1984
vn 0.6582 0.7307 0.1812
vn 0.7922 0.5897 0.1571
vn 0.8958 0.4260 0.1269
vn 0.9649 0.2459 0.0919
vn 0.9970 0.0564 0.0533
vn 0.9907 -0.1352 0.0127
vn 0.9464 -0.3217 -0.0284
vn 0.8657 -0.4959 -0.0684
vn 0.7518 -0.6509 -0.1058
vn 0.6089 -0.7810 -0.1391
vn 0.4426 -0.8810 -0.1671
vn 0.2592 -0.9472 -0.1886
vn 0.0661 -0.9770 -0.2029
vn -0.1295 -0.9692 -0.2094
vn -0.3202 -0.9243 -0.2079
vn -0.4988 -0.8437 -0.1984
vn -0.6582 -0.7307 -0.1812
vn -0.7922 -0.5897 -0.1571
vn -0.8958 -0.4260 -0.1269
vn -0.9649 -0.2459 -0.0919
vn -0.9970 -0.0564 -0.0533
vn -0.9907 0.1352 -0.0127
vn -0.9464 0.3217 0.0284
vn -0.8657 0.4958 0.0684
vn -0.7517 0.6509 0.1058
vn -0.6089 0.7810 0.1391
vn -0.4426 0.8810 0.1671
vn -0.0407 -0.2058 0.9777
vn -0.2592 0.9472 0.1886
vn -0.0661 0.9770 0.2029
vn 0.0407 0.2058 -0.9777
vn 0.0637 0.5151 0.8548
vn 0.0642 0.0828 0.9945
vn -0.0312 -0.9802 -0.1956
vn -0.1310 -0.0329 0.9908
vn -0.1417 -0.3633 0.9208
vn -0.4233 0.3625 -0.8303
vn -0.3295 -0.3480 0.8777
vn -0.3187 -0.0176 0.9477
vn -0.4940 0.0047 0.8695
vn -0.6608 -0.2973 0.6892
vn -0.5047 -0.3257 0.7995
vn -0.6500 0.0331 0.7592
vn -0.7809 0.0667 0.6211
vn -0.8816 0.1040 0.4604
vn -0.7917 -0.2637 0.5511
vn -0.9482 0.1436 0.2834
vn -0.9589 -0.1867 0.2134
vn -0.8924 -0.2264 0.3904
vn -0.9889 -0.1462 0.0269
vn -0.9249 0.2614 -0.2760
vn -0.9781 0.1841 0.0969
vn -0.9357 -0.0690 -0.3460
vn -0.9703 0.2239 -0.0920
vn -0.9810 -0.1065 -0.1620
vn -0.8438 0.2952 -0.4481
vn -0.8546 -0.0351 -0.5181
vn -0.5881 0.3468 -0.7307
vn -0.7301 0.3241 -0.6016
vn -0.5989 0.0164 -0.8007
vn -0.7408 -0.0063 -0.6716
vn -0.0620 0.0405 -0.9973
vn -0.0512 0.3709 -0.9273
vn -0.4340 0.0321 -0.9003
vn -0.2420 0.3707 -0.8967
vn -0.2528 0.0403 -0.9667
vn 0.1310 0.0329 -0.9908
vn 0.1417 0.3633 -0.9208
vn 0.4940 -0.0047 -0.8695
vn 0.3187 0.0176 -0.9477
vn 0.6500 -0.0331 -0.7592
vn 0.3295 0.3480 -0.8777
vn 0.5047 0.3257 -0.7995
vn 0.6608 0.2972 -0.6892
vn 0.7809 -0.0667 -0.6211
vn 0.9482 -0.1436 -0.2834
vn 0.7917 0.2637 -0.5511
vn 0.8924 0.2264 -0.3904
vn 0.8816 -0.1040 -0.4604
vn 0.9589 0.1867 -0.2134
vn 0.9703 -0.2239 0.0920
vn 0.9889 0.1462 -0.0269
vn 0.9249 -0.2614 0.2760
vn 0.9357 0.0689 0.3460
vn 0.9781 -0.1841 -0.0969
vn 0.9810 0.1065 0.1620
vn 0.8546 0.0351 0.5181
vn 0.5989 -0.0164 0.8007
vn 0.8438 -0.2952 0.4481
vn 0.7301 -0.3241 0.6016
vn 0.7408 0.0063 0.6716
vn 0.5881 -0.3468 0.7307
vn 0.2420 -0.3707 0.8967
vn 0.4340 -0.0321 0.9003
vn 0.0512 -0.3709 0.9273
vn 0.4233 -0.3625 0.8303
vn 0.2528 -0.0403 0.9667
vn 0.0620 -0.0405 0.9973
vn -0.0442 -0.9717 -0.2320
vn 0.0038 0.9791 0.2034
vn -0.0335 -0.9715 -0.2348
vn -0.0038 -0.9791 -0.2034
vn 0.0225 0.9721 0.2334
vn 0.0563 0.9736 0.2210
vn 0.0044 0.9768 0.2142
vn -0.0302 -0.9833 -0.1794
vn -0.0508 -0.9812 -0.1862
vn 0.0302 0.9833 0.1794
vn -0.0130 -0.9736 -0.2279
vn 0.0412 0.9827 0.1808
vn -0.0600 -0.9757 -0.2107
vn 0.0074 0.9811 0.1932
vn -0.0074 -0.9811 -0.1932
vn 0.0130 0.9736 0.2279
vn 0.0490 0.9722 0.2291
vn -0.0412 -0.9827 -0.1808
vn -0.0574 -0.9792 -0.1948
vn 0.0148 0.9826 0.1850
vn -0.0063 -0.9756 -0.2193
vn 0.0508 0.9812 0.1862
vn -0.0563 -0.9736 -0.2210
vn 0.0063 0.9756 0.2193
vn 0.0390 0.9715 0.2339
vn -0.0148 -0.9826 -0.1850
vn 0.0574 0.9792 0.1948
vn 0.0035 0.9779 0.2089
vn 0.0247 0.9833 0.1802
vn -0.0035 -0.9779 -0.2089
vn -0.0490 -0.9722 -0.2291
vn 0.0587 0.9746 0.2160
vn -0.0247 -0.9833 -0.1802
vn -0.3321 -0.7503 -0.5717
vn 0.3760 -0.7929 -0.4795
vn 0.0995 -0.9489 0.2995
vn -0.4633 -0.7767 -0.4267
vn -0.2838 -0.9258 0.2496
vn -0.2475 -0.7422 -0.6228
vn 0.4772 -0.8532 -0.2105
vn 0.0015 -0.9490 0.3151
vn -0.3639 -0.9112 0.1930
vn -0.4311 -0.8940 0.1221
vn 0.4619 -0.8324 -0.3062
vn 0.4277 -0.8121 -0.3970
vn -0.1545 -0.7380 -0.6569
vn 0.4732 -0.8736 -0.1135
vn -0.0975 -0.9451 0.3119
vn -0.0566 -0.7379 -0.6726
vn -0.0059 0.8898 0.4563
vn -0.0425 0.7418 0.6693
vn -0.0562 0.8939 0.4448
vn -0.1033 0.8999 0.4238
vn -0.2288 0.7611 0.6070
vn -0.1452 0.9075 0.3942
vn -0.3089 0.7757 0.5504
vn -0.1388 0.7496 0.6471
vn -0.4619 0.8324 0.3062
vn -0.4277 0.8121 0.3970
vn -0.1803 0.9165 0.3571
vn -0.3760 0.7929 0.4795
vn -0.2073 0.9265 0.3140
vn -0.2252 0.9372 0.2665
vn -0.2332 0.9480 0.2164
vn -0.4772 0.8532 0.2105
vn -0.2311 0.9587 0.1657
vn -0.4499 0.8929 0.0191
vn -0.2189 0.9688 0.1163
vn -0.4083 0.9102 -0.0692
vn -0.4732 0.8736 0.1135
vn -0.1972 0.9779 0.0701
vn -0.1285 0.9917 -0.0057
vn -0.2771 0.9367 -0.2143
vn -0.3499 0.9250 -0.1480
vn -0.1666 0.9856 0.0289
vn -0.1925 0.9447 -0.2654
vn -0.0843 0.9959 -0.0325
vn -0.0015 0.9490 -0.3151
vn -0.0356 0.9981 -0.0503
vn -0.0995 0.9489 -0.2995
vn 0.0156 0.9982 -0.0585
vn 0.1938 0.9373 -0.2897
vn 0.0673 0.9961 -0.0568
vn 0.0975 0.9451 -0.3119
vn 0.1648 0.9860 -0.0242
vn 0.3639 0.9112 -0.1930
vn 0.2838 0.9258 -0.2496
vn 0.1177 0.9920 -0.0452
vn 0.2067 0.9784 0.0054
vn 0.2688 0.9594 0.0856
vn 0.2418 0.9694 0.0425
vn 0.4827 0.8749 -0.0396
vn 0.4311 0.8940 -0.1221
vn 0.5169 0.8545 0.0512
vn 0.2867 0.9487 0.1331
vn 0.5323 0.8337 0.1469
vn 0.2947 0.9379 0.1832
vn 0.2926 0.9272 0.2339
vn 0.5049 0.7941 0.3383
vn 0.5282 0.8133 0.2439
vn 0.2804 0.9171 0.2833
vn 0.2587 0.9080 0.3295
vn 0.2282 0.9003 0.3707
vn 0.4633 0.7767 0.4267
vn 0.3321 0.7503 0.5717
vn 0.1900 0.8942 0.4053
vn 0.4050 0.7619 0.5054
vn 0.0566 0.7379 0.6726
vn 0.2475 0.7422 0.6228
vn 0.1458 0.8900 0.4320
vn 0.0459 0.8877 0.4581
vn 0.0971 0.8878 0.4499
vn 0.1545 0.7380 0.6569
usemtl Color_2
s off
f 514/633/548 664/634/548 1057/635/548
f 632/636/549 633/637/549 604/638/549 605/639/549
f 708/640/550 711/641/550 1117/642/550 1112/643/550
f 528/644/551 527/645/551 512/646/551 513/647/551
f 518/648/552 528/644/552 513/647/552 989/649/552
f 531/650/553 526/651/553 1061/652/553 1066/653/553
f 887/654/554 525/655/554 982/656/554
f 526/651/555 517/657/555 990/658/555 966/659/555
f 520/660/556 519/661/556 988/662/556 987/663/556
f 519/661/557 518/648/557 989/649/557 988/662/557
f 522/664/558 521/665/558 986/666/558 985/667/558
f 516/668/559 515/669/559 1056/670/559 1055/671/559
f 768/672/550 771/673/550 1130/674/550 1129/675/550
f 515/669/560 514/633/560 1057/635/560 1056/670/560
f 538/676/561 539/677/561 518/648/561 519/661/561
f 640/678/562 627/679/562 1092/680/562 1095/681/562
f 812/682/563 787/683/563 788/684/563 811/685/563
f 549/686/564 548/687/564 539/677/564 538/676/564
f 541/688/565 516/668/565 517/657/565 540/689/565
f 712/690/566 707/691/566 1113/692/566 1116/693/566
f 532/694/567 533/695/567 524/696/567 525/655/567
f 544/697/568 664/698/568 543/699/568
f 531/650/569 540/689/569 517/657/569 526/651/569
f 552/700/570 551/701/570 536/702/570 535/703/570
f 887/704/571 532/694/571 525/655/571
f 821/705/562 808/706/562 1140/707/562 1145/708/562
f 539/677/572 529/709/572 528/644/572 518/648/572
f 537/710/573 538/676/573 519/661/573 520/660/573
f 541/688/574 542/711/574 515/669/574 516/668/574
f 568/712/575 569/713/575 548/687/575 549/686/575
f 529/709/576 530/714/576 527/645/576 528/644/576
f 573/715/577 664/716/577 544/697/577
f 542/711/578 543/699/578 514/633/578 515/669/578
f 561/717/579 570/718/579 547/719/579 556/720/579
f 535/703/580 536/702/580 521/665/580 522/664/580
f 887/721/581 562/722/581 555/723/581
f 543/699/582 664/724/582 514/633/582
f 732/725/583 747/726/583 1124/727/583 1118/728/583
f 569/713/584 559/729/584 558/730/584 548/687/584
f 545/731/585 544/697/585 543/699/585 542/711/585
f 555/723/586 554/732/586 533/695/586 532/694/586
f 558/730/587 557/733/587 530/714/587 529/709/587
f 562/722/588 563/734/588 554/732/588 555/723/588
f 546/735/589 545/731/589 542/711/589 541/688/589
f 567/736/590 568/712/590 549/686/590 550/737/590
f 550/737/591 549/686/591 538/676/591 537/710/591
f 571/738/592 572/739/592 545/731/592 546/735/592
f 548/687/593 558/730/593 529/709/593 539/677/593
f 559/729/594 560/740/594 557/733/594 558/730/594
f 626/741/595 641/742/595 1094/743/595 1093/744/595
f 831/745/550 858/746/550 1151/747/550 1147/748/550
f 887/749/596 555/723/596 532/694/596
f 572/739/597 573/715/597 544/697/597 545/731/597
f 556/720/598 547/719/598 540/689/598 531/650/598
f 565/750/599 566/751/599 551/701/599 552/700/599
f 574/752/600 664/753/600 573/715/600
f 923/754/601 918/755/601 1168/756/601 1173/757/601
f 578/758/602 588/759/602 559/729/602 569/713/602
f 582/760/603 581/761/603 566/751/603 565/750/603
f 601/762/604 602/763/604 575/764/604 576/765/604
f 520/660/562 987/663/562 1064/766/562 1065/767/562
f 575/764/605 574/752/605 573/715/605 572/739/605
f 579/768/606 578/758/606 569/713/606 568/712/606
f 588/759/607 587/769/607 560/740/607 559/729/607
f 589/770/608 590/771/608 587/769/608 588/759/608
f 576/765/609 575/764/609 572/739/609 571/738/609
f 604/638/610 664/772/610 603/773/610
f 580/774/611 579/768/611 568/712/611 567/736/611
f 748/775/562 731/776/562 1119/777/562 1123/778/562
f 602/763/612 603/773/612 574/752/612 575/764/612
f 605/639/613 604/638/613 603/773/613 602/763/613
f 887/779/614 585/780/614 562/722/614
f 616/781/615 591/782/615 1082/783/615 1089/784/615
f 586/785/616 577/786/616 570/718/616 561/717/616
f 618/787/617 617/788/617 590/771/617 589/770/617
f 585/780/618 584/789/618 563/734/618 562/722/618
f 597/790/619 598/791/619 579/768/619 580/774/619
f 612/792/620 611/793/620 596/794/620 595/795/620
f 610/796/621 609/797/621 598/791/621 597/790/621
f 608/798/622 618/787/622 589/770/622 599/799/622
f 512/646/550 527/645/550 1063/800/550 1062/801/550
f 595/795/623 596/794/623 581/761/623 582/760/623
f 887/802/624 615/803/624 592/804/624
f 603/773/625 664/805/625 574/752/625
f 599/799/626 589/770/626 588/759/626 578/758/626
f 692/806/627 667/807/627 668/808/627 691/809/627
f 606/810/628 605/639/628 602/763/628 601/762/628
f 616/781/629 607/811/629 600/812/629 591/782/629
f 598/791/630 599/799/630 578/758/630 579/768/630
f 615/803/631 614/813/631 593/814/631 592/804/631
f 592/804/632 593/814/632 584/789/632 585/780/632
f 609/797/633 608/798/633 599/799/633 598/791/633
f 591/782/634 600/812/634 577/786/634 586/785/634
f 887/815/635 592/804/635 585/780/635
f 963/816/636 938/817/636 939/818/636 962/819/636
f 590/771/550 617/788/550 1088/820/550 1083/821/550
f 625/822/637 626/823/637 611/793/637 612/792/637
f 633/637/638 664/824/638 604/638/638
f 887/825/639 622/826/639 615/803/639
f 645/827/640 644/828/640 623/829/640 622/830/640
f 938/817/641 933/831/641 932/832/641 939/818/641
f 619/833/642 620/834/642 617/788/642 618/787/642
f 628/835/643 629/836/643 608/798/643 609/797/643
f 639/837/644 638/838/644 629/839/644 628/840/644
f 662/841/645 663/842/645 634/843/645 635/844/645
f 622/826/646 623/845/646 614/813/646 615/803/646
f 655/846/647 656/847/647 641/742/647 642/848/647
f 621/849/648 630/850/648 607/811/648 616/781/648
f 635/844/649 634/843/649 633/851/649 632/852/649
f 688/853/562 671/854/562 1103/855/562 1109/856/562
f 526/651/650 966/659/650 1060/857/650 1061/652/650
f 629/836/651 619/833/651 618/787/651 608/798/651
f 627/858/652 628/835/652 609/797/652 610/796/652
f 631/859/653 632/636/653 605/639/653 606/810/653
f 738/860/550 741/861/550 1122/862/550 1121/863/550
f 663/842/654 664/864/654 634/843/654
f 652/865/655 653/866/655 644/828/655 645/827/655
f 651/867/656 660/868/656 637/869/656 646/870/656
f 887/871/657 652/865/657 645/827/657
f 634/843/658 664/872/658 633/851/658
f 801/873/550 828/874/550 1144/875/550 1139/876/550
f 642/848/659 641/742/659 626/741/659 625/877/659
f 646/870/660 637/869/660 630/878/660 621/879/660
f 857/880/661 832/881/661 1146/882/661 1150/883/661
f 658/884/662 659/885/662 638/838/662 639/837/662
f 648/886/663 647/887/663 620/888/663 619/889/663
f 659/885/664 649/890/664 648/886/664 638/838/664
f 636/891/665 635/844/665 632/852/665 631/892/665
f 657/893/666 658/884/666 639/837/666 640/678/666
f 640/678/667 639/837/667 628/840/667 627/679/667
f 661/894/668 662/841/668 635/844/668 636/891/668
f 638/838/669 648/886/669 619/889/669 629/839/669
f 649/890/670 650/895/670 647/887/670 648/886/670
f 610/796/562 597/790/562 1084/896/562 1087/897/562
f 887/898/671 645/827/671 622/830/671
f 665/899/672 664/900/672 663/842/672
f 807/901/673 822/902/673 1143/903/673 1141/904/673
f 669/905/674 679/906/674 649/890/674 659/885/674
f 673/907/675 672/908/675 656/847/675 655/846/675
f 688/853/676 689/909/676 670/910/676 671/854/676
f 666/911/677 665/899/677 663/842/677 662/841/677
f 670/910/678 669/905/678 659/885/678 658/884/678
f 679/906/679 678/912/679 650/895/679 649/890/679
f 700/913/680 699/914/680 690/915/680 689/909/680
f 667/807/681 666/911/681 662/841/681 661/894/681
f 695/916/682 664/917/682 694/918/682
f 671/854/683 670/910/683 658/884/683 657/893/683
f 694/918/684 664/919/684 665/899/684
f 943/920/685 958/921/685 1179/922/685 1174/923/685
f 933/831/686 908/924/686 909/925/686 932/832/686
f 696/926/687 695/916/687 694/918/687 693/927/687
f 887/928/688 676/929/688 652/865/688
f 596/794/689 611/793/689 1086/930/689 1085/931/689
f 677/932/690 668/808/690 660/868/690 651/867/690
f 709/933/691 708/640/691 681/934/691 680/935/691
f 676/929/692 675/936/692 653/866/692 652/865/692
f 690/915/693 680/935/693 679/906/693 669/905/693
f 692/806/694 693/927/694 666/911/694 667/807/694
f 703/937/695 702/938/695 687/939/695 686/940/695
f 701/941/696 700/913/696 689/909/696 688/853/696
f 680/935/697 681/934/697 678/912/697 679/906/697
f 699/914/698 709/933/698 680/935/698 690/915/698
f 678/912/550 681/934/550 1108/942/550 1104/943/550
f 959/944/562 942/945/562 1175/946/562 1178/947/562
f 693/927/699 694/918/699 665/899/699 666/911/699
f 887/948/700 706/949/700 683/950/700
f 686/940/701 687/939/701 672/908/701 673/907/701
f 702/938/702 717/951/702 1115/952/702 1110/953/702
f 697/954/703 696/926/703 693/927/703 692/806/703
f 707/691/704 698/955/704 691/809/704 682/956/704
f 706/949/705 705/957/705 684/958/705 683/950/705
f 689/909/706 690/915/706 669/905/706 670/910/706
f 720/959/707 710/960/707 709/933/707 699/914/707
f 683/950/708 684/958/708 675/936/708 676/929/708
f 718/961/709 719/962/709 700/913/709 701/941/709
f 682/956/710 691/809/710 668/808/710 677/932/710
f 722/963/711 723/964/711 696/926/711 697/954/711
f 887/965/712 683/950/712 676/929/712
f 710/960/713 711/641/713 708/640/713 709/933/713
f 723/964/714 724/966/714 695/916/714 696/926/714
f 716/967/715 717/951/715 702/938/715 703/937/715
f 791/968/562 778/969/562 1131/970/562 1137/971/562
f 750/972/716 740/973/716 739/974/716 729/975/716
f 752/976/717 753/977/717 726/978/717 727/979/717
f 724/966/718 664/980/718 695/916/718
f 712/690/719 721/981/719 698/955/719 707/691/719
f 748/775/720 749/982/720 730/983/720 731/776/720
f 682/956/721 677/932/721 1105/984/721 1107/985/721
f 753/977/722 754/986/722 725/987/722 726/978/722
f 719/962/723 720/959/723 699/914/723 700/913/723
f 730/983/724 729/975/724 720/959/724 719/962/724
f 713/988/725 714/989/725 705/957/725 706/949/725
f 740/973/726 741/861/726 738/860/726 739/974/726
f 754/986/727 664/990/727 725/987/727
f 887/991/728 713/988/728 706/949/728
f 536/702/729 551/701/729 1073/992/729 1069/993/729
f 631/859/730 606/810/730 607/811/730 630/850/730
f 737/994/731 728/995/731 721/981/731 712/690/731
f 726/978/732 725/987/732 724/966/732 723/964/732
f 736/996/733 735/997/733 714/989/733 713/988/733
f 746/998/734 747/726/734 732/725/734 733/999/734
f 749/982/735 750/972/735 729/975/735 730/983/735
f 743/1000/736 744/1001/736 735/997/736 736/996/736
f 636/891/737 631/892/737 630/878/737 637/869/737
f 742/1002/738 751/1003/738 728/995/738 737/994/738
f 887/1004/739 743/1000/739 736/996/739
f 725/987/740 664/1005/740 724/966/740
f 887/1006/741 736/996/741 713/988/741
f 733/999/742 732/725/742 717/951/742 716/967/742
f 893/1007/743 888/1008/743 1160/1009/743 1165/1010/743
f 887/1011/744 766/1012/744 743/1000/744
f 739/974/745 738/860/745 711/641/745 710/960/745
f 767/1013/746 758/1014/746 751/1003/746 742/1002/746
f 727/979/747 726/978/747 723/964/747 722/963/747
f 766/1012/748 765/1015/748 744/1001/748 743/1000/748
f 731/776/749 730/983/749 719/962/749 718/961/749
f 760/1016/750 759/1017/750 750/972/750 749/982/750
f 729/975/751 739/974/751 710/960/751 720/959/751
f 718/961/562 701/941/562 1111/1018/562 1114/1019/562
f 787/683/752 782/1020/752 781/1021/752 788/684/752
f 763/1022/753 762/1023/753 747/726/753 746/998/753
f 769/1024/754 768/672/754 741/861/754 740/973/754
f 586/785/755 561/717/755 1074/1025/755 1081/1026/755
f 782/1020/756 783/1027/756 756/1028/756 757/1029/756
f 755/1030/757 664/1031/757 754/986/757
f 560/740/550 587/769/550 1080/1032/550 1075/1033/550
f 759/1017/758 769/1024/758 740/973/758 750/972/758
f 797/1034/759 788/684/759 781/1021/759 772/1035/759
f 796/1036/760 795/1037/760 774/1038/760 773/1039/760
f 756/1028/761 755/1030/761 754/986/761 753/977/761
f 778/969/762 779/1040/762 760/1016/762 761/1041/762
f 913/1042/763 928/1043/763 1172/1044/763 1166/1045/763
f 793/1046/764 792/1047/764 777/1048/764 776/1049/764
f 757/1029/765 756/1028/765 753/977/765 752/976/765
f 786/1050/766 785/1051/766 784/1052/766 783/1027/766
f 761/1041/767 760/1016/767 749/982/767 748/775/767
f 784/1052/768 664/1053/768 755/1030/768
f 790/1054/769 789/1055/769 780/1056/769 779/1040/769
f 785/1051/770 664/1057/770 784/1052/770
f 787/683/771 786/1050/771 783/1027/771 782/1020/771
f 887/1058/772 773/1039/772 766/1012/772
f 791/968/773 790/1054/773 779/1040/773 778/969/773
f 771/673/550 798/1059/550 1136/1060/550 1130/674/550
f 789/1055/774 799/1061/774 770/1062/774 780/1056/774
f 780/1056/775 770/1062/775 769/1024/775 759/1017/775
f 799/1061/776 798/1059/776 771/673/776 770/1062/776
f 647/887/550 650/895/550 1101/1063/550 1096/1064/550
f 770/1062/777 771/673/777 768/672/777 769/1024/777
f 810/1065/778 800/1066/778 799/1061/778 789/1055/778
f 986/666/779 521/665/779 1058/1067/779 1059/1068/779
f 808/706/780 809/1069/780 790/1054/780 791/968/780
f 783/1027/781 784/1052/781 755/1030/781 756/1028/781
f 812/682/782 813/1070/782 786/1050/782 787/683/782
f 776/1049/783 777/1048/783 762/1023/783 763/1022/783
f 887/1071/784 796/1036/784 773/1039/784
f 741/861/550 768/672/550 1129/675/550 1122/862/550
f 887/1072/785 803/1073/785 796/1036/785
f 580/774/562 567/736/562 1076/1074/562 1079/1075/562
f 813/1070/786 814/1076/786 785/1051/786 786/1050/786
f 779/1040/787 780/1056/787 759/1017/787 760/1016/787
f 806/1077/788 807/901/788 792/1047/788 793/1046/788
f 773/1039/789 774/1038/789 765/1015/789 766/1012/789
f 814/1076/790 664/1078/790 785/1051/790
f 772/1035/791 781/1021/791 758/1014/791 767/1013/791
f 802/1079/792 811/685/792 788/684/792 797/1034/792
f 782/1020/793 757/1029/793 758/1014/793 781/1021/793
f 809/1069/794 810/1065/794 789/1055/794 790/1054/794
f 777/1048/795 792/1047/795 1135/1080/795 1132/1081/795
f 820/1082/796 819/1083/796 810/1065/796 809/1069/796
f 803/1073/797 804/1084/797 795/1037/797 796/1036/797
f 843/1085/798 844/1086/798 815/1087/798 816/1088/798
f 844/1086/799 664/1089/799 815/1087/799
f 819/1083/800 829/1090/800 800/1066/800 810/1065/800
f 823/1091/801 822/902/801 807/901/801 806/1077/801
f 887/1092/802 826/1093/802 803/1073/802
f 836/1094/803 837/1095/803 822/902/803 823/1091/803
f 661/894/804 636/891/804 637/869/804 660/868/804
f 827/1096/805 818/1097/805 811/685/805 802/1079/805
f 826/1093/806 825/1098/806 804/1084/806 803/1073/806
f 833/1099/807 834/1100/807 825/1098/807 826/1093/807
f 847/1101/808 846/1102/808 843/1085/808 842/1103/808
f 908/924/809 903/1104/809 902/1105/809 909/925/809
f 856/1106/810 855/1107/810 834/1100/810 833/1099/810
f 851/1108/811 850/1109/811 839/1110/811 838/1111/811
f 815/1087/812 664/1112/812 814/1076/812
f 853/1113/813 852/1114/813 837/1095/813 836/1094/813
f 816/1088/814 815/1087/814 814/1076/814 813/1070/814
f 839/1110/815 840/1115/815 819/1083/815 820/1082/815
f 929/1116/562 912/1117/562 1167/1118/562 1171/1119/562
f 827/1096/816 802/1079/816 1138/1120/816 1142/1121/816
f 829/1090/817 828/874/817 801/873/817 800/1066/817
f 857/880/818 848/1122/818 841/1123/818 832/881/818
f 817/1124/819 816/1088/819 813/1070/819 812/682/819
f 850/1109/820 849/1125/820 840/1115/820 839/1110/820
f 821/705/821 820/1082/821 809/1069/821 808/706/821
f 767/1013/822 742/1002/822 1125/1126/822 1128/1127/822
f 832/881/823 841/1123/823 818/1097/823 827/1096/823
f 887/1128/824 833/1099/824 826/1093/824
f 566/751/825 581/761/825 1078/1129/825 1077/1130/825
f 859/1131/826 858/746/826 831/745/826 830/1132/826
f 840/1115/827 830/1132/827 829/1090/827 819/1083/827
f 845/1133/828 664/1134/828 844/1086/828
f 838/1111/829 839/1110/829 820/1082/829 821/705/829
f 849/1125/830 859/1131/830 830/1132/830 840/1115/830
f 842/1103/831 843/1085/831 816/1088/831 817/1124/831
f 887/1135/832 856/1106/832 833/1099/832
f 830/1132/833 831/745/833 828/874/833 829/1090/833
f 846/1102/834 845/1133/834 844/1086/834 843/1085/834
f 657/893/562 640/678/562 1095/681/562 1100/1136/562
f 872/1137/835 873/1138/835 846/1102/835 847/1101/835
f 866/1139/836 867/1140/836 852/1114/836 853/1113/836
f 870/1141/837 860/1142/837 859/1131/837 849/1125/837
f 890/1143/838 889/1144/838 861/1145/838 860/1142/838
f 881/1146/839 880/1147/839 869/1148/839 868/1149/839
f 868/1149/840 869/1148/840 850/1109/840 851/1108/840
f 869/1148/841 870/1141/841 849/1125/841 850/1109/841
f 860/1142/842 861/1145/842 858/746/842 859/1131/842
f 877/1150/843 876/1151/843 873/1138/843 872/1137/843
f 919/1152/550 922/1153/550 1170/1154/550 1169/1155/550
f 858/746/550 861/1145/550 1157/1156/550 1151/747/550
f 887/1157/844 886/1158/844 863/1159/844
f 873/1138/845 874/1160/845 845/1133/845 846/1102/845
f 886/1158/846 885/1161/846 864/1162/846 863/1159/846
f 874/1160/847 664/1163/847 845/1133/847
f 879/1164/848 890/1143/848 860/1142/848 870/1141/848
f 901/1165/849 891/1166/849 890/1143/849 879/1164/849
f 899/1167/850 900/1168/850 880/1147/850 881/1146/850
f 903/1104/851 904/1169/851 876/1151/851 877/1150/851
f 894/1170/852 895/1171/852 885/1161/852 886/1158/852
f 863/1159/853 864/1162/853 855/1107/853 856/1106/853
f 862/1172/854 857/880/854 1150/883/854 1156/1173/854
f 672/908/855 687/939/855 1106/1174/855 1102/1175/855
f 862/1172/856 871/1176/856 848/1122/856 857/880/856
f 904/1169/857 905/1177/857 875/1178/857 876/1151/857
f 887/1179/858 863/1159/858 856/1106/858
f 897/1180/859 898/1181/859 882/1182/859 883/1183/859
f 761/1041/562 748/775/562 1123/778/562 1127/1184/562
f 905/1177/860 664/1185/860 875/1178/860
f 888/1008/861 878/1186/861 871/1176/861 862/1172/861
f 611/793/862 626/823/862 1093/1187/862 1086/930/862
f 880/1147/863 879/1164/863 870/1141/863 869/1148/863
f 891/1166/864 892/1188/864 889/1144/864 890/1143/864
f 800/1066/865 801/873/865 798/1059/865 799/1061/865
f 757/1029/866 752/976/866 751/1003/866 758/1014/866
f 875/1178/867 664/1189/867 874/1160/867
f 900/1168/868 901/1165/868 879/1164/868 880/1147/868
f 883/1183/869 882/1182/869 867/1140/869 866/1139/869
f 893/1007/870 902/1105/870 878/1186/870 888/1008/870
f 876/1151/871 875/1178/871 874/1160/871 873/1138/871
f 887/1190/872 894/1170/872 886/1158/872
f 887/1191/873 917/1192/873 894/1170/873
f 911/1193/874 910/1194/874 901/1165/874 900/1168/874
f 906/1195/875 664/1196/875 905/1177/875
f 918/755/876 909/925/876 902/1105/876 893/1007/876
f 930/1197/877 931/1198/877 910/1194/877 911/1193/877
f 917/1192/878 916/1199/878 895/1171/878 894/1170/878
f 908/924/879 907/1200/879 904/1169/879 903/1104/879
f 923/754/880 932/832/880 909/925/880 918/755/880
f 903/1104/881 877/1150/881 878/1186/881 902/1105/881
f 941/1201/882 940/1202/882 931/1198/882 930/1197/882
f 931/1198/883 921/1203/883 920/1204/883 910/1194/883
f 914/1205/884 913/1042/884 898/1181/884 897/1180/884
f 924/1206/885 925/1207/885 916/1199/885 917/1192/885
f 601/762/886 576/765/886 577/786/886 600/812/886
f 907/1200/887 906/1195/887 905/1177/887 904/1169/887
f 952/1208/550 980/1209/550 1185/1210/550 1181/1211/550
f 936/1212/888 664/1213/888 935/1214/888
f 920/1204/889 919/1152/889 892/1188/889 891/1166/889
f 947/1215/890 946/1216/890 925/1207/890 924/1206/890
f 912/1117/891 911/1193/891 900/1168/891 899/1167/891
f 937/1217/892 936/1212/892 935/1214/892 934/1218/892
f 910/1194/893 920/1204/893 891/1166/893 901/1165/893
f 651/867/894 646/870/894 1097/1219/894 1099/1220/894
f 556/720/895 531/650/895 1066/653/895 1072/1221/895
f 950/1222/896 949/1223/896 922/1153/896 921/1203/896
f 887/1224/897 924/1206/897 917/1192/897
f 938/817/898 937/1217/898 934/1218/898 933/831/898
f 627/858/562 610/796/562 1087/897/562 1092/1225/562
f 929/1116/899 930/1197/899 911/1193/899 912/1117/899
f 944/1226/900 943/920/900 928/1043/900 927/1227/900
f 525/655/901 524/696/901 983/1228/901 982/656/901
f 933/831/902 934/1218/902 907/1200/902 908/924/902
f 887/1229/903 982/656/903 978/1230/903
f 921/1203/904 922/1153/904 919/1152/904 920/1204/904
f 942/945/905 941/1201/905 930/1197/905 929/1116/905
f 882/1182/906 898/1181/906 1164/1231/906 1158/1232/906
f 940/1202/907 950/1222/907 921/1203/907 931/1198/907
f 934/1218/908 935/1214/908 906/1195/908 907/1200/908
f 979/1233/909 953/1234/909 1180/1235/909 1184/1236/909
f 927/1227/910 928/1043/910 913/1042/910 914/1205/910
f 887/1237/911 947/1215/911 924/1206/911
f 935/1214/912 664/1238/912 906/1195/912
f 948/1239/913 939/818/913 932/832/913 923/754/913
f 961/1240/914 951/1241/914 950/1222/914 940/1202/914
f 951/1241/915 952/1208/915 949/1223/915 950/1222/915
f 965/1242/916 664/1243/916 936/1212/916
f 959/944/917 960/1244/917 941/1201/917 942/945/917
f 973/1245/918 972/1246/918 960/1244/918 959/944/918
f 530/714/550 557/733/550 1071/1247/550 1067/1248/550
f 963/816/919 964/1249/919 937/1217/919 938/817/919
f 954/1250/920 955/1251/920 946/1216/920 947/1215/920
f 797/1034/921 772/1035/921 1133/1252/921 1134/1253/921
f 971/1254/922 981/1255/922 951/1241/922 961/1240/922
f 964/1249/923 965/1242/923 936/1212/923 937/1217/923
f 989/649/924 513/647/924 981/1255/924 971/1254/924
f 957/1256/925 958/921/925 943/920/925 944/1226/925
f 972/1246/926 971/1254/926 961/1240/926 960/1244/926
f 887/1257/927 978/1230/927 954/1250/927
f 988/662/928 989/649/928 971/1254/928 972/1246/928
f 606/810/929 601/762/929 600/812/929 607/811/929
f 711/641/550 738/860/550 1121/863/550 1117/642/550
f 960/1244/930 961/1240/930 940/1202/930 941/1201/930
f 969/1258/931 968/1259/931 964/1249/931 963/816/931
f 953/1234/932 962/819/932 939/818/932 948/1239/932
f 513/647/933 512/646/933 980/1209/933 981/1255/933
f 887/1260/934 954/1250/934 947/1215/934
f 982/656/935 983/1228/935 977/1261/935 978/1230/935
f 747/726/936 762/1023/936 1126/1262/936 1124/727/936
f 1056/670/937 1057/635/937 967/1263/937 968/1259/937
f 979/1233/938 970/1264/938 962/819/938 953/1234/938
f 966/659/939 990/658/939 970/1264/939 979/1233/939
f 978/1230/940 977/1261/940 955/1251/940 954/1250/940
f 981/1255/941 980/1209/941 952/1208/941 951/1241/941
f 1055/671/942 1056/670/942 968/1259/942 969/1258/942
f 967/1263/943 664/1265/943 965/1242/943
f 975/1266/944 974/1267/944 958/921/944 957/1256/944
f 968/1259/945 967/1263/945 965/1242/945 964/1249/945
f 617/788/550 620/834/550 1091/1268/550 1088/820/550
f 991/1269/946 992/1270/946 994/1271/946 993/1272/946
f 993/1272/947 994/1271/947 996/1273/947 995/1274/947
f 995/1274/948 996/1273/948 998/1275/948 997/1276/948
f 997/1276/949 998/1275/949 1000/1277/949 999/1278/949
f 999/1278/950 1000/1277/950 1002/1279/950 1001/1280/950
f 1001/1280/951 1002/1279/951 1004/1281/951 1003/1282/951
f 1003/1282/952 1004/1281/952 1006/1283/952 1005/1284/952
f 1005/1284/953 1006/1283/953 1008/1285/953 1007/1286/953
f 1007/1286/954 1008/1285/954 1010/1287/954 1009/1288/954
f 1009/1288/955 1010/1287/955 1012/1289/955 1011/1290/955
f 1011/1290/956 1012/1289/956 1014/1291/956 1013/1292/956
f 1013/1292/957 1014/1291/957 1016/1293/957 1015/1294/957
f 1015/1294/958 1016/1293/958 1018/1295/958 1017/1296/958
f 1017/1296/959 1018/1295/959 1020/1297/959 1019/1298/959
f 1019/1298/960 1020/1297/960 1022/1299/960 1021/1300/960
f 1021/1300/961 1022/1299/961 1024/1301/961 1023/1302/961
f 1023/1302/962 1024/1301/962 1026/1303/962 1025/1304/962
f 1025/1304/963 1026/1303/963 1028/1305/963 1027/1306/963
f 1027/1306/964 1028/1305/964 1030/1307/964 1029/1308/964
f 1029/1308/965 1030/1307/965 1032/1309/965 1031/1310/965
f 1031/1310/966 1032/1309/966 1034/1311/966 1033/1312/966
f 1033/1312/967 1034/1311/967 1036/1313/967 1035/1314/967
f 1035/1314/968 1036/1313/968 1038/1315/968 1037/1316/968
f 1037/1316/969 1038/1315/969 1040/1317/969 1039/1318/969
f 1039/1318/970 1040/1317/970 1042/1319/970 1041/1320/970
f 1041/1320/971 1042/1319/971 1044/1321/971 1043/1322/971
f 1043/1322/972 1044/1321/972 1046/1323/972 1045/1324/972
f 1045/1324/973 1046/1323/973 1048/1325/973 1047/1326/973
f 1047/1326/974 1048/1325/974 1050/1327/974 1049/1328/974
f 1049/1328/975 1050/1327/975 1052/1329/975 1051/1330/975
f 994/1331/976 992/1332/976 1054/1333/976 1052/1334/976 1050/1335/976 1048/1336/976 1046/1337/976 1044/1338/976 1042/1339/976 1040/1340/976 1038/1341/976 1036/1342/976 1034/1343/976 1032/1344/976 1030/1345/976 1028/1346/976 1026/1347/976 1024/1348/976 1022/1349/976 1020/1350/976 1018/1351/976 1016/1352/976 1014/1353/976 1012/1354/976 1010/1355/976 1008/1356/976 1006/1357/976 1004/1358/976 1002/1359/976 1000/1360/976 998/1361/976 996/1362/976
f 1051/1330/977 1052/1329/977 1054/1363/977 1053/1364/977
f 1053/1364/978 1054/1363/978 992/1365/978 991/1366/978
f 991/1367/979 993/1368/979 995/1369/979 997/1370/979 999/1371/979 1001/1372/979 1003/1373/979 1005/1374/979 1007/1375/979 1009/1376/979 1011/1377/979 1013/1378/979 1015/1379/979 1017/1380/979 1019/1381/979 1021/1382/979 1023/1383/979 1025/1384/979 1027/1385/979 1029/1386/979 1031/1387/979 1033/1388/979 1035/1389/979 1037/1390/979 1039/1391/979 1041/1392/979 1043/1393/979 1045/1394/979 1047/1395/979 1049/1396/979 1051/1397/979 1053/1398/979
f 985/667/980 986/666/980 974/1267/980 975/1266/980
f 899/1167/562 881/1146/562 1159/1399/562 1163/1400/562
f 987/663/981 988/662/981 972/1246/981 973/1245/981
f 1057/635/982 664/1401/982 967/1263/982
f 1058/1067/983 1065/767/983 1064/766/983 1059/1068/983
f 1063/800/984 1061/652/984 1060/857/984 1062/801/984
f 1115/952/985 1114/1019/985 1111/1018/985 1110/953/985
f 1067/1248/986 1066/653/986 1061/652/986 1063/800/986
f 1069/993/987 1068/1402/987 1065/767/987 1058/1067/987
f 1073/992/988 1070/1403/988 1068/1402/988 1069/993/988
f 1075/1033/989 1074/1025/989 1072/1221/989 1071/1247/989
f 1071/1247/990 1072/1221/990 1066/653/990 1067/1248/990
f 1077/1130/991 1076/1074/991 1070/1403/991 1073/992/991
f 1078/1129/992 1079/1075/992 1076/1074/992 1077/1130/992
f 1085/931/993 1084/896/993 1079/1075/993 1078/1129/993
f 1080/1032/994 1081/1026/994 1074/1025/994 1075/1033/994
f 1086/930/995 1087/897/995 1084/896/995 1085/931/995
f 1088/820/996 1089/784/996 1082/783/996 1083/821/996
f 1083/821/997 1082/783/997 1081/1026/997 1080/1032/997
f 1091/1268/998 1090/1404/998 1089/784/998 1088/820/998
f 1098/1405/999 1100/1136/999 1095/681/999 1094/743/999
f 1093/1187/1000 1092/1225/1000 1087/897/1000 1086/930/1000
f 1101/1063/1001 1099/1220/1001 1097/1219/1001 1096/1064/1001
f 1094/743/1002 1095/681/1002 1092/680/1002 1093/744/1002
f 1096/1064/1003 1097/1219/1003 1090/1406/1003 1091/1407/1003
f 1102/1175/1004 1103/855/1004 1100/1136/1004 1098/1405/1004
f 1104/943/1005 1105/984/1005 1099/1220/1005 1101/1063/1005
f 1110/953/1006 1111/1018/1006 1109/856/1006 1106/1174/1006
f 1106/1174/1007 1109/856/1007 1103/855/1007 1102/1175/1007
f 1112/643/1008 1113/692/1008 1107/985/1008 1108/942/1008
f 1108/942/1009 1107/985/1009 1105/984/1009 1104/943/1009
f 1122/862/1010 1125/1126/1010 1120/1408/1010 1121/863/1010
f 1124/727/1011 1123/778/1011 1119/777/1011 1118/728/1011
f 1117/642/1012 1116/693/1012 1113/692/1012 1112/643/1012
f 1118/728/1013 1119/777/1013 1114/1019/1013 1115/952/1013
f 1121/863/1014 1120/1408/1014 1116/693/1014 1117/642/1014
f 1129/675/1015 1128/1127/1015 1125/1126/1015 1122/862/1015
f 1126/1262/1016 1127/1184/1016 1123/778/1016 1124/727/1016
f 1136/1060/1017 1134/1253/1017 1133/1252/1017 1130/674/1017
f 1130/674/1018 1133/1252/1018 1128/1127/1018 1129/675/1018
f 1139/876/1019 1138/1120/1019 1134/1253/1019 1136/1060/1019
f 1132/1081/1020 1131/970/1020 1127/1184/1020 1126/1262/1020
f 1135/1080/1021 1137/971/1021 1131/970/1021 1132/1081/1021
f 1141/904/1022 1140/707/1022 1137/971/1022 1135/1080/1022
f 1144/875/1023 1142/1121/1023 1138/1120/1023 1139/876/1023
f 1151/747/1024 1150/883/1024 1146/882/1024 1147/748/1024
f 1143/903/1025 1145/708/1025 1140/707/1025 1141/904/1025
f 1149/1409/1026 1148/1410/1026 1145/708/1026 1143/903/1026
f 1147/748/1027 1146/882/1027 1142/1121/1027 1144/875/1027
f 1153/1411/1028 1152/1412/1028 1148/1410/1028 1149/1409/1028
f 1161/1413/1029 1160/1009/1029 1156/1173/1029 1157/1156/1029
f 1155/1414/1030 1154/1415/1030 1152/1412/1030 1153/1411/1030
f 1162/1416/1031 1165/1010/1031 1160/1009/1031 1161/1413/1031
f 1164/1231/1032 1163/1400/1032 1159/1399/1032 1158/1232/1032
f 1157/1156/1033 1156/1173/1033 1150/883/1033 1151/747/1033
f 1158/1232/1034 1159/1399/1034 1154/1415/1034 1155/1414/1034
f 1166/1045/1035 1167/1118/1035 1163/1400/1035 1164/1231/1035
f 1174/923/1036 1175/946/1036 1171/1119/1036 1172/1044/1036
f 1169/1155/1037 1168/756/1037 1165/1010/1037 1162/1416/1037
f 1170/1154/1038 1173/757/1038 1168/756/1038 1169/1155/1038
f 1172/1044/1039 1171/1119/1039 1167/1118/1039 1166/1045/1039
f 1176/1417/1040 1177/1418/1040 1173/757/1040 1170/1154/1040
f 1185/1210/1041 1184/1236/1041 1180/1235/1041 1181/1211/1041
f 1179/922/1042 1178/947/1042 1175/946/1042 1174/923/1042
f 1062/801/1043 1060/857/1043 1184/1236/1043 1185/1210/1043
f 1181/1211/1044 1180/1235/1044 1177/1418/1044 1176/1417/1044
f 1182/1419/1045 1183/1420/1045 1178/947/1045 1179/922/1045
f 1059/1068/1046 1064/766/1046 1183/1420/1046 1182/1419/1046
f 620/888/550 647/887/550 1096/1064/550 1091/1407/550
f 778/969/562 761/1041/562 1127/1184/562 1131/970/562
f 953/1234/1047 948/1239/1047 1177/1418/1047 1180/1235/1047
f 867/1140/1048 882/1182/1048 1158/1232/1048 1155/1414/1048
f 966/659/1049 979/1233/1049 1184/1236/1049 1060/857/1049
f 949/1223/550 952/1208/550 1181/1211/550 1176/1417/550
f 980/1209/550 512/646/550 1062/801/550 1185/1210/550
f 851/1108/562 838/1111/562 1148/1410/562 1152/1412/562
f 646/870/1050 621/879/1050 1090/1406/1050 1097/1219/1050
f 762/1023/1051 777/1048/1051 1132/1081/1051 1126/1262/1051
f 656/847/1052 672/908/1052 1102/1175/1052 1098/1405/1052
f 527/645/550 530/714/550 1067/1248/550 1063/800/550
f 837/1095/1053 852/1114/1053 1153/1411/1053 1149/1409/1053
f 742/1002/1054 737/994/1054 1120/1408/1054 1125/1126/1054
f 881/1146/562 868/1149/562 1154/1415/562 1159/1399/562
f 802/1079/1055 797/1034/1055 1134/1253/1055 1138/1120/1055
f 537/710/562 520/660/562 1065/767/562 1068/1402/562
f 987/663/562 973/1245/562 1183/1420/562 1064/766/562
f 798/1059/550 801/873/550 1139/876/550 1136/1060/550
f 671/854/562 657/893/562 1100/1136/562 1103/855/562
f 974/1267/1056 986/666/1056 1059/1068/1056 1182/1419/1056
f 561/717/1057 556/720/1057 1072/1221/1057 1074/1025/1057
f 521/665/1058 536/702/1058 1069/993/1058 1058/1067/1058
f 888/1008/1059 862/1172/1059 1156/1173/1059 1160/1009/1059
f 808/706/562 791/968/562 1137/971/562 1140/707/562
f 650/895/550 678/912/550 1104/943/550 1101/1063/550
f 861/1145/550 889/1144/550 1161/1413/550 1157/1156/550
f 898/1181/1060 913/1042/1060 1166/1045/1060 1164/1231/1060
f 677/932/1061 651/867/1061 1099/1220/1061 1105/984/1061
f 792/1047/1062 807/901/1062 1141/904/1062 1135/1080/1062
f 557/733/550 560/740/550 1075/1033/550 1071/1247/550
f 687/939/1063 702/938/1063 1110/953/1063 1106/1174/1063
f 772/1035/1064 767/1013/1064 1128/1127/1064 1133/1252/1064
f 567/736/562 550/737/562 1070/1403/562 1076/1074/562
f 832/881/1065 827/1096/1065 1142/1121/1065 1146/882/1065
f 928/1043/1066 943/920/1066 1174/923/1066 1172/1044/1066
f 912/1117/562 899/1167/562 1163/1400/562 1167/1118/562
f 828/874/550 831/745/550 1147/748/550 1144/875/550
f 591/782/1067 586/785/1067 1081/1026/1067 1082/783/1067
f 551/701/1068 566/751/1068 1077/1130/1068 1073/992/1068
f 701/941/562 688/853/562 1109/856/562 1111/1018/562
f 838/1111/562 821/705/562 1145/708/562 1148/1410/562
f 918/755/1069 893/1007/1069 1165/1010/1069 1168/756/1069
f 942/945/562 929/1116/562 1171/1119/562 1175/946/562
f 892/1188/550 919/1152/550 1169/1155/550 1162/1416/550
f 681/934/550 708/640/550 1112/643/550 1108/942/550
f 822/902/1070 837/1095/1070 1149/1409/1070 1143/903/1070
f 587/769/550 590/771/550 1083/821/550 1080/1032/550
f 717/951/1071 732/725/1071 1118/728/1071 1115/952/1071
f 868/1149/562 851/1108/562 1152/1412/562 1154/1415/562
f 707/691/1072 682/956/1072 1107/985/1072 1113/692/1072
f 922/1153/550 949/1223/550 1176/1417/550 1170/1154/550
f 597/790/562 580/774/562 1079/1075/562 1084/896/562
f 581/761/1073 596/794/1073 1085/931/1073 1078/1129/1073
f 852/1114/1074 867/1140/1074 1155/1414/1074 1153/1411/1074
f 958/921/1075 974/1267/1075 1182/1419/1075 1179/922/1075
f 621/849/1076 616/781/1076 1089/784/1076 1090/1404/1076
f 948/1239/1077 923/754/1077 1173/757/1077 1177/1418/1077
f 641/742/1078 656/847/1078 1098/1405/1078 1094/743/1078
f 731/776/562 718/961/562 1114/1019/562 1119/777/562
f 889/1144/550 892/1188/550 1162/1416/550 1161/1413/550
f 973/1245/562 959/944/562 1178/947/562 1183/1420/562
f 550/737/562 537/710/562 1068/1402/562 1070/1403/562
f 737/994/1079 712/690/1079 1116/693/1079 1120/1408/1079
f 697/954/1080 692/806/1080 691/809/1080 698/955/1080
f 817/1124/1081 812/682/1081 811/685/1081 818/1097/1081
f 969/1258/1082 963/816/1082 962/819/1082 970/1264/1082
f 667/807/1083 661/894/1083 660/868/1083 668/808/1083
f 546/735/1084 541/688/1084 540/689/1084 547/719/1084
f 722/963/1085 697/954/1085 698/955/1085 721/981/1085
f 872/1137/1086 847/1101/1086 848/1122/1086 871/1176/1086
f 1055/671/1087 969/1258/1087 970/1264/1087 990/658/1087
f 571/738/1088 546/735/1088 547/719/1088 570/718/1088
f 576/765/1089 571/738/1089 570/718/1089 577/786/1089
f 847/1101/1090 842/1103/1090 841/1123/1090 848/1122/1090
f 842/1103/1091 817/1124/1091 818/1097/1091 841/1123/1091
f 727/979/1092 722/963/1092 721/981/1092 728/995/1092
f 877/1150/1093 872/1137/1093 871/1176/1093 878/1186/1093
f 516/668/1094 1055/671/1094 990/658/1094 517/657/1094
f 752/976/1095 727/979/1095 728/995/1095 751/1003/1095
usemtl Color_3
f 524/696/1096 523/1421/1096 984/1422/1096 983/1228/1096
f 523/1421/1097 522/664/1097 985/667/1097 984/1422/1097
f 533/695/1098 534/1423/1098 523/1421/1098 524/696/1098
f 554/732/1099 553/1424/1099 534/1423/1099 533/695/1099
f 553/1424/1100 552/700/1100 535/703/1100 534/1423/1100
f 563/734/1101 564/1425/1101 553/1424/1101 554/732/1101
f 564/1425/1102 565/750/1102 552/700/1102 553/1424/1102
f 534/1423/1103 535/703/1103 522/664/1103 523/1421/1103
f 613/1426/1104 612/792/1104 595/795/1104 594/1427/1104
f 594/1427/1105 595/795/1105 582/760/1105 583/1428/1105
f 584/789/1106 583/1428/1106 564/1425/1106 563/734/1106
f 583/1428/1107 582/760/1107 565/750/1107 564/1425/1107
f 593/814/1108 594/1427/1108 583/1428/1108 584/789/1108
f 614/813/1109 613/1426/1109 594/1427/1109 593/814/1109
f 623/845/1110 624/1429/1110 613/1426/1110 614/813/1110
f 624/1429/1111 625/822/1111 612/792/1111 613/1426/1111
f 644/828/1112 643/1430/1112 624/1431/1112 623/829/1112
f 654/1432/1113 655/846/1113 642/848/1113 643/1430/1113
f 653/866/1114 654/1432/1114 643/1430/1114 644/828/1114
f 674/1433/1115 673/907/1115 655/846/1115 654/1432/1115
f 643/1430/1116 642/848/1116 625/877/1116 624/1431/1116
f 675/936/1117 674/1433/1117 654/1432/1117 653/866/1117
f 705/957/1118 704/1434/1118 685/1435/1118 684/958/1118
f 704/1434/1119 703/937/1119 686/940/1119 685/1435/1119
f 685/1435/1120 686/940/1120 673/907/1120 674/1433/1120
f 684/958/1121 685/1435/1121 674/1433/1121 675/936/1121
f 715/1436/1122 716/967/1122 703/937/1122 704/1434/1122
f 714/989/1123 715/1436/1123 704/1434/1123 705/957/1123
f 745/1437/1124 746/998/1124 733/999/1124 734/1438/1124
f 735/997/1125 734/1438/1125 715/1436/1125 714/989/1125
f 734/1438/1126 733/999/1126 716/967/1126 715/1436/1126
f 744/1001/1127 745/1437/1127 734/1438/1127 735/997/1127
f 775/1439/1128 776/1049/1128 763/1022/1128 764/1440/1128
f 765/1015/1129 764/1440/1129 745/1437/1129 744/1001/1129
f 764/1440/1130 763/1022/1130 746/998/1130 745/1437/1130
f 795/1037/1131 794/1441/1131 775/1439/1131 774/1038/1131
f 805/1442/1132 806/1077/1132 793/1046/1132 794/1441/1132
f 794/1441/1133 793/1046/1133 776/1049/1133 775/1439/1133
f 774/1038/1134 775/1439/1134 764/1440/1134 765/1015/1134
f 804/1084/1135 805/1442/1135 794/1441/1135 795/1037/1135
f 834/1100/1136 835/1443/1136 824/1444/1136 825/1098/1136
f 825/1098/1137 824/1444/1137 805/1442/1137 804/1084/1137
f 835/1443/1138 836/1094/1138 823/1091/1138 824/1444/1138
f 824/1444/1139 823/1091/1139 806/1077/1139 805/1442/1139
f 854/1445/1140 853/1113/1140 836/1094/1140 835/1443/1140
f 855/1107/1141 854/1445/1141 835/1443/1141 834/1100/1141
f 865/1446/1142 866/1139/1142 853/1113/1142 854/1445/1142
f 864/1162/1143 865/1446/1143 854/1445/1143 855/1107/1143
f 885/1161/1144 884/1447/1144 865/1446/1144 864/1162/1144
f 896/1448/1145 897/1180/1145 883/1183/1145 884/1447/1145
f 884/1447/1146 883/1183/1146 866/1139/1146 865/1446/1146
f 895/1171/1147 896/1448/1147 884/1447/1147 885/1161/1147
f 916/1199/1148 915/1449/1148 896/1448/1148 895/1171/1148
f 925/1207/1149 926/1450/1149 915/1449/1149 916/1199/1149
f 915/1449/1150 914/1205/1150 897/1180/1150 896/1448/1150
f 945/1451/1151 944/1226/1151 927/1227/1151 926/1450/1151
f 946/1216/1152 945/1451/1152 926/1450/1152 925/1207/1152
f 926/1450/1153 927/1227/1153 914/1205/1153 915/1449/1153
f 984/1422/1154 985/667/1154 975/1266/1154 976/1452/1154
f 956/1453/1155 957/1256/1155 944/1226/1155 945/1451/1155
f 955/1251/1156 956/1453/1156 945/1451/1156 946/1216/1156
f 983/1228/1157 984/1422/1157 976/1452/1157 977/1261/1157
f 977/1261/1158 976/1452/1158 956/1453/1158 955/1251/1158
f 976/1452/1159 975/1266/1159 957/1256/1159 956/1453/1159
o Plane.002_Plane
v 1.600000 -3.132931 -0.000000
v 1.000000 -3.132931 -0.000000
v 1.600000 -1.532931 0.000000
v 1.000000 -1.532931 0.000000
v 4.000000 -3.732931 -0.000000
v 0.900000 -3.732931 -0.000000
v 4.000000 -1.432931 0.000000
v 0.900000 -1.432931 0.000000
v 1.700000 -1.532931 0.000000
v 2.300000 -1.532931 0.000000
v 1.700000 -3.132931 -0.000000
v 2.300000 -3.132931 -0.000000
v 3.200000 -3.132931 -0.000000
v 2.600000 -3.132931 -0.000000
v 3.200000 -1.532931 0.000000
v 2.600000 -1.532931 0.000000
v 3.300000 -1.532931 0.000000
v 3.900000 -1.532931 0.000000
v 3.300000 -3.132931 -0.000000
v 3.900000 -3.132931 -0.000000
v 1.156201 -3.591567 -0.000000
v 1.126428 -3.591567 -0.000000
v 1.000000 -3.295562 -0.000000
v 1.043149 -3.295562 -0.000000
v 1.080258 -3.382293 -0.000000
v 1.205391 -3.382293 -0.000000
v 1.244657 -3.295562 -0.000000
v 1.287806 -3.295562 -0.000000
v 1.140667 -3.526843 -0.000000
v 1.188131 -3.420264 -0.000000
v 1.096655 -3.420264 -0.000000
v 1.317580 -3.489303 -0.000000
v 1.317580 -3.295562 -0.000000
v 1.355982 -3.295562 -0.000000
v 1.355982 -3.396963 -0.000000
v 1.356405 -3.405115 -0.000000
v 1.357638 -3.412911 -0.000000
v 1.359630 -3.420284 -0.000000
v 1.362327 -3.427168 -0.000000
v 1.365677 -3.433494 -0.000000
v 1.369628 -3.439196 -0.000000
v 1.374128 -3.444205 -0.000000
v 1.379123 -3.448455 -0.000000
v 1.384562 -3.451878 -0.000000
v 1.390392 -3.454406 -0.000000
v 1.396561 -3.455972 -0.000000
v 1.403015 -3.456510 -0.000000
v 1.405401 -3.456350 -0.000000
v 1.408005 -3.455882 -0.000000
v 1.410796 -3.455121 -0.000000
v 1.413739 -3.454080 -0.000000
v 1.416802 -3.452776 -0.000000
v 1.419951 -3.451224 -0.000000
v 1.423155 -3.449437 -0.000000
v 1.426380 -3.447432 -0.000000
v 1.429593 -3.445223 -0.000000
v 1.432760 -3.442826 -0.000000
v 1.435850 -3.440254 -0.000000
v 1.438829 -3.437524 -0.000000
v 1.459110 -3.470749 -0.000000
v 1.455144 -3.474363 -0.000000
v 1.451225 -3.477655 -0.000000
v 1.447345 -3.480626 -0.000000
v 1.443496 -3.483278 -0.000000
v 1.439671 -3.485613 -0.000000
v 1.435863 -3.487631 -0.000000
v 1.432063 -3.489335 -0.000000
v 1.428266 -3.490726 -0.000000
v 1.424462 -3.491804 -0.000000
v 1.420645 -3.492573 -0.000000
v 1.416806 -3.493033 -0.000000
v 1.412940 -3.493186 -0.000000
v 1.408400 -3.492887 -0.000000
v 1.403840 -3.491974 -0.000000
v 1.399260 -3.490429 -0.000000
v 1.394657 -3.488232 -0.000000
v 1.390030 -3.485364 -0.000000
v 1.385378 -3.481806 -0.000000
v 1.380699 -3.477537 -0.000000
v 1.375991 -3.472539 -0.000000
v 1.371253 -3.466791 -0.000000
v 1.366484 -3.460275 -0.000000
v 1.361682 -3.452971 -0.000000
v 1.356845 -3.444859 -0.000000
v 1.355982 -3.444859 -0.000000
v 1.355982 -3.489303 -0.000000
v 1.484136 -3.489303 -0.000000
v 1.484136 -3.295562 -0.000000
v 1.522539 -3.295562 -0.000000
v 1.522539 -3.436229 -0.000000
v 1.526473 -3.440611 -0.000000
v 1.530314 -3.444494 -0.000000
v 1.534095 -3.447900 -0.000000
v 1.537849 -3.450852 -0.000000
v 1.541609 -3.453373 -0.000000
v 1.545408 -3.455485 -0.000000
v 1.549279 -3.457210 -0.000000
v 1.553255 -3.458571 -0.000000
v 1.557369 -3.459591 -0.000000
v 1.561653 -3.460291 -0.000000
v 1.566141 -3.460695 -0.000000
v 1.570866 -3.460824 -0.000000
v 1.575542 -3.460543 -0.000000
v 1.580048 -3.459688 -0.000000
v 1.584337 -3.458242 -0.000000
v 1.588366 -3.456190 -0.000000
v 1.592089 -3.453514 -0.000000
v 1.595462 -3.450199 -0.000000
v 1.598439 -3.446227 -0.000000
v 1.600975 -3.441583 -0.000000
v 1.603026 -3.436249 -0.000000
v 1.604547 -3.430210 -0.000000
v 1.605492 -3.423449 -0.000000
v 1.605817 -3.415949 -0.000000
v 1.605817 -3.295562 -0.000000
v 1.644220 -3.295562 -0.000000
v 1.644220 -3.436229 -0.000000
v 1.647731 -3.439713 -0.000000
v 1.651342 -3.443025 -0.000000
v 1.655028 -3.446140 -0.000000
v 1.658763 -3.449030 -0.000000
v 1.662523 -3.451669 -0.000000
v 1.666281 -3.454028 -0.000000
v 1.670012 -3.456082 -0.000000
v 1.673690 -3.457804 -0.000000
v 1.677290 -3.459166 -0.000000
v 1.680788 -3.460141 -0.000000
v 1.684156 -3.460703 -0.000000
v 1.687370 -3.460824 -0.000000
v 1.692782 -3.460493 -0.000000
v 1.697983 -3.459506 -0.000000
v 1.702924 -3.457871 -0.000000
v 1.707554 -3.455599 -0.000000
v 1.711825 -3.452696 -0.000000
v 1.715687 -3.449174 -0.000000
v 1.719090 -3.445040 -0.000000
v 1.721985 -3.440305 -0.000000
v 1.724323 -3.434975 -0.000000
v 1.726054 -3.429062 -0.000000
v 1.727129 -3.422573 -0.000000
v 1.727499 -3.415518 -0.000000
v 1.727499 -3.295562 -0.000000
v 1.765902 -3.295562 -0.000000
v 1.765902 -3.417243 -0.000000
v 1.765387 -3.428346 -0.000000
v 1.763866 -3.438750 -0.000000
v 1.761378 -3.448406 -0.000000
v 1.757959 -3.457261 -0.000000
v 1.753647 -3.465265 -0.000000
v 1.748480 -3.472367 -0.000000
v 1.742495 -3.478516 -0.000000
v 1.735729 -3.483662 -0.000000
v 1.728220 -3.487752 -0.000000
v 1.720006 -3.490737 -0.000000
v 1.711123 -3.492566 -0.000000
v 1.701609 -3.493186 -0.000000
v 1.694856 -3.492861 -0.000000
v 1.688395 -3.491916 -0.000000
v 1.682212 -3.490395 -0.000000
v 1.676295 -3.488344 -0.000000
v 1.670629 -3.485808 -0.000000
v 1.665202 -3.482831 -0.000000
v 1.659999 -3.479458 -0.000000
v 1.655008 -3.475735 -0.000000
v 1.650214 -3.471706 -0.000000
v 1.645605 -3.467417 -0.000000
v 1.641166 -3.462912 -0.000000
v 1.636885 -3.458236 -0.000000
v 1.633498 -3.463727 -0.000000
v 1.629815 -3.468765 -0.000000
v 1.625848 -3.473345 -0.000000
v 1.621607 -3.477461 -0.000000
v 1.617102 -3.481110 -0.000000
v 1.612344 -3.484287 -0.000000
v 1.607343 -3.486988 -0.000000
v 1.602110 -3.489207 -0.000000
v 1.596655 -3.490942 -0.000000
v 1.590989 -3.492186 -0.000000
v 1.585122 -3.492936 -0.000000
v 1.579065 -3.493186 -0.000000
v 1.574525 -3.492988 -0.000000
v 1.569963 -3.492392 -0.000000
v 1.565378 -3.491393 -0.000000
v 1.560766 -3.489990 -0.000000
v 1.556124 -3.488180 -0.000000
v 1.551449 -3.485959 -0.000000
v 1.546738 -3.483325 -0.000000
v 1.541988 -3.480274 -0.000000
v 1.537196 -3.476803 -0.000000
v 1.532360 -3.472910 -0.000000
v 1.527475 -3.468592 -0.000000
v 1.522539 -3.463845 -0.000000
v 1.522539 -3.489303 -0.000000
v 1.986395 -3.589841 -0.000000
v 1.944109 -3.589841 -0.000000
v 1.944109 -3.295562 -0.000000
v 1.986395 -3.295562 -0.000000
v 2.142164 -3.450469 -0.000000
v 2.270318 -3.589841 -0.000000
v 2.217676 -3.589841 -0.000000
v 2.093837 -3.455215 -0.000000
v 2.093837 -3.589841 -0.000000
v 2.051551 -3.589841 -0.000000
v 2.051551 -3.295562 -0.000000
v 2.093837 -3.295562 -0.000000
v 2.093837 -3.440976 -0.000000
v 2.243566 -3.295562 -0.000000
v 2.301817 -3.295562 -0.000000
v 2.686014 -3.636617 -0.000000
v 2.637006 -3.636617 -0.000000
v 2.637006 -3.295562 -0.000000
v 2.840038 -3.295562 -0.000000
v 2.840038 -3.339569 -0.000000
v 2.686014 -3.339569 -0.000000
v 3.064074 -3.360573 -0.000000
v 3.057582 -3.356470 -0.000000
v 3.051105 -3.352669 -0.000000
v 3.044633 -3.349180 -0.000000
v 3.038163 -3.346015 -0.000000
v 3.031685 -3.343183 -0.000000
v 3.025193 -3.340694 -0.000000
v 3.018681 -3.338560 -0.000000
v 3.012140 -3.336791 -0.000000
v 3.005565 -3.335397 -0.000000
v 2.998948 -3.334388 -0.000000
v 2.992282 -3.333775 -0.000000
v 2.985562 -3.333568 -0.000000
v 2.975175 -3.334047 -0.000000
v 2.965521 -3.335478 -0.000000
v 2.956604 -3.337858 -0.000000
v 2.948426 -3.341181 -0.000000
v 2.940991 -3.345441 -0.000000
v 2.934303 -3.350634 -0.000000
v 2.928366 -3.356753 -0.000000
v 2.923181 -3.363795 -0.000000
v 2.918754 -3.371754 -0.000000
v 2.915087 -3.380624 -0.000000
v 2.912185 -3.390401 -0.000000
v 2.910049 -3.401079 -0.000000
v 3.068075 -3.401079 -0.000000
v 3.067292 -3.420948 -0.000000
v 3.064984 -3.439053 -0.000000
v 3.061206 -3.455400 -0.000000
v 3.056017 -3.469997 -0.000000
v 3.049474 -3.482852 -0.000000
v 3.041633 -3.493969 -0.000000
v 3.032553 -3.503357 -0.000000
v 3.022290 -3.511023 -0.000000
v 3.010901 -3.516973 -0.000000
v 2.998446 -3.521214 -0.000000
v 2.984979 -3.523754 -0.000000
v 2.970559 -3.524599 -0.000000
v 2.955466 -3.523654 -0.000000
v 2.941249 -3.520876 -0.000000
v 2.927990 -3.516347 -0.000000
v 2.915773 -3.510152 -0.000000
v 2.904681 -3.502373 -0.000000
v 2.894797 -3.493094 -0.000000
v 2.886205 -3.482398 -0.000000
v 2.878989 -3.470368 -0.000000
v 2.873231 -3.457088 -0.000000
v 2.869015 -3.442641 -0.000000
v 2.866425 -3.427111 -0.000000
v 2.865542 -3.410581 -0.000000
v 2.866350 -3.395203 -0.000000
v 2.868756 -3.380196 -0.000000
v 2.872731 -3.365745 -0.000000
v 2.878248 -3.352034 -0.000000
v 2.885279 -3.339247 -0.000000
v 2.893797 -3.327567 -0.000000
v 2.903773 -3.317180 -0.000000
v 2.915180 -3.308268 -0.000000
v 2.927990 -3.301016 -0.000000
v 2.942175 -3.295609 -0.000000
v 2.957707 -3.292229 -0.000000
v 2.974560 -3.291061 -0.000000
v 2.983789 -3.291239 -0.000000
v 2.992512 -3.291775 -0.000000
v 3.000783 -3.292671 -0.000000
v 3.008658 -3.293932 -0.000000
v 3.016192 -3.295562 -0.000000
v 3.023443 -3.297563 -0.000000
v 3.030463 -3.299938 -0.000000
v 3.037311 -3.302693 -0.000000
v 3.044040 -3.305830 -0.000000
v 3.050706 -3.309351 -0.000000
v 3.057366 -3.313262 -0.000000
v 3.064074 -3.317566 -0.000000
v 2.911050 -3.430584 -0.000000
v 2.912851 -3.439135 -0.000000
v 2.915254 -3.447024 -0.000000
v 2.918254 -3.454236 -0.000000
v 2.921848 -3.460755 -0.000000
v 2.926032 -3.466566 -0.000000
v 2.930803 -3.471653 -0.000000
v 2.936158 -3.476000 -0.000000
v 2.942092 -3.479592 -0.000000
v 2.948603 -3.482412 -0.000000
v 2.955687 -3.484447 -0.000000
v 2.963340 -3.485679 -0.000000
v 2.971560 -3.486093 -0.000000
v 2.979182 -3.485650 -0.000000
v 2.986284 -3.484342 -0.000000
v 2.992844 -3.482202 -0.000000
v 2.998842 -3.479258 -0.000000
v 3.004256 -3.475544 -0.000000
v 3.009065 -3.471090 -0.000000
v 3.013250 -3.465928 -0.000000
v 3.016789 -3.460088 -0.000000
v 3.019661 -3.453603 -0.000000
v 3.021845 -3.446503 -0.000000
v 3.023321 -3.438819 -0.000000
v 3.024068 -3.430584 -0.000000
v 3.295111 -3.520098 -0.000000
v 3.202596 -3.520098 -0.000000
v 3.187956 -3.519490 -0.000000
v 3.174325 -3.517690 -0.000000
v 3.161754 -3.514738 -0.000000
v 3.150292 -3.510671 -0.000000
v 3.139989 -3.505527 -0.000000
v 3.130898 -3.499345 -0.000000
v 3.123066 -3.492162 -0.000000
v 3.116546 -3.484018 -0.000000
v 3.111386 -3.474950 -0.000000
v 3.107639 -3.464997 -0.000000
v 3.105354 -3.454196 -0.000000
v 3.104581 -3.442586 -0.000000
v 3.104664 -3.438512 -0.000000
v 3.104914 -3.434543 -0.000000
v 3.105331 -3.430677 -0.000000
v 3.105914 -3.426917 -0.000000
v 3.106664 -3.423260 -0.000000
v 3.107581 -3.419707 -0.000000
v 3.108665 -3.416259 -0.000000
v 3.109915 -3.412914 -0.000000
v 3.111331 -3.409674 -0.000000
v 3.112916 -3.406538 -0.000000
v 3.114666 -3.403507 -0.000000
v 3.116582 -3.400579 -0.000000
v 3.118791 -3.397631 -0.000000
v 3.121167 -3.394786 -0.000000
v 3.123709 -3.392046 -0.000000
v 3.126418 -3.389410 -0.000000
v 3.129293 -3.386879 -0.000000
v 3.132335 -3.384451 -0.000000
v 3.135544 -3.382128 -0.000000
v 3.138919 -3.379909 -0.000000
v 3.142462 -3.377794 -0.000000
v 3.146171 -3.375783 -0.000000
v 3.150046 -3.373877 -0.000000
v 3.154088 -3.372074 -0.000000
v 3.154088 -3.371074 -0.000000
v 3.148873 -3.369671 -0.000000
v 3.143992 -3.367974 -0.000000
v 3.139469 -3.366003 -0.000000
v 3.135326 -3.363777 -0.000000
v 3.131587 -3.361314 -0.000000
v 3.128272 -3.358635 -0.000000
v 3.125405 -3.355757 -0.000000
v 3.123010 -3.352701 -0.000000
v 3.121107 -3.349485 -0.000000
v 3.119720 -3.346128 -0.000000
v 3.118871 -3.342650 -0.000000
v 3.118583 -3.339069 -0.000000
v 3.118730 -3.336589 -0.000000
v 3.119174 -3.334145 -0.000000
v 3.119919 -3.331732 -0.000000
v 3.120972 -3.329345 -0.000000
v 3.122338 -3.326980 -0.000000
v 3.124021 -3.324629 -0.000000
v 3.126028 -3.322289 -0.000000
v 3.128362 -3.319955 -0.000000
v 3.131030 -3.317620 -0.000000
v 3.134037 -3.315281 -0.000000
v 3.137387 -3.312930 -0.000000
v 3.141087 -3.310565 -0.000000
v 3.131781 -3.307979 -0.000000
v 3.123357 -3.304964 -0.000000
v 3.115801 -3.301508 -0.000000
v 3.109100 -3.297600 -0.000000
v 3.103239 -3.293225 -0.000000
v 3.098205 -3.288373 -0.000000
v 3.093983 -3.283032 -0.000000
v 3.090560 -3.277189 -0.000000
v 3.087922 -3.270832 -0.000000
v 3.086055 -3.263948 -0.000000
v 3.084944 -3.256527 -0.000000
v 3.084578 -3.248555 -0.000000
v 3.085459 -3.238917 -0.000000
v 3.088043 -3.229799 -0.000000
v 3.092243 -3.221261 -0.000000
v 3.097969 -3.213364 -0.000000
v 3.105132 -3.206168 -0.000000
v 3.113645 -3.199734 -0.000000
v 3.123418 -3.194124 -0.000000
v 3.134363 -3.189397 -0.000000
v 3.146392 -3.185615 -0.000000
v 3.159416 -3.182838 -0.000000
v 3.173346 -3.181128 -0.000000
v 3.188094 -3.180544 -0.000000
v 3.204152 -3.181101 -0.000000
v 3.219041 -3.182750 -0.000000
v 3.232718 -3.185459 -0.000000
v 3.245140 -3.189193 -0.000000
v 3.256263 -3.193921 -0.000000
v 3.266044 -3.199609 -0.000000
v 3.274439 -3.206225 -0.000000
v 3.281405 -3.213734 -0.000000
v 3.286899 -3.222105 -0.000000
v 3.290876 -3.231304 -0.000000
v 3.293295 -3.241299 -0.000000
v 3.294111 -3.252055 -0.000000
v 3.293749 -3.259092 -0.000000
v 3.292629 -3.265923 -0.000000
v 3.290704 -3.272511 -0.000000
v 3.287925 -3.278819 -0.000000
v 3.284243 -3.284806 -0.000000
v 3.279609 -3.290436 -0.000000
v 3.273975 -3.295671 -0.000000
v 3.267292 -3.300470 -0.000000
v 3.259511 -3.304798 -0.000000
v 3.250586 -3.308615 -0.000000
v 3.240465 -3.311884 -0.000000
v 3.229101 -3.314565 -0.000000
v 3.218298 -3.316788 -0.000000
v 3.208398 -3.318971 -0.000000
v 3.199409 -3.321136 -0.000000
v 3.191335 -3.323307 -0.000000
v 3.184186 -3.325506 -0.000000
v 3.177968 -3.327755 -0.000000
v 3.172687 -3.330077 -0.000000
v 3.168350 -3.332494 -0.000000
v 3.164965 -3.335030 -0.000000
v 3.162539 -3.337706 -0.000000
v 3.161078 -3.340545 -0.000000
v 3.160590 -3.343570 -0.000000
v 3.161808 -3.349363 -0.000000
v 3.165248 -3.353699 -0.000000
v 3.170591 -3.356892 -0.000000
v 3.177518 -3.359258 -0.000000
v 3.185709 -3.361109 -0.000000
v 3.194845 -3.362761 -0.000000
v 3.204606 -3.364527 -0.000000
v 3.214673 -3.366722 -0.000000
v 3.224725 -3.369660 -0.000000
v 3.234444 -3.373656 -0.000000
v 3.243510 -3.379023 -0.000000
v 3.251604 -3.386077 -0.000000
v 3.254223 -3.388923 -0.000000
v 3.256806 -3.392179 -0.000000
v 3.259316 -3.395797 -0.000000
v 3.261717 -3.399727 -0.000000
v 3.263972 -3.403921 -0.000000
v 3.266044 -3.408330 -0.000000
v 3.267898 -3.412906 -0.000000
v 3.269496 -3.417600 -0.000000
v 3.270802 -3.422364 -0.000000
v 3.271781 -3.427148 -0.000000
v 3.272395 -3.431905 -0.000000
v 3.272607 -3.436585 -0.000000
v 3.272480 -3.441207 -0.000000
v 3.272082 -3.445598 -0.000000
v 3.271397 -3.449798 -0.000000
v 3.270403 -3.453847 -0.000000
v 3.269084 -3.457785 -0.000000
v 3.267419 -3.461651 -0.000000
v 3.265389 -3.465487 -0.000000
v 3.262977 -3.469331 -0.000000
v 3.260160 -3.473223 -0.000000
v 3.256922 -3.477205 -0.000000
v 3.253243 -3.481314 -0.000000
v 3.249104 -3.485593 -0.000000
v 3.295111 -3.485593 -0.000000
v 3.232601 -3.442086 -0.000000
v 3.232233 -3.436111 -0.000000
v 3.231152 -3.430466 -0.000000
v 3.229397 -3.425184 -0.000000
v 3.227008 -3.420304 -0.000000
v 3.224020 -3.415862 -0.000000
v 3.220474 -3.411893 -0.000000
v 3.216407 -3.408435 -0.000000
v 3.211857 -3.405524 -0.000000
v 3.206862 -3.403197 -0.000000
v 3.201462 -3.401489 -0.000000
v 3.195693 -3.400437 -0.000000
v 3.189594 -3.400079 -0.000000
v 3.183036 -3.400418 -0.000000
v 3.176884 -3.401415 -0.000000
v 3.171169 -3.403040 -0.000000
v 3.165924 -3.405265 -0.000000
v 3.161179 -3.408059 -0.000000
v 3.156964 -3.411393 -0.000000
v 3.153313 -3.415238 -0.000000
v 3.150255 -3.419564 -0.000000
v 3.147822 -3.424341 -0.000000
v 3.146046 -3.429540 -0.000000
v 3.144957 -3.435131 -0.000000
v 3.144587 -3.441085 -0.000000
v 3.144995 -3.446505 -0.000000
v 3.146182 -3.451726 -0.000000
v 3.148096 -3.456697 -0.000000
v 3.150681 -3.461367 -0.000000
v 3.153884 -3.465682 -0.000000
v 3.157651 -3.469590 -0.000000
v 3.161930 -3.473040 -0.000000
v 3.166665 -3.475980 -0.000000
v 3.171802 -3.478357 -0.000000
v 3.177289 -3.480119 -0.000000
v 3.183071 -3.481215 -0.000000
v 3.189095 -3.481592 -0.000000
v 3.194888 -3.481225 -0.000000
v 3.200478 -3.480159 -0.000000
v 3.205808 -3.478443 -0.000000
v 3.210820 -3.476128 -0.000000
v 3.215457 -3.473264 -0.000000
v 3.219662 -3.469903 -0.000000
v 3.223377 -3.466093 -0.000000
v 3.226545 -3.461885 -0.000000
v 3.229108 -3.457330 -0.000000
v 3.231010 -3.452478 -0.000000
v 3.232194 -3.447380 -0.000000
v 3.251104 -3.248555 -0.000000
v 3.250629 -3.243608 -0.000000
v 3.249219 -3.239028 -0.000000
v 3.246900 -3.234826 -0.000000
v 3.243695 -3.231015 -0.000000
v 3.239630 -3.227607 -0.000000
v 3.234726 -3.224613 -0.000000
v 3.229011 -3.222047 -0.000000
v 3.222507 -3.219920 -0.000000
v 3.215239 -3.218245 -0.000000
v 3.207232 -3.217033 -0.000000
v 3.198509 -3.216297 -0.000000
v 3.189095 -3.216049 -0.000000
v 3.179355 -3.216299 -0.000000
v 3.170399 -3.217043 -0.000000
v 3.162238 -3.218277 -0.000000
v 3.154885 -3.219995 -0.000000
v 3.148352 -3.222192 -0.000000
v 3.142649 -3.224863 -0.000000
v 3.137791 -3.228004 -0.000000
v 3.133789 -3.231607 -0.000000
v 3.130655 -3.235670 -0.000000
v 3.128402 -3.240185 -0.000000
v 3.127041 -3.245149 -0.000000
v 3.126585 -3.250555 -0.000000
v 3.127015 -3.255426 -0.000000
v 3.128279 -3.260019 -0.000000
v 3.130335 -3.264307 -0.000000
v 3.133141 -3.268261 -0.000000
v 3.136655 -3.271855 -0.000000
v 3.140837 -3.275059 -0.000000
v 3.145643 -3.277846 -0.000000
v 3.151032 -3.280189 -0.000000
v 3.156964 -3.282060 -0.000000
v 3.163396 -3.283431 -0.000000
v 3.170286 -3.284273 -0.000000
v 3.177592 -3.284560 -0.000000
v 3.184816 -3.284396 -0.000000
v 3.192588 -3.283873 -0.000000
v 3.200682 -3.282943 -0.000000
v 3.208875 -3.281560 -0.000000
v 3.216943 -3.279677 -0.000000
v 3.224662 -3.277247 -0.000000
v 3.231809 -3.274223 -0.000000
v 3.238158 -3.270558 -0.000000
v 3.243486 -3.266206 -0.000000
v 3.247569 -3.261119 -0.000000
v 3.250183 -3.255251 -0.000000
v 3.524148 -3.636617 -0.000000
v 3.475140 -3.636617 -0.000000
v 3.475140 -3.295562 -0.000000
v 3.524148 -3.295562 -0.000000
v 3.704677 -3.475091 -0.000000
v 3.853200 -3.636617 -0.000000
v 3.792191 -3.636617 -0.000000
v 3.648668 -3.480592 -0.000000
v 3.648668 -3.636617 -0.000000
v 3.599660 -3.636617 -0.000000
v 3.599660 -3.295562 -0.000000
v 3.648668 -3.295562 -0.000000
v 3.648668 -3.464089 -0.000000
v 3.822196 -3.295562 -0.000000
v 3.889706 -3.295562 -0.000000
l 1186 1187
l 1188 1186
l 1189 1188
l 1187 1189
l 1190 1191
l 1192 1190
l 1193 1192
l 1191 1193
l 1194 1196
l 1195 1194
l 1197 1195
l 1196 1197
l 1199 1198
l 1198 1200
l 1200 1201
l 1201 1199
l 1202 1204
l 1203 1202
l 1205 1203
l 1204 1205
l 1206 1207
l 1207 1208
l 1208 1209
l 1209 1210
l 1210 1211
l 1211 1212
l 1212 1213
l 1213 1206
l 1214 1215
l 1215 1216
l 1216 1214
l 1217 1218
l 1218 1219
l 1219 1220
l 1220 1221
l 1221 1222
l 1222 1223
l 1223 1224
l 1224 1225
l 1225 1226
l 1226 1227
l 1227 1228
l 1228 1229
l 1229 1230
l 1230 1231
l 1231 1232
l 1232 1233
l 1233 1234
l 1234 1235
l 1235 1236
l 1236 1237
l 1237 1238
l 1238 1239
l 1239 1240
l 1240 1241
l 1241 1242
l 1242 1243
l 1243 1244
l 1244 1245
l 1245 1246
l 1246 1247
l 1247 1248
l 1248 1249
l 1249 1250
l 1250 1251
l 1251 1252
l 1252 1253
l 1253 1254
l 1254 1255
l 1255 1256
l 1256 1257
l 1257 1258
l 1258 1259
l 1259 1260
l 1260 1261
l 1261 1262
l 1262 1263
l 1263 1264
l 1264 1265
l 1265 1266
l 1266 1267
l 1267 1268
l 1268 1269
l 1269 1270
l 1270 1271
l 1271 1217
l 1272 1273
l 1273 1274
l 1274 1275
l 1275 1276
l 1276 1277
l 1277 1278
l 1278 1279
l 1279 1280
l 1280 1281
l 1281 1282
l 1282 1283
l 1283 1284
l 1284 1285
l 1285 1286
l 1286 1287
l 1287 1288
l 1288 1289
l 1289 1290
l 1290 1291
l 1291 1292
l 1292 1293
l 1293 1294
l 1294 1295
l 1295 1296
l 1296 1297
l 1297 1298
l 1298 1299
l 1299 1300
l 1300 1301
l 1301 1302
l 1302 1303
l 1303 1304
l 1304 1305
l 1305 1306
l 1306 1307
l 1307 1308
l 1308 1309
l 1309 1310
l 1310 1311
l 1311 1312
l 1312 1313
l 1313 1314
l 1314 1315
l 1315 1316
l 1316 1317
l 1317 1318
l 1318 1319
l 1319 1320
l 1320 1321
l 1321 1322
l 1322 1323
l 1323 1324
l 1324 1325
l 1325 1326
l 1326 1327
l 1327 1328
l 1328 1329
l 1329 1330
l 1330 1331
l 1331 1332
l 1332 1333
l 1333 1334
l 1334 1335
l 1335 1336
l 1336 1337
l 1337 1338
l 1338 1339
l 1339 1340
l 1340 1341
l 1341 1342
l 1342 1343
l 1343 1344
l 1344 1345
l 1345 1346
l 1346 1347
l 1347 1348
l 1348 1349
l 1349 1350
l 1350 1351
l 1351 1352
l 1352 1353
l 1353 1354
l 1354 1355
l 1355 1356
l 1356 1357
l 1357 1358
l 1358 1359
l 1359 1360
l 1360 1361
l 1361 1362
l 1362 1363
l 1363 1364
l 1364 1365
l 1365 1366
l 1366 1367
l 1367 1368
l 1368 1369
l 1369 1370
l 1370 1371
l 1371 1372
l 1372 1373
l 1373 1374
l 1374 1375
l 1375 1376
l 1376 1377
l 1377 1378
l 1378 1272
l 1379 1380
l 1380 1381
l 1381 1382
l 1382 1379
l 1383 1384
l 1384 1385
l 1385 1386
l 1386 1387
l 1387 1388
l 1388 1389
l 1389 1390
l 1390 1391
l 1391 1392
l 1392 1393
l 1393 1383
l 1394 1395
l 1395 1396
l 1396 1397
l 1397 1398
l 1398 1399
l 1399 1394
l 1400 1401
l 1401 1402
l 1402 1403
l 1403 1404
l 1404 1405
l 1405 1406
l 1406 1407
l 1407 1408
l 1408 1409
l 1409 1410
l 1410 1411
l 1411 1412
l 1412 1413
l 1413 1414
l 1414 1415
l 1415 1416
l 1416 1417
l 1417 1418
l 1418 1419
l 1419 1420
l 1420 1421
l 1421 1422
l 1422 1423
l 1423 1424
l 1424 1425
l 1425 1426
l 1426 1427
l 1427 1428
l 1428 1429
l 1429 1430
l 1430 1431
l 1431 1432
l 1432 1433
l 1433 1434
l 1434 1435
l 1435 1436
l 1436 1437
l 1437 1438
l 1438 1439
l 1439 1440
l 1440 1441
l 1441 1442
l 1442 1443
l 1443 1444
l 1444 1445
l 1445 1446
l 1446 1447
l 1447 1448
l 1448 1449
l 1449 1450
l 1450 1451
l 1451 1452
l 1452 1453
l 1453 1454
l 1454 1455
l 1455 1456
l 1456 1457
l 1457 1458
l 1458 1459
l 1459 1460
l 1460 1461
l 1461 1462
l 1462 1463
l 1463 1464
l 1464 1465
l 1465 1466
l 1466 1467
l 1467 1468
l 1468 1469
l 1469 1470
l 1470 1471
l 1471 1472
l 1472 1473
l 1473 1400
l 1474 1475
l 1475 1476
l 1476 1477
l 1477 1478
l 1478 1479
l 1479 1480
l 1480 1481
l 1481 1482
l 1482 1483
l 1483 1484
l 1484 1485
l 1485 1486
l 1486 1487
l 1487 1488
l 1488 1489
l 1489 1490
l 1490 1491
l 1491 1492
l 1492 1493
l 1493 1494
l 1494 1495
l 1495 1496
l 1496 1497
l 1497 1498
l 1498 1474
l 1499 1500
l 1500 1501
l 1501 1502
l 1502 1503
l 1503 1504
l 1504 1505
l 1505 1506
l 1506 1507
l 1507 1508
l 1508 1509
l 1509 1510
l 1510 1511
l 1511 1512
l 1512 1513
l 1513 1514
l 1514 1515
l 1515 1516
l 1516 1517
l 1517 1518
l 1518 1519
l 1519 1520
l 1520 1521
l 1521 1522
l 1522 1523
l 1523 1524
l 1524 1525
l 1525 1526
l 1526 1527
l 1527 1528
l 1528 1529
l 1529 1530
l 1530 1531
l 1531 1532
l 1532 1533
l 1533 1534
l 1534 1535
l 1535 1536
l 1536 1537
l 1537 1538
l 1538 1539
l 1539 1540
l 1540 1541
l 1541 1542
l 1542 1543
l 1543 1544
l 1544 1545
l 1545 1546
l 1546 1547
l 1547 1548
l 1548 1549
l 1549 1550
l 1550 1551
l 1551 1552
l 1552 1553
l 1553 1554
l 1554 1555
l 1555 1556
l 1556 1557
l 1557 1558
l 1558 1559
l 1559 1560
l 1560 1561
l 1561 1562
l 1562 1563
l 1563 1564
l 1564 1565
l 1565 1566
l 1566 1567
l 1567 1568
l 1568 1569
l 1569 1570
l 1570 1571
l 1571 1572
l 1572 1573
l 1573 1574
l 1574 1575
l 1575 1576
l 1576 1577
l 1577 1578
l 1578 1579
l 1579 1580
l 1580 1581
l 1581 1582
l 1582 1583
l 1583 1584
l 1584 1585
l 1585 1586
l 1586 1587
l 1587 1588
l 1588 1589
l 1589 1590
l 1590 1591
l 1591 1592
l 1592 1593
l 1593 1594
l 1594 1595
l 1595 1596
l 1596 1597
l 1597 1598
l 1598 1599
l 1599 1600
l 1600 1601
l 1601 1602
l 1602 1603
l 1603 1604
l 1604 1605
l 1605 1606
l 1606 1607
l 1607 1608
l 1608 1609
l 1609 1610
l 1610 1611
l 1611 1612
l 1612 1613
l 1613 1614
l 1614 1615
l 1615 1616
l 1616 1617
l 1617 1618
l 1618 1619
l 1619 1620
l 1620 1621
l 1621 1622
l 1622 1623
l 1623 1624
l 1624 1625
l 1625 1626
l 1626 1627
l 1627 1628
l 1628 1629
l 1629 1630
l 1630 1631
l 1631 1632
l 1632 1633
l 1633 1634
l 1634 1635
l 1635 1636
l 1636 1637
l 1637 1638
l 1638 1639
l 1639 1640
l 1640 1641
l 1641 1642
l 1642 1643
l 1643 1644
l 1644 1645
l 1645 1646
l 1646 1647
l 1647 1648
l 1648 1649
l 1649 1650
l 1650 1651
l 1651 1652
l 1652 1653
l 1653 1654
l 1654 1655
l 1655 1656
l 1656 1657
l 1657 1658
l 1658 1499
l 1659 1660
l 1660 1661
l 1661 1662
l 1662 1663
l 1663 1664
l 1664 1665
l 1665 1666
l 1666 1667
l 1667 1668
l 1668 1669
l 1669 1670
l 1670 1671
l 1671 1672
l 1672 1673
l 1673 1674
l 1674 1675
l 1675 1676
l 1676 1677
l 1677 1678
l 1678 1679
l 1679 1680
l 1680 1681
l 1681 1682
l 1682 1683
l 1683 1684
l 1684 1685
l 1685 1686
l 1686 1687
l 1687 1688
l 1688 1689
l 1689 1690
l 1690 1691
l 1691 1692
l 1692 1693
l 1693 1694
l 1694 1695
l 1695 1696
l 1696 1697
l 1697 1698
l 1698 1699
l 1699 1700
l 1700 1701
l 1701 1702
l 1702 1703
l 1703 1704
l 1704 1705
l 1705 1706
l 1706 1659
l 1707 1708
l 1708 1709
l 1709 1710
l 1710 1711
l 1711 1712
l 1712 1713
l 1713 1714
l 1714 1715
l 1715 1716
l 1716 1717
l 1717 1718
l 1718 1719
l 1719 1720
l 1720 1721
l 1721 1722
l 1722 1723
l 1723 1724
l 1724 1725
l 1725 1726
l 1726 1727
l 1727 1728
l 1728 1729
l 1729 1730
l 1730 1731
l 1731 1732
l 1732 1733
l 1733 1734
l 1734 1735
l 1735 1736
l 1736 1737
l 1737 1738
l 1738 1739
l 1739 1740
l 1740 1741
l 1741 1742
l 1742 1743
l 1743 1744
l 1744 1745
l 1745 1746
l 1746 1747
l 1747 1748
l 1748 1749
l 1749 1750
l 1750 1751
l 1751 1752
l 1752 1753
l 1753 1754
l 1754 1707
l 1755 1756
l 1756 1757
l 1757 1758
l 1758 1755
l 1759 1760
l 1760 1761
l 1761 1762
l 1762 1763
l 1763 1764
l 1764 1765
l 1765 1766
l 1766 1767
l 1767 1768
l 1768 1769
l 1769 1759
o Hitbox_1_Icosphere.002
v -0.237194 1.503675 -4.996597
v -0.237194 1.503675 -4.996597
v -0.237194 1.503675 -4.996597
v -0.237194 1.503675 -4.996597
v -0.237194 1.503675 -4.996597
v -0.237194 1.503675 -4.996597
v -0.237194 1.503675 -4.996597
v -0.237194 1.503675 -4.996597
v -0.237194 1.503675 -4.996597
v -0.237194 1.503675 -4.996597
v -0.237194 1.503675 -4.996597
v -0.237194 1.503675 -4.996597
v -0.237194 1.503675 -4.996597
v -0.237194 1.503675 -4.996597
v -0.237194 1.503675 -4.996597
v -0.237194 1.503675 -4.996597
v -0.237194 1.503675 -4.996597
v -0.237194 1.503675 -4.996597
v -0.237194 1.503675 -4.996597
v -0.237194 1.503675 -4.996597
v -0.237194 1.503675 -4.996597
v -0.237194 1.503675 -4.996597
v -0.237194 1.503675 -4.996597
v -0.237194 1.503675 -4.996597
v -0.237194 1.503675 -4.996597
v -0.237194 1.503675 -4.996597
v -0.237194 1.503675 -4.996597
v -0.237194 1.503675 -4.996597
v -0.237194 1.503675 -4.996597
v -0.237194 1.503675 -4.996597
v -0.237194 1.503675 -4.996597
v -0.237194 1.503675 -4.996597
v -0.237194 1.503675 -4.996597
v -0.237194 1.503675 -4.996597
v -0.237194 1.503675 -4.996597
v -0.237194 1.503675 -4.996597
v -0.237194 1.503675 -4.996597
v -0.237194 1.503675 -4.996597
v -0.237194 1.503675 -4.996597
v -0.237194 1.503675 -4.996597
v -0.237194 1.503675 -4.996597
v -0.237194 1.503675 -4.996597
l 1782 1770
l 1783 1771
l 1784 1772
l 1785 1771
l 1786 1775
l 1787 1770
l 1788 1773
l 1789 1770
l 1790 1774
l 1791 1775
l 1792 1771
l 1793 1780
l 1794 1772
l 1795 1776
l 1796 1773
l 1797 1777
l 1798 1774
l 1799 1778
l 1800 1775
l 1801 1779
l 1802 1776
l 1803 1777
l 1804 1778
l 1805 1779
l 1806 1780
l 1807 1776
l 1808 1781
l 1809 1777
l 1810 1778
l 1811 1779
l 1772 1782
l 1770 1783
l 1771 1784
l 1775 1785
l 1770 1786
l 1773 1787
l 1772 1788
l 1774 1789
l 1773 1790
l 1774 1791
l 1780 1792
l 1775 1793
l 1776 1794
l 1771 1795
l 1777 1796
l 1772 1797
l 1778 1798
l 1773 1799
l 1779 1800
l 1774 1801
l 1780 1802
l 1776 1803
l 1777 1804
l 1778 1805
l 1779 1806
l 1781 1807
l 1780 1808
l 1781 1809
l 1781 1810
l 1781 1811
l 1808 1811
l 1808 1806
l 1811 1806
l 1811 1810
l 1811 1805
l 1810 1805
l 1810 1809
l 1810 1804
l 1809 1804
l 1809 1807
l 1809 1803
l 1807 1803
l 1807 1808
l 1807 1802
l 1808 1802
l 1793 1806
l 1793 1800
l 1806 1800
l 1801 1805
l 1801 1798
l 1805 1798
l 1799 1804
l 1799 1796
l 1804 1796
l 1797 1803
l 1797 1794
l 1803 1794
l 1795 1802
l 1795 1792
l 1802 1792
l 1800 1801
l 1800 1791
l 1801 1791
l 1798 1799
l 1798 1790
l 1799 1790
l 1796 1797
l 1796 1788
l 1797 1788
l 1794 1795
l 1794 1784
l 1795 1784
l 1792 1793
l 1792 1785
l 1793 1785
l 1786 1791
l 1786 1789
l 1791 1789
l 1789 1790
l 1789 1787
l 1790 1787
l 1787 1788
l 1787 1782
l 1788 1782
l 1785 1786
l 1785 1783
l 1786 1783
l 1782 1784
l 1782 1783
l 1784 1783
o Hitbox_Direction_1_Icosphere.003
v -0.237194 1.503675 -4.996597
v -0.237194 1.503675 -4.996597
v -0.237194 1.503675 -4.996597
v -0.237194 1.503675 -4.996597
v -0.237194 1.503675 -4.996597
v -0.237194 1.503675 -4.996597
v -0.237194 1.503675 -4.996597
v -0.237194 1.503675 -4.996597
v -0.237194 1.503675 -4.996597
v -0.237194 1.503675 -4.996597
v -0.237194 1.503675 -4.996597
v -0.237194 1.503675 -4.996597
v -0.237194 1.503675 -4.996597
v -0.237194 1.503675 -4.996597
v -0.237194 1.503675 -4.996597
v -0.237194 1.503675 -4.996597
v -0.237194 1.503675 -4.996597
v -0.237194 1.503675 -4.996597
v -0.237194 1.503675 -4.996597
v -0.237194 1.503675 -4.996597
v -0.237194 1.503675 -4.996597
v -0.237194 1.503675 -4.996597
v -0.237194 1.503675 -4.996597
v -0.237194 1.503675 -4.996597
v -0.237194 1.503675 -4.996597
v -0.237194 1.503675 -4.996597
v -0.237194 1.503675 -4.996597
v -0.237194 1.503675 -4.996597
v -0.237194 1.503675 -4.996597
v -0.237194 1.503675 -4.996597
v -0.237194 1.503675 -4.996597
v -0.237194 1.503675 -4.996597
v -0.237194 1.503675 -4.996597
v -0.237194 1.503675 -4.996597
v -0.237194 1.503675 -4.996597
v -0.237194 1.503675 -4.996597
v -0.237194 1.503675 -4.996597
v -0.237194 1.503675 -4.996597
v -0.237194 1.503675 -4.996597
v -0.237194 1.503675 -4.996597
v -0.237194 1.503675 -4.996597
v -0.237194 1.503675 -4.996597
l 1824 1812
l 1825 1813
l 1826 1814
l 1827 1813
l 1828 1817
l 1829 1812
l 1830 1815
l 1831 1812
l 1832 1816
l 1833 1817
l 1834 1813
l 1835 1822
l 1836 1814
l 1837 1818
l 1838 1815
l 1839 1819
l 1840 1816
l 1841 1820
l 1842 1817
l 1843 1821
l 1844 1818
l 1845 1819
l 1846 1820
l 1847 1821
l 1848 1822
l 1849 1818
l 1850 1823
l 1851 1819
l 1852 1820
l 1853 1821
l 1814 1824
l 1812 1825
l 1813 1826
l 1817 1827
l 1812 1828
l 1815 1829
l 1814 1830
l 1816 1831
l 1815 1832
l 1816 1833
l 1822 1834
l 1817 1835
l 1818 1836
l 1813 1837
l 1819 1838
l 1814 1839
l 1820 1840
l 1815 1841
l 1821 1842
l 1816 1843
l 1822 1844
l 1818 1845
l 1819 1846
l 1820 1847
l 1821 1848
l 1823 1849
l 1822 1850
l 1823 1851
l 1823 1852
l 1823 1853
l 1850 1853
l 1850 1848
l 1853 1848
l 1853 1852
l 1853 1847
l 1852 1847
l 1852 1851
l 1852 1846
l 1851 1846
l 1851 1849
l 1851 1845
l 1849 1845
l 1849 1850
l 1849 1844
l 1850 1844
l 1835 1848
l 1835 1842
l 1848 1842
l 1843 1847
l 1843 1840
l 1847 1840
l 1841 1846
l 1841 1838
l 1846 1838
l 1839 1845
l 1839 1836
l 1845 1836
l 1837 1844
l 1837 1834
l 1844 1834
l 1842 1843
l 1842 1833
l 1843 1833
l 1840 1841
l 1840 1832
l 1841 1832
l 1838 1839
l 1838 1830
l 1839 1830
l 1836 1837
l 1836 1826
l 1837 1826
l 1834 1835
l 1834 1827
l 1835 1827
l 1828 1833
l 1828 1831
l 1833 1831
l 1831 1832
l 1831 1829
l 1832 1829
l 1829 1830
l 1829 1824
l 1830 1824
l 1827 1828
l 1827 1825
l 1828 1825
l 1824 1826
l 1824 1825
l 1826 1825
o Circle.001
v -0.000000 -0.366598 0.138180
v -0.071520 -0.359554 0.138180
v -0.140291 -0.338693 0.138180
v -0.203671 -0.304815 0.138180
v -0.259224 -0.259224 0.138180
v -0.304816 -0.203671 0.138180
v -0.338693 -0.140291 0.138180
v -0.359554 -0.071520 0.138180
v -0.366599 0.000000 0.138180
v -0.359555 0.071520 0.138180
v -0.338693 0.140291 0.138180
v -0.304816 0.203671 0.138180
v -0.259224 0.259224 0.138180
v -0.203671 0.304816 0.138180
v -0.140291 0.338693 0.138180
v -0.071520 0.359555 0.138180
v 0.000000 0.366599 0.138180
v 0.071520 0.359555 0.138180
v 0.140291 0.338693 0.138180
v 0.203671 0.304816 0.138180
v 0.259224 0.259224 0.138180
v 0.304816 0.203671 0.138180
v 0.338693 0.140291 0.138180
v 0.359554 0.071520 0.138180
v 0.366598 -0.000000 0.138180
v 0.359554 -0.071520 0.138180
v 0.338693 -0.140291 0.138180
v 0.304815 -0.203672 0.138180
v 0.259224 -0.259225 0.138180
v 0.203671 -0.304816 0.138180
v 0.140291 -0.338693 0.138180
v 0.071519 -0.359554 0.138180
l 1855 1854
l 1856 1855
l 1857 1856
l 1858 1857
l 1859 1858
l 1860 1859
l 1861 1860
l 1862 1861
l 1863 1862
l 1864 1863
l 1865 1864
l 1866 1865
l 1867 1866
l 1868 1867
l 1869 1868
l 1870 1869
l 1871 1870
l 1872 1871
l 1873 1872
l 1874 1873
l 1875 1874
l 1876 1875
l 1877 1876
l 1878 1877
l 1879 1878
l 1880 1879
l 1881 1880
l 1882 1881
l 1883 1882
l 1884 1883
l 1885 1884
l 1854 1885
o Cube.001_Cube.006
v 0.313071 -0.539570 0.973374
v -0.272767 -0.539570 0.973374
v 0.313071 -0.539570 0.712451
v -0.272767 -0.539570 0.712451
v 0.313071 0.539570 0.973374
v -0.272767 0.539570 0.973374
v 0.313071 0.539570 0.712451
v -0.272767 0.539570 0.712451
l 1888 1886
l 1886 1887
l 1889 1888
l 1889 1893
l 1893 1892
l 1890 1892
l 1891 1890
l 1891 1887
o Plane.001_Plane.002
v -0.561603 0.447706 0.130313
v 0.561603 0.447706 0.130313
v -0.561603 -0.447706 0.130313
v 0.561603 -0.447706 0.130313
l 1896 1894
l 1894 1895
l 1895 1897
l 1897 1896
o Plane_Plane.001
v -0.200394 0.200394 0.291510
v 0.200394 0.200394 0.291510
v -0.200394 -0.200394 0.291510
v 0.200394 -0.200394 0.291510
v -0.200394 0.200394 0.509250
v 0.200394 0.200394 0.509250
v -0.200394 -0.200394 0.509250
v 0.200394 -0.200394 0.509250
l 1900 1898
l 1898 1899
l 1899 1901
l 1901 1900
l 1904 1902
l 1902 1903
l 1903 1905
l 1905 1904
o Circle
v -0.000000 -0.939668 0.000000
v -0.183320 -0.921613 0.000000
v -0.359596 -0.868140 0.000000
v -0.522052 -0.781306 0.000001
v -0.664446 -0.664446 0.000001
v -0.781306 -0.522052 0.000001
v -0.868141 -0.359595 0.000001
v -0.921613 -0.183320 0.000001
v -0.939669 0.000000 0.000001
v -0.921613 0.183320 0.000001
v -0.868141 0.359596 0.000001
v -0.781306 0.522052 0.000001
v -0.664446 0.664446 0.000001
v -0.522052 0.781306 0.000001
v -0.359596 0.868141 0.000001
v -0.183320 0.921614 0.000001
v 0.000000 0.939669 0.000001
v 0.183321 0.921614 0.000001
v 0.359596 0.868141 0.000001
v 0.522052 0.781306 0.000001
v 0.664446 0.664446 0.000001
v 0.781306 0.522052 0.000001
v 0.868141 0.359595 0.000001
v 0.921613 0.183320 0.000001
v 0.939669 -0.000001 0.000001
v 0.921613 -0.183321 0.000001
v 0.868140 -0.359596 0.000001
v 0.781305 -0.522053 0.000001
v 0.664445 -0.664447 0.000001
v 0.522051 -0.781307 0.000001
v 0.359594 -0.868141 0.000000
v 0.183319 -0.921613 0.000000
l 1907 1906
l 1908 1907
l 1909 1908
l 1910 1909
l 1911 1910
l 1912 1911
l 1913 1912
l 1914 1913
l 1915 1914
l 1916 1915
l 1917 1916
l 1918 1917
l 1919 1918
l 1920 1919
l 1921 1920
l 1922 1921
l 1923 1922
l 1924 1923
l 1925 1924
l 1926 1925
l 1927 1926
l 1928 1927
l 1929 1928
l 1930 1929
l 1931 1930
l 1932 1931
l 1933 1932
l 1934 1933
l 1935 1934
l 1936 1935
l 1937 1936
l 1906 1937
o Plane.003_Plane.004
v 0.200000 0.000000 0.200000
v -0.200000 0.000000 0.200000
v 0.200000 0.000000 -0.200000
v -0.200000 0.000000 -0.200000
l 1940 1938
l 1938 1939
l 1939 1941
l 1941 1940
