# Blender v2.83.5 OBJ File: 'character.blend'
# www.blender.org
mtllib character_000014.mtl
o character
v 0.756700 1.441045 -0.186954
v 0.753673 1.319356 -0.075152
v 0.749488 1.198178 0.049559
v 0.884467 0.734726 0.129056
v 0.856614 0.719760 -0.043204
v 0.835005 0.707420 -0.213862
v 0.916469 0.257050 -0.185209
v 0.820606 0.216832 -0.305338
v 0.731817 0.183948 -0.420714
v 0.455837 1.870945 2.997809
v 0.157252 1.869801 3.006052
v 0.091737 1.506066 0.184455
v 0.630660 1.496878 0.225161
v 0.046391 1.482534 0.062069
v 0.697797 1.561037 -0.021997
v 0.054091 1.575383 -0.078003
v 0.694464 1.422738 0.055966
v 0.038693 1.384184 0.185653
v 0.690831 1.287600 0.136208
v 0.490784 1.940336 1.176384
v 0.112603 1.937780 1.165422
v 0.509932 1.976537 1.378182
v 0.083035 1.974684 1.389035
v 0.497348 1.980963 1.270430
v 0.094729 1.979305 1.273907
v 0.344259 0.223868 -0.491303
v 0.552990 0.233907 0.326847
v 0.426174 -0.284481 0.124170
v 0.351462 -0.285000 -0.127822
v 0.287044 -0.285000 -0.337563
v 0.472381 0.486991 0.413379
v 0.425328 0.555562 -0.476282
v 0.395747 -0.421187 0.195702
v 0.364700 -0.421187 -0.053468
v 0.342346 -0.421187 -0.278999
v 0.542840 -0.505465 0.331244
v 0.528094 -0.505465 -0.024316
v 0.514316 -0.505465 -0.373966
v 0.526790 -1.010132 0.367973
v 0.534629 -1.010132 0.012391
v 0.541912 -1.010132 -0.345184
v 0.411014 -1.265710 0.233539
v 0.419237 -1.265710 0.015836
v 0.427461 -1.265710 -0.201867
v -0.661719 -0.512912 -2.054439
v -0.802563 -0.356493 -1.971613
v 0.699196 0.103032 -0.405862
v 1.067609 -0.130464 -0.432081
v 0.963725 -0.195708 -0.474652
v 0.889931 0.226151 -0.309922
v 0.852554 -0.275954 -0.493936
v 0.780766 0.161594 -0.361048
v 0.738913 -0.301312 -0.285252
v 0.675620 -0.319393 -0.427615
v 0.822520 -0.279032 -0.131782
v 0.645541 0.094606 -0.439075
v 0.953608 -0.171577 -0.539438
v 0.840417 -0.257591 -0.548584
v 1.068661 -0.096182 -0.512703
v 0.861317 0.245667 -0.389074
v 0.742647 0.169050 -0.414005
v 0.931967 -0.144689 -0.615492
v 0.704241 0.180560 -0.464712
v 0.545356 0.205217 -1.841573
v 0.306769 0.488103 -1.697450
v 0.430800 0.529582 -1.629112
v 0.641712 0.255329 -1.751063
v 0.614495 0.260221 -1.822849
v 0.387482 0.535560 -1.686953
v -0.031364 1.442668 0.342092
v 0.012448 0.236709 -0.494140
v 0.048066 0.774042 -0.481966
v -0.040029 0.217863 0.503837
v -0.053826 0.749644 0.499384
v -0.761299 1.183907 -0.049919
v -0.766928 1.307488 0.071413
v -0.780783 1.411061 0.180936
v 0.012695 -0.295365 0.287852
v 0.000000 -0.285000 0.000000
v 0.015984 -0.279650 -0.295786
v -0.013945 1.434010 0.189262
v -0.000365 1.441463 -0.002929
v 0.012836 1.435232 -0.198175
v -0.931499 0.602815 0.081681
v -0.895633 0.587988 -0.104907
v -0.873578 0.593782 -0.267797
v -0.922581 0.013070 0.046015
v -0.872868 -0.032607 -0.130879
v -0.831822 -0.058564 -0.292907
v -0.463208 2.676265 -2.866762
v -0.164512 2.674726 -2.867790
v -0.099864 1.509609 -0.193501
v -0.639839 1.500046 -0.212708
v -0.050228 1.483885 -0.071335
v -0.695104 1.287248 -0.125252
v -0.044426 1.387327 -0.195524
v -0.696304 1.422943 -0.043366
v -0.056561 1.577058 0.069791
v -0.697380 1.559103 0.037020
v -0.540750 1.928997 -1.175881
v -0.162242 1.927665 -1.178192
v -0.539667 2.102440 -1.096443
v -0.560717 2.021775 -1.383459
v -0.133630 2.019595 -1.384977
v -0.550893 1.976626 -1.279278
v -0.148099 1.974784 -1.281015
v -0.549682 2.161073 -1.197714
v -0.051539 0.479582 0.506134
v 0.025022 0.490137 -0.496974
v -0.437888 0.142995 -0.449196
v -0.578728 0.097669 0.394880
v -0.379170 -0.376106 0.170843
v -0.337404 -0.359035 -0.080849
v -0.306183 -0.321821 -0.314137
v -0.555346 0.416237 0.402385
v -0.431751 0.440184 -0.371858
v 0.000433 -0.424438 0.293857
v 0.000000 -0.421187 0.000000
v 0.015145 -0.418172 -0.298231
v -0.370442 -0.462798 0.198750
v -0.343376 -0.454383 -0.051078
v -0.327888 -0.435994 -0.290024
v -0.004507 -0.508277 0.427758
v 0.000000 -0.505465 0.000000
v 0.015555 -0.504035 -0.431710
v -0.539424 -0.534928 0.313188
v -0.514863 -0.527431 -0.044222
v -0.493073 -0.517003 -0.398455
v -0.016319 -1.010132 0.432019
v 0.000000 -1.010132 0.000000
v 0.016319 -1.010132 -0.432019
v -0.542502 -1.015617 0.330477
v -0.527876 -1.013373 -0.026015
v -0.511079 -1.011904 -0.383985
v -0.009938 -1.265710 0.263094
v 0.000000 -1.265710 0.000000
v 0.009938 -1.265710 -0.263094
v -0.427461 -1.265710 0.201867
v -0.419237 -1.265710 -0.015836
v -0.411014 -1.265710 -0.233539
v -0.658016 -0.707610 -1.579746
v -0.440809 -0.658877 -1.539623
v -0.786477 -0.169056 -0.325860
v -1.117089 -0.267916 -0.142768
v -1.088758 -0.324589 -0.259308
v -0.863022 -0.045346 -0.092179
v -1.039247 -0.413578 -0.366564
v -0.806102 -0.115747 -0.211484
v -0.737497 -0.472959 -0.160092
v -0.724357 -0.473760 -0.326928
v -0.780734 -0.472094 0.017606
v -0.738451 -0.180602 -0.362225
v -1.106078 -0.271633 -0.308504
v -1.057927 -0.368231 -0.411192
v -1.145783 -0.199910 -0.197056
v -0.827129 -0.019885 -0.145493
v -0.768071 -0.101703 -0.256266
v -1.118045 -0.206094 -0.367063
v -0.736175 -0.071222 -0.302862
v -1.179496 0.595356 -1.339261
v -0.801624 0.695203 -1.269958
v -0.849703 0.771225 -1.212728
v -1.194139 0.654281 -1.260011
v -1.200841 0.682405 -1.319710
v -0.838419 0.784625 -1.258011
v 0.912506 0.241582 -0.244658
v 0.808571 0.186645 -0.326836
v 0.720596 0.139130 -0.404774
v 0.913591 -0.257948 -0.354762
v 0.817239 -0.309993 -0.432330
v 1.000227 -0.209338 -0.265759
v -0.896749 -0.021706 -0.019064
v -0.843061 -0.082754 -0.166070
v -0.811670 -0.123407 -0.303950
v -0.966003 -0.435996 -0.183136
v -0.928788 -0.481861 -0.320983
v -0.993753 -0.397501 -0.041771
v 0.038144 1.141994 -0.403310
v -0.041751 1.130522 0.415778
v 0.811824 1.004801 0.053725
v 0.794401 1.041345 -0.099793
v 0.782609 1.079246 -0.248681
v -0.850340 0.997315 0.193799
v -0.821476 0.943138 0.036902
v -0.806170 0.898985 -0.117965
v 0.780933 0.715533 -0.385029
v 0.804872 0.704000 -0.353844
v 0.665617 0.117769 -0.535504
v 0.643883 0.184323 -0.550492
v 0.675887 0.180521 -0.531667
v 0.882204 0.744499 0.281673
v 0.847707 0.746236 0.334043
v 0.990415 0.231210 -0.045529
v 0.968953 0.270252 -0.041882
v 0.951274 0.267173 0.027887
v 0.724931 1.463538 -0.322359
v 0.710311 1.564937 -0.265216
v 0.759551 1.517330 -0.282643
v 0.638889 -0.269936 -0.526182
v 0.610820 -0.302130 -0.522948
v 0.572940 -0.260764 -0.536533
v 0.745930 1.126121 0.175233
v 0.703650 1.133861 0.225191
v 0.890986 -0.259138 0.011960
v 0.956764 -0.197652 -0.003870
v 0.878512 -0.217840 0.069944
v 0.421444 1.738237 2.955587
v 0.456060 1.772731 2.992408
v 0.190815 2.010308 2.976759
v 0.157029 1.967908 3.011448
v 0.420823 2.010339 2.970376
v 0.455615 1.969025 3.003203
v 0.191451 1.736643 2.961910
v 0.157474 1.771515 3.000647
v 0.120771 1.306669 0.344726
v 0.087149 1.298058 0.300070
v 0.601170 1.243557 0.312051
v 0.627775 1.282973 0.323470
v 0.586605 1.272918 0.366149
v 0.609677 1.741480 0.055396
v 0.593680 1.767271 0.131613
v 0.633480 1.718686 0.121986
v 0.126291 1.717094 -0.068088
v 0.099081 1.726300 0.010086
v 0.135637 1.767130 0.025430
v 0.461166 2.111163 1.069695
v 0.457556 2.144787 1.149853
v 0.491919 2.083888 1.121626
v 0.149218 2.135062 1.046000
v 0.114023 2.112087 1.098448
v 0.143571 2.166656 1.133501
v 0.145069 1.724949 1.203011
v 0.140401 1.748346 1.258309
v 0.110682 1.766843 1.229869
v 0.457758 1.749117 1.207205
v 0.489310 1.799283 1.229564
v 0.455015 1.774800 1.257289
v 0.472458 2.188994 1.419901
v 0.509496 2.152971 1.383108
v 0.469664 2.191057 1.341132
v 0.119409 2.215233 1.426815
v 0.121829 2.217631 1.341627
v 0.082450 2.185083 1.392300
v 0.120187 1.736387 1.417236
v 0.083129 1.767744 1.383190
v 0.122086 1.744474 1.355258
v 0.473085 1.764397 1.409405
v 0.469833 1.773071 1.348479
v 0.510026 1.802551 1.373727
v 0.465330 2.186325 1.290703
v 0.497647 2.141240 1.254324
v 0.459603 2.166493 1.203061
v 0.126696 2.211422 1.283886
v 0.136604 2.188585 1.188686
v 0.095334 2.170262 1.243388
v 0.126226 1.751814 1.323900
v 0.094357 1.786446 1.293912
v 0.134419 1.754863 1.279449
v 0.464957 1.779902 1.318243
v 0.457985 1.782322 1.276497
v 0.497034 1.820704 1.287987
v 0.482734 -0.210439 0.321179
v 0.467977 -0.252980 0.286310
v 0.250726 -0.216354 -0.511721
v 0.250906 -0.257740 -0.481896
v -0.628615 -0.492431 -1.935518
v -0.646919 -0.528494 -1.989657
v -0.721754 -0.388831 -1.880813
v -0.784107 -0.376133 -1.908997
v -0.642289 -0.403477 -2.126861
v -0.655786 -0.473166 -2.109266
v -0.735414 -0.299909 -2.072108
v -0.792987 -0.320801 -2.028570
v 0.648076 0.022772 -0.483437
v 0.671964 0.059228 -0.499151
v 0.678030 0.079582 -0.462089
v 1.013460 0.218448 -0.136219
v 1.017766 0.234631 -0.242392
v 0.981559 0.243398 -0.213627
v 1.098775 -0.112911 -0.223072
v 1.113422 -0.124054 -0.319562
v 1.135603 -0.063400 -0.333541
v 0.725101 -0.272223 -0.524521
v 0.771259 -0.300308 -0.505117
v 0.731853 -0.279565 -0.496128
v 0.995460 0.282486 -0.372561
v 0.966783 0.322044 -0.483002
v 0.917269 0.343983 -0.429430
v 1.151358 0.006038 -0.474316
v 1.158259 -0.014753 -0.579868
v 1.141605 0.058313 -0.590584
v 0.511125 0.047608 -0.480388
v 0.523962 -0.000575 -0.535387
v 0.572212 -0.004535 -0.490598
v 0.704002 -0.261855 -0.568011
v 0.685005 -0.240283 -0.627812
v 0.738417 -0.289196 -0.612009
v 0.315365 0.548804 -1.918289
v 0.317325 0.578081 -1.869438
v 0.400209 0.595283 -1.883397
v 0.498377 0.332497 -2.030282
v 0.581703 0.379082 -1.993252
v 0.546835 0.306058 -2.010476
v 0.304367 0.339977 -1.532967
v 0.340945 0.375150 -1.547851
v 0.308843 0.397770 -1.535211
v 0.541459 0.126510 -1.673115
v 0.523839 0.159170 -1.656055
v 0.489283 0.124081 -1.642891
v 0.306424 0.414754 -1.606038
v 0.327749 0.384338 -1.605868
v 0.317656 0.359254 -1.582103
v 0.477496 0.150233 -1.678170
v 0.494435 0.174961 -1.704744
v 0.508699 0.151313 -1.727263
v 0.624454 0.626801 -1.642842
v 0.561789 0.636850 -1.744639
v 0.562218 0.639080 -1.658356
v 0.770820 0.376511 -1.771877
v 0.731202 0.427929 -1.840349
v 0.789969 0.417137 -1.732303
v 0.445004 0.631103 -1.799460
v 0.535596 0.634830 -1.776059
v 0.427893 0.606315 -1.867098
v 0.607027 0.391439 -1.975245
v 0.707160 0.424967 -1.874526
v 0.663099 0.365383 -1.931197
v 0.338099 0.434784 -1.580325
v 0.344916 0.382091 -1.558830
v 0.336787 0.389135 -1.598180
v 0.506586 0.178936 -1.698617
v 0.525454 0.167408 -1.665267
v 0.559082 0.169702 -1.709014
v -0.839806 0.595818 -0.434027
v -0.799509 0.607042 -0.471305
v -0.806881 -0.098940 -0.453939
v -0.813062 -0.035117 -0.430373
v -0.783107 -0.015550 -0.460064
v -0.912139 0.630041 0.290373
v -0.942588 0.620027 0.239886
v -0.967918 -0.007702 0.200275
v -0.940665 0.044174 0.257761
v -0.959524 0.038800 0.202763
v -0.716818 1.078187 -0.219579
v -0.755293 1.098384 -0.168590
v -0.701494 1.117434 -0.203214
v -0.759135 -0.433157 -0.461605
v -0.674410 -0.400898 -0.473372
v -0.702806 -0.447205 -0.449147
v -0.760593 1.461669 0.299795
v -0.797711 1.459830 0.279269
v -0.800888 -0.423927 0.234358
v -0.883546 -0.413890 0.193034
v -0.813570 -0.468110 0.178091
v 0.014416 -0.233955 0.490102
v 0.018812 -0.274152 0.453991
v 0.074868 1.504397 -0.290184
v 0.029216 1.414018 -0.340628
v -0.028845 1.403635 -0.314129
v 0.023414 1.440112 -0.293582
v 0.002795 -0.241684 -0.460344
v -0.002547 -0.198442 -0.493486
v -0.428768 2.786845 -2.780285
v -0.462598 2.766936 -2.827666
v -0.200380 2.534830 -2.889333
v -0.165119 2.584502 -2.906694
v -0.430450 2.536658 -2.888209
v -0.463815 2.586067 -2.905656
v -0.198685 2.786347 -2.780820
v -0.163902 2.765390 -2.828697
v -0.141791 1.763432 -0.020576
v -0.108978 1.715538 0.059439
v -0.615466 1.738620 -0.036118
v -0.636701 1.762960 -0.117754
v -0.614092 1.240751 -0.305998
v -0.640732 1.284069 -0.314969
v -0.601630 1.270556 -0.361481
v -0.116297 1.298798 -0.314089
v -0.134522 1.299786 -0.357897
v -0.096938 1.305130 -0.318114
v -0.509513 1.737431 -1.222684
v -0.541643 1.789077 -1.240061
v -0.509472 1.764495 -1.289738
v -0.196998 1.713262 -1.232415
v -0.195027 1.738887 -1.302838
v -0.163326 1.757482 -1.256280
v -0.161182 2.098636 -1.099864
v -0.196785 2.128535 -1.086069
v -0.524275 1.839931 -1.501073
v -0.523282 1.813292 -1.435585
v -0.561810 1.859999 -1.453492
v -0.171400 1.813419 -1.513143
v -0.134935 1.827258 -1.468388
v -0.175572 1.786381 -1.448177
v -0.168435 2.255307 -1.321633
v -0.172563 2.225719 -1.256314
v -0.132349 2.212618 -1.301378
v -0.521641 2.232269 -1.331145
v -0.556478 2.185184 -1.273264
v -0.519587 1.800269 -1.395638
v -0.513283 1.778224 -1.329022
v -0.551886 1.825492 -1.345986
v -0.180902 1.773940 -1.408520
v -0.149283 1.793401 -1.361755
v -0.189811 1.752103 -1.342124
v -0.182517 2.187097 -1.187123
v -0.146903 2.156893 -1.200598
v -0.402781 -0.363066 0.340238
v -0.422864 -0.325665 0.378484
v -0.299410 -0.291178 -0.462212
v -0.311076 -0.252823 -0.489656
v -0.651659 -0.662251 -1.461709
v -0.666605 -0.707761 -1.512035
v -0.507968 -0.629829 -1.435254
v -0.455037 -0.660293 -1.472969
v -0.626066 -0.609552 -1.664448
v -0.650470 -0.675199 -1.639021
v -0.482391 -0.577154 -1.637936
v -0.438882 -0.627734 -1.599922
v -0.807612 -0.173877 -0.410547
v -0.814346 -0.176949 -0.446044
v -0.797304 -0.227782 -0.452884
v -0.979375 -0.037772 0.112885
v -0.945773 -0.023732 0.028047
v -0.967604 -0.023458 0.031340
v -1.060223 -0.319296 0.051230
v -1.115859 -0.241898 -0.014256
v -1.100215 -0.303030 -0.024086
v -0.951037 -0.433952 -0.474537
v -0.924945 -0.458593 -0.446823
v -0.984364 -0.454686 -0.433903
v -0.922876 0.042825 -0.048187
v -0.828579 0.095474 -0.105444
v -0.896527 0.114620 -0.125930
v -1.156754 -0.117014 -0.093771
v -1.173619 -0.014204 -0.171523
v -1.210928 -0.076641 -0.169157
v -0.740173 -0.259754 -0.485069
v -0.712280 -0.235120 -0.531108
v -0.661571 -0.227014 -0.481826
v -0.962888 -0.398716 -0.515213
v -1.026866 -0.382057 -0.530167
v -0.971923 -0.344277 -0.563819
v -0.818360 0.734872 -1.476285
v -0.855098 0.818413 -1.420182
v -0.793009 0.761140 -1.436387
v -1.108352 0.659558 -1.531058
v -1.157184 0.666132 -1.505890
v -1.143243 0.741402 -1.472104
v -0.854226 0.595153 -1.100178
v -0.824566 0.640993 -1.109358
v -0.866263 0.654215 -1.134766
v -1.145174 0.520745 -1.151290
v -1.155109 0.577729 -1.183843
v -1.190315 0.547580 -1.173141
v -0.832647 0.599352 -1.292267
v -0.849260 0.658265 -1.272817
v -0.805829 0.652573 -1.296424
v -1.094681 0.511640 -1.332589
v -1.137422 0.541506 -1.347735
v -1.118644 0.574891 -1.314942
v -0.904066 0.890983 -1.132883
v -0.929554 0.906835 -1.213995
v -0.950984 0.883084 -1.095395
v -1.216379 0.795271 -1.124838
v -1.200319 0.824540 -1.250573
v -1.238859 0.782158 -1.170937
v -0.868410 0.840852 -1.393755
v -0.918192 0.901310 -1.257785
v -0.854166 0.868481 -1.324288
v -1.153483 0.763120 -1.444143
v -1.203237 0.769390 -1.384882
v -1.191937 0.820428 -1.297524
v -0.856296 0.670006 -1.247799
v -0.867126 0.665477 -1.155650
v -0.833854 0.702574 -1.195511
v -1.129135 0.588332 -1.291032
v -1.184387 0.604849 -1.250605
v -1.152903 0.588234 -1.203120
v 0.665574 0.115382 -0.536650
v 0.680390 0.124324 -0.486472
v 0.673233 0.060952 -0.496021
v 0.684615 -0.278240 -0.502203
v 0.719695 -0.282539 -0.492060
v 0.736575 -0.315473 -0.479158
v 0.984096 0.258218 -0.127449
v 0.993329 0.231205 -0.046674
v 1.010355 0.217517 -0.135556
v 1.067195 -0.139114 -0.151905
v 1.011660 -0.171629 -0.068913
v 1.037482 -0.192161 -0.146992
v -0.807553 -0.101883 -0.456370
v -0.814009 -0.175251 -0.441499
v -0.812327 -0.114934 -0.414337
v -0.824871 -0.456378 -0.445015
v -0.883429 -0.491078 -0.413216
v -0.888386 -0.466571 -0.441352
v -0.977183 -0.038318 0.112196
v -0.969870 -0.008429 0.200001
v -0.956440 0.004167 0.117774
v -1.014644 -0.353058 0.100108
v -0.983963 -0.399692 0.088598
v -0.946313 -0.388889 0.153584
v 0.775079 0.978449 0.242217
v 0.812425 0.977118 0.190858
v 0.770074 1.111879 -0.372327
v 0.738430 1.119258 -0.392794
v -0.867660 1.040828 0.322819
v -0.835077 1.054422 0.356325
v -0.749793 0.885092 -0.301242
v -0.789551 0.873511 -0.260320
vt 0.618418 0.750000
vt 0.547996 0.750000
vt 0.547994 0.750000
vt 0.618285 0.750000
vt 0.541667 0.562500
vt 0.541667 0.512151
vt 0.541667 0.513846
vt 0.541667 0.562500
vt 0.541667 0.625000
vt 0.541667 0.518437
vt 0.541667 0.544499
vt 0.541667 0.625000
vt 0.416667 0.755722
vt 0.458333 0.755033
vt 0.458333 0.875000
vt 0.416667 0.875000
vt 0.500000 0.812500
vt 0.541667 0.812500
vt 0.541667 0.875000
vt 0.500000 0.875000
vt 0.616899 0.750000
vt 0.549754 0.750000
vt 0.554884 0.750000
vt 0.611756 0.750000
vt 0.687500 0.687500
vt 0.750000 0.687500
vt 0.750000 0.739236
vt 0.687500 0.738904
vt 0.416667 0.511914
vt 0.458333 0.511937
vt 0.458333 0.562500
vt 0.416667 0.562500
vt 0.541667 0.755032
vt 0.618846 0.812500
vt 0.618844 0.875000
vt 0.687500 0.625000
vt 0.687500 0.562500
vt 0.687500 0.562500
vt 0.687500 0.625000
vt 0.547615 0.500000
vt 0.618777 0.500000
vt 0.618665 0.500000
vt 0.547612 0.500000
vt 0.458333 0.625000
vt 0.416667 0.625000
vt 0.458333 0.687500
vt 0.416667 0.687500
vt 0.541667 0.625000
vt 0.541667 0.511263
vt 0.541667 0.519595
vt 0.541667 0.625000
vt 0.541667 0.734463
vt 0.541667 0.687500
vt 0.541667 0.687500
vt 0.541667 0.738768
vt 0.416667 0.375000
vt 0.458333 0.375000
vt 0.458333 0.494978
vt 0.416667 0.494291
vt 0.500000 0.437500
vt 0.500000 0.375000
vt 0.541667 0.625000
vt 0.323100 0.437553
vt 0.369848 0.494495
vt 0.360884 0.499526
vt 0.265660 0.498923
vt 0.541667 0.687500
vt 0.541667 0.737844
vt 0.458333 0.738057
vt 0.375000 0.756799
vt 0.375000 0.868512
vt 0.375000 0.867265
vt 0.375000 0.757723
vt 0.375000 0.625000
vt 0.375000 0.733574
vt 0.375000 0.725966
vt 0.375000 0.625000
vt 0.375000 0.625000
vt 0.375000 0.728629
vt 0.375000 0.716275
vt 0.375000 0.625000
vt 0.375000 0.727386
vt 0.375000 0.625000
vt 0.000000 0.000000
vt 0.000000 0.000000
vt 0.000000 0.000000
vt 0.000000 0.000000
vt 0.111084 0.230305
vt 0.250000 0.533533
vt 0.250000 0.625000
vt 0.111084 0.277711
vt 0.369848 0.755505
vt 0.323101 0.812448
vt 0.265659 0.751075
vt 0.360883 0.750473
vt 0.380988 0.756170
vt 0.379291 0.875000
vt 0.000000 0.000000
vt 0.000000 0.000000
vt 0.000000 0.000000
vt 0.000000 0.000000
vt 0.250000 0.716302
vt 0.000000 0.000000
vt 0.000000 0.000000
vt 0.375000 0.375000
vt 0.375000 0.493405
vt 0.375000 0.492227
vt 0.375000 0.378402
vt 0.375000 0.625000
vt 0.375000 0.687500
vt 0.375000 0.687500
vt 0.375000 0.625000
vt -0.002465 -0.006174
vt 0.091560 0.190487
vt 0.091560 0.228899
vt 0.375000 0.516410
vt 0.375000 0.524000
vt 0.375000 0.562500
vt 0.375000 0.562500
vt 0.111084 0.325064
vt 0.091560 0.267227
vt 0.625000 0.565471
vt 0.625000 0.511656
vt 0.687500 0.511100
vt 0.375000 0.521311
vt 0.375000 0.533599
vt 0.373837 0.384699
vt 0.374632 0.491827
vt 0.371300 0.492421
vt 0.334470 0.426803
vt 0.000000 0.000000
vt 0.374633 0.758175
vt 0.373835 0.865298
vt 0.334475 0.823202
vt 0.371302 0.757582
vt 0.375000 0.522568
vt 0.101322 0.210413
vt 0.101322 0.253305
vt 0.327389 0.433478
vt 0.370451 0.493735
vt 0.370413 0.493926
vt 0.325607 0.435106
vt 0.101322 0.296131
vt 0.541667 0.375000
vt 0.618805 0.375000
vt 0.618808 0.437500
vt 0.541667 0.437500
vt 0.370451 0.756264
vt 0.327389 0.816522
vt 0.325608 0.814894
vt 0.370413 0.756074
vt 0.370617 0.757104
vt 0.332104 0.820561
vt 0.330328 0.818958
vt 0.370574 0.756888
vt 0.332104 0.429439
vt 0.370617 0.492896
vt 0.370574 0.493112
vt 0.330328 0.431042
vt 0.541667 0.494979
vt 0.625000 0.687500
vt 0.625000 0.625000
vt 0.541667 0.687500
vt 0.541667 0.736149
vt 0.625000 0.513053
vt 0.625000 0.563986
vt 0.416667 0.738079
vt 0.750000 0.510770
vt 0.750000 0.562500
vt 0.750000 0.562500
vt 0.750000 0.562500
vt 0.687500 0.562500
vt 0.687500 0.687500
vt 0.750000 0.687500
vt 0.687500 0.625000
vt 0.687500 0.562500
vt 0.687500 0.625000
vt 0.687500 0.687500
vt 0.750000 0.687500
vt 0.687500 0.687500
vt 0.687500 0.625000
vt 0.687500 0.687500
vt 0.750000 0.687500
vt 0.750000 0.562500
vt 0.687500 0.562500
vt 0.750000 0.562500
vt 0.750000 0.625000
vt 0.750000 0.687500
vt 0.541667 0.705829
vt 0.541667 0.731548
vt 0.625000 0.731504
vt 0.625000 0.705847
vt 0.625000 0.625000
vt 0.625000 0.625000
vt 0.541667 0.730388
vt 0.541667 0.738990
vt 0.541667 0.625000
vt 0.541667 0.625000
vt 0.548527 0.500000
vt 0.618284 0.500000
vt 0.618143 0.500000
vt 0.548480 0.500000
vt 0.541667 0.562500
vt 0.541667 0.625000
vt 0.541667 0.562500
vt 0.541667 0.511195
vt 0.617446 0.750000
vt 0.549213 0.750000
vt 0.549253 0.750000
vt 0.617406 0.750000
vt 0.548728 0.500000
vt 0.617930 0.500000
vt 0.617896 0.500000
vt 0.548762 0.500000
vt 0.541667 0.515532
vt 0.625000 0.625000
vt 0.625000 0.687500
vt 0.625000 0.687500
vt 0.625000 0.625000
vt 0.625000 0.737706
vt 0.625000 0.735758
vt 0.625000 0.733698
vt 0.625000 0.735940
vt 0.625000 0.687500
vt 0.617871 0.750000
vt 0.549053 0.750000
vt 0.548979 0.750000
vt 0.617712 0.750000
vt 0.625000 0.625000
vt 0.625000 0.562500
vt 0.625000 0.562500
vt 0.625000 0.514892
vt 0.541667 0.511496
vt 0.625000 0.544481
vt 0.625000 0.519632
vt 0.625000 0.511013
vt 0.625000 0.625000
vt 0.625000 0.625000
vt 0.625000 0.518487
vt 0.549708 0.500000
vt 0.617007 0.500000
vt 0.617051 0.500000
vt 0.549663 0.500000
vt 0.625000 0.738246
vt 0.625000 0.730357
vt 0.617007 0.750000
vt 0.549707 0.750000
vt 0.549663 0.750000
vt 0.617051 0.750000
vt 0.625000 0.730945
vt 0.625000 0.625000
vt 0.549754 0.500000
vt 0.616900 0.500000
vt 0.611755 0.500000
vt 0.554886 0.500000
vt 0.541667 0.625000
vt 0.541666 0.730980
vt 0.625000 0.519046
vt 0.541667 0.519004
vt 0.625000 0.510886
vt 0.548907 0.500000
vt 0.617755 0.500000
vt 0.616650 0.500000
vt 0.550011 0.500000
vt 0.625000 0.737978
vt 0.541667 0.739083
vt 0.617302 0.750000
vt 0.549363 0.750000
vt 0.550060 0.750000
vt 0.616604 0.750000
vt 0.458333 0.755033
vt 0.500000 0.812500
vt 0.550035 0.500000
vt 0.616680 0.500000
vt 0.616728 0.500000
vt 0.549987 0.500000
vt 0.616680 0.750000
vt 0.550035 0.750000
vt 0.549987 0.750000
vt 0.616728 0.750000
vt 0.416667 0.755722
vt 0.541667 0.562500
vt 0.541667 0.562500
vt 0.541667 0.513990
vt 0.541667 0.512312
vt 0.541667 0.625000
vt 0.541667 0.625000
vt 0.541667 0.544499
vt 0.541667 0.518437
vt 0.458333 0.687500
vt 0.458333 0.738057
vt 0.541667 0.737844
vt 0.541667 0.687500
vt 0.541667 0.812500
vt 0.375000 0.533246
vt 0.250000 0.533254
vt 0.250000 0.625000
vt 0.375000 0.625000
vt 0.687500 0.687500
vt 0.687500 0.738904
vt 0.500000 0.437500
vt 0.458333 0.494978
vt 0.541667 0.755032
vt 0.000000 0.000000
vt 0.000000 0.000000
vt 0.000000 0.000000
vt 0.000000 0.000000
vt 0.000000 0.000000
vt 0.000000 0.000000
vt 0.687500 0.625000
vt 0.687500 0.625000
vt 0.687500 0.562500
vt 0.687500 0.562500
vt 0.547615 0.500000
vt 0.547612 0.500000
vt 0.618665 0.500000
vt 0.618777 0.500000
vt 0.416667 0.562500
vt 0.416667 0.625000
vt 0.458333 0.625000
vt 0.458333 0.562500
vt 0.416667 0.687500
vt 0.541667 0.625000
vt 0.541667 0.625000
vt 0.541667 0.519595
vt 0.541667 0.511358
vt 0.541667 0.734463
vt 0.541667 0.738768
vt 0.541667 0.687500
vt 0.541667 0.687500
vt 0.416667 0.494291
vt 0.541667 0.494979
vt 0.541667 0.437500
vt 0.541667 0.625000
vt 0.323100 0.437553
vt 0.265660 0.498923
vt 0.360884 0.499526
vt 0.369848 0.494495
vt 0.618418 0.750000
vt 0.618284 0.750000
vt 0.547994 0.750000
vt 0.547996 0.750000
vt 0.375000 0.756799
vt 0.375000 0.757723
vt 0.375000 0.867265
vt 0.375000 0.868512
vt 0.375000 0.625000
vt 0.375000 0.625000
vt 0.375000 0.725966
vt 0.375000 0.733574
vt 0.375000 0.625000
vt 0.375000 0.716275
vt 0.375000 0.728629
vt 0.375000 0.625000
vt 0.375000 0.727386
vt 0.618846 0.812500
vt 0.111084 0.230250
vt 0.111084 0.277711
vt 0.369848 0.755505
vt 0.360883 0.750473
vt 0.265659 0.751075
vt 0.323101 0.812448
vt 0.380988 0.756170
vt 0.000000 0.000000
vt 0.000000 0.000000
vt 0.250000 0.716302
vt 0.000000 0.000000
vt 0.375000 0.378401
vt 0.375000 0.492227
vt 0.375000 0.493405
vt 0.375000 0.625000
vt 0.375000 0.625000
vt 0.375000 0.687500
vt 0.375000 0.687500
vt -0.002467 -0.006178
vt 0.000000 0.000000
vt 0.091560 0.228899
vt 0.091560 0.190450
vt 0.373838 0.384736
vt 0.333549 0.428270
vt 0.375000 0.500000
vt 0.375015 0.500192
vt 0.375000 0.562500
vt 0.375000 0.562500
vt 0.111084 0.325064
vt 0.374633 0.758175
vt 0.371302 0.757582
vt 0.334475 0.823202
vt 0.373835 0.865298
vt 0.687500 0.511100
vt 0.625000 0.511656
vt 0.625000 0.565471
vt 0.375000 0.511374
vt 0.375000 0.500124
vt 0.375000 0.500381
vt 0.091560 0.267227
vt 0.375000 0.500000
vt 0.375000 0.509421
vt 0.101322 0.210368
vt 0.101322 0.253305
vt 0.328843 0.432270
vt 0.325598 0.435093
vt 0.375175 0.500236
vt 0.101322 0.296131
vt 0.616899 0.750000
vt 0.611756 0.750000
vt 0.554884 0.750000
vt 0.549754 0.750000
vt 0.370617 0.757104
vt 0.370574 0.756888
vt 0.330328 0.818958
vt 0.332104 0.820560
vt 0.416667 0.512140
vt 0.458333 0.512122
vt 0.370451 0.756264
vt 0.370413 0.756074
vt 0.325608 0.814894
vt 0.327389 0.816522
vt 0.625000 0.625000
vt 0.625000 0.687500
vt 0.541667 0.736149
vt 0.541667 0.687500
vt 0.625000 0.513053
vt 0.625000 0.563986
vt 0.416667 0.738079
vt 0.000000 0.000000
vt 0.000000 0.000000
vt 0.000000 0.000000
vt 0.687500 0.562500
vt 0.687500 0.687500
vt 0.000000 0.000000
vt 0.687500 0.625000
vt 0.687500 0.625000
vt 0.687500 0.562500
vt 0.000000 0.000000
vt 0.000000 0.000000
vt 0.000000 0.000000
vt 0.687500 0.687500
vt 0.687500 0.687500
vt 0.687500 0.687500
vt 0.687500 0.625000
vt 0.000000 0.000000
vt 0.000000 0.000000
vt 0.000000 0.000000
vt 0.687500 0.562500
vt 0.000000 0.000000
vt 0.541667 0.731548
vt 0.541667 0.705829
vt 0.625000 0.731504
vt 0.625000 0.625000
vt 0.625000 0.625000
vt 0.625000 0.705847
vt 0.541667 0.738990
vt 0.541667 0.730388
vt 0.541667 0.625000
vt 0.541667 0.625000
vt 0.548527 0.500000
vt 0.548480 0.500000
vt 0.618143 0.500000
vt 0.618284 0.500000
vt 0.541667 0.562500
vt 0.541667 0.625000
vt 0.541667 0.511289
vt 0.541667 0.562500
vt 0.617871 0.750000
vt 0.617712 0.750000
vt 0.548979 0.750000
vt 0.549053 0.750000
vt 0.541667 0.511592
vt 0.541667 0.515667
vt 0.548728 0.500000
vt 0.548762 0.500000
vt 0.617896 0.500000
vt 0.617930 0.500000
vt 0.625000 0.625000
vt 0.618808 0.437500
vt 0.625000 0.687500
vt 0.625000 0.625000
vt 0.625000 0.687500
vt 0.625000 0.737706
vt 0.625000 0.735758
vt 0.625000 0.687500
vt 0.625000 0.735940
vt 0.625000 0.733698
vt 0.625000 0.625000
vt 0.625000 0.562500
vt 0.625000 0.562500
vt 0.617446 0.750000
vt 0.617406 0.750000
vt 0.549253 0.750000
vt 0.549213 0.750000
vt 0.625000 0.514892
vt 0.625000 0.544481
vt 0.625000 0.519632
vt 0.625000 0.625000
vt 0.625000 0.625000
vt 0.625000 0.511013
vt 0.625000 0.518487
vt 0.549708 0.500000
vt 0.549663 0.500000
vt 0.617051 0.500000
vt 0.617007 0.500000
vt 0.625000 0.738246
vt 0.625000 0.730357
vt 0.617007 0.750000
vt 0.617051 0.750000
vt 0.549663 0.750000
vt 0.549707 0.750000
vt 0.625000 0.730945
vt 0.625000 0.625000
vt 0.549754 0.500000
vt 0.554886 0.500000
vt 0.611755 0.500000
vt 0.616900 0.500000
vt 0.541666 0.730980
vt 0.541667 0.625000
vt 0.625000 0.519046
vt 0.541667 0.519004
vt 0.625000 0.510886
vt 0.548907 0.500000
vt 0.550011 0.500000
vt 0.616650 0.500000
vt 0.617755 0.500000
vt 0.625000 0.737978
vt 0.541667 0.739083
vt 0.617302 0.750000
vt 0.616604 0.750000
vt 0.550060 0.750000
vt 0.549363 0.750000
vt 0.550035 0.500000
vt 0.549987 0.500000
vt 0.616728 0.500000
vt 0.616680 0.500000
vt 0.616680 0.750000
vt 0.616728 0.750000
vt 0.549987 0.750000
vt 0.550035 0.750000
vt 0.625000 0.511271
vt 0.619191 0.494352
vt 0.375000 0.738143
vt 0.618885 0.755688
vt 0.625000 0.511271
vt 0.619191 0.494352
vt 0.375000 0.738143
vt 0.618885 0.755688
vt 0.375000 0.512132
vt 0.375000 0.498819
vt 0.375000 0.735890
vt 0.375000 0.514096
vt 0.375000 0.511848
vt 0.375000 0.735890
vt 0.625000 0.750000
vt 0.620585 0.750000
vt 0.625000 0.500000
vt 0.625000 0.500000
vt 0.375000 0.874047
vt 0.375000 0.866239
vt 0.329602 0.828559
vt 0.332973 0.822727
vt 0.332973 0.427273
vt 0.329598 0.421433
vt 0.324755 0.812834
vt 0.319824 0.819000
vt 0.319821 0.430997
vt 0.324755 0.437166
vt 0.329462 0.816822
vt 0.324713 0.823790
vt 0.324710 0.426205
vt 0.329462 0.433178
vt 0.620585 0.750000
vt 0.625000 0.750000
vt 0.616300 0.500000
vt 0.625000 0.500000
vt 0.375000 0.873556
vt 0.375000 0.875000
vt 0.375000 0.875000
vt 0.375000 0.866239
vt 0.375000 0.874047
vt 0.332973 0.822727
vt 0.329602 0.828559
vt 0.319824 0.819000
vt 0.324755 0.812834
vt 0.324745 0.437154
vt 0.319819 0.430994
vt 0.324713 0.823790
vt 0.329462 0.816822
vt 0.629735 0.500000
vt 0.687147 0.500000
vt 0.750000 0.750000
vt 0.687500 0.750000
vt 0.247006 0.741018
vt 0.114206 0.342618
vt 0.250000 0.500000
vt 0.319366 0.430634
vt 0.000000 0.000000
vt 0.000000 0.000000
vt 0.088666 0.265998
vt 0.003288 0.009865
vt 0.329220 0.420780
vt 0.375000 0.375000
vt 0.107610 0.322829
vt 0.103972 0.311916
vt 0.319607 0.430393
vt 0.324339 0.425661
vt 0.097846 0.293538
vt 0.094208 0.282625
vt 0.324488 0.425512
vt 0.687500 0.500000
vt 0.750000 0.500000
vt 0.686624 0.750000
vt 0.629252 0.750000
vt 0.625000 0.438490
vt 0.625000 0.874105
vt 0.625000 0.812500
vt 0.250000 0.750000
vt 0.319338 0.819338
vt 0.247002 0.494004
vt 0.114206 0.228411
vt 0.375000 0.875000
vt 0.329220 0.829220
vt 0.374845 0.874845
vt 0.091560 0.183119
vt 0.003289 0.006578
vt 0.319608 0.819608
vt 0.324339 0.824339
vt 0.107611 0.215221
vt 0.101322 0.202644
vt 0.324489 0.824489
vt 0.100910 0.201820
vt 0.625000 0.437500
vt 0.625000 0.375896
vt 0.625000 0.811240
vn 0.4362 -0.0546 -0.8982
vn 0.1325 0.9756 -0.1748
vn -0.6217 0.7084 0.3342
vn 0.0799 0.0966 -0.9921
vn 0.0310 0.0159 -0.9994
vn 0.0142 -0.4482 0.8938
vn -0.0643 -0.9784 -0.1963
vn 0.9599 0.2795 0.0228
vn 0.0108 0.2021 -0.9793
vn -0.0250 0.0257 -0.9994
vn 0.9643 -0.1694 -0.2033
vn 0.7529 0.0015 0.6582
vn 0.9732 0.1945 -0.1224
vn 0.9844 0.1507 -0.0908
vn -0.5854 0.7311 0.3505
vn 0.0190 -0.8247 0.5653
vn 0.2103 0.2881 0.9342
vn 0.1780 0.0345 0.9834
vn 0.8766 0.2412 -0.4164
vn 0.0505 -0.9987 -0.0087
vn 0.9427 -0.0912 -0.3208
vn 0.0155 0.8132 -0.5818
vn 0.9912 0.0433 0.1250
vn 0.9994 0.0011 0.0334
vn 0.9988 -0.0158 -0.0473
vn -0.9477 0.2478 0.2014
vn -0.9989 -0.0027 0.0458
vn 0.0474 0.9914 0.1223
vn 0.0161 0.2117 -0.9772
vn 0.7583 0.6443 0.0987
vn 0.0278 -0.0548 0.9981
vn -0.9162 0.3982 0.0458
vn -0.2779 -0.8036 -0.5263
vn -0.1078 0.9448 0.3093
vn 0.9526 0.1638 0.2564
vn -0.9997 0.0230 0.0124
vn 0.9910 0.0420 0.1268
vn 0.9260 0.2181 0.3081
vn -0.9990 -0.0039 0.0455
vn -0.9996 0.0264 0.0069
vn 0.0863 -0.9871 0.1347
vn 0.9994 -0.0000 0.0333
vn -0.0262 -0.8853 0.4644
vn -0.8286 0.3648 0.4247
vn -0.9404 0.3319 -0.0745
vn 0.0856 0.9381 -0.3357
vn 0.9412 0.1398 0.3077
vn 0.9477 0.1303 0.2913
vn 0.9913 -0.0058 -0.1317
vn -0.9937 -0.0033 -0.1118
vn 0.0762 -0.9715 -0.2244
vn -0.9957 -0.0062 -0.0924
vn 0.3107 -0.0261 0.9502
vn 0.0756 0.9921 -0.1000
vn 0.0817 0.9258 -0.3690
vn -0.9826 -0.0361 -0.1820
vn 0.9947 -0.0030 -0.1027
vn 0.0814 -0.9394 0.3330
vn -0.9909 -0.0296 -0.1313
vn 0.5088 -0.3040 0.8054
vn 0.9962 -0.0254 -0.0830
vn -0.0437 -0.9968 0.0671
vn 0.2354 -0.1242 0.9639
vn 0.8643 -0.3012 -0.4028
vn 0.3734 -0.9275 -0.0194
vn 0.9839 0.0999 -0.1482
vn 0.0922 -0.9852 0.1447
vn 0.9300 0.0408 -0.3654
vn 0.0956 0.8664 0.4901
vn 0.9697 0.1497 -0.1933
vn -0.0397 -0.2075 -0.9774
vn 0.2967 0.2232 0.9285
vn 0.9999 -0.0101 -0.0097
vn 0.4445 0.8953 -0.0279
vn 0.4920 0.8698 -0.0373
vn 0.0574 0.8209 -0.5681
vn 0.9144 -0.4041 0.0246
vn 0.1397 -0.0240 -0.9899
vn 0.1455 0.0362 0.9887
vn 0.9994 0.0332 -0.0092
vn 0.0000 -1.0000 0.0000
vn 0.9084 -0.4173 0.0255
vn 0.1306 -0.5391 -0.8320
vn 0.0824 -0.5216 0.8492
vn -0.6170 0.6832 0.3905
vn 0.5231 -0.7814 -0.3403
vn -0.5709 0.7421 0.3513
vn -0.7411 -0.6714 0.0078
vn 0.5900 -0.0086 -0.8074
vn 0.8778 0.1115 0.4660
vn -0.4036 0.9005 -0.1621
vn -0.5356 0.5881 0.6060
vn -0.3906 -0.3319 0.8587
vn 0.9112 0.3856 0.1449
vn 0.0669 0.9762 -0.2061
vn 0.3287 -0.9434 0.0450
vn 0.5806 -0.8001 -0.1511
vn 0.0131 -0.9986 0.0510
vn -0.0031 -0.9968 -0.0795
vn -0.6044 0.4766 0.6384
vn 0.3792 -0.8859 -0.2672
vn 0.2743 -0.9153 -0.2950
vn -0.5416 -0.0930 -0.8355
vn -0.5748 0.6948 0.4322
vn 0.5835 -0.7247 -0.3666
vn 0.5820 -0.7414 -0.3341
vn 0.8887 -0.3474 -0.2991
vn 0.5612 -0.8193 -0.1180
vn -0.6497 0.6104 0.4532
vn -0.7730 -0.4709 -0.4251
vn 0.5382 -0.7377 -0.4075
vn 0.5136 -0.7341 -0.4443
vn 0.2389 0.5899 -0.7713
vn 0.5332 -0.7447 -0.4013
vn 0.7663 0.3935 0.5079
vn 0.7032 -0.6652 -0.2510
vn -0.1494 0.3526 -0.9238
vn -0.3353 0.6692 0.6632
vn 0.6239 -0.6771 -0.3904
vn -0.5164 0.7686 0.3776
vn 0.5297 -0.7782 -0.3372
vn 0.7967 0.6007 -0.0670
vn 0.5403 -0.7078 -0.4550
vn -0.4800 0.5351 0.6951
vn -0.8209 -0.5695 -0.0418
vn -0.0628 -0.2300 -0.9712
vn -0.4416 0.7662 0.4669
vn -0.5139 0.7551 0.4071
vn 0.6299 -0.6938 -0.3491
vn 0.5586 0.6770 -0.4792
vn 0.7225 -0.6913 0.0120
vn 0.2639 0.5783 -0.7719
vn -0.1574 0.3633 -0.9183
vn -0.8461 0.4027 -0.3493
vn 0.9630 0.2285 0.1426
vn -0.9834 -0.0496 -0.1743
vn -0.2036 0.1381 -0.9693
vn -0.0011 0.3960 -0.9183
vn 0.1487 -0.9653 -0.2149
vn -0.2317 0.0662 0.9705
vn 0.1533 0.0725 -0.9855
vn -0.7061 0.6992 -0.1121
vn 0.9986 -0.0035 0.0523
vn -0.9886 -0.0589 -0.1387
vn -0.5540 -0.1321 0.8219
vn -0.9343 0.2717 -0.2307
vn -0.9526 0.2680 -0.1443
vn 0.9344 0.3118 0.1725
vn -0.2194 -0.9588 0.1806
vn -0.1649 0.0399 0.9855
vn -0.3320 -0.0228 0.9430
vn -0.9738 -0.0139 -0.2270
vn -0.0415 0.9363 0.3486
vn -0.2031 -0.0142 -0.9790
vn 0.2620 -0.9498 -0.1710
vn -0.9956 0.0437 -0.0829
vn -0.9982 0.0295 -0.0526
vn -0.9959 -0.0315 0.0844
vn -0.0715 0.0381 -0.9967
vn 0.9998 0.0020 -0.0199
vn -0.0535 -0.8879 -0.4569
vn -0.2494 0.2988 -0.9212
vn 0.9305 0.3552 0.0892
vn 0.1335 0.9457 -0.2964
vn -0.0482 0.7492 0.6606
vn 0.9130 0.4050 -0.0496
vn -0.8997 0.2544 -0.3548
vn 0.9981 0.0513 -0.0342
vn -0.0715 0.9435 0.3237
vn -0.9189 0.2082 -0.3351
vn 0.9998 0.0019 -0.0200
vn 0.0022 -0.8919 -0.4523
vn 0.2078 -0.9744 0.0858
vn -0.9980 0.0452 -0.0445
vn 0.8995 0.3643 -0.2413
vn -0.9956 0.0430 -0.0835
vn 0.8198 0.3788 -0.4295
vn -0.9540 0.1384 -0.2660
vn -0.9618 0.1142 -0.2486
vn 0.9981 0.0330 -0.0519
vn -0.9963 -0.0290 0.0809
vn 0.9920 -0.0560 0.1131
vn -0.0955 0.9141 0.3941
vn 0.9918 -0.0569 0.1145
vn -0.0987 -0.2896 0.9520
vn -0.9961 -0.0306 0.0822
vn -0.0897 -0.9416 -0.3245
vn 0.9924 -0.0557 0.1097
vn -0.9962 -0.0292 0.0820
vn -0.0781 0.8634 0.4985
vn 0.9921 -0.0568 0.1116
vn -0.9654 0.2187 -0.1417
vn -0.0849 -0.9485 -0.3052
vn 0.3138 -0.9481 -0.0515
vn -0.1978 -0.0125 0.9802
vn -0.9852 -0.1454 -0.0907
vn -0.3421 -0.9394 -0.0213
vn -0.9415 0.2875 -0.1756
vn 0.1732 -0.9788 0.1090
vn -0.9813 -0.0422 -0.1880
vn 0.9997 -0.0250 0.0054
vn -0.1650 0.8832 0.4391
vn -0.9904 0.1089 -0.0851
vn 0.0231 -0.0875 -0.9959
vn 0.9986 -0.0467 -0.0236
vn -0.2869 0.1533 0.9456
vn -0.9984 0.0146 -0.0546
vn 0.9993 0.0007 0.0369
vn -0.4204 0.9072 0.0176
vn 0.9987 -0.0304 0.0418
vn -0.3951 0.9186 -0.0095
vn -0.0567 0.8395 -0.5405
vn -0.9191 -0.3920 -0.0409
vn 0.9993 -0.0000 0.0377
vn -0.0780 -0.0128 -0.9969
vn -0.2002 0.0245 0.9794
vn 0.9996 -0.0116 0.0242
vn -0.9981 0.0298 -0.0536
vn -0.9162 -0.3989 -0.0380
vn -0.0677 -0.5389 -0.8397
vn -0.1415 -0.5270 0.8380
vn 0.9546 0.2129 0.2083
vn -0.9268 -0.3452 -0.1477
vn 0.9504 0.2793 0.1368
vn 0.2144 -0.9764 0.0250
vn -0.7373 -0.6681 0.0997
vn -0.6920 0.0482 0.7203
vn 0.0768 -0.8810 0.4668
vn 0.8339 -0.1503 0.5310
vn 0.2486 -0.0792 -0.9654
vn 0.8180 -0.1477 0.5560
vn -0.6360 0.5010 0.5869
vn -0.2554 -0.9648 0.0622
vn -0.2027 -0.0823 0.9758
vn -0.6561 -0.7348 0.1722
vn 0.2498 -0.9682 0.0129
vn 0.1294 -0.9908 -0.0397
vn 0.5130 -0.6806 0.5231
vn -0.7721 -0.6107 -0.1761
vn -0.4446 -0.8957 0.0032
vn -0.9518 -0.2896 0.1009
vn 0.8194 -0.1921 0.5401
vn -0.9133 -0.4013 -0.0701
vn -0.9177 -0.3937 -0.0521
vn 0.6078 -0.7149 0.3457
vn -0.6669 -0.7441 -0.0401
vn -0.3933 0.8402 -0.3732
vn 0.2729 -0.8583 -0.4346
vn -0.9393 -0.2782 -0.2009
vn -0.9108 -0.3167 -0.2650
vn -0.0876 0.7545 -0.6505
vn -0.9320 -0.2968 -0.2079
vn -0.3005 0.8427 0.4467
vn -0.9916 -0.1226 -0.0416
vn 0.1440 0.1573 -0.9770
vn -0.9724 -0.2317 -0.0286
vn -0.9601 -0.1857 -0.2089
vn 0.9214 0.3390 0.1899
vn -0.9096 -0.3933 -0.1341
vn -0.3667 0.7100 0.6012
vn -0.9366 -0.2964 -0.1870
vn 0.7816 -0.3100 0.5413
vn 0.3302 -0.6068 -0.7230
vn 0.8478 0.4187 0.3256
vn 0.9253 0.3034 0.2275
vn -0.9730 -0.2007 -0.1141
vn -0.2630 0.9517 -0.1583
vn 0.8098 0.2599 0.5260
vn -0.1791 0.8472 -0.5002
vn 0.1995 -0.9662 0.1633
vn 0.5842 -0.7731 -0.2470
vn 0.5830 -0.7977 -0.1539
vn 0.5699 -0.0556 0.8198
vn 0.9985 0.0511 -0.0187
vn 0.9539 0.2399 -0.1805
vn 0.2410 0.2151 0.9464
vn 0.1017 0.8578 -0.5039
vn -0.1297 0.0313 -0.9911
vn 0.7627 -0.1907 -0.6181
vn -0.0714 -0.9877 0.1395
vn -0.8959 -0.4434 -0.0283
vn -0.7296 -0.6778 0.0915
vn -0.3244 -0.1493 0.9341
vn -0.9643 0.2029 -0.1699
vn -0.9881 0.0163 -0.1529
vn -0.0725 0.1859 0.9799
vn -0.8995 -0.4097 -0.1522
vn -0.0330 0.0587 -0.9977
vn -0.9274 -0.3436 -0.1477
vn 0.3465 -0.9244 -0.1593
vn -0.9675 0.1767 -0.1806
vn -0.9557 0.1593 -0.2476
vn -0.9323 0.0828 -0.3522
vn -0.9673 0.1481 -0.2058
vn -0.8958 0.3487 -0.2757
vn -0.1262 -0.9835 -0.1295
vn 0.9946 0.0999 0.0277
vn 0.9750 0.2100 0.0727
vn 0.8861 0.3698 0.2793
vn 0.9232 0.3558 0.1454
vn 0.9583 0.2123 0.1914
vn 0.5042 -0.0297 -0.8631
vn 0.8604 0.4507 0.2379
vn 0.1872 0.5026 -0.8440
vn 0.1238 -0.2055 -0.9708
vn 0.6433 -0.5514 0.5311
vn 0.6500 -0.5807 0.4902
vn 0.7670 0.6393 -0.0553
vn -0.6485 0.6963 -0.3077
vn 0.8134 0.5486 -0.1935
vn -0.7691 0.5837 -0.2604
vn -0.6686 -0.7034 0.2412
vn 0.7149 -0.6055 0.3497
vn 0.6943 0.7197 -0.0058
vn -0.6342 0.7731 0.0038
vn -0.5726 -0.8105 -0.1233
vn 0.6417 -0.7537 -0.1416
vn 0.7136 0.6718 -0.1986
vn -0.6427 0.7271 -0.2413
vn -0.6472 -0.7430 -0.1703
vn 0.7155 -0.6803 -0.1589
vn 0.8545 -0.5015 0.1355
vn 0.3471 0.9249 0.1551
vn 0.9368 -0.3018 0.1770
vn -0.4825 -0.8690 -0.1100
vn 0.5373 0.8286 0.1573
vn 0.9742 0.2249 0.0194
vn -0.5155 -0.7006 0.4934
vn -0.6650 -0.7447 -0.0574
vn -0.2555 0.8338 -0.4894
vn 0.3920 0.0297 -0.9195
vn 0.3708 0.0073 0.9287
vn 0.4997 -0.1737 0.8486
vn -0.5899 -0.4175 -0.6912
vn -0.8440 0.0017 -0.5364
vn 0.1998 0.9795 -0.0263
vn 0.8795 0.0469 -0.4737
vn 0.0534 0.9331 -0.3555
vn 0.6610 0.1993 -0.7235
vn 0.9799 0.0477 -0.1939
vn 0.2098 0.9546 0.2113
vn -0.7467 0.1656 -0.6442
vn -0.9393 0.1531 0.3071
vn -0.5873 0.4960 -0.6396
vn 0.0681 -0.4950 -0.8662
vn -0.3929 -0.6782 0.6211
vn -0.5656 0.6896 -0.4522
vn -0.7172 -0.5339 -0.4479
vn 0.2817 -0.9494 -0.1386
vn -0.7897 -0.5687 -0.2300
vn 0.7145 -0.6636 -0.2215
vn -0.6924 -0.6719 -0.2628
vn 0.6129 -0.7427 -0.2697
vn 0.6243 0.6960 0.3547
vn -0.7395 -0.6568 -0.1474
vn 0.6692 -0.7278 -0.1496
vn -0.9197 -0.3357 0.2035
vn 0.0392 0.9832 0.1783
vn -0.8703 -0.2871 0.4001
vn -0.1746 -0.8117 -0.5574
vn 0.0022 0.7343 0.6789
vn -0.6286 0.4009 0.6664
vn 0.3813 -0.8912 -0.2458
vn 0.0010 -0.6659 -0.7460
vn 0.4029 0.6257 -0.6679
vn -0.3650 0.4367 -0.8222
vn -0.3763 0.4099 0.8309
vn -0.1402 0.4726 0.8701
vn -0.4550 0.1608 -0.8759
vn 0.5457 0.4106 -0.7305
vn -0.0096 0.9808 0.1947
vn -0.6405 0.7620 0.0956
vn 0.0757 0.9211 -0.3819
vn -0.4012 0.8126 -0.4228
vn -0.7743 0.6300 -0.0600
vn 0.3484 0.9325 0.0952
vn 0.9601 -0.0675 -0.2714
vn 0.2416 -0.2441 -0.9392
vn 0.8448 0.5290 0.0804
vn 0.8206 -0.4242 0.3829
vn -0.9934 0.0689 -0.0914
vn 0.0812 -0.7444 -0.6627
vn -0.8919 0.4456 -0.0774
vn -0.6722 -0.5614 0.4827
vn 0.2335 -0.0545 -0.9708
vn 0.3827 -0.6904 0.6140
vn 0.7396 0.3936 0.5460
vn 0.5853 0.1872 -0.7889
vn 0.7797 -0.0335 0.6253
vn -0.1036 -0.5981 -0.7947
vn 0.7315 0.6742 0.1015
vn -0.7102 0.6928 0.1250
vn -0.6804 -0.7321 0.0323
vn 0.7123 -0.7018 0.0114
vn 0.5560 -0.2413 0.7954
vn 0.7301 0.6723 -0.1221
vn -0.7400 0.5680 -0.3601
vn 0.7604 0.6372 -0.1256
vn -0.7102 0.6659 -0.2284
vn -0.4852 -0.7781 0.3990
vn 0.6406 -0.6214 0.4510
vn 0.7535 0.6450 -0.1273
vn -0.7242 0.6770 -0.1311
vn -0.6101 -0.7549 -0.2407
vn 0.6653 -0.7022 -0.2538
vn 0.7708 0.5740 -0.2763
vn -0.7192 0.6083 -0.3357
vn -0.5925 -0.8005 0.0903
vn 0.6628 -0.7269 0.1797
vn 0.9173 -0.0752 0.3910
vn 0.6753 0.0687 -0.7343
vn 0.2910 -0.6437 0.7078
vn -0.0123 0.4907 -0.8712
vn -0.1484 -0.5121 -0.8460
vn 0.0202 0.6278 0.7781
vn 0.0225 -0.7366 0.6760
vn 0.0749 0.9116 -0.4043
vn -0.0958 -0.9227 0.3733
vn 0.0707 -0.9023 0.4252
vn 0.0908 0.9298 -0.3567
vn 0.0770 -0.9878 -0.1356
vn 0.0754 0.9968 0.0269
vn 0.0765 0.9714 -0.2249
vn 0.0826 -0.9947 -0.0619
vn -0.4118 -0.6871 0.5985
vn -0.5790 -0.0924 -0.8101
vn 0.9540 -0.1304 -0.2700
vn -0.5428 0.7417 -0.3940
vn 0.2520 -0.2699 -0.9293
vn 0.3321 -0.2318 -0.9143
vn -0.0306 -0.2861 0.9577
vn 0.7914 0.6045 -0.0915
vn 0.8572 -0.4772 0.1935
vn -0.5488 -0.8323 0.0779
vn -0.2819 -0.1181 0.9522
vn 0.9400 0.2330 0.2491
vn 0.4615 0.8513 0.2497
vn 0.9719 -0.2314 0.0437
vn -0.9626 -0.2527 0.0976
vn -0.5413 -0.8158 -0.2037
vn -0.7517 -0.5612 0.3463
vn 0.8613 0.5047 0.0584
vn -0.2325 0.9332 -0.2742
vn 0.5943 -0.0892 -0.7993
vn -0.3768 0.0886 0.9220
vn 0.3318 -0.8229 0.4613
vn 0.4350 -0.0824 0.8967
vn 0.0840 0.5099 -0.8561
vn 0.4789 0.3164 -0.8189
vn 0.0128 0.7203 -0.6936
vn 0.3324 0.9331 0.1373
vn 0.9567 0.0517 -0.2864
vn 0.6663 0.6741 -0.3186
vn -0.7189 -0.2609 -0.6442
vn -0.0361 0.9990 -0.0279
vn 0.8262 -0.0922 -0.5559
vn 0.6173 0.3988 0.6781
vn 0.7963 0.2022 0.5701
vn 0.4033 0.6475 -0.6466
vn 0.7413 0.6628 -0.1060
vn -0.1571 -0.0054 -0.9876
vn -0.0569 -0.7580 0.6498
vn -0.6276 0.2008 0.7522
vn -0.6903 0.3692 -0.6222
vn -0.6171 -0.1850 0.7648
vn 0.0961 -0.5804 -0.8087
vn -0.7276 -0.5924 -0.3460
vn 0.6925 -0.6325 -0.3469
vn 0.6984 0.6773 0.2313
vn -0.6616 0.7140 0.2290
vn -0.4516 0.7817 0.4301
vn -0.3873 -0.4119 -0.8248
vn -0.3261 0.1879 0.9265
vn -0.7026 -0.5908 -0.3966
vn 0.5836 -0.7158 -0.3834
vn 0.6324 0.7429 0.2194
vn -0.7363 -0.6610 -0.1451
vn 0.6648 -0.7333 -0.1427
vn 0.6747 0.5998 0.4302
vn -0.7382 -0.6565 -0.1552
vn 0.6647 -0.7299 -0.1593
vn 0.6716 0.5961 0.4401
vn -0.9064 0.0101 0.4222
vn -0.6822 -0.0322 -0.7304
vn -0.0408 -0.6980 0.7150
vn -0.3670 0.5599 -0.7429
vn 0.1820 -0.5382 -0.8229
vn -0.0060 -0.3313 -0.9435
vn 0.0024 0.9190 -0.3942
vn 0.0846 -0.9503 -0.2996
vn -0.0612 0.9035 0.4242
vn -0.0868 -0.9298 -0.3576
vn -0.0921 0.8582 0.5050
vn -0.0836 -0.9208 -0.3809
vn -0.0872 -0.9455 -0.3136
vn 0.0454 -0.7465 0.6638
vn 0.2566 -0.4302 -0.8655
vn -0.9890 -0.0248 -0.1460
vn 0.7620 0.2658 -0.5905
vn -0.5068 -0.1046 -0.8557
vn 0.0255 -0.6726 -0.7396
vn 0.1754 -0.5631 0.8076
vn -0.8423 0.4874 -0.2299
vn -0.7581 -0.5860 0.2862
vn -0.1206 -0.8025 -0.5843
vn 0.8687 -0.4769 0.1339
vn -0.8493 0.2953 0.4376
vn 0.0038 0.7527 0.6583
vn -0.8952 -0.1104 0.4317
vn 0.6842 -0.4335 -0.5864
vn -0.0856 -0.6692 -0.7381
vn 0.4431 -0.7294 -0.5211
vn -0.4580 0.6050 0.6514
vn 0.5565 0.7343 -0.3888
vn -0.6849 0.4098 -0.6025
vn 0.5048 -0.0943 0.8581
vn -0.6336 -0.4347 0.6400
vn -0.2637 0.4452 0.8557
vn 0.0009 0.5714 -0.8207
vn -0.1510 0.8703 -0.4687
vn -0.2362 0.7659 -0.5980
vn 0.1655 0.7816 0.6014
vn -0.8185 0.4221 0.3898
vn -0.3160 0.9361 0.1546
vn 0.0493 0.3052 -0.9510
vn 0.4753 0.8796 0.0190
vn -0.8624 0.4747 -0.1762
vn -0.1491 0.8108 0.5660
vn -0.4265 0.7573 0.4947
vn -0.1827 0.8860 -0.4263
vn -0.2695 0.9626 -0.0270
vn 0.9905 -0.1130 -0.0780
vn -0.3594 -0.4369 -0.8246
vn 0.8493 0.5173 0.1050
vn 0.6948 -0.6179 0.3681
vn 0.9162 0.0706 0.3945
vn 0.7855 0.0376 -0.6177
vn -0.9760 -0.0730 0.2050
vn -0.1442 -0.7945 -0.5899
vn -0.9703 0.2186 -0.1035
vn -0.5230 -0.7524 0.4006
vn -0.8818 -0.0220 0.4712
vn -0.2814 0.0229 -0.9593
vn 0.7488 0.4282 0.5059
vn 0.6878 0.0421 -0.7247
vn -0.8046 0.0403 0.5925
vn -0.6817 0.4696 -0.5610
vn 0.1012 0.1491 -0.9836
usemtl Color_1
s off
f 199/1/1 188/2/1 480/3/1 483/4/1
f 7/5/2 194/6/2 486/7/2 166/8/2
f 65/9/3 299/10/3 273/11/3 46/12/3
f 507/13/4 186/14/4 72/15/4 178/16/4
f 32/17/5 26/18/5 71/19/5 109/20/5
f 309/21/6 304/22/6 268/23/6 266/24/6
f 30/25/7 80/26/7 361/27/7 265/28/7
f 505/29/8 191/30/8 4/31/8 180/32/8
f 32/17/9 186/14/9 189/33/9 26/18/9
f 26/18/10 264/34/10 362/35/10 71/19/10
f 29/36/11 28/37/11 33/38/11 34/39/11
f 193/40/12 205/41/12 490/42/12 487/43/12
f 180/32/13 4/31/13 5/44/13 181/45/13
f 181/45/14 5/44/14 6/46/14 182/47/14
f 63/48/15 288/49/15 318/50/15 66/51/15
f 276/52/16 47/53/16 56/54/16 292/55/16
f 179/56/17 74/57/17 192/58/17 504/59/17
f 31/60/18 192/58/18 74/57/18 108/61/18
f 4/31/19 7/5/19 8/62/19 5/44/19
f 244/63/20 247/64/20 207/65/20 213/66/20
f 6/46/21 9/67/21 190/68/21 187/69/21
f 197/70/22 357/71/22 223/72/22 220/73/22
f 13/74/23 222/75/23 228/76/23 20/77/23
f 22/78/24 239/79/24 212/80/24 10/81/24
f 20/77/25 228/76/25 251/82/25 24/83/25
f 224/84/26 16/85/26 14/86/26 12/87/26
f 245/88/27 214/89/27 11/90/27 23/91/27
f 238/92/28 241/93/28 209/94/28 211/95/28
f 196/96/29 507/13/29 178/16/29 358/97/29
f 216/98/30 18/99/30 81/100/30 70/101/30
f 11/90/31 10/81/31 212/80/31 210/102/31
f 83/103/32 82/104/32 14/86/32 16/85/32
f 70/105/33 203/106/33 217/107/33 216/108/33
f 82/104/34 81/100/34 18/99/34 14/86/34
f 2/109/35 1/110/35 15/111/35 17/112/35
f 216/113/36 234/114/36 21/115/36 12/87/36
f 218/116/37 13/74/37 20/77/37 236/117/37
f 3/118/38 2/109/38 17/112/38 19/119/38
f 243/120/39 23/91/39 11/90/39 210/102/39
f 224/84/40 12/87/40 21/115/40 230/121/40
f 28/37/41 55/122/41 204/123/41 263/124/41
f 249/125/42 22/78/42 10/81/42 208/126/42
f 215/127/43 219/128/43 235/129/43 232/130/43
f 18/99/44 216/98/44 12/87/44 14/86/44
f 16/85/45 224/84/45 360/131/45 83/103/45
f 221/132/46 225/133/46 229/134/46 226/135/46
f 218/116/47 19/119/47 17/112/47 13/74/47
f 222/75/48 13/74/48 17/112/48 15/111/48
f 261/136/49 24/83/49 22/78/49 249/125/49
f 257/137/50 245/88/50 23/91/50 25/138/50
f 256/139/51 259/140/51 248/141/51 246/142/51
f 255/143/52 25/138/52 23/91/52 243/120/52
f 73/144/53 355/145/53 262/146/53 27/147/53
f 250/148/54 253/149/54 242/150/54 240/151/54
f 227/152/55 231/153/55 254/154/55 252/155/55
f 234/114/56 257/137/56 25/138/56 21/115/56
f 24/83/57 251/82/57 239/79/57 22/78/57
f 233/156/58 237/157/58 260/158/58 258/159/58
f 230/121/59 21/115/59 25/138/59 255/143/59
f 192/58/60 31/60/60 27/147/60 195/160/60
f 236/117/61 20/77/61 24/83/61 261/136/61
f 30/25/62 54/161/62 53/162/62 29/36/62
f 108/61/63 73/144/63 27/147/63 31/60/63
f 190/68/64 9/67/64 168/163/64 481/164/64
f 491/165/65 204/123/65 55/122/65 171/166/65
f 182/47/66 6/46/66 187/69/66 506/167/66
f 263/124/67 356/168/67 78/169/67 28/37/67
f 5/44/68 8/62/68 9/67/68 6/46/68
f 33/38/69 117/170/69 123/171/69 36/172/69
f 30/25/70 29/36/70 34/39/70 35/173/70
f 80/26/71 30/25/71 35/173/71 119/174/71
f 28/37/72 78/169/72 117/170/72 33/38/72
f 37/175/73 36/172/73 39/176/73 40/177/73
f 35/173/74 34/39/74 37/175/74 38/178/74
f 34/39/75 33/38/75 36/172/75 37/175/75
f 119/174/76 35/173/76 38/178/76 125/179/76
f 41/180/77 40/177/77 43/181/77 44/182/77
f 125/179/78 38/178/78 41/180/78 131/183/78
f 36/172/79 123/171/79 129/184/79 39/176/79
f 38/178/80 37/175/80 40/177/80 41/180/80
f 42/185/81 135/186/81 136/187/81 43/181/81
f 43/181/81 136/187/81 137/188/81 44/182/81
f 40/177/82 39/176/82 42/185/82 43/181/82
f 131/183/83 41/180/83 44/182/83 137/188/83
f 39/176/84 129/184/84 135/186/84 42/185/84
f 65/9/85 46/12/85 269/189/85 306/190/85
f 307/191/86 267/192/86 45/193/86 64/194/86
f 63/48/87 66/51/87 310/195/87 292/196/87
f 46/12/88 45/193/88 267/192/88 269/189/88
f 168/163/89 167/197/89 52/198/89 47/53/89
f 488/199/90 489/200/90 280/201/90 277/202/90
f 167/197/91 166/8/91 50/203/91 52/198/91
f 61/204/92 60/205/92 288/206/92 63/48/92
f 283/207/93 274/208/93 294/209/93 295/210/93
f 278/211/94 282/212/94 289/213/94 286/214/94
f 166/8/95 486/7/95 279/215/95 50/203/95
f 171/166/96 55/122/96 53/162/96 169/216/96
f 208/126/31 10/81/31 11/90/31 214/89/31
f 170/217/97 51/218/97 49/219/97 169/216/97
f 29/36/98 53/162/98 55/122/98 28/37/98
f 200/220/99 485/221/99 170/217/99 54/161/99
f 47/53/100 52/198/100 61/204/100 56/54/100
f 51/218/101 284/222/101 297/223/101 58/224/101
f 485/221/102 284/222/102 51/218/102 170/217/102
f 484/225/103 482/226/103 275/227/103 285/228/103
f 52/198/104 50/203/104 60/205/104 61/204/104
f 49/219/105 51/218/105 58/224/105 57/229/105
f 48/230/106 49/219/106 57/229/106 59/231/106
f 481/164/107 168/163/107 47/53/107 276/52/107
f 281/232/108 491/165/108 171/166/108 48/230/108
f 50/203/109 279/215/109 288/233/109 60/205/109
f 271/234/110 45/193/110 46/12/110 273/11/110
f 319/235/111 290/236/111 62/237/111 67/238/111
f 271/234/112 303/239/112 64/194/112 45/193/112
f 324/240/113 325/241/113 302/242/113 300/243/113
f 297/244/114 315/245/114 67/238/114 62/237/114
f 332/246/115 329/247/115 305/248/115 308/249/115
f 333/250/116 307/191/116 64/194/116 68/251/116
f 298/252/117 301/253/117 270/254/117 272/255/117
f 66/51/118 69/256/118 328/257/118 310/195/118
f 303/239/119 327/258/119 68/251/119 64/194/119
f 69/256/120 322/259/120 299/10/120 65/9/120
f 290/260/121 59/231/121 57/229/121 62/237/121
f 287/261/122 291/262/122 321/263/122 316/264/122
f 58/224/123 297/265/123 62/237/123 57/229/123
f 56/54/124 61/204/124 63/48/124 292/266/124
f 296/267/125 293/268/125 312/269/125 313/270/125
f 335/271/126 72/15/126 109/20/126 116/272/126
f 69/256/127 65/9/127 306/190/127 328/257/127
f 66/51/128 318/50/128 322/259/128 69/256/128
f 327/258/129 319/235/129 67/238/129 68/251/129
f 317/273/130 320/274/130 326/275/130 323/276/130
f 315/245/131 333/250/131 68/251/131 67/238/131
f 314/277/132 311/278/132 330/279/132 331/280/132
f 510/281/133 178/16/133 72/15/133 335/271/133
f 87/282/134 172/283/134 500/284/134 343/285/134
f 161/286/135 142/287/135 419/288/135 446/289/135
f 86/290/136 334/291/136 337/292/136 89/293/136
f 116/272/137 109/20/137 71/19/137 110/294/137
f 364/295/138 370/296/138 91/297/138 90/298/138
f 114/299/139 410/300/139 361/27/139 80/26/139
f 115/301/140 108/61/140 74/57/140 339/302/140
f 116/272/141 110/294/141 338/303/141 335/271/141
f 96/304/142 83/103/142 360/131/142 380/305/142
f 79/306/143 118/307/143 119/308/143 80/309/143
f 113/310/144 121/311/144 120/312/144 112/313/144
f 341/314/145 499/315/145 503/316/145 353/317/145
f 183/318/146 184/319/146 85/320/146 84/321/146
f 184/319/147 185/322/147 86/290/147 85/320/147
f 159/323/148 162/324/148 462/325/148 433/326/148
f 420/327/149 440/328/149 152/329/149 143/330/149
f 179/56/150 509/331/150 339/302/150 74/57/150
f 339/302/151 342/332/151 111/333/151 115/301/151
f 84/321/152 85/320/152 88/334/152 87/282/152
f 395/335/153 369/336/153 363/337/153 398/338/153
f 347/339/154 495/340/154 492/341/154 336/342/154
f 346/343/155 375/344/155 378/345/155 359/346/155
f 93/347/156 100/348/156 382/349/156 376/350/156
f 103/351/157 90/298/157 368/352/157 391/353/157
f 100/348/158 105/354/158 402/355/158 382/349/158
f 110/294/159 71/19/159 362/35/159 411/356/159
f 397/357/160 104/358/160 91/297/160 370/296/160
f 389/359/161 367/360/161 365/361/161 392/362/161
f 344/363/162 358/97/162 178/16/162 510/281/162
f 372/364/163 70/101/163 81/100/163 98/365/163
f 91/297/138 366/366/138 368/352/138 90/298/138
f 83/103/164 96/304/164 94/367/164 82/104/164
f 70/105/165 372/368/165 373/369/165 350/370/165
f 82/104/166 94/367/166 98/365/166 81/100/166
f 76/371/167 97/372/167 95/373/167 75/374/167
f 372/375/168 92/376/168 101/377/168 387/378/168
f 371/379/169 388/380/169 102/381/169 374/382/169
f 77/383/170 99/384/170 97/372/170 76/371/170
f 393/385/171 366/366/171 91/297/171 104/358/171
f 377/386/172 381/387/172 384/388/172 379/389/172
f 112/313/173 408/390/173 354/391/173 151/392/173
f 399/393/174 364/295/174 90/298/174 103/351/174
f 98/365/175 94/367/175 92/376/175 372/364/175
f 374/394/176 102/381/176 100/348/176 93/347/176
f 380/305/177 92/376/177 94/367/177 96/304/177
f 376/350/178 95/373/178 97/372/178 93/347/178
f 374/395/179 93/347/179 97/372/179 99/384/179
f 380/305/180 386/396/180 101/377/180 92/376/180
f 107/397/181 399/398/181 103/351/181 105/354/181
f 407/399/182 106/400/182 104/358/182 397/357/182
f 406/401/183 396/402/183 399/403/183 107/397/183
f 404/404/184 393/385/184 104/358/184 106/400/184
f 453/405/185 412/406/185 414/407/185 450/408/185
f 102/381/186 107/397/186 105/354/186 100/348/186
f 383/409/187 401/410/187 405/411/187 385/412/187
f 387/378/188 101/377/188 106/400/188 407/399/188
f 105/354/189 103/351/189 391/353/189 402/355/189
f 388/380/190 406/401/190 107/397/190 102/381/190
f 386/396/191 404/404/191 106/400/191 101/377/191
f 508/413/192 183/318/192 84/321/192 340/414/192
f 400/415/193 390/416/193 394/417/193 403/418/193
f 114/299/194 113/310/194 149/419/194 150/420/194
f 108/61/195 115/301/195 111/333/195 73/144/195
f 337/292/196 494/421/196 174/422/196 89/293/196
f 502/423/197 177/424/197 151/392/197 354/391/197
f 185/322/198 511/425/198 334/291/198 86/290/198
f 408/390/199 112/313/199 78/169/199 356/168/199
f 85/320/200 86/290/200 89/293/200 88/334/200
f 117/426/201 123/427/201 124/428/201 118/307/201
f 120/312/202 126/429/202 123/171/202 117/170/202
f 114/299/203 122/430/203 121/311/203 113/310/203
f 80/26/204 119/174/204 122/430/204 114/299/204
f 78/431/205 117/426/205 118/307/205 79/306/205
f 112/313/206 120/312/206 117/170/206 78/169/206
f 127/432/207 133/433/207 132/434/207 126/429/207
f 124/428/208 130/435/208 131/436/208 125/437/208
f 122/430/209 128/438/209 127/432/209 121/311/209
f 118/307/210 124/428/210 125/437/210 119/308/210
f 121/311/211 127/432/211 126/429/211 120/312/211
f 119/174/212 125/179/212 128/438/212 122/430/212
f 134/439/213 140/440/213 139/441/213 133/433/213
f 129/442/214 135/443/214 136/444/214 130/435/214
f 125/179/215 131/183/215 134/439/215 128/438/215
f 126/429/216 132/434/216 129/184/216 123/171/216
f 123/427/217 129/442/217 130/435/217 124/428/217
f 128/438/218 134/439/218 133/433/218 127/432/218
f 138/445/81 139/441/81 136/187/81 135/186/81
f 139/441/81 140/440/81 137/188/81 136/187/81
f 130/435/214 136/444/214 137/446/214 131/436/214
f 133/433/219 139/441/219 138/445/219 132/434/219
f 131/183/220 137/188/220 140/440/220 134/439/220
f 132/434/221 138/445/221 135/186/221 129/184/221
f 161/286/222 451/447/222 415/448/222 142/287/222
f 455/449/223 160/450/223 141/451/223 413/452/223
f 159/323/224 440/453/224 458/454/224 162/324/224
f 142/287/225 415/448/225 413/452/225 141/451/225
f 174/422/226 143/330/226 148/455/226 173/456/226
f 498/457/227 423/458/227 426/459/227 501/460/227
f 173/456/228 148/455/228 146/461/228 172/283/228
f 157/462/229 159/323/229 433/463/229 156/464/229
f 497/465/230 430/466/230 421/467/230 493/468/230
f 146/461/231 156/464/231 433/469/231 424/470/231
f 425/471/232 432/472/232 435/473/232 427/474/232
f 177/424/233 175/475/233 149/419/233 151/392/233
f 73/144/234 111/333/234 409/476/234 355/145/234
f 176/477/235 175/475/235 145/478/235 147/479/235
f 113/310/236 112/313/236 151/392/236 149/419/236
f 349/480/237 150/420/237 176/477/237 496/481/237
f 143/330/238 152/329/238 157/462/238 148/455/238
f 147/479/239 154/482/239 442/483/239 431/484/239
f 496/481/240 176/477/240 147/479/240 431/484/240
f 494/421/241 420/327/241 143/330/241 174/422/241
f 148/455/242 157/462/242 156/464/242 146/461/242
f 145/478/243 153/485/243 154/482/243 147/479/243
f 144/486/244 155/487/244 153/485/244 145/478/244
f 429/488/245 441/489/245 438/490/245 422/491/245
f 428/492/246 144/486/246 177/424/246 502/423/246
f 172/283/247 146/461/247 424/470/247 500/284/247
f 417/493/248 419/288/248 142/287/248 141/451/248
f 467/494/249 163/495/249 158/496/249 437/497/249
f 417/493/250 141/451/250 160/450/250 448/498/250
f 468/499/251 445/500/251 449/501/251 471/502/251
f 442/503/252 158/496/252 163/495/252 460/504/252
f 479/505/253 454/506/253 452/507/253 475/508/253
f 478/509/254 164/510/254 160/450/254 455/449/254
f 444/511/255 418/512/255 416/513/255 447/514/255
f 162/324/256 458/454/256 476/515/256 165/516/256
f 448/498/257 160/450/257 164/510/257 472/517/257
f 165/516/258 161/286/258 446/289/258 470/518/258
f 437/519/259 158/496/259 153/485/259 155/487/259
f 434/520/260 464/521/260 465/522/260 436/523/260
f 154/482/261 153/485/261 158/496/261 442/524/261
f 152/329/262 440/525/262 159/323/262 157/462/262
f 443/526/263 459/527/263 456/528/263 439/529/263
f 165/516/264 476/515/264 451/447/264 161/286/264
f 162/324/265 165/516/265 470/518/265 462/325/265
f 472/517/266 164/510/266 163/495/266 467/494/266
f 463/530/267 469/531/267 473/532/267 466/533/267
f 460/504/268 163/495/268 164/510/268 478/509/268
f 461/534/269 477/535/269 474/536/269 457/537/269
f 54/161/270 170/217/270 169/216/270 53/162/270
f 281/232/271 48/230/271 59/231/271 290/538/271
f 48/230/272 171/166/272 169/216/272 49/219/272
f 27/147/273 262/146/273 206/539/273 195/160/273
f 1/110/274 182/47/274 506/167/274 198/540/274
f 191/30/275 194/6/275 7/5/275 4/31/275
f 70/105/276 179/56/276 504/59/276 203/106/276
f 8/62/277 7/5/277 166/8/277 167/197/277
f 189/33/278 201/541/278 264/34/278 26/18/278
f 9/67/279 8/62/279 167/197/279 168/163/279
f 150/420/280 149/419/280 175/475/280 176/477/280
f 428/492/281 437/542/281 155/487/281 144/486/281
f 144/486/282 145/478/282 175/475/282 177/424/282
f 111/333/283 342/332/283 352/543/283 409/476/283
f 75/374/284 345/544/284 511/425/284 185/322/284
f 340/414/285 84/321/285 87/282/285 343/285/285
f 70/105/286 350/370/286 509/331/286 179/56/286
f 88/334/287 173/456/287 172/283/287 87/282/287
f 338/303/288 110/294/288 411/356/288 348/545/288
f 89/293/289 174/422/289 173/456/289 88/334/289
f 349/480/290 410/300/290 114/299/290 150/420/290
f 76/371/291 75/374/291 185/322/291 184/319/291
f 77/383/292 76/371/292 184/319/292 183/318/292
f 99/384/293 77/383/293 351/546/293 374/547/293
f 351/546/294 77/383/294 183/318/294 508/413/294
f 376/548/295 345/544/295 75/374/295 95/373/295
f 200/220/296 54/161/296 30/25/296 265/28/296
f 2/109/297 181/45/297 182/47/297 1/110/297
f 3/118/298 180/32/298 181/45/298 2/109/298
f 19/119/299 218/549/299 202/550/299 3/118/299
f 202/550/300 505/29/300 180/32/300 3/118/300
f 222/551/301 15/111/301 1/110/301 198/540/301
f 188/2/302 189/33/302 190/68/302
f 193/40/303 194/6/303 195/160/303
f 196/96/304 197/70/304 198/540/304
f 199/1/305 200/552/305 201/553/305
f 204/123/306 205/554/306 206/555/306
f 217/107/307 218/116/307 219/128/307
f 220/73/308 221/132/308 222/551/308
f 223/72/309 224/556/309 225/557/309
f 226/135/310 227/152/310 228/76/310
f 229/134/311 230/558/311 231/559/311
f 232/130/312 233/560/312 234/561/312
f 235/129/313 236/117/313 237/157/313
f 238/92/314 239/79/314 240/151/314
f 241/93/315 242/562/315 243/563/315
f 244/63/316 245/564/316 246/565/316
f 247/64/317 248/141/317 249/125/317
f 250/148/318 251/82/318 252/155/318
f 253/149/319 254/566/319 255/567/319
f 256/139/320 257/568/320 258/569/320
f 259/140/321 260/158/321 261/136/321
f 274/208/322 275/227/322 276/52/322
f 277/202/323 278/211/323 279/215/323
f 280/201/324 281/232/324 282/212/324
f 283/207/325 284/222/325 285/228/325
f 286/214/326 287/261/326 288/233/326
f 289/213/327 290/236/327 291/262/327
f 292/196/328 293/268/328 294/209/328
f 295/210/329 296/267/329 297/223/329
f 298/252/330 299/10/330 300/243/330
f 301/253/331 302/242/331 303/239/331
f 304/22/332 305/248/332 306/190/332
f 307/191/333 308/249/333 309/21/333
f 310/195/334 311/278/334 312/269/334
f 313/270/335 314/277/335 315/245/335
f 316/264/336 317/273/336 318/50/336
f 319/235/337 320/274/337 321/263/337
f 322/259/338 323/276/338 324/240/338
f 325/241/339 326/275/339 327/258/339
f 328/257/340 329/247/340 330/279/340
f 331/280/341 332/246/341 333/250/341
f 336/342/342 337/292/342 338/303/342
f 341/314/343 342/332/343 343/285/343
f 344/363/344 345/544/344 346/343/344
f 347/339/345 348/570/345 349/571/345
f 352/543/346 353/572/346 354/573/346
f 357/71/347 358/574/347 359/575/347 360/576/347
f 375/344/348 376/350/348 377/386/348
f 378/345/349 379/577/349 380/578/349
f 381/387/350 382/349/350 383/409/350
f 384/388/351 385/579/351 386/580/351
f 389/359/352 390/416/352 391/353/352
f 392/362/353 393/581/353 394/582/353
f 395/335/354 396/583/354 397/584/354
f 400/415/355 401/410/355 402/355/355
f 403/418/356 404/585/356 405/586/356
f 420/327/357 421/467/357 422/491/357
f 423/458/358 424/470/358 425/471/358
f 426/459/359 427/474/359 428/492/359
f 429/488/360 430/466/360 431/484/360
f 432/472/361 433/326/361 434/520/361
f 435/473/362 436/523/362 437/542/362
f 438/490/363 439/529/363 440/328/363
f 441/489/364 442/503/364 443/526/364
f 444/511/365 445/500/365 446/289/365
f 447/514/366 448/498/366 449/501/366
f 450/408/367 451/447/367 452/507/367
f 453/405/368 454/506/368 455/449/368
f 456/528/369 457/537/369 458/454/369
f 459/527/370 460/504/370 461/534/370
f 462/325/371 463/530/371 464/521/371
f 465/522/372 466/533/372 467/494/372
f 468/499/373 469/531/373 470/518/373
f 471/502/374 472/517/374 473/532/374
f 474/536/375 475/508/375 476/515/375
f 477/535/376 478/509/376 479/505/376
f 480/3/377 481/164/377 482/226/377
f 483/4/378 484/225/378 485/221/378
f 486/7/379 487/43/379 488/199/379
f 489/200/380 490/42/380 491/165/380
f 492/341/381 493/468/381 494/421/381
f 495/340/382 496/481/382 497/465/382
f 498/457/383 499/315/383 500/284/383
f 501/460/384 502/423/384 503/316/384
f 201/541/385 189/33/385 188/2/385 199/1/385
f 263/124/386 204/123/386 206/587/386 262/588/386
f 505/29/387 202/550/387 203/106/387 504/59/387
f 507/13/388 196/96/388 198/540/388 506/167/388
f 205/41/389 193/40/389 195/160/389 206/539/389
f 265/28/390 361/27/390 362/589/390 264/590/390
f 238/92/391 211/95/391 212/80/391 239/79/391
f 243/120/392 210/102/392 209/591/392 241/592/392
f 244/63/393 213/66/393 214/593/393 245/594/393
f 249/125/394 208/126/394 207/65/394 247/64/394
f 202/550/395 218/549/395 217/107/395 203/106/395
f 197/70/396 220/73/396 222/551/396 198/540/396
f 360/131/397 224/84/397 223/595/397 357/596/397
f 221/132/398 226/135/398 228/76/398 222/75/398
f 224/84/399 230/121/399 229/597/399 225/598/399
f 215/127/400 232/130/400 234/599/400 216/600/400
f 218/116/401 236/117/401 235/129/401 219/128/401
f 250/148/402 240/151/402 239/79/402 251/82/402
f 255/143/403 243/120/403 242/601/403 253/602/403
f 256/139/404 246/142/404 245/603/404 257/604/404
f 261/136/405 249/125/405 248/141/405 259/140/405
f 227/152/406 252/155/406 251/82/406 228/76/406
f 230/121/407 255/143/407 254/605/407 231/606/407
f 233/156/408 258/159/408 257/607/408 234/599/408
f 236/117/409 261/136/409 260/158/409 237/157/409
f 194/6/410 191/30/410 192/58/410 195/160/410
f 189/33/411 186/14/411 187/69/411 190/68/411
f 356/168/412 263/124/412 262/608/412 355/609/412
f 357/71/413 197/70/413 196/96/413 358/97/413
f 200/220/414 265/28/414 264/610/414 201/611/414
f 210/102/415 212/80/415 211/95/415 209/94/415
f 208/126/416 214/89/416 213/66/416 207/65/416
f 225/133/417 221/132/417 220/73/417 223/72/417
f 219/128/418 215/127/418 216/108/418 217/107/418
f 237/157/419 233/156/419 232/130/419 235/129/419
f 231/153/420 227/152/420 226/135/420 229/134/420
f 247/64/421 244/63/421 246/142/421 248/141/421
f 241/93/422 238/92/422 240/151/422 242/150/422
f 253/149/423 250/148/423 252/155/423 254/154/423
f 259/140/424 256/139/424 258/159/424 260/158/424
f 266/24/425 268/23/425 269/189/425 267/192/425
f 271/234/426 273/11/426 272/255/426 270/254/426
f 480/3/427 188/2/427 190/68/427 481/164/427
f 298/252/428 272/255/428 273/11/428 299/10/428
f 303/239/429 271/234/429 270/254/429 301/253/429
f 485/221/430 200/220/430 199/1/430 483/4/430
f 294/209/431 274/208/431 276/52/431 292/55/431
f 488/199/432 277/202/432 279/215/432 486/7/432
f 491/165/433 281/232/433 280/201/433 489/200/433
f 297/223/434 284/222/434 283/207/434 295/210/434
f 274/208/435 283/207/435 285/228/435 275/227/435
f 282/212/436 278/211/436 277/202/436 280/201/436
f 278/211/437 286/214/437 288/233/437 279/215/437
f 281/232/438 290/538/438 289/213/438 282/212/438
f 312/269/439 293/268/439 292/196/439 310/195/439
f 315/245/440 297/244/440 296/267/440 313/270/440
f 293/268/441 296/267/441 295/210/441 294/209/441
f 291/262/442 287/261/442 286/214/442 289/213/442
f 324/240/443 300/243/443 299/10/443 322/259/443
f 327/258/444 303/239/444 302/242/444 325/241/444
f 268/23/445 304/22/445 306/190/445 269/189/445
f 267/192/446 307/191/446 309/21/446 266/24/446
f 304/22/447 309/21/447 308/249/447 305/248/447
f 301/253/448 298/252/448 300/243/448 302/242/448
f 330/279/449 311/278/449 310/195/449 328/257/449
f 333/250/450 315/245/450 314/277/450 331/280/450
f 287/261/451 316/264/451 318/50/451 288/49/451
f 290/236/452 319/235/452 321/263/452 291/262/452
f 320/274/453 317/273/453 316/264/453 321/263/453
f 311/278/454 314/277/454 313/270/454 312/269/454
f 317/273/455 323/276/455 322/259/455 318/50/455
f 319/235/456 327/258/456 326/275/456 320/274/456
f 305/248/457 329/247/457 328/257/457 306/190/457
f 307/191/458 333/250/458 332/246/458 308/249/458
f 325/241/459 324/240/459 323/276/459 326/275/459
f 329/247/460 332/246/460 331/280/460 330/279/460
f 347/339/461 336/342/461 338/303/461 348/545/461
f 409/476/462 352/543/462 354/573/462 408/612/462
f 509/331/463 350/370/463 351/546/463 508/413/463
f 511/425/464 345/544/464 344/363/464 510/281/464
f 352/543/465 342/332/465 341/314/465 353/317/465
f 411/356/466 362/35/466 361/613/466 410/614/466
f 391/353/467 368/352/467 367/360/467 389/359/467
f 392/362/468 365/361/468 366/615/468 393/616/468
f 397/357/469 370/296/469 369/617/469 395/618/469
f 398/338/470 363/337/470 364/295/470 399/393/470
f 350/370/471 373/369/471 374/547/471 351/546/471
f 345/544/472 376/548/472 375/344/472 346/343/472
f 359/346/473 378/345/473 380/619/473 360/576/473
f 376/350/474 382/349/474 381/387/474 377/386/474
f 379/389/475 384/388/475 386/620/475 380/621/475
f 372/375/476 387/378/476 388/622/476 371/623/476
f 402/355/477 391/353/477 390/416/477 400/415/477
f 403/418/478 394/417/478 393/624/478 404/625/478
f 407/399/479 397/357/479 396/626/479 406/627/479
f 382/349/480 402/355/480 401/410/480 383/409/480
f 385/412/481 405/411/481 404/628/481 386/620/481
f 387/378/482 407/399/482 406/629/482 388/622/482
f 342/332/483 339/302/483 340/414/483 343/285/483
f 337/292/484 334/291/484 335/271/484 338/303/484
f 355/145/485 409/476/485 408/630/485 356/631/485
f 358/97/486 344/363/486 346/343/486 359/346/486
f 348/545/487 411/356/487 410/632/487 349/571/487
f 365/361/488 367/360/488 368/352/488 366/366/488
f 363/337/489 369/336/489 370/296/489 364/295/489
f 378/345/490 375/344/490 377/386/490 379/389/490
f 373/369/491 372/368/491 371/379/491 374/382/491
f 384/388/492 381/387/492 383/409/492 385/412/492
f 399/403/493 396/402/493 395/335/493 398/338/493
f 394/417/494 390/416/494 389/359/494 392/362/494
f 405/411/495 401/410/495 400/415/495 403/418/495
f 413/452/496 415/448/496 414/407/496 412/406/496
f 416/513/497 418/512/497 419/288/497 417/493/497
f 494/421/498 337/292/498 336/342/498 492/341/498
f 446/289/499 419/288/499 418/512/499 444/511/499
f 447/514/500 416/513/500 417/493/500 448/498/500
f 495/340/501 347/339/501 349/480/501 496/481/501
f 440/328/502 420/327/502 422/491/502 438/490/502
f 500/284/503 424/470/503 423/458/503 498/457/503
f 501/460/504 426/459/504 428/492/504 502/423/504
f 441/489/505 429/488/505 431/484/505 442/483/505
f 421/467/506 430/466/506 429/488/506 422/491/506
f 426/459/507 423/458/507 425/471/507 427/474/507
f 424/470/508 433/469/508 432/472/508 425/471/508
f 427/474/509 435/473/509 437/542/509 428/492/509
f 458/454/510 440/453/510 439/529/510 456/528/510
f 459/527/511 443/526/511 442/503/511 460/504/511
f 438/490/512 441/489/512 443/526/512 439/529/512
f 435/473/513 432/472/513 434/520/513 436/523/513
f 470/518/514 446/289/514 445/500/514 468/499/514
f 471/502/515 449/501/515 448/498/515 472/517/515
f 415/448/516 451/447/516 450/408/516 414/407/516
f 412/406/517 453/405/517 455/449/517 413/452/517
f 452/507/518 454/506/518 453/405/518 450/408/518
f 449/501/519 445/500/519 444/511/519 447/514/519
f 476/515/520 458/454/520 457/537/520 474/536/520
f 477/535/521 461/534/521 460/504/521 478/509/521
f 433/326/522 462/325/522 464/521/522 434/520/522
f 436/523/523 465/522/523 467/494/523 437/497/523
f 465/522/524 464/521/524 463/530/524 466/533/524
f 456/528/525 459/527/525 461/534/525 457/537/525
f 462/325/526 470/518/526 469/531/526 463/530/526
f 466/533/527 473/532/527 472/517/527 467/494/527
f 451/447/528 476/515/528 475/508/528 452/507/528
f 454/506/529 479/505/529 478/509/529 455/449/529
f 473/532/530 469/531/530 468/499/530 471/502/530
f 474/536/531 477/535/531 479/505/531 475/508/531
f 275/227/532 482/226/532 481/164/532 276/52/532
f 284/222/533 485/221/533 484/225/533 285/228/533
f 193/40/534 487/43/534 486/7/534 194/6/534
f 204/123/535 491/165/535 490/42/535 205/41/535
f 489/200/536 488/199/536 487/43/536 490/42/536
f 482/226/537 484/225/537 483/4/537 480/3/537
f 420/327/538 494/421/538 493/468/538 421/467/538
f 430/466/539 497/465/539 496/481/539 431/484/539
f 343/285/540 500/284/540 499/315/540 341/314/540
f 353/317/541 503/316/541 502/423/541 354/391/541
f 498/457/542 501/460/542 503/316/542 499/315/542
f 497/465/543 493/468/543 492/341/543 495/340/543
f 191/30/544 505/29/544 504/59/544 192/58/544
f 186/14/545 507/13/545 506/167/545 187/69/545
f 339/302/546 509/331/546 508/413/546 340/414/546
f 334/291/547 511/425/547 510/281/547 335/271/547
f 186/14/548 32/17/548 109/20/548 72/15/548
o Icosphere
v -1.053984 -1.628770 1.911162
v -1.080683 -1.471604 2.000039
v -0.951973 -1.884738 1.156536
v -1.009686 -1.911561 1.319962
v -1.066194 -1.907862 1.476917
v -1.120688 -1.862128 1.623969
v -1.280169 -1.310178 2.011613
v -1.295019 -1.129712 2.034522
v -1.297844 -0.947530 2.023777
v -1.288148 -0.773952 1.979048
v -1.265051 -0.626372 1.899664
v -1.229212 -0.512419 1.788237
v -1.182660 -0.430891 1.650296
v -1.128546 -0.373263 1.493742
v -1.171726 -1.770534 1.756713
v -1.217118 -1.638557 1.869610
v -1.253865 -1.481994 1.955929
v -1.415812 -1.483900 1.879673
v -1.369669 -1.640353 1.797778
v -1.309018 -1.772151 1.692066
v -1.160759 -0.373642 1.478574
v -1.245849 -0.431635 1.620543
v -1.320948 -0.513499 1.745042
v -1.381809 -0.627746 1.844687
v -1.425441 -0.775568 1.914401
v -1.450395 -0.949326 1.951944
v -1.456966 -1.131618 1.958266
v -1.445289 -1.312121 1.933863
v -1.237446 -1.863503 1.568992
v -1.157930 -1.908942 1.433721
v -1.072874 -1.912304 1.290208
v -0.984186 -1.885117 1.141367
v -1.012927 -1.883794 1.120388
v -1.129251 -1.909709 1.249056
v -1.239777 -1.905175 1.373977
v -1.341617 -1.858708 1.492952
v -1.592610 -1.305340 1.826326
v -1.601456 -1.124967 1.852795
v -1.586502 -0.943061 1.852594
v -1.547933 -0.769930 1.824988
v -1.485980 -0.622951 1.768646
v -1.402795 -0.509732 1.685298
v -1.302226 -0.429040 1.579390
v -1.189499 -0.372319 1.457595
v -1.431511 -1.766512 1.602652
v -1.505775 -1.634088 1.698427
v -1.560302 -1.477249 1.774202
v -1.681781 -1.462297 1.643570
v -1.620206 -1.620004 1.575374
v -1.534496 -1.753836 1.491908
v -1.213663 -0.369345 1.431610
v -1.349624 -0.423205 1.528420
v -1.471607 -0.501262 1.611300
v -1.573562 -0.612171 1.674466
v -1.650918 -0.757254 1.714243
v -1.700933 -0.928977 1.729541
v -1.722935 -1.110015 1.722164
v -1.716469 -1.290095 1.693135
v -1.429199 -1.847928 1.398771
v -1.308589 -1.896705 1.299980
v -1.176650 -1.903875 1.198086
v -1.037090 -1.880820 1.094404
v -1.055748 -1.876309 1.064413
v -1.213249 -1.895026 1.139257
v -1.361723 -1.883858 1.214574
v -1.496825 -1.831577 1.290070
v -1.812107 -1.266972 1.539408
v -1.816736 -1.087336 1.571390
v -1.789291 -0.907613 1.587515
v -1.730438 -0.738027 1.586424
v -1.641188 -0.595820 1.565764
v -1.524741 -0.488415 1.525894
v -1.386224 -0.414356 1.469591
v -1.232321 -0.364834 1.401619
v -1.614016 -1.734610 1.364088
v -1.708564 -1.598640 1.433349
v -1.775582 -1.439618 1.492797
v -1.838099 -1.410083 1.327676
v -1.767454 -1.570819 1.277809
v -1.667016 -1.709572 1.224106
v -1.244757 -0.358959 1.368775
v -1.410617 -0.402833 1.405164
v -1.560154 -0.471685 1.432361
v -1.686261 -0.574527 1.446719
v -1.783438 -0.712989 1.446441
v -1.848181 -0.879792 1.431975
v -1.879253 -1.057801 1.406269
v -1.875849 -1.236858 1.371052
v -1.541898 -1.810284 1.171024
v -1.397136 -1.867128 1.121041
v -1.237642 -1.883502 1.074830
v -1.068184 -1.870434 1.031568
v -1.073919 -1.863421 0.997132
v -1.248892 -1.869747 1.007281
v -1.413468 -1.847158 1.022974
v -1.562684 -1.784867 1.046210
v -1.905245 -1.200913 1.194538
v -1.908084 -1.022546 1.233147
v -1.875339 -0.846583 1.268897
v -1.807880 -0.683101 1.299675
v -1.707047 -0.549110 1.321905
v -1.576486 -0.451715 1.334295
v -1.421866 -0.389077 1.337615
v -1.250492 -0.351946 1.334339
v -1.691458 -1.679684 1.077340
v -1.794612 -1.537609 1.114731
v -1.866930 -1.374828 1.154554
v -1.860967 -1.335208 0.980083
v -1.788996 -1.500288 0.950383
v -1.686403 -1.646095 0.929430
v -1.249306 -0.344065 1.299634
v -1.419539 -0.373618 1.269540
v -1.573108 -0.429271 1.235465
v -1.702748 -0.520545 1.196118
v -1.802825 -0.649513 1.151766
v -1.869722 -0.809261 1.104549
v -1.902122 -0.982925 1.058676
v -1.899166 -1.160516 1.016649
v -1.558385 -1.756302 0.920423
v -1.410090 -1.824715 0.924145
v -1.246565 -1.854287 0.939206
v -1.072733 -1.855540 0.962427
v -1.064672 -1.847094 0.928788
v -1.230752 -1.837719 0.873220
v -1.387133 -1.800661 0.828349
v -1.529166 -1.725687 0.798498
v -1.857844 -1.117220 0.844221
v -1.861594 -0.940462 0.889561
v -1.831547 -0.769261 0.945246
v -1.768468 -0.613514 1.008397
v -1.673530 -0.489930 1.074193
v -1.550151 -0.405218 1.139669
v -1.403726 -0.357049 1.203555
v -1.241244 -0.335619 1.265995
v -1.652045 -1.610096 0.786062
v -1.750820 -1.460288 0.791080
v -1.820440 -1.292744 0.810968
v -1.746905 -1.249069 0.653708
v -1.681551 -1.419147 0.642944
v -1.589705 -1.573071 0.652743
v -1.226617 -0.326931 1.234714
v -1.375035 -0.340008 1.142195
v -1.508497 -0.380478 1.050588
v -1.620514 -0.458442 0.960815
v -1.706128 -0.576488 0.875078
v -1.762278 -0.728120 0.797111
v -1.788060 -0.896787 0.732301
v -1.782869 -1.072690 0.683880
v -1.476151 -1.694199 0.685120
v -1.345479 -1.775921 0.739268
v -1.202060 -1.820678 0.811860
v -1.050044 -1.838406 0.897507
v -0.893582 -1.842897 0.989689
v -1.029414 -1.829812 0.869787
v -1.161592 -1.803819 0.757484
v -1.286729 -1.751446 0.660326
v -1.401376 -1.663049 0.584646
v -1.677121 -1.028636 0.541788
v -1.684343 -0.853580 0.592940
v -1.664580 -0.687420 0.665835
v -1.618202 -0.539858 0.756934
v -1.545739 -0.427291 0.860341
v -1.449747 -0.356003 0.971647
v -1.334567 -0.323149 1.087819
v -1.205987 -0.318337 1.206993
v -1.501779 -1.536441 0.534598
v -1.583853 -1.378446 0.511668
v -1.643189 -1.205862 0.514346
v -1.513277 -1.164782 0.398239
v -1.461479 -1.339750 0.402298
v -1.391645 -1.501615 0.436167
v -1.180146 -0.310165 1.183898
v -1.283877 -0.307121 1.042516
v -1.376157 -0.332733 0.905877
v -1.452078 -0.397674 0.776632
v -1.508068 -0.505033 0.658503
v -1.542205 -0.648723 0.556464
v -1.554432 -0.812500 0.476833
v -1.544664 -0.986751 0.423406
v -1.307714 -1.633432 0.500937
v -1.213140 -1.728176 0.594556
v -1.110903 -1.787791 0.712182
v -1.003573 -1.821640 0.846691
v -0.973514 -1.814206 0.829110
v -1.051941 -1.773208 0.677693
v -1.127540 -1.707006 0.544487
v -1.198766 -1.606487 0.437211
v -1.390589 -0.948646 0.333283
v -1.403317 -0.775126 0.388441
v -1.399858 -0.613518 0.473202
v -1.379959 -0.473349 0.583568
v -1.343130 -0.370730 0.712906
v -1.290558 -0.311563 0.855808
v -1.224915 -0.292538 1.008027
v -1.150087 -0.302731 1.166316
v -1.263536 -1.469932 0.361232
v -1.319131 -1.304545 0.319035
v -1.362162 -1.127409 0.309848
v -1.195652 -1.095178 0.252569
v -1.162282 -1.274184 0.265080
v -1.122375 -1.442608 0.312674
v -1.116966 -0.296320 1.154923
v -1.159946 -0.279962 0.985678
v -1.196237 -0.293305 0.823362
v -1.223082 -0.347493 0.671610
v -1.238797 -0.446025 0.535010
v -1.243008 -0.583158 0.419246
v -1.236806 -0.742895 0.331163
v -1.220815 -0.915783 0.274882
v -1.078719 -1.583250 0.395915
v -1.033219 -1.688749 0.512041
v -0.986972 -1.760633 0.655344
v -0.940393 -1.807795 0.817716
v -0.905482 -1.802653 0.812949
v -0.918492 -1.750546 0.645994
v -0.933802 -1.674106 0.498466
v -0.952185 -1.564613 0.378638
v -1.041869 -0.889427 0.250449
v -1.061298 -0.717046 0.307198
v -1.077683 -0.558808 0.396673
v -1.090009 -0.424111 0.514694
v -1.096548 -0.328856 0.654333
v -1.096820 -0.278663 0.809787
v -1.091466 -0.269876 0.976328
v -1.082055 -0.291178 1.150156
v -0.973587 -1.420693 0.292358
v -0.996957 -1.249835 0.242506
v -1.020144 -1.069328 0.228605
v -0.842383 -1.050853 0.238876
v -0.829510 -1.232432 0.252181
v -0.822889 -1.405031 0.301065
v -1.046697 -0.287504 1.152199
v -1.022108 -0.262668 0.980335
v -0.996126 -0.268198 0.815605
v -0.968390 -0.315536 0.661737
v -0.939311 -0.408449 0.523400
v -0.910237 -0.541405 0.406347
v -0.883537 -0.698571 0.317469
v -0.860626 -0.870591 0.260920
v -0.824026 -1.551294 0.386042
v -0.833108 -1.663641 0.504284
v -0.849133 -1.743338 0.650001
v -0.870124 -1.798979 0.814992
v -0.835676 -1.796912 0.823766
v -0.781561 -1.739284 0.667212
v -0.735009 -1.657755 0.529271
v -0.699170 -1.543802 0.417845
v -0.684052 -0.859997 0.305895
v -0.710356 -0.688181 0.361580
v -0.747103 -0.531618 0.447899
v -0.792495 -0.399640 0.560796
v -0.843533 -0.308046 0.693540
v -0.898027 -0.262312 0.840591
v -0.954535 -0.258614 0.997547
v -1.012249 -0.285437 1.160973
v -0.676073 -1.396223 0.338460
v -0.666377 -1.222644 0.293732
v -0.669202 -1.040463 0.282986
v -0.507254 -1.038557 0.359242
v -0.513825 -1.220848 0.365564
v -0.538780 -1.394606 0.403107
v -0.980035 -0.285058 1.176141
v -0.891347 -0.257870 1.027300
v -0.806291 -0.261232 0.883787
v -0.726775 -0.306671 0.748517
v -0.655203 -0.398024 0.625442
v -0.594552 -0.529822 0.519730
v -0.548409 -0.686274 0.437836
v -0.518932 -0.858053 0.383645
v -0.582412 -1.542428 0.472822
v -0.643273 -1.656675 0.572466
v -0.718372 -1.738540 0.696966
v -0.803462 -1.796533 0.838934
v -0.774721 -1.797855 0.859914
v -0.661995 -1.741135 0.738118
v -0.561426 -1.660443 0.632211
v -0.478241 -1.547223 0.548862
v -0.371611 -0.864834 0.491182
v -0.403919 -0.692925 0.543306
v -0.458446 -0.536087 0.619081
v -0.532710 -0.403662 0.714856
v -0.622604 -0.311466 0.824557
v -0.724444 -0.264999 0.943531
v -0.834970 -0.260465 1.068453
v -0.951295 -0.286381 1.197121
v -0.416288 -1.400245 0.492521
v -0.377719 -1.227113 0.464915
v -0.362765 -1.045207 0.464713
v -0.241285 -1.060160 0.595345
v -0.263288 -1.241198 0.587968
v -0.313303 -1.412921 0.603265
v -0.927131 -0.289355 1.223105
v -0.787571 -0.266299 1.119423
v -0.655632 -0.273469 1.017529
v -0.535022 -0.322246 0.918738
v -0.429725 -0.416338 0.825601
v -0.344015 -0.550171 0.742134
v -0.282440 -0.707877 0.673938
v -0.247752 -0.880079 0.624373
v -0.390659 -1.558003 0.643043
v -0.492614 -1.668912 0.706208
v -0.614596 -1.746969 0.789088
v -0.750558 -1.800830 0.885898
v -0.731900 -1.805341 0.915889
v -0.577997 -1.755818 0.847917
v -0.439480 -1.681759 0.791614
v -0.323032 -1.574354 0.751744
v -0.152114 -0.903203 0.778101
v -0.188639 -0.730557 0.824712
v -0.255657 -0.571535 0.884160
v -0.350205 -0.435565 0.953421
v -0.467396 -0.338597 1.027439
v -0.602498 -0.286316 1.102935
v -0.750972 -0.275148 1.178252
v -0.908473 -0.293866 1.253096
v -0.233782 -1.432147 0.731085
v -0.174930 -1.262561 0.729993
v -0.147485 -1.082839 0.746118
v -0.084968 -1.112373 0.911239
v -0.116040 -1.290383 0.885533
v -0.180783 -1.457186 0.871067
v -0.896037 -0.299741 1.285940
v -0.726579 -0.286672 1.242679
v -0.567085 -0.303046 1.196468
v -0.422323 -0.359890 1.146484
v -0.297205 -0.460603 1.093403
v -0.196767 -0.599356 1.039700
v -0.126122 -0.760091 0.989833
v -0.088372 -0.933316 0.946456
v -0.277960 -1.595647 0.870790
v -0.404067 -1.698489 0.885148
v -0.553604 -1.767342 0.912344
v -0.719464 -1.811216 0.948734
v -0.713729 -1.818228 0.983170
v -0.542355 -1.781098 0.979893
v -0.387735 -1.718460 0.983214
v -0.257174 -1.621065 0.995604
v -0.058976 -0.969262 1.122971
v -0.097291 -0.795346 1.162955
v -0.169609 -0.632565 1.202778
v -0.272763 -0.490491 1.240169
v -0.401537 -0.385308 1.271299
v -0.550753 -0.323016 1.294534
v -0.715329 -0.300428 1.310228
v -0.890302 -0.306753 1.320377
v -0.156341 -1.487073 1.017834
v -0.088882 -1.323592 1.048611
v -0.056137 -1.147629 1.084362
v -0.062099 -1.187249 1.258833
v -0.094498 -1.360914 1.212959
v -0.161396 -1.520662 1.165743
v -0.891488 -0.314635 1.355081
v -0.717656 -0.315887 1.378303
v -0.554131 -0.345460 1.393364
v -0.405836 -0.413872 1.397086
v -0.277818 -0.524079 1.388079
v -0.175225 -0.669887 1.367126
v -0.103253 -0.834967 1.337426
v -0.065055 -1.009659 1.300860
v -0.261473 -1.649630 1.121391
v -0.391113 -1.740903 1.082044
v -0.544681 -1.796557 1.047969
v -0.714915 -1.826109 1.017874
v -0.722977 -1.834556 1.051514
v -0.560494 -1.813126 1.113954
v -0.414070 -1.764957 1.177840
v -0.290692 -1.680244 1.243316
v -0.106377 -1.052954 1.473288
v -0.143781 -0.877431 1.506541
v -0.213401 -0.709887 1.526429
v -0.312176 -0.560078 1.531447
v -0.435055 -0.444487 1.519011
v -0.577088 -0.369513 1.489160
v -0.733469 -0.332456 1.444288
v -0.899550 -0.323081 1.388720
v -1.070639 -0.327277 1.327820
v -0.195753 -1.556661 1.309112
v -0.132674 -1.400914 1.372262
v -0.102627 -1.229713 1.427948
v -0.176161 -1.273388 1.585208
v -0.201943 -1.442055 1.520398
v -0.258093 -1.593687 1.442430
v -0.914177 -0.331769 1.420001
v -0.762161 -0.349497 1.505648
v -0.618742 -0.394253 1.578241
v -0.488070 -0.475975 1.632389
v -0.374515 -0.597104 1.664766
v -0.282670 -0.751028 1.674565
v -0.217316 -0.921105 1.663801
v -0.181352 -1.097485 1.633629
v -0.343707 -1.711732 1.356694
v -0.455724 -1.789697 1.266921
v -0.589186 -1.830167 1.175314
v -0.737604 -1.843243 1.082795
v -0.758234 -1.851838 1.110515
v -0.629654 -1.847025 1.229690
v -0.514474 -1.814172 1.345863
v -0.418482 -1.742883 1.457168
v -0.287100 -1.141539 1.775721
v -0.321032 -0.964313 1.803162
v -0.380368 -0.791728 1.805840
v -0.462442 -0.633734 1.782911
v -0.562845 -0.507126 1.732863
v -0.677492 -0.418728 1.657183
v -0.802629 -0.366355 1.560024
v -0.934807 -0.340363 1.447722
v -0.346019 -1.630316 1.560576
v -0.299641 -1.482755 1.651674
v -0.279877 -1.316595 1.724569
v -0.409789 -1.357675 1.840677
v -0.422015 -1.521451 1.761045
v -0.456153 -1.665142 1.659007
v -0.960648 -0.348534 1.470817
v -0.853318 -0.382384 1.605327
v -0.751082 -0.441998 1.722952
v -0.656507 -0.536743 1.816572
v -0.572576 -0.668559 1.881342
v -0.502742 -0.830425 1.915211
v -0.450944 -1.005393 1.919270
v -0.419557 -1.183423 1.894103
v -0.512144 -1.772500 1.540877
v -0.588064 -1.837441 1.411632
v -0.680343 -1.863054 1.274993
v -0.784075 -1.860009 1.133610
v -0.814134 -1.867443 1.151193
v -0.739306 -1.877636 1.309482
v -0.673663 -1.858612 1.461702
v -0.621091 -1.799444 1.604604
v -0.573633 -1.221529 1.984226
v -0.602059 -1.042766 2.007661
v -0.645090 -0.865630 1.998474
v -0.700685 -0.700243 1.956277
v -0.765455 -0.563687 1.880298
v -0.836681 -0.463168 1.773022
v -0.912280 -0.396966 1.639816
v -0.990707 -0.355968 1.488399
v -0.584262 -1.696826 1.733941
v -0.564363 -1.556656 1.844307
v -0.560904 -1.395048 1.929068
v -0.727415 -1.427279 1.986347
v -0.721213 -1.587017 1.898262
v -0.725424 -1.724150 1.782499
v -1.023828 -0.362379 1.499793
v -0.977249 -0.409542 1.662165
v -0.931002 -0.481426 1.805468
v -0.885502 -0.586924 1.921594
v -0.841846 -0.727567 2.004835
v -0.801940 -0.895990 2.052429
v -0.768570 -1.074997 2.064940
v -0.743406 -1.254391 2.042626
v -0.741139 -1.822682 1.645899
v -0.767984 -1.876869 1.494147
v -0.804275 -1.890212 1.331831
v -0.847255 -1.873854 1.162586
v -1.024910 -1.761726 1.794109
v -0.882166 -1.878996 1.167353
v -0.872755 -1.900298 1.341181
v -0.867402 -1.891512 1.507722
v -0.867674 -1.841318 1.663177
v -0.922352 -1.280747 2.067060
v -0.944078 -1.100847 2.088904
v -0.967265 -0.920340 2.075003
v -0.990635 -0.749481 2.025151
v -1.012037 -0.605561 1.938871
v -1.030420 -0.496068 1.819043
v -1.045729 -0.419628 1.671515
v -1.058739 -0.367521 1.504559
v -0.874212 -1.746064 1.802816
v -0.886538 -1.611367 1.920837
v -0.902923 -1.453129 2.010311
v -1.094098 -0.371196 1.502517
v -1.115088 -0.426837 1.667508
v -1.131113 -0.506533 1.813225
v -1.140195 -0.618881 1.931466
v -1.141333 -0.765144 2.016444
v -1.134711 -0.937743 2.065328
v -1.121838 -1.119321 2.078634
v -1.103595 -1.299584 2.056589
v -0.995832 -1.854638 1.655772
v -0.316667 0.231934 -3.834638
v -0.923398 -0.839348 0.649426
v -0.293060 0.231591 -3.831525
v -0.899791 -0.839687 0.652539
v -0.269831 0.226734 -3.829543
v -0.876564 -0.844535 0.654524
v -0.247874 0.217549 -3.828766
v -0.854606 -0.853715 0.655302
v -0.228031 0.204390 -3.829225
v -0.834763 -0.866874 0.654843
v -0.211065 0.187763 -3.830901
v -0.817798 -0.883501 0.653166
v -0.197629 0.168307 -3.833732
v -0.804362 -0.902958 0.650336
v -0.188239 0.146768 -3.837607
v -0.794971 -0.924496 0.646461
v -0.183255 0.123976 -3.842378
v -0.789988 -0.947289 0.641690
v -0.182869 0.100805 -3.847861
v -0.789602 -0.970459 0.636207
v -0.187096 0.078146 -3.853846
v -0.793829 -0.993118 0.630222
v -0.195774 0.056871 -3.860103
v -0.802507 -1.014393 0.623965
v -0.208569 0.037796 -3.866392
v -0.815302 -1.033468 0.617676
v -0.224989 0.021655 -3.872469
v -0.831722 -1.049610 0.611598
v -0.244403 0.009067 -3.878104
v -0.851137 -1.062192 0.605965
v -0.266066 0.000518 -3.883078
v -0.872800 -1.070733 0.600994
v -0.289144 -0.003666 -3.887199
v -0.895879 -1.074911 0.596872
v -0.312751 -0.003322 -3.890312
v -0.919486 -1.074572 0.593759
v -0.335980 0.001535 -3.892294
v -0.942713 -1.069725 0.591775
v -0.357938 0.010720 -3.893071
v -0.964671 -1.060545 0.590997
v -0.377781 0.023878 -3.892612
v -0.984514 -1.047386 0.591456
v -0.394746 0.040505 -3.890936
v -1.001479 -1.030759 0.593132
v -0.408182 0.059962 -3.888105
v -1.014915 -1.011302 0.595962
v -0.417573 0.081500 -3.884231
v -1.024306 -0.989764 0.599837
v -0.422557 0.104293 -3.879459
v -1.029289 -0.966971 0.604608
v -0.422942 0.127464 -3.873976
v -1.029675 -0.943800 0.610092
v -0.418715 0.150122 -3.867991
v -1.025448 -0.921142 0.616077
v -0.410037 0.171398 -3.861734
v -1.016770 -0.899866 0.622334
v -0.397242 0.190473 -3.855445
v -1.003975 -0.880791 0.628622
v -0.380822 0.206614 -3.849368
v -0.987555 -0.864650 0.634700
v -0.361408 0.219201 -3.843733
v -0.968140 -0.852068 0.640334
v -0.339745 0.227751 -3.838760
v -0.946477 -0.843527 0.645305
v -0.968095 -1.901977 1.501904
v -0.942114 -1.907507 1.337174
v -0.917525 -1.882671 1.165310
v -1.326552 -0.799410 2.088573
v -1.157211 -0.789251 2.131707
v -1.040028 -1.792346 1.907919
v -1.209369 -1.802505 1.864785
v -1.061872 -1.642696 1.969454
v -1.236469 -1.653171 1.924982
v -1.142599 -0.951669 2.123621
v -1.317196 -0.962145 2.079148
v -1.367725 -1.804370 1.790220
v -1.399741 -1.655093 1.848102
v -1.480468 -0.964067 2.002269
v -1.484909 -0.801275 2.014009
v -1.626139 -0.957361 1.895936
v -1.545412 -1.648388 1.741769
v -1.509012 -1.797866 1.687088
v -1.626195 -0.794771 1.910876
v -1.627797 -1.783245 1.559352
v -1.667884 -1.633314 1.610069
v -1.748611 -0.942287 1.764236
v -1.744981 -0.780151 1.783141
v -1.836701 -0.757974 1.635710
v -1.843179 -0.919422 1.612230
v -1.762452 -1.610449 1.458063
v -1.719518 -1.761069 1.411922
v -1.780649 -1.732189 1.250462
v -1.825480 -1.580673 1.291592
v -1.906207 -0.889646 1.445759
v -1.897833 -0.729094 1.474250
v -1.926024 -0.694621 1.304967
v -1.935274 -0.854103 1.271221
v -1.854547 -1.545130 1.117054
v -1.808841 -1.697716 1.081178
v -1.803011 -1.658974 0.910576
v -1.848536 -1.505185 0.941156
v -1.929263 -0.814158 1.095323
v -1.920194 -0.655879 1.134364
v -1.880565 -0.614357 0.968998
v -1.888404 -0.771347 0.924825
v -1.807677 -1.462374 0.770659
v -1.763382 -1.617452 0.745210
v -1.808661 -0.571650 0.815225
v -1.691478 -1.574745 0.591437
v -1.814268 -0.727315 0.766279
v -1.733541 -1.418342 0.612113
v -1.707244 -0.529401 0.678954
v -1.709704 -0.683754 0.625778
v -1.628977 -1.374781 0.471611
v -1.590061 -1.532496 0.455166
v -1.580213 -0.489232 0.565421
v -1.463030 -1.492327 0.341632
v -1.498003 -1.333366 0.354555
v -1.578730 -0.642339 0.508721
v -1.432449 -0.452687 0.478989
v -1.426379 -0.604660 0.419608
v -1.345652 -1.295687 0.265441
v -1.315265 -1.455782 0.255201
v -1.258506 -0.572165 0.361861
v -1.269629 -0.421171 0.422981
v -1.152446 -1.424266 0.199192
v -1.177779 -1.263192 0.207694
v -1.098013 -0.395894 0.399548
v -1.081563 -0.546105 0.337700
v -0.980830 -1.398989 0.175759
v -1.000836 -1.237131 0.183534
v -0.821622 -1.218505 0.193888
v -0.902349 -0.527479 0.348055
v -0.924194 -0.377829 0.409590
v -0.807011 -1.380924 0.185802
v -0.754852 -0.367669 0.452723
v -0.727752 -0.517003 0.392527
v -0.637669 -1.370764 0.228935
v -0.647025 -1.208030 0.238360
v -0.483753 -1.206108 0.315239
v -0.564480 -0.515081 0.469406
v -0.596495 -0.365805 0.527288
v -0.479312 -1.368900 0.303500
v -0.338026 -1.375403 0.406632
v -0.455209 -0.372308 0.630421
v -0.338082 -1.212813 0.421573
v -0.418809 -0.521786 0.575739
v -0.219240 -1.390024 0.534368
v -0.215610 -1.227888 0.553273
v -0.296336 -0.536861 0.707439
v -0.336423 -0.386929 0.758156
v -0.127519 -1.412200 0.681798
v -0.244702 -0.409105 0.905587
v -0.121042 -1.250752 0.705279
v -0.201769 -0.559726 0.859445
v -0.066388 -1.441080 0.843258
v -0.058014 -1.280529 0.871750
v -0.138741 -0.589502 1.025917
v -0.183571 -0.437985 1.067047
v -0.038196 -1.475554 1.012542
v -0.028947 -1.316072 1.046288
v -0.109674 -0.625045 1.200455
v -0.155379 -0.472459 1.236330
v -0.115685 -0.664990 1.376352
v -0.161210 -0.511201 1.406933
v -0.044027 -1.514296 1.183145
v -0.034958 -1.356017 1.222186
v -0.200839 -0.552723 1.572299
v -0.156544 -0.707801 1.546850
v -0.083655 -1.555818 1.348510
v -0.075817 -1.398828 1.392684
v -0.149953 -1.442860 1.551230
v -0.230680 -0.751833 1.705396
v -0.272743 -0.595429 1.726072
v -0.155560 -1.598524 1.502284
v -0.374160 -0.637679 1.862344
v -0.335244 -0.795393 1.845897
v -0.256976 -1.640774 1.638555
v -0.254517 -1.486420 1.691731
v -0.385491 -1.527836 1.808787
v -0.466218 -0.836809 1.962954
v -0.501191 -0.677848 1.975877
v -0.384008 -1.680943 1.752089
v -0.648956 -0.714393 2.062308
v -0.618569 -0.874488 2.052068
v -0.537842 -1.565515 1.897901
v -0.531772 -1.717488 1.838520
v -0.786442 -0.906982 2.109815
v -0.811775 -0.745909 2.118317
v -0.694592 -1.749004 1.894529
v -0.705715 -1.598009 1.955648
v -0.983392 -0.771185 2.141750
v -0.963385 -0.933043 2.133975
v -0.866208 -1.774280 1.917962
v -0.882658 -1.624070 1.979808
vt 0.781250 0.937500
vt 0.765625 1.000000
vt 0.750000 0.937500
vt 1.000000 0.875000
vt 1.000000 0.937500
vt 0.968750 0.937500
vt 0.968750 0.875000
vt 0.156250 0.625000
vt 0.187500 0.625000
vt 0.187500 0.625000
vt 0.156250 0.625000
vt 0.781250 0.562500
vt 0.781250 0.625000
vt 0.750000 0.625000
vt 0.750000 0.562500
vt 0.781250 0.500000
vt 0.750000 0.500000
vt 0.812500 0.687500
vt 0.781250 0.687500
vt 0.781250 0.687500
vt 0.812500 0.687500
vt 0.765625 0.000000
vt 0.781250 0.062500
vt 0.750000 0.062500
vt 0.781250 0.750000
vt 0.750000 0.750000
vt 0.750000 0.687500
vt 0.781250 0.375000
vt 0.781250 0.437500
vt 0.750000 0.437500
vt 0.750000 0.375000
vt 0.781250 0.250000
vt 0.781250 0.312500
vt 0.750000 0.312500
vt 0.750000 0.250000
vt 0.781250 0.812500
vt 0.781250 0.875000
vt 0.750000 0.875000
vt 0.750000 0.812500
vt 0.281250 0.625000
vt 0.312500 0.625000
vt 0.312500 0.625000
vt 0.281250 0.625000
vt 0.812500 0.437500
vt 0.812500 0.500000
vt 0.031250 0.375000
vt 0.000000 0.375000
vt 0.000000 0.375000
vt 0.031250 0.375000
vt 0.375000 0.812500
vt 0.343750 0.812500
vt 0.343750 0.750000
vt 0.375000 0.750000
vt 0.843750 0.437500
vt 0.843750 0.500000
vt 0.812500 0.812500
vt 0.812500 0.750000
vt 0.187500 0.687500
vt 0.156250 0.687500
vt 0.156250 0.687500
vt 0.187500 0.687500
vt 0.812500 0.062500
vt 0.812500 0.125000
vt 0.781250 0.125000
vt 0.843750 0.937500
vt 0.828125 1.000000
vt 0.812500 0.937500
vt 0.843750 0.250000
vt 0.843750 0.312500
vt 0.812500 0.312500
vt 0.812500 0.250000
vt 0.796875 0.000000
vt 0.406250 0.375000
vt 0.375000 0.375000
vt 0.375000 0.375000
vt 0.406250 0.375000
vt 0.812500 0.562500
vt 0.812500 0.375000
vt 0.812500 0.875000
vt 0.875000 0.437500
vt 0.875000 0.500000
vt 0.812500 0.625000
vt 0.875000 0.937500
vt 0.859375 1.000000
vt 0.875000 0.687500
vt 0.875000 0.750000
vt 0.843750 0.750000
vt 0.843750 0.687500
vt 0.859375 0.000000
vt 0.875000 0.062500
vt 0.843750 0.062500
vt 0.796875 1.000000
vt 0.218750 0.312500
vt 0.250000 0.312500
vt 0.250000 0.312500
vt 0.218750 0.312500
vt 0.875000 0.562500
vt 0.843750 0.562500
vt 0.843750 0.875000
vt 0.843750 0.125000
vt 0.843750 0.625000
vt 0.875000 0.125000
vt 0.843750 0.812500
vt 0.875000 0.375000
vt 0.843750 0.375000
vt 0.875000 0.812500
vt 0.875000 0.875000
vt 0.875000 0.625000
vt 0.000000 0.312500
vt 0.031250 0.312500
vt 0.031250 0.312500
vt 0.000000 0.312500
vt 0.437500 0.625000
vt 0.468750 0.625000
vt 0.468750 0.625000
vt 0.437500 0.625000
vt 0.828125 0.000000
vt 0.875000 0.250000
vt 0.875000 0.312500
vt 0.906250 0.937500
vt 0.890625 1.000000
vt 0.625000 0.687500
vt 0.593750 0.687500
vt 0.593750 0.687500
vt 0.625000 0.687500
vt 0.906250 0.500000
vt 0.906250 0.562500
vt 0.906250 0.250000
vt 0.906250 0.312500
vt 0.937500 0.812500
vt 0.937500 0.875000
vt 0.906250 0.875000
vt 0.906250 0.812500
vt 0.750000 0.375000
vt 0.781250 0.375000
vt 0.906250 0.437500
vt 0.906250 0.625000
vt 0.937500 0.562500
vt 0.937500 0.625000
vt 0.953125 1.000000
vt 0.937500 0.937500
vt 0.906250 0.375000
vt 0.250000 0.375000
vt 0.218750 0.375000
vt 0.218750 0.375000
vt 0.250000 0.375000
vt 0.890625 0.000000
vt 0.906250 0.062500
vt 0.968750 0.687500
vt 0.937500 0.687500
vt 0.937500 0.687500
vt 0.968750 0.687500
vt 0.906250 0.687500
vt 0.906250 0.750000
vt 0.968750 0.562500
vt 0.968750 0.625000
vt 0.906250 0.125000
vt 0.937500 0.375000
vt 0.937500 0.437500
vt 0.968750 0.250000
vt 0.968750 0.312500
vt 0.937500 0.312500
vt 0.937500 0.250000
vt 0.968750 0.375000
vt 0.968750 0.437500
vt 0.968750 0.500000
vt 0.937500 0.500000
vt 0.781250 0.625000
vt 0.750000 0.625000
vt 0.953125 0.000000
vt 0.968750 0.062500
vt 0.937500 0.062500
vt 0.921875 1.000000
vt 0.125000 0.812500
vt 0.093750 0.812500
vt 0.093750 0.750000
vt 0.125000 0.750000
vt 0.968750 0.812500
vt 0.968750 0.750000
vt 0.937500 0.750000
vt 0.968750 0.125000
vt 0.937500 0.125000
vt 0.921875 0.000000
vt 0.687500 0.812500
vt 0.656250 0.812500
vt 0.656250 0.750000
vt 0.687500 0.750000
vt 0.968750 0.625000
vt 0.937500 0.625000
vt 1.000000 0.250000
vt 1.000000 0.312500
vt 0.984375 1.000000
vt 0.984375 0.000000
vt 1.000000 0.062500
vt 0.031250 0.062500
vt 0.031250 0.125000
vt 0.000000 0.125000
vt 0.000000 0.062500
vt 0.625000 0.812500
vt 0.625000 0.750000
vt 1.000000 0.562500
vt 1.000000 0.625000
vt 1.000000 0.437500
vt 1.000000 0.500000
vt 0.031250 0.437500
vt 0.031250 0.500000
vt 0.000000 0.500000
vt 0.000000 0.437500
vt 0.062500 0.875000
vt 0.062500 0.937500
vt 0.031250 0.937500
vt 0.031250 0.875000
vt 1.000000 0.125000
vt 0.062500 0.250000
vt 0.062500 0.312500
vt 0.031250 0.250000
vt 1.000000 0.687500
vt 1.000000 0.750000
vt 0.000000 0.937500
vt 0.000000 0.875000
vt 0.125000 0.375000
vt 0.093750 0.375000
vt 0.093750 0.375000
vt 0.125000 0.375000
vt 0.750000 0.687500
vt 1.000000 0.375000
vt 1.000000 0.812500
vt 0.218750 0.625000
vt 0.250000 0.625000
vt 0.250000 0.625000
vt 0.218750 0.625000
vt 0.046875 1.000000
vt 0.062500 0.062500
vt 0.062500 0.125000
vt 0.062500 0.687500
vt 0.062500 0.750000
vt 0.031250 0.750000
vt 0.031250 0.687500
vt 0.046875 0.000000
vt 0.015625 1.000000
vt 0.375000 0.625000
vt 0.406250 0.625000
vt 0.406250 0.625000
vt 0.375000 0.625000
vt 0.000000 0.250000
vt 0.000000 0.750000
vt 0.000000 0.687500
vt 0.468750 0.687500
vt 0.437500 0.687500
vt 0.437500 0.687500
vt 0.468750 0.687500
vt 0.062500 0.437500
vt 0.062500 0.500000
vt 0.031250 0.562500
vt 0.031250 0.625000
vt 0.000000 0.625000
vt 0.000000 0.562500
vt 0.062500 0.562500
vt 0.031250 0.812500
vt 0.000000 0.812500
vt 0.062500 0.375000
vt 0.062500 0.812500
vt 0.062500 0.625000
vt 0.937500 0.375000
vt 0.968750 0.375000
vt 0.015625 0.000000
vt 0.093750 0.937500
vt 0.078125 1.000000
vt 0.375000 0.312500
vt 0.406250 0.312500
vt 0.406250 0.312500
vt 0.375000 0.312500
vt 0.093750 0.500000
vt 0.093750 0.562500
vt 0.093750 0.250000
vt 0.093750 0.312500
vt 0.125000 0.437500
vt 0.093750 0.437500
vt 0.093750 0.875000
vt 0.093750 0.625000
vt 0.156250 0.437500
vt 0.156250 0.500000
vt 0.125000 0.500000
vt 0.156250 0.937500
vt 0.140625 1.000000
vt 0.125000 0.937500
vt 0.109375 1.000000
vt 0.656250 0.312500
vt 0.687500 0.312500
vt 0.687500 0.312500
vt 0.656250 0.312500
vt 0.593750 0.812500
vt 0.593750 0.750000
vt 0.156250 0.875000
vt 0.125000 0.875000
vt 0.078125 0.000000
vt 0.093750 0.062500
vt 0.968750 0.312500
vt 0.937500 0.312500
vt 0.093750 0.687500
vt 0.156250 0.562500
vt 0.125000 0.625000
vt 0.125000 0.562500
vt 0.093750 0.125000
vt 0.156250 0.250000
vt 0.156250 0.312500
vt 0.125000 0.312500
vt 0.125000 0.250000
vt 0.156250 0.375000
vt 0.125000 0.625000
vt 0.093750 0.625000
vt 0.687500 0.375000
vt 0.656250 0.375000
vt 0.656250 0.375000
vt 0.687500 0.375000
vt 0.140625 0.000000
vt 0.156250 0.062500
vt 0.125000 0.062500
vt 0.187500 0.312500
vt 0.187500 0.312500
vt 0.156250 0.312500
vt 0.156250 0.812500
vt 0.156250 0.750000
vt 0.125000 0.687500
vt 0.156250 0.125000
vt 0.125000 0.125000
vt 0.187500 0.500000
vt 0.187500 0.562500
vt 0.187500 0.375000
vt 0.187500 0.437500
vt 0.187500 0.812500
vt 0.187500 0.875000
vt 0.109375 0.000000
vt 0.187500 0.937500
vt 0.187500 0.250000
vt 0.343750 0.375000
vt 0.312500 0.375000
vt 0.312500 0.375000
vt 0.343750 0.375000
vt 0.250000 0.500000
vt 0.250000 0.562500
vt 0.218750 0.562500
vt 0.218750 0.500000
vt 0.250000 0.812500
vt 0.250000 0.875000
vt 0.218750 0.875000
vt 0.218750 0.812500
vt 0.171875 1.000000
vt 0.187500 0.750000
vt 0.250000 0.437500
vt 0.218750 0.437500
vt 0.093750 0.687500
vt 0.125000 0.687500
vt 0.250000 0.937500
vt 0.218750 0.937500
vt 0.187500 0.062500
vt 0.187500 0.125000
vt 0.234375 1.000000
vt 0.171875 0.000000
vt 0.843750 0.312500
vt 0.812500 0.312500
vt 0.218750 0.687500
vt 0.218750 0.750000
vt 0.218750 0.062500
vt 0.218750 0.125000
vt 0.250000 0.250000
vt 0.218750 0.250000
vt 0.250000 0.062500
vt 0.250000 0.125000
vt 0.250000 0.687500
vt 0.250000 0.750000
vt 0.234375 0.000000
vt 0.203125 1.000000
vt 0.203125 0.000000
vt 0.562500 0.687500
vt 0.531250 0.687500
vt 0.531250 0.687500
vt 0.562500 0.687500
vt 0.265625 0.000000
vt 0.281250 0.062500
vt 0.281250 0.687500
vt 0.281250 0.750000
vt 0.281250 0.125000
vt 0.281250 0.437500
vt 0.281250 0.500000
vt 0.156250 0.375000
vt 0.187500 0.375000
vt 0.312500 0.812500
vt 0.312500 0.750000
vt 0.281250 0.250000
vt 0.281250 0.312500
vt 0.281250 0.562500
vt 0.875000 0.687500
vt 0.906250 0.687500
vt 0.312500 0.875000
vt 0.281250 0.875000
vt 0.281250 0.812500
vt 0.281250 0.937500
vt 0.265625 1.000000
vt 0.906250 0.625000
vt 0.875000 0.625000
vt 0.343750 0.687500
vt 0.312500 0.687500
vt 0.343750 0.062500
vt 0.343750 0.125000
vt 0.312500 0.125000
vt 0.312500 0.062500
vt 0.312500 0.437500
vt 0.281250 0.375000
vt 0.593750 0.312500
vt 0.625000 0.312500
vt 0.625000 0.312500
vt 0.593750 0.312500
vt 0.343750 0.250000
vt 0.343750 0.312500
vt 0.312500 0.312500
vt 0.312500 0.250000
vt 0.343750 0.875000
vt 0.343750 0.937500
vt 0.312500 0.937500
vt 0.296875 1.000000
vt 0.343750 0.437500
vt 0.343750 0.500000
vt 0.312500 0.500000
vt 0.328125 1.000000
vt 0.296875 0.000000
vt 0.343750 0.625000
vt 0.343750 0.625000
vt 0.343750 0.562500
vt 0.312500 0.562500
vt 0.062500 0.625000
vt 0.031250 0.625000
vt 0.375000 0.500000
vt 0.375000 0.562500
vt 0.781250 0.312500
vt 0.750000 0.312500
vt 0.375000 0.437500
vt 0.375000 0.875000
vt 0.328125 0.000000
vt 0.359375 0.000000
vt 0.375000 0.062500
vt 0.875000 0.375000
vt 0.906250 0.375000
vt 0.375000 0.937500
vt 0.375000 0.250000
vt 0.359375 1.000000
vt 0.375000 0.687500
vt 0.343750 0.312500
vt 0.312500 0.312500
vt 0.406250 0.437500
vt 0.406250 0.500000
vt 0.375000 0.125000
vt 0.437500 0.875000
vt 0.437500 0.937500
vt 0.406250 0.937500
vt 0.406250 0.875000
vt 0.421874 1.000000
vt 0.406250 0.562500
vt 0.406250 0.250000
vt 0.390625 0.000000
vt 0.406250 0.062500
vt 0.437500 0.250000
vt 0.437500 0.312500
vt 0.406250 0.687500
vt 0.406250 0.750000
vt 0.406250 0.125000
vt 0.437500 0.062500
vt 0.437500 0.125000
vt 0.468750 0.812500
vt 0.468750 0.875000
vt 0.437500 0.812500
vt 0.562500 0.812500
vt 0.562500 0.750000
vt 0.468750 0.062500
vt 0.468750 0.125000
vt 0.468750 0.375000
vt 0.468750 0.437500
vt 0.437500 0.437500
vt 0.437500 0.375000
vt 0.390625 1.000000
vt 0.468750 0.250000
vt 0.468750 0.312500
vt 0.437500 0.500000
vt 0.625000 0.375000
vt 0.593750 0.375000
vt 0.593750 0.375000
vt 0.625000 0.375000
vt 0.375000 0.687500
vt 0.406250 0.687500
vt 0.468750 0.750000
vt 0.437500 0.750000
vt 0.406250 0.812500
vt 0.468750 0.500000
vt 0.250000 0.687500
vt 0.281250 0.687500
vt 0.421875 0.000000
vt 0.906250 0.312500
vt 0.875000 0.312500
vt 0.468750 0.562500
vt 0.437500 0.562500
vt 0.468750 0.937500
vt 0.453124 1.000000
vt 0.453125 0.000000
vt 0.062500 0.375000
vt 0.500000 0.812500
vt 0.500000 0.875000
vt 0.500000 0.250000
vt 0.500000 0.312500
vt 0.500000 0.500000
vt 0.500000 0.562500
vt 0.531250 0.562500
vt 0.531250 0.625000
vt 0.500000 0.625000
vt 0.531250 0.375000
vt 0.531250 0.437500
vt 0.500000 0.437500
vt 0.500000 0.375000
vt 0.531250 0.812500
vt 0.531250 0.875000
vt 0.593750 0.625000
vt 0.625000 0.625000
vt 0.625000 0.625000
vt 0.593750 0.625000
vt 0.500000 0.625000
vt 0.515625 0.000000
vt 0.531250 0.062500
vt 0.500000 0.062500
vt 0.500000 0.937500
vt 0.531250 0.125000
vt 0.500000 0.125000
vt 0.484374 1.000000
vt 0.531250 0.500000
vt 0.562500 0.500000
vt 0.562500 0.562500
vt 0.562500 0.375000
vt 0.562500 0.437500
vt 0.562500 0.875000
vt 0.562500 0.062500
vt 0.562500 0.125000
vt 0.500000 0.687500
vt 0.500000 0.687500
vt 0.125000 0.312500
vt 0.093750 0.312500
vt 0.500000 0.750000
vt 0.562500 0.937500
vt 0.531250 0.937500
vt 0.484375 0.000000
vt 0.562500 0.250000
vt 0.562500 0.312500
vt 0.531250 0.312500
vt 0.531250 0.250000
vt 0.281250 0.375000
vt 0.546875 1.000000
vt 0.531250 0.750000
vt 1.000000 0.312500
vt 0.562500 0.625000
vt 0.515625 1.000000
vt 0.546875 0.000000
vt 0.578125 0.000000
vt 0.593750 0.062500
vt 0.593750 0.437500
vt 0.593750 0.500000
vt 0.593750 0.937500
vt 0.578125 1.000000
vt 0.625000 0.437500
vt 0.625000 0.500000
vt 0.593750 0.125000
vt 0.593750 0.875000
vt 0.656250 0.437500
vt 0.656250 0.500000
vt 0.625000 0.562500
vt 0.593750 0.562500
vt 0.593750 0.250000
vt 0.625000 0.062500
vt 0.625000 0.125000
vt 0.687500 0.625000
vt 0.718750 0.625000
vt 0.718750 0.625000
vt 0.687500 0.625000
vt 0.656250 0.937500
vt 0.640625 1.000000
vt 0.625000 0.937500
vt 0.656250 0.062500
vt 0.656250 0.125000
vt 0.656250 0.875000
vt 0.625000 0.875000
vt 0.031250 0.687500
vt 0.062500 0.687500
vt 0.843750 0.687500
vt 0.656250 0.562500
vt 0.656250 0.625000
vt 0.609375 0.000000
vt 1.000000 0.375000
vt 0.656250 0.250000
vt 0.625000 0.250000
vt 0.750000 0.125000
vt 0.734375 0.000000
vt 0.718750 0.062500
vt 0.562500 0.312500
vt 0.531250 0.312500
vt 0.718750 0.687500
vt 0.687500 0.687500
vt 0.687500 0.687500
vt 0.718750 0.687500
vt 0.640625 0.000000
vt 0.609375 1.000000
vt 0.656250 0.687500
vt 0.687500 0.500000
vt 0.687500 0.562500
vt 0.687500 0.937500
vt 0.671875 1.000000
vt 0.687500 0.437500
vt 0.718750 0.375000
vt 0.718750 0.437500
vt 0.843750 0.625000
vt 0.812500 0.625000
vt 0.687500 0.875000
vt 0.687500 0.062500
vt 0.687500 0.125000
vt 0.312500 0.687500
vt 0.343750 0.687500
vt 0.718750 0.500000
vt 0.718750 0.562500
vt 0.687500 0.250000
vt 0.703125 0.000000
vt 0.718750 0.812500
vt 0.718750 0.875000
vt 0.671875 0.000000
vt 0.718750 0.125000
vt 0.281250 0.312500
vt 0.718750 0.937500
vt 0.718750 0.750000
vt 0.703125 1.000000
vt 0.718750 0.250000
vt 0.718750 0.312500
vt 1.000000 0.625000
vt 1.000000 0.500000
vt 1.000000 1.000000
vt 0.968750 1.000000
vt 0.968750 0.500000
vt 0.937500 1.000000
vt 0.937500 0.500000
vt 0.906250 1.000000
vt 0.906250 0.500000
vt 0.875000 1.000000
vt 0.875000 0.500000
vt 0.843750 1.000000
vt 0.843750 0.500000
vt 0.812500 1.000000
vt 0.812500 0.500000
vt 0.781250 1.000000
vt 0.781250 0.500000
vt 0.750000 1.000000
vt 0.750000 0.500000
vt 0.718750 1.000000
vt 0.718750 0.500000
vt 0.687500 1.000000
vt 0.687500 0.500000
vt 0.656250 1.000000
vt 0.656250 0.500000
vt 0.625000 1.000000
vt 0.625000 0.500000
vt 0.593750 1.000000
vt 0.593750 0.500000
vt 0.562500 1.000000
vt 0.562500 0.500000
vt 0.531250 1.000000
vt 0.531250 0.500000
vt 0.500000 1.000000
vt 0.500000 0.500000
vt 0.468750 1.000000
vt 0.468750 0.500000
vt 0.437500 1.000000
vt 0.437500 0.500000
vt 0.406250 1.000000
vt 0.406250 0.500000
vt 0.375000 1.000000
vt 0.375000 0.500000
vt 0.343750 1.000000
vt 0.343750 0.500000
vt 0.312500 1.000000
vt 0.312500 0.500000
vt 0.281250 1.000000
vt 0.281250 0.500000
vt 0.250000 1.000000
vt 0.250000 0.500000
vt 0.218750 1.000000
vt 0.218750 0.500000
vt 0.187500 1.000000
vt 0.187500 0.500000
vt 0.156250 1.000000
vt 0.156250 0.500000
vt 0.125000 1.000000
vt 0.125000 0.500000
vt 0.093750 1.000000
vt 0.093750 0.500000
vt 0.062500 1.000000
vt 0.062500 0.500000
vt 0.296822 0.485388
vt 0.250000 0.490000
vt 0.203179 0.485389
vt 0.158156 0.471731
vt 0.116663 0.449553
vt 0.080295 0.419706
vt 0.050447 0.383337
vt 0.028269 0.341844
vt 0.014612 0.296822
vt 0.010000 0.250000
vt 0.014611 0.203179
vt 0.028269 0.158156
vt 0.050447 0.116663
vt 0.080294 0.080294
vt 0.116663 0.050447
vt 0.158156 0.028269
vt 0.203178 0.014612
vt 0.250000 0.010000
vt 0.296822 0.014612
vt 0.341844 0.028269
vt 0.383337 0.050447
vt 0.419706 0.080294
vt 0.449553 0.116663
vt 0.471731 0.158156
vt 0.485388 0.203178
vt 0.490000 0.250000
vt 0.485388 0.296822
vt 0.471731 0.341844
vt 0.449553 0.383337
vt 0.419706 0.419706
vt 0.383337 0.449553
vt 0.341844 0.471731
vt 0.031250 1.000000
vt 0.031250 0.500000
vt 0.000000 1.000000
vt 0.000000 0.500000
vt 0.750000 0.490000
vt 0.796822 0.485388
vt 0.841844 0.471731
vt 0.883337 0.449553
vt 0.919706 0.419706
vt 0.949553 0.383337
vt 0.971731 0.341844
vt 0.985388 0.296822
vt 0.990000 0.250000
vt 0.985388 0.203178
vt 0.971731 0.158156
vt 0.949553 0.116663
vt 0.919706 0.080294
vt 0.883337 0.050447
vt 0.841844 0.028269
vt 0.796822 0.014612
vt 0.750000 0.010000
vt 0.703178 0.014612
vt 0.658156 0.028269
vt 0.616663 0.050447
vt 0.580294 0.080294
vt 0.550447 0.116663
vt 0.528269 0.158156
vt 0.514611 0.203179
vt 0.510000 0.250000
vt 0.514612 0.296822
vt 0.528269 0.341844
vt 0.550447 0.383337
vt 0.580295 0.419706
vt 0.616663 0.449553
vt 0.658156 0.471731
vt 0.703179 0.485389
vt 0.531250 0.375000
vt 0.562500 0.375000
vt 0.734375 1.000000
vt 0.812500 0.375000
vt 0.843750 0.375000
vt 1.000000 0.687500
vt 0.062500 0.312500
vt 0.000000 0.687500
vt 0.000000 0.625000
vt 0.218750 0.687500
vt 0.437500 0.312500
vt 0.437500 0.375000
vt 0.468750 0.312500
vt 0.468750 0.375000
vt 0.531250 0.625000
vt 0.500000 0.312500
vt 0.500000 0.375000
vt 0.562500 0.625000
vt 0.656250 0.625000
vt 0.656250 0.687500
vt 0.718750 0.312500
vt 0.718750 0.375000
vt 0.781250 0.187500
vt 0.750000 0.187500
vt 0.812500 0.187500
vt 0.843750 0.187500
vt 0.875000 0.187500
vt 0.968750 0.187500
vt 0.937500 0.187500
vt 0.906250 0.187500
vt 1.000000 0.187500
vt 0.031250 0.187500
vt 0.000000 0.187500
vt 0.062500 0.187500
vt 0.093750 0.187500
vt 0.156250 0.187500
vt 0.125000 0.187500
vt 0.187500 0.187500
vt 0.250000 0.187500
vt 0.218750 0.187500
vt 0.312500 0.187500
vt 0.281250 0.187500
vt 0.343750 0.187500
vt 0.375000 0.187500
vt 0.437500 0.187500
vt 0.406250 0.187500
vt 0.468750 0.187500
vt 0.500000 0.187500
vt 0.531250 0.187500
vt 0.562500 0.187500
vt 0.593750 0.187500
vt 0.625000 0.187500
vt 0.656250 0.187500
vt 0.718750 0.187500
vt 0.687500 0.187500
vn 0.1106 -0.9725 -0.2052
vn 0.0225 -0.9751 -0.2207
vn -0.1133 0.9697 0.2163
vn -0.1840 -0.5073 0.8419
vn -0.2143 -0.3307 0.9191
vn 0.1249 -0.9624 -0.2412
vn -0.1160 0.9669 0.2275
vn -0.0881 -0.8354 0.5426
vn -0.2495 0.0532 0.9669
vn -0.2364 -0.1415 0.9613
vn -0.2428 0.4887 0.8380
vn 0.0494 -0.9979 0.0413
vn 0.0922 -0.9873 -0.1295
vn -0.4199 -0.1482 0.8954
vn 0.1133 -0.9697 -0.2163
vn 0.4648 -0.7204 -0.5147
vn -0.5877 -0.1456 0.7959
vn -0.1101 -0.9599 0.2577
vn 0.1232 -0.9740 -0.1901
vn -0.1502 0.9435 0.2954
vn 0.1064 -0.9725 -0.2071
vn -0.2228 -0.8403 0.4942
vn -0.5007 0.4857 0.7165
vn -0.1181 0.9668 0.2267
vn -0.3978 -0.3374 0.8532
vn -0.4260 0.0467 0.9035
vn 0.0006 -0.9997 0.0238
vn -0.7333 -0.1338 0.6666
vn -0.3605 -0.5138 0.7785
vn 0.1047 -0.9724 -0.2087
vn 0.0754 -0.9879 -0.1355
vn -0.4529 -0.8297 0.3262
vn -0.3775 0.4838 0.7896
vn -0.1219 0.9669 0.2240
vn 0.1084 -0.9725 -0.2059
vn -0.1142 0.9630 0.2439
vn -0.7112 -0.3230 0.6244
vn 0.0601 -0.9877 -0.1446
vn -0.1655 0.9437 0.2863
vn -0.5219 -0.5113 0.6828
vn -0.1789 0.9448 0.2745
vn -0.0440 -0.9990 -0.0027
vn -0.7275 0.0606 0.6834
vn -0.5874 0.0492 0.8078
vn -0.0827 -0.9959 -0.0371
vn -0.5656 -0.3348 0.7537
vn -0.6620 -0.4999 0.5584
vn -0.0858 0.9710 0.2233
vn -0.1201 0.9668 0.2255
vn 0.0468 -0.9866 -0.1564
vn -0.3460 -0.8384 0.4211
vn -0.6076 0.4944 0.6216
vn 0.1033 -0.9721 -0.2105
vn 0.0940 -0.9670 -0.2370
vn -0.8291 -0.3024 0.4703
vn -0.6941 0.5095 0.5085
vn -0.1368 -0.9828 -0.1240
vn 0.0360 -0.9847 -0.1705
vn -0.8512 -0.1132 0.5125
vn -0.7754 -0.4801 0.4102
vn -0.8577 -0.4526 0.2438
vn -0.1141 -0.9904 -0.0780
vn 0.1017 -0.9714 -0.2147
vn -0.8409 0.0804 0.5352
vn 0.0282 -0.9821 -0.1863
vn 0.0236 -0.9788 -0.2033
vn -0.1233 0.9672 0.2222
vn 0.1411 -0.9652 -0.2201
vn -0.5395 -0.8146 0.2131
vn -0.9058 -0.4185 0.0656
vn -0.1896 0.9467 0.2604
vn -0.9232 0.1079 0.3688
vn -0.7937 0.5566 0.2455
vn -0.9713 0.1420 0.1907
vn -0.9647 -0.2383 0.1121
vn -0.7570 0.5305 0.3815
vn -0.1249 0.9679 0.2179
vn 0.1023 -0.9718 -0.2125
vn -0.9147 -0.2738 0.2973
vn -0.2455 -0.7943 -0.5558
vn -0.1501 -0.9734 -0.1732
vn -0.6390 -0.7676 -0.0499
vn -0.9368 -0.0846 0.3395
vn -0.2020 0.9526 0.2276
vn -0.1975 0.9493 0.2446
vn -0.9868 -0.0491 0.1543
vn -0.6023 -0.7936 0.0861
vn -0.1243 0.9675 0.2201
vn 0.2744 -0.9200 0.2800
vn -0.8029 0.5867 0.1058
vn 0.1015 -0.9709 -0.2170
vn -0.1250 0.9684 0.2157
vn -0.2008 0.9604 0.1930
vn 0.3628 -0.9006 0.2394
vn -0.9179 -0.3791 -0.1174
vn -0.9993 -0.0081 -0.0360
vn -0.9739 0.0368 -0.2241
vn 0.0305 -0.9667 -0.2542
vn -0.2032 0.9563 0.2102
vn -0.7384 0.6543 -0.1635
vn -0.6482 -0.7375 -0.1896
vn 0.0248 -0.9710 -0.2379
vn 0.1197 -0.9626 -0.2431
vn -0.9772 -0.1973 -0.0782
vn -0.9834 0.1815 0.0076
vn -0.1534 -0.9625 -0.2238
vn 0.1026 -0.9698 -0.2214
vn -0.1951 0.9647 0.1767
vn -0.5837 -0.6698 -0.4590
vn -0.1240 0.9695 0.2113
vn 0.1018 -0.9703 -0.2192
vn -0.7842 0.6197 -0.0323
vn -0.6295 -0.7045 -0.3277
vn 0.0854 -0.9734 -0.2125
vn -0.9114 0.0840 -0.4028
vn -0.8934 -0.3358 -0.2984
vn -0.8893 -0.1052 -0.4451
vn -0.1467 -0.9505 -0.2738
vn -0.8988 0.2701 -0.3453
vn -0.9589 0.2247 -0.1734
vn -0.1301 -0.9380 -0.3213
vn -0.9518 -0.1524 -0.2663
vn -0.8333 -0.2904 -0.4703
vn -0.1247 0.9690 0.2134
vn 0.1037 -0.9692 -0.2233
vn -0.1372 0.9634 0.2303
vn -0.7922 -0.0576 -0.6075
vn -0.6671 0.6892 -0.2828
vn -0.6824 0.3602 -0.6361
vn 0.0394 -0.9623 -0.2691
vn -0.8143 0.1316 -0.5653
vn -0.7400 -0.2447 -0.6266
vn -0.5325 0.2207 -0.8171
vn -0.1043 -0.9253 -0.3645
vn 0.1071 -0.9682 -0.2263
vn -0.8054 0.3158 -0.5015
vn 0.1053 -0.9687 -0.2250
vn -0.1232 0.9740 0.1901
vn 0.4410 -0.8788 0.1825
vn 0.0651 -0.9542 -0.2921
vn -0.1228 0.9701 0.2094
vn -0.0854 0.9734 0.2125
vn -0.5124 -0.6349 -0.5782
vn -0.4689 -0.1590 -0.8688
vn -0.1863 0.9691 0.1618
vn -0.6643 -0.0115 -0.7474
vn -0.0703 -0.9131 -0.4017
vn -0.4602 0.7546 -0.4677
vn -0.5344 0.4015 -0.7438
vn -0.6169 -0.2003 -0.7611
vn -0.5104 0.0315 -0.8593
vn 0.0511 -0.9581 -0.2819
vn -0.1195 0.9712 0.2064
vn -0.5732 0.7231 -0.3855
vn -0.1033 0.9646 0.2424
vn -0.0294 -0.9017 -0.4314
vn -0.3055 -0.5695 -0.7631
vn -0.1605 0.9772 0.1388
vn -0.6864 0.1777 -0.7052
vn -0.3365 0.0696 -0.9391
vn -0.1746 0.9733 0.1490
vn -0.3671 0.4382 -0.8205
vn -0.4185 -0.6010 -0.6809
vn 0.0169 -0.8915 -0.4527
vn -0.1213 0.9706 0.2077
vn -0.3016 -0.1223 -0.9456
vn 0.0810 -0.9507 -0.2994
vn -0.3325 0.7826 -0.5263
vn 0.0442 0.1257 -0.9911
vn 0.1181 -0.8766 -0.4665
vn 0.1091 -0.9677 -0.2272
vn -0.1778 -0.5415 -0.8217
vn -0.0009 0.4921 -0.8705
vn 0.1325 -0.9717 -0.1955
vn 0.1158 -0.9456 -0.3041
vn -0.3586 0.2588 -0.8969
vn -0.1713 0.2906 -0.9414
vn -0.1446 0.9807 0.1315
vn 0.0646 -0.0684 -0.9956
vn 0.1137 -0.9670 -0.2278
vn -0.1174 0.9716 0.2054
vn -0.0968 0.9762 0.1941
vn -0.4046 -0.8887 -0.2156
vn -0.0403 -0.5182 -0.8543
vn 0.0982 -0.9478 -0.3035
vn -0.1275 0.9836 0.1274
vn -0.0530 0.8238 -0.5644
vn 0.0221 0.3149 -0.9489
vn -0.1098 0.9858 0.1268
vn -0.3916 -0.8659 -0.3113
vn 0.1017 -0.5003 -0.8598
vn -0.1129 0.9723 0.2048
vn 0.1114 -0.9673 -0.2278
vn -0.1152 0.9720 0.2049
vn -0.1950 0.8060 -0.5589
vn 0.0876 -0.9696 -0.2284
vn -0.1106 0.9725 0.2052
vn -0.1214 -0.0917 -0.9884
vn 0.2428 -0.4887 -0.8380
vn 0.0666 -0.8831 -0.4645
vn -0.0922 0.9873 0.1295
vn -0.1869 0.4688 -0.8633
vn 0.2143 0.3307 -0.9191
vn -0.1492 0.1014 -0.9836
vn 0.3908 -0.7144 -0.5804
vn 0.0881 0.8354 -0.5426
vn 0.2495 -0.0532 -0.9669
vn 0.1372 -0.9634 -0.2303
vn 0.2179 -0.8706 -0.4410
vn 0.1160 -0.9669 -0.2275
vn 0.2364 0.1415 -0.9613
vn 0.5007 -0.4857 -0.7165
vn -0.0601 0.9877 0.1446
vn 0.1334 -0.9441 -0.3014
vn 0.3605 0.5138 -0.7785
vn -0.1325 0.9717 0.1955
vn 0.3460 0.8384 -0.4211
vn 0.1691 -0.8724 -0.4586
vn 0.1655 -0.9437 -0.2863
vn 0.1840 0.5073 -0.8419
vn 0.1181 -0.9668 -0.2267
vn 0.5656 0.3348 -0.7537
vn 0.1201 -0.9668 -0.2255
vn 0.2625 -0.8713 -0.4146
vn -0.1084 0.9725 0.2059
vn 0.5219 0.5113 -0.6828
vn 0.5877 0.1456 -0.7959
vn 0.4199 0.1482 -0.8954
vn 0.5874 -0.0492 -0.8078
vn 0.4260 -0.0467 -0.9035
vn 0.7333 0.1338 -0.6666
vn -0.1068 0.9761 0.1894
vn 0.6620 0.4999 -0.5584
vn 0.1502 -0.9435 -0.2954
vn 0.3012 -0.8745 -0.3802
vn 0.2228 0.8403 -0.4942
vn -0.1064 0.9725 0.2071
vn -0.1047 0.9724 0.2087
vn 0.1789 -0.9448 -0.2745
vn 0.3978 0.3374 -0.8532
vn 0.4529 0.8297 -0.3262
vn -0.0754 0.9879 0.1355
vn 0.1219 -0.9669 -0.2240
vn 0.3775 -0.4838 -0.7896
vn 0.6076 -0.4944 -0.6216
vn 0.3055 -0.7131 -0.6310
vn 0.7112 0.3230 -0.6244
vn -0.1297 0.9625 0.2384
vn 0.8291 0.3024 -0.4703
vn -0.0468 0.9866 0.1564
vn 0.1975 -0.9493 -0.2446
vn 0.1243 -0.9675 -0.2201
vn 0.8512 0.1132 -0.5125
vn 0.5395 0.8146 -0.2131
vn -0.1033 0.9721 0.2105
vn 0.6023 0.7936 -0.0861
vn -0.3599 -0.8419 -0.4021
vn 0.6941 -0.5095 -0.5085
vn -0.0360 0.9847 0.1705
vn -0.0282 0.9821 0.1863
vn 0.3686 -0.8970 -0.2441
vn 0.5060 -0.8553 0.1114
vn -0.0236 0.9788 0.2033
vn 0.9058 0.4185 -0.0656
vn 0.1233 -0.9672 -0.2222
vn 0.6390 0.7676 0.0499
vn 0.1896 -0.9467 -0.2604
vn 0.9147 0.2738 -0.2973
vn 0.0893 -0.9753 -0.2022
vn 0.8409 -0.0804 -0.5352
vn 0.7937 -0.5566 -0.2455
vn 0.3326 -0.8799 -0.3393
vn 0.9647 0.2383 -0.1121
vn 0.7754 0.4801 -0.4102
vn 0.1068 -0.9761 -0.1894
vn 0.7570 -0.5305 -0.3815
vn -0.1023 0.9718 0.2125
vn -0.0893 0.9753 0.2022
vn 0.9713 -0.1420 -0.1907
vn 0.9368 0.0846 -0.3395
vn 0.1249 -0.9679 -0.2179
vn 0.8577 0.4526 -0.2438
vn 0.9868 0.0491 -0.1543
vn 0.3553 -0.8875 -0.2933
vn -0.1017 0.9714 0.2147
vn 0.9232 -0.1079 -0.3688
vn 0.2020 -0.9526 -0.2276
vn 0.3719 -0.9079 -0.1935
vn 0.6482 0.7375 0.1896
vn 0.9993 0.0081 0.0360
vn 0.9589 -0.2247 0.1734
vn 0.8934 0.3358 0.2984
vn 0.9179 0.3791 0.1174
vn 0.9772 0.1973 0.0782
vn 0.9834 -0.1815 -0.0076
vn 0.3652 -0.9198 -0.1434
vn -0.1018 0.9703 0.2192
vn 0.2032 -0.9563 -0.2102
vn -0.0248 0.9710 0.2379
vn 0.1250 -0.9684 -0.2157
vn 0.9739 -0.0368 0.2241
vn 0.9114 -0.0840 0.4028
vn 0.8333 0.2904 0.4703
vn 0.3486 -0.9324 -0.0959
vn -0.0305 0.9667 0.2542
vn -0.0225 0.9751 0.2207
vn 0.0850 -0.9723 -0.2179
vn -0.0940 0.9670 0.2370
vn 0.8029 -0.5867 -0.1058
vn 0.1951 -0.9647 -0.1767
vn -0.1015 0.9709 0.2170
vn 0.5837 0.6698 0.4590
vn 0.1240 -0.9695 -0.2113
vn 0.7842 -0.6197 0.0323
vn -0.0850 0.9723 0.2179
vn 0.9518 0.1524 0.2663
vn 0.8988 -0.2701 0.3453
vn 0.7275 -0.0606 -0.6834
vn 0.2122 -0.7165 -0.6645
vn 0.1247 -0.9690 -0.2134
vn 0.8893 0.1052 0.4451
vn 0.6295 0.7045 0.3277
vn 0.7384 -0.6543 0.1635
vn 0.2008 -0.9604 -0.1930
vn -0.1026 0.9698 0.2214
vn -0.1037 0.9692 0.2233
vn 0.7922 0.0576 0.6075
vn 0.1228 -0.9701 -0.2094
vn 0.6671 -0.6892 0.2828
vn 0.6643 0.0115 0.7474
vn -0.0394 0.9623 0.2691
vn 0.3228 -0.9450 -0.0528
vn 0.5732 -0.7231 0.3855
vn 0.5553 -0.8311 0.0289
vn 0.5104 -0.0315 0.8593
vn 0.6864 -0.1777 0.7052
vn 0.5124 0.6349 0.5782
vn -0.0511 0.9581 0.2818
vn -0.3728 -0.9276 -0.0248
vn 0.1863 -0.9691 -0.1618
vn 0.1195 -0.9712 -0.2064
vn 0.8054 -0.3158 0.5015
vn -0.0651 0.9542 0.2921
vn 0.7400 0.2447 0.6266
vn 0.1605 -0.9772 -0.1388
vn 0.8143 -0.1316 0.5653
vn 0.1389 -0.9690 -0.2042
vn 0.1297 -0.9625 -0.2384
vn 0.5344 -0.4015 0.7438
vn -0.1053 0.9687 0.2250
vn 0.2479 -0.9687 0.0142
vn 0.6169 0.2003 0.7611
vn 0.3055 0.5695 0.7631
vn -0.1334 0.9441 0.3014
vn 0.2888 -0.9573 -0.0156
vn -0.1137 0.9670 0.2278
vn 0.6824 -0.3602 0.6361
vn 0.4689 0.1590 0.8688
vn -0.1389 0.9690 0.2042
vn 0.5325 -0.2207 0.8171
vn 0.1746 -0.9733 -0.1490
vn 0.1087 -0.9637 -0.2437
vn 0.4185 0.6010 0.6809
vn -0.1071 0.9682 0.2263
vn 0.1213 -0.9706 -0.2077
vn 0.4602 -0.7546 0.4677
vn 0.3586 -0.2588 0.8969
vn 0.3671 -0.4382 0.8205
vn 0.1174 -0.9716 -0.2054
vn 0.3016 0.1223 0.9456
vn 0.1214 0.0917 0.9884
vn 0.2016 -0.9788 0.0354
vn -0.0810 0.9507 0.2994
vn 0.0968 -0.9762 -0.1941
vn 0.1713 -0.2906 0.9414
vn 0.1446 -0.9807 -0.1315
vn -0.0221 -0.3149 0.9489
vn 0.1778 0.5415 0.8217
vn 0.1492 -0.1014 0.9836
vn -0.1114 0.9673 0.2278
vn -0.0442 -0.1257 0.9911
vn -0.3982 -0.9096 -0.1189
vn 0.3365 -0.0696 0.9391
vn 0.1519 -0.9873 0.0472
vn 0.3325 -0.7826 0.5263
vn 0.0008 -0.4921 0.8705
vn -0.1091 0.9677 0.2272
vn -0.1158 0.9456 0.3041
vn -0.1197 0.9626 0.2431
vn 0.1098 -0.9858 -0.1268
vn 0.1950 -0.8060 0.5589
vn 0.0530 -0.8238 0.5644
vn -0.0982 0.9478 0.3034
vn 0.1869 -0.4688 0.8633
vn 0.1004 -0.9937 0.0492
vn 0.1152 -0.9720 -0.2049
vn 0.0403 0.5182 0.8543
vn 0.1275 -0.9836 -0.1274
vn -0.0163 0.9730 0.2303
vn 0.1773 0.9515 0.2513
vn 0.3643 0.8934 0.2627
vn 0.5373 0.8010 0.2641
vn 0.6895 0.6778 0.2552
vn 0.8153 0.5286 0.2366
vn 0.9097 0.3590 0.2089
vn 0.9691 0.1757 0.1731
vn 0.9913 -0.0144 0.1307
vn 0.9754 -0.2040 0.0833
vn 0.9221 -0.3857 0.0326
vn 0.8333 -0.5526 -0.0193
vn 0.7124 -0.6982 -0.0704
vn 0.5641 -0.8171 -0.1189
vn 0.3941 -0.9045 -0.1628
vn 0.2092 -0.9571 -0.2004
vn 0.0163 -0.9730 -0.2302
vn -0.1773 -0.9515 -0.2513
vn -0.3643 -0.8934 -0.2627
vn -0.5373 -0.8010 -0.2641
vn -0.6895 -0.6778 -0.2552
vn -0.8153 -0.5286 -0.2366
vn -0.9097 -0.3590 -0.2089
vn -0.9691 -0.1757 -0.1731
vn -0.9913 0.0144 -0.1307
vn -0.9754 0.2040 -0.0833
vn -0.9221 0.3857 -0.0326
vn -0.8333 0.5526 0.0193
vn -0.7124 0.6982 0.0704
vn -0.5641 0.8171 0.1189
vn -0.1305 -0.2304 0.9643
vn -0.3941 0.9045 0.1628
vn -0.2092 0.9571 0.2004
vn 0.1305 0.2304 -0.9643
vn -0.1017 0.5003 0.8598
vn -0.0646 0.0684 0.9956
vn 0.1129 -0.9723 -0.2048
vn -0.2423 -0.0700 0.9677
vn -0.2040 -0.3976 0.8946
vn -0.3634 0.3264 -0.8726
vn -0.3857 -0.4043 0.8293
vn -0.4240 -0.0766 0.9024
vn -0.5902 -0.0741 0.8039
vn -0.6961 -0.3900 0.6027
vn -0.5519 -0.4017 0.7308
vn -0.7344 -0.0624 0.6758
vn -0.8512 -0.0419 0.5232
vn -0.9359 -0.0136 0.3519
vn -0.8129 -0.3696 0.4501
vn -0.9855 0.0215 0.1685
vn -0.9472 -0.3062 0.0954
vn -0.8977 -0.3413 0.2788
vn -0.9596 -0.2655 -0.0931
vn -0.9108 0.1533 -0.3833
vn -0.9979 0.0621 -0.0200
vn -0.8725 -0.1743 -0.4564
vn -0.9727 0.1066 -0.2063
vn -0.9344 -0.2210 -0.2794
vn -0.8147 0.2004 -0.5442
vn -0.7764 -0.1272 -0.6173
vn -0.5356 0.2887 -0.7936
vn -0.6880 0.2462 -0.6827
vn -0.4973 -0.0390 -0.8667
vn -0.6497 -0.0815 -0.7558
vn 0.0520 0.0543 -0.9972
vn 0.0137 0.3820 -0.9241
vn -0.3251 -0.0012 -0.9457
vn -0.1779 0.3579 -0.9166
vn -0.1396 0.0303 -0.9897
vn 0.2423 0.0700 -0.9677
vn 0.2040 0.3976 -0.8946
vn 0.5902 0.0741 -0.8039
vn 0.4240 0.0766 -0.9024
vn 0.7344 0.0624 -0.6758
vn 0.3857 0.4043 -0.8293
vn 0.5519 0.4017 -0.7308
vn 0.6961 0.3900 -0.6027
vn 0.8512 0.0419 -0.5232
vn 0.9855 -0.0215 -0.1685
vn 0.8129 0.3696 -0.4501
vn 0.8977 0.3413 -0.2788
vn 0.9359 0.0136 -0.3519
vn 0.9472 0.3062 -0.0954
vn 0.9727 -0.1066 0.2063
vn 0.9596 0.2655 0.0931
vn 0.9108 -0.1533 0.3833
vn 0.8725 0.1743 0.4564
vn 0.9979 -0.0621 0.0200
vn 0.9344 0.2210 0.2794
vn 0.7764 0.1272 0.6173
vn 0.4973 0.0390 0.8667
vn 0.8147 -0.2004 0.5442
vn 0.6880 -0.2462 0.6827
vn 0.6497 0.0815 0.7558
vn 0.5356 -0.2887 0.7936
vn 0.1779 -0.3579 0.9166
vn 0.3251 0.0012 0.9457
vn -0.0137 -0.3820 0.9241
vn 0.3634 -0.3264 0.8726
vn 0.1396 -0.0303 0.9897
vn -0.0520 -0.0543 0.9972
vn 0.1033 -0.9646 -0.2424
vn -0.1407 0.9677 0.2093
vn 0.1142 -0.9630 -0.2439
vn 0.1407 -0.9677 -0.2093
vn -0.1249 0.9624 0.2412
vn -0.0903 0.9683 0.2330
vn -0.1411 0.9652 0.2201
vn 0.1123 -0.9756 -0.1886
vn 0.0926 -0.9758 -0.1978
vn -0.1123 0.9756 0.1886
vn 0.1338 -0.9628 -0.2347
vn -0.1016 0.9763 0.1913
vn 0.0858 -0.9710 -0.2233
vn -0.1362 0.9704 0.1995
vn 0.1362 -0.9704 -0.1995
vn -0.1338 0.9628 0.2347
vn -0.0984 0.9657 0.2402
vn 0.1016 -0.9763 -0.1913
vn 0.0868 -0.9744 -0.2072
vn -0.1281 0.9729 0.1923
vn 0.1397 -0.9642 -0.2253
vn -0.0926 0.9758 0.1978
vn 0.0903 -0.9683 -0.2330
vn -0.1397 0.9642 0.2253
vn -0.1087 0.9637 0.2437
vn 0.1281 -0.9729 -0.1923
vn -0.0868 0.9744 0.2072
vn -0.1414 0.9664 0.2146
vn -0.1178 0.9749 0.1888
vn 0.1414 -0.9664 -0.2146
vn 0.0984 -0.9657 -0.2402
vn -0.0875 0.9696 0.2284
vn 0.1178 -0.9749 -0.1888
vn -0.1673 -0.7724 -0.6127
vn 0.5247 -0.7309 -0.4364
vn 0.1792 -0.9361 0.3026
vn -0.3106 -0.8177 -0.4847
vn -0.1954 -0.9586 0.2072
vn -0.0789 -0.7531 -0.6532
vn 0.6000 -0.7843 -0.1576
vn 0.0809 -0.9485 0.3064
vn -0.2694 -0.9526 0.1415
vn -0.3293 -0.9421 0.0631
vn 0.5937 -0.7635 -0.2543
vn 0.5682 -0.7454 -0.3485
vn 0.0163 -0.7369 -0.6758
vn 0.5871 -0.8071 -0.0620
vn -0.0168 -0.9565 0.2912
vn 0.1146 -0.7246 -0.6796
vn -0.1691 0.8724 0.4586
vn -0.2122 0.7165 0.6645
vn -0.2179 0.8706 0.4410
vn -0.2625 0.8713 0.4146
vn -0.3908 0.7144 0.5804
vn -0.3012 0.8745 0.3802
vn -0.4648 0.7204 0.5147
vn -0.3055 0.7131 0.6310
vn -0.5937 0.7635 0.2543
vn -0.5682 0.7454 0.3485
vn -0.3326 0.8799 0.3393
vn -0.5247 0.7309 0.4364
vn -0.3553 0.8875 0.2933
vn -0.3686 0.8970 0.2440
vn -0.3719 0.9079 0.1935
vn -0.6000 0.7843 0.1576
vn -0.3652 0.9198 0.1434
vn -0.5553 0.8311 -0.0289
vn -0.3486 0.9324 0.0959
vn -0.5060 0.8553 -0.1114
vn -0.5871 0.8071 0.0620
vn -0.3228 0.9450 0.0528
vn -0.2479 0.9687 -0.0142
vn -0.3628 0.9006 -0.2394
vn -0.4410 0.8788 -0.1825
vn -0.2888 0.9573 0.0156
vn -0.2744 0.9200 -0.2800
vn -0.2016 0.9788 -0.0354
vn -0.0809 0.9485 -0.3064
vn -0.1519 0.9873 -0.0472
vn -0.1792 0.9361 -0.3026
vn -0.1004 0.9937 -0.0492
vn 0.1101 0.9599 -0.2578
vn -0.0494 0.9979 -0.0413
vn 0.0168 0.9565 -0.2912
vn 0.0440 0.9990 0.0027
vn 0.2694 0.9526 -0.1415
vn 0.1954 0.9586 -0.2072
vn -0.0006 0.9997 -0.0238
vn 0.0827 0.9959 0.0371
vn 0.1368 0.9828 0.1240
vn 0.1141 0.9904 0.0780
vn 0.3728 0.9276 0.0248
vn 0.3293 0.9421 -0.0631
vn 0.3982 0.9096 0.1189
vn 0.1501 0.9734 0.1732
vn 0.4046 0.8887 0.2156
vn 0.1534 0.9625 0.2238
vn 0.1467 0.9505 0.2738
vn 0.3599 0.8419 0.4021
vn 0.3916 0.8659 0.3113
vn 0.1301 0.9380 0.3213
vn 0.1043 0.9253 0.3645
vn 0.0703 0.9131 0.4017
vn 0.3106 0.8177 0.4847
vn 0.1673 0.7724 0.6127
vn 0.0294 0.9017 0.4314
vn 0.2455 0.7943 0.5558
vn -0.1146 0.7246 0.6796
vn 0.0789 0.7531 0.6532
vn -0.0169 0.8915 0.4526
vn -0.1181 0.8766 0.4665
vn -0.0666 0.8831 0.4645
vn -0.0163 0.7369 0.6758
usemtl Color_2
s off
f 514/633/549 664/634/549 1057/635/549
f 632/636/550 633/637/550 604/638/550 605/639/550
f 708/640/551 711/641/551 1117/642/551 1112/643/551
f 528/644/552 527/645/552 512/646/552 513/647/552
f 518/648/553 528/644/553 513/647/553 989/649/553
f 531/650/554 526/651/554 1061/652/554 1066/653/554
f 887/654/555 525/655/555 982/656/555
f 526/651/556 517/657/556 990/658/556 966/659/556
f 520/660/557 519/661/557 988/662/557 987/663/557
f 519/661/558 518/648/558 989/649/558 988/662/558
f 522/664/559 521/665/559 986/666/559 985/667/559
f 516/668/560 515/669/560 1056/670/560 1055/671/560
f 768/672/551 771/673/551 1130/674/551 1129/675/551
f 515/669/561 514/633/561 1057/635/561 1056/670/561
f 538/676/562 539/677/562 518/648/562 519/661/562
f 640/678/563 627/679/563 1092/680/563 1095/681/563
f 812/682/564 787/683/564 788/684/564 811/685/564
f 549/686/565 548/687/565 539/677/565 538/676/565
f 541/688/566 516/668/566 517/657/566 540/689/566
f 712/690/567 707/691/567 1113/692/567 1116/693/567
f 532/694/568 533/695/568 524/696/568 525/655/568
f 544/697/569 664/698/569 543/699/569
f 531/650/570 540/689/570 517/657/570 526/651/570
f 552/700/571 551/701/571 536/702/571 535/703/571
f 887/704/572 532/694/572 525/655/572
f 821/705/563 808/706/563 1140/707/563 1145/708/563
f 539/677/573 529/709/573 528/644/573 518/648/573
f 537/710/574 538/676/574 519/661/574 520/660/574
f 541/688/575 542/711/575 515/669/575 516/668/575
f 568/712/576 569/713/576 548/687/576 549/686/576
f 529/709/577 530/714/577 527/645/577 528/644/577
f 573/715/578 664/716/578 544/697/578
f 542/711/579 543/699/579 514/633/579 515/669/579
f 561/717/580 570/718/580 547/719/580 556/720/580
f 535/703/581 536/702/581 521/665/581 522/664/581
f 887/721/582 562/722/582 555/723/582
f 543/699/583 664/724/583 514/633/583
f 732/725/584 747/726/584 1124/727/584 1118/728/584
f 569/713/585 559/729/585 558/730/585 548/687/585
f 545/731/586 544/697/586 543/699/586 542/711/586
f 555/723/587 554/732/587 533/695/587 532/694/587
f 558/730/588 557/733/588 530/714/588 529/709/588
f 562/722/589 563/734/589 554/732/589 555/723/589
f 546/735/590 545/731/590 542/711/590 541/688/590
f 567/736/591 568/712/591 549/686/591 550/737/591
f 550/737/592 549/686/592 538/676/592 537/710/592
f 571/738/593 572/739/593 545/731/593 546/735/593
f 548/687/594 558/730/594 529/709/594 539/677/594
f 559/729/595 560/740/595 557/733/595 558/730/595
f 626/741/596 641/742/596 1094/743/596 1093/744/596
f 831/745/551 858/746/551 1151/747/551 1147/748/551
f 887/749/597 555/723/597 532/694/597
f 572/739/598 573/715/598 544/697/598 545/731/598
f 556/720/599 547/719/599 540/689/599 531/650/599
f 565/750/600 566/751/600 551/701/600 552/700/600
f 574/752/601 664/753/601 573/715/601
f 923/754/602 918/755/602 1168/756/602 1173/757/602
f 578/758/603 588/759/603 559/729/603 569/713/603
f 582/760/604 581/761/604 566/751/604 565/750/604
f 601/762/605 602/763/605 575/764/605 576/765/605
f 520/660/563 987/663/563 1064/766/563 1065/767/563
f 575/764/606 574/752/606 573/715/606 572/739/606
f 579/768/607 578/758/607 569/713/607 568/712/607
f 588/759/608 587/769/608 560/740/608 559/729/608
f 589/770/609 590/771/609 587/769/609 588/759/609
f 576/765/610 575/764/610 572/739/610 571/738/610
f 604/638/611 664/772/611 603/773/611
f 580/774/612 579/768/612 568/712/612 567/736/612
f 748/775/563 731/776/563 1119/777/563 1123/778/563
f 602/763/613 603/773/613 574/752/613 575/764/613
f 605/639/614 604/638/614 603/773/614 602/763/614
f 887/779/615 585/780/615 562/722/615
f 616/781/616 591/782/616 1082/783/616 1089/784/616
f 586/785/617 577/786/617 570/718/617 561/717/617
f 618/787/618 617/788/618 590/771/618 589/770/618
f 585/780/619 584/789/619 563/734/619 562/722/619
f 597/790/620 598/791/620 579/768/620 580/774/620
f 612/792/621 611/793/621 596/794/621 595/795/621
f 610/796/622 609/797/622 598/791/622 597/790/622
f 608/798/623 618/787/623 589/770/623 599/799/623
f 512/646/551 527/645/551 1063/800/551 1062/801/551
f 595/795/624 596/794/624 581/761/624 582/760/624
f 887/802/625 615/803/625 592/804/625
f 603/773/626 664/805/626 574/752/626
f 599/799/627 589/770/627 588/759/627 578/758/627
f 692/806/628 667/807/628 668/808/628 691/809/628
f 606/810/629 605/639/629 602/763/629 601/762/629
f 616/781/630 607/811/630 600/812/630 591/782/630
f 598/791/631 599/799/631 578/758/631 579/768/631
f 615/803/632 614/813/632 593/814/632 592/804/632
f 592/804/633 593/814/633 584/789/633 585/780/633
f 609/797/634 608/798/634 599/799/634 598/791/634
f 591/782/635 600/812/635 577/786/635 586/785/635
f 887/815/636 592/804/636 585/780/636
f 963/816/637 938/817/637 939/818/637 962/819/637
f 590/771/551 617/788/551 1088/820/551 1083/821/551
f 625/822/638 626/823/638 611/793/638 612/792/638
f 633/637/639 664/824/639 604/638/639
f 887/825/640 622/826/640 615/803/640
f 645/827/641 644/828/641 623/829/641 622/830/641
f 938/817/642 933/831/642 932/832/642 939/818/642
f 619/833/643 620/834/643 617/788/643 618/787/643
f 628/835/644 629/836/644 608/798/644 609/797/644
f 639/837/645 638/838/645 629/839/645 628/840/645
f 662/841/646 663/842/646 634/843/646 635/844/646
f 622/826/647 623/845/647 614/813/647 615/803/647
f 655/846/648 656/847/648 641/742/648 642/848/648
f 621/849/649 630/850/649 607/811/649 616/781/649
f 635/844/650 634/843/650 633/851/650 632/852/650
f 688/853/563 671/854/563 1103/855/563 1109/856/563
f 526/651/651 966/659/651 1060/857/651 1061/652/651
f 629/836/652 619/833/652 618/787/652 608/798/652
f 627/858/653 628/835/653 609/797/653 610/796/653
f 631/859/654 632/636/654 605/639/654 606/810/654
f 738/860/551 741/861/551 1122/862/551 1121/863/551
f 663/842/655 664/864/655 634/843/655
f 652/865/656 653/866/656 644/828/656 645/827/656
f 651/867/657 660/868/657 637/869/657 646/870/657
f 887/871/658 652/865/658 645/827/658
f 634/843/659 664/872/659 633/851/659
f 801/873/551 828/874/551 1144/875/551 1139/876/551
f 642/848/660 641/742/660 626/741/660 625/877/660
f 646/870/661 637/869/661 630/878/661 621/879/661
f 857/880/662 832/881/662 1146/882/662 1150/883/662
f 658/884/663 659/885/663 638/838/663 639/837/663
f 648/886/664 647/887/664 620/888/664 619/889/664
f 659/885/665 649/890/665 648/886/665 638/838/665
f 636/891/666 635/844/666 632/852/666 631/892/666
f 657/893/667 658/884/667 639/837/667 640/678/667
f 640/678/668 639/837/668 628/840/668 627/679/668
f 661/894/669 662/841/669 635/844/669 636/891/669
f 638/838/670 648/886/670 619/889/670 629/839/670
f 649/890/671 650/895/671 647/887/671 648/886/671
f 610/796/563 597/790/563 1084/896/563 1087/897/563
f 887/898/672 645/827/672 622/830/672
f 665/899/673 664/900/673 663/842/673
f 807/901/674 822/902/674 1143/903/674 1141/904/674
f 669/905/675 679/906/675 649/890/675 659/885/675
f 673/907/676 672/908/676 656/847/676 655/846/676
f 688/853/677 689/909/677 670/910/677 671/854/677
f 666/911/678 665/899/678 663/842/678 662/841/678
f 670/910/679 669/905/679 659/885/679 658/884/679
f 679/906/680 678/912/680 650/895/680 649/890/680
f 700/913/681 699/914/681 690/915/681 689/909/681
f 667/807/682 666/911/682 662/841/682 661/894/682
f 695/916/683 664/917/683 694/918/683
f 671/854/684 670/910/684 658/884/684 657/893/684
f 694/918/685 664/919/685 665/899/685
f 943/920/686 958/921/686 1179/922/686 1174/923/686
f 933/831/687 908/924/687 909/925/687 932/832/687
f 696/926/688 695/916/688 694/918/688 693/927/688
f 887/928/689 676/929/689 652/865/689
f 596/794/690 611/793/690 1086/930/690 1085/931/690
f 677/932/691 668/808/691 660/868/691 651/867/691
f 709/933/692 708/640/692 681/934/692 680/935/692
f 676/929/693 675/936/693 653/866/693 652/865/693
f 690/915/694 680/935/694 679/906/694 669/905/694
f 692/806/695 693/927/695 666/911/695 667/807/695
f 703/937/696 702/938/696 687/939/696 686/940/696
f 701/941/697 700/913/697 689/909/697 688/853/697
f 680/935/698 681/934/698 678/912/698 679/906/698
f 699/914/699 709/933/699 680/935/699 690/915/699
f 678/912/551 681/934/551 1108/942/551 1104/943/551
f 959/944/563 942/945/563 1175/946/563 1178/947/563
f 693/927/700 694/918/700 665/899/700 666/911/700
f 887/948/701 706/949/701 683/950/701
f 686/940/702 687/939/702 672/908/702 673/907/702
f 702/938/703 717/951/703 1115/952/703 1110/953/703
f 697/954/704 696/926/704 693/927/704 692/806/704
f 707/691/705 698/955/705 691/809/705 682/956/705
f 706/949/706 705/957/706 684/958/706 683/950/706
f 689/909/707 690/915/707 669/905/707 670/910/707
f 720/959/708 710/960/708 709/933/708 699/914/708
f 683/950/709 684/958/709 675/936/709 676/929/709
f 718/961/710 719/962/710 700/913/710 701/941/710
f 682/956/711 691/809/711 668/808/711 677/932/711
f 722/963/712 723/964/712 696/926/712 697/954/712
f 887/965/713 683/950/713 676/929/713
f 710/960/714 711/641/714 708/640/714 709/933/714
f 723/964/715 724/966/715 695/916/715 696/926/715
f 716/967/716 717/951/716 702/938/716 703/937/716
f 791/968/563 778/969/563 1131/970/563 1137/971/563
f 750/972/717 740/973/717 739/974/717 729/975/717
f 752/976/718 753/977/718 726/978/718 727/979/718
f 724/966/719 664/980/719 695/916/719
f 712/690/720 721/981/720 698/955/720 707/691/720
f 748/775/721 749/982/721 730/983/721 731/776/721
f 682/956/722 677/932/722 1105/984/722 1107/985/722
f 753/977/723 754/986/723 725/987/723 726/978/723
f 719/962/724 720/959/724 699/914/724 700/913/724
f 730/983/725 729/975/725 720/959/725 719/962/725
f 713/988/726 714/989/726 705/957/726 706/949/726
f 740/973/727 741/861/727 738/860/727 739/974/727
f 754/986/728 664/990/728 725/987/728
f 887/991/729 713/988/729 706/949/729
f 536/702/730 551/701/730 1073/992/730 1069/993/730
f 631/859/731 606/810/731 607/811/731 630/850/731
f 737/994/732 728/995/732 721/981/732 712/690/732
f 726/978/733 725/987/733 724/966/733 723/964/733
f 736/996/734 735/997/734 714/989/734 713/988/734
f 746/998/735 747/726/735 732/725/735 733/999/735
f 749/982/736 750/972/736 729/975/736 730/983/736
f 743/1000/737 744/1001/737 735/997/737 736/996/737
f 636/891/738 631/892/738 630/878/738 637/869/738
f 742/1002/739 751/1003/739 728/995/739 737/994/739
f 887/1004/740 743/1000/740 736/996/740
f 725/987/741 664/1005/741 724/966/741
f 887/1006/742 736/996/742 713/988/742
f 733/999/743 732/725/743 717/951/743 716/967/743
f 893/1007/744 888/1008/744 1160/1009/744 1165/1010/744
f 887/1011/745 766/1012/745 743/1000/745
f 739/974/746 738/860/746 711/641/746 710/960/746
f 767/1013/747 758/1014/747 751/1003/747 742/1002/747
f 727/979/748 726/978/748 723/964/748 722/963/748
f 766/1012/749 765/1015/749 744/1001/749 743/1000/749
f 731/776/750 730/983/750 719/962/750 718/961/750
f 760/1016/751 759/1017/751 750/972/751 749/982/751
f 729/975/752 739/974/752 710/960/752 720/959/752
f 718/961/563 701/941/563 1111/1018/563 1114/1019/563
f 787/683/753 782/1020/753 781/1021/753 788/684/753
f 763/1022/754 762/1023/754 747/726/754 746/998/754
f 769/1024/755 768/672/755 741/861/755 740/973/755
f 586/785/756 561/717/756 1074/1025/756 1081/1026/756
f 782/1020/757 783/1027/757 756/1028/757 757/1029/757
f 755/1030/758 664/1031/758 754/986/758
f 560/740/551 587/769/551 1080/1032/551 1075/1033/551
f 759/1017/759 769/1024/759 740/973/759 750/972/759
f 797/1034/760 788/684/760 781/1021/760 772/1035/760
f 796/1036/761 795/1037/761 774/1038/761 773/1039/761
f 756/1028/762 755/1030/762 754/986/762 753/977/762
f 778/969/763 779/1040/763 760/1016/763 761/1041/763
f 913/1042/764 928/1043/764 1172/1044/764 1166/1045/764
f 793/1046/765 792/1047/765 777/1048/765 776/1049/765
f 757/1029/766 756/1028/766 753/977/766 752/976/766
f 786/1050/767 785/1051/767 784/1052/767 783/1027/767
f 761/1041/768 760/1016/768 749/982/768 748/775/768
f 784/1052/769 664/1053/769 755/1030/769
f 790/1054/770 789/1055/770 780/1056/770 779/1040/770
f 785/1051/771 664/1057/771 784/1052/771
f 787/683/772 786/1050/772 783/1027/772 782/1020/772
f 887/1058/773 773/1039/773 766/1012/773
f 791/968/774 790/1054/774 779/1040/774 778/969/774
f 771/673/551 798/1059/551 1136/1060/551 1130/674/551
f 789/1055/775 799/1061/775 770/1062/775 780/1056/775
f 780/1056/776 770/1062/776 769/1024/776 759/1017/776
f 799/1061/777 798/1059/777 771/673/777 770/1062/777
f 647/887/551 650/895/551 1101/1063/551 1096/1064/551
f 770/1062/778 771/673/778 768/672/778 769/1024/778
f 810/1065/779 800/1066/779 799/1061/779 789/1055/779
f 986/666/780 521/665/780 1058/1067/780 1059/1068/780
f 808/706/781 809/1069/781 790/1054/781 791/968/781
f 783/1027/782 784/1052/782 755/1030/782 756/1028/782
f 812/682/783 813/1070/783 786/1050/783 787/683/783
f 776/1049/784 777/1048/784 762/1023/784 763/1022/784
f 887/1071/785 796/1036/785 773/1039/785
f 741/861/551 768/672/551 1129/675/551 1122/862/551
f 887/1072/786 803/1073/786 796/1036/786
f 580/774/563 567/736/563 1076/1074/563 1079/1075/563
f 813/1070/787 814/1076/787 785/1051/787 786/1050/787
f 779/1040/788 780/1056/788 759/1017/788 760/1016/788
f 806/1077/789 807/901/789 792/1047/789 793/1046/789
f 773/1039/790 774/1038/790 765/1015/790 766/1012/790
f 814/1076/791 664/1078/791 785/1051/791
f 772/1035/792 781/1021/792 758/1014/792 767/1013/792
f 802/1079/793 811/685/793 788/684/793 797/1034/793
f 782/1020/794 757/1029/794 758/1014/794 781/1021/794
f 809/1069/795 810/1065/795 789/1055/795 790/1054/795
f 777/1048/796 792/1047/796 1135/1080/796 1132/1081/796
f 820/1082/797 819/1083/797 810/1065/797 809/1069/797
f 803/1073/798 804/1084/798 795/1037/798 796/1036/798
f 843/1085/799 844/1086/799 815/1087/799 816/1088/799
f 844/1086/800 664/1089/800 815/1087/800
f 819/1083/801 829/1090/801 800/1066/801 810/1065/801
f 823/1091/802 822/902/802 807/901/802 806/1077/802
f 887/1092/803 826/1093/803 803/1073/803
f 836/1094/804 837/1095/804 822/902/804 823/1091/804
f 661/894/805 636/891/805 637/869/805 660/868/805
f 827/1096/806 818/1097/806 811/685/806 802/1079/806
f 826/1093/807 825/1098/807 804/1084/807 803/1073/807
f 833/1099/808 834/1100/808 825/1098/808 826/1093/808
f 847/1101/809 846/1102/809 843/1085/809 842/1103/809
f 908/924/810 903/1104/810 902/1105/810 909/925/810
f 856/1106/811 855/1107/811 834/1100/811 833/1099/811
f 851/1108/812 850/1109/812 839/1110/812 838/1111/812
f 815/1087/813 664/1112/813 814/1076/813
f 853/1113/814 852/1114/814 837/1095/814 836/1094/814
f 816/1088/815 815/1087/815 814/1076/815 813/1070/815
f 839/1110/816 840/1115/816 819/1083/816 820/1082/816
f 929/1116/563 912/1117/563 1167/1118/563 1171/1119/563
f 827/1096/817 802/1079/817 1138/1120/817 1142/1121/817
f 829/1090/818 828/874/818 801/873/818 800/1066/818
f 857/880/819 848/1122/819 841/1123/819 832/881/819
f 817/1124/820 816/1088/820 813/1070/820 812/682/820
f 850/1109/821 849/1125/821 840/1115/821 839/1110/821
f 821/705/822 820/1082/822 809/1069/822 808/706/822
f 767/1013/823 742/1002/823 1125/1126/823 1128/1127/823
f 832/881/824 841/1123/824 818/1097/824 827/1096/824
f 887/1128/825 833/1099/825 826/1093/825
f 566/751/826 581/761/826 1078/1129/826 1077/1130/826
f 859/1131/827 858/746/827 831/745/827 830/1132/827
f 840/1115/828 830/1132/828 829/1090/828 819/1083/828
f 845/1133/829 664/1134/829 844/1086/829
f 838/1111/830 839/1110/830 820/1082/830 821/705/830
f 849/1125/831 859/1131/831 830/1132/831 840/1115/831
f 842/1103/832 843/1085/832 816/1088/832 817/1124/832
f 887/1135/833 856/1106/833 833/1099/833
f 830/1132/834 831/745/834 828/874/834 829/1090/834
f 846/1102/835 845/1133/835 844/1086/835 843/1085/835
f 657/893/563 640/678/563 1095/681/563 1100/1136/563
f 872/1137/836 873/1138/836 846/1102/836 847/1101/836
f 866/1139/837 867/1140/837 852/1114/837 853/1113/837
f 870/1141/838 860/1142/838 859/1131/838 849/1125/838
f 890/1143/839 889/1144/839 861/1145/839 860/1142/839
f 881/1146/840 880/1147/840 869/1148/840 868/1149/840
f 868/1149/841 869/1148/841 850/1109/841 851/1108/841
f 869/1148/842 870/1141/842 849/1125/842 850/1109/842
f 860/1142/843 861/1145/843 858/746/843 859/1131/843
f 877/1150/844 876/1151/844 873/1138/844 872/1137/844
f 919/1152/551 922/1153/551 1170/1154/551 1169/1155/551
f 858/746/551 861/1145/551 1157/1156/551 1151/747/551
f 887/1157/845 886/1158/845 863/1159/845
f 873/1138/846 874/1160/846 845/1133/846 846/1102/846
f 886/1158/847 885/1161/847 864/1162/847 863/1159/847
f 874/1160/848 664/1163/848 845/1133/848
f 879/1164/849 890/1143/849 860/1142/849 870/1141/849
f 901/1165/850 891/1166/850 890/1143/850 879/1164/850
f 899/1167/851 900/1168/851 880/1147/851 881/1146/851
f 903/1104/852 904/1169/852 876/1151/852 877/1150/852
f 894/1170/853 895/1171/853 885/1161/853 886/1158/853
f 863/1159/854 864/1162/854 855/1107/854 856/1106/854
f 862/1172/855 857/880/855 1150/883/855 1156/1173/855
f 672/908/856 687/939/856 1106/1174/856 1102/1175/856
f 862/1172/857 871/1176/857 848/1122/857 857/880/857
f 904/1169/858 905/1177/858 875/1178/858 876/1151/858
f 887/1179/859 863/1159/859 856/1106/859
f 897/1180/860 898/1181/860 882/1182/860 883/1183/860
f 761/1041/563 748/775/563 1123/778/563 1127/1184/563
f 905/1177/861 664/1185/861 875/1178/861
f 888/1008/862 878/1186/862 871/1176/862 862/1172/862
f 611/793/863 626/823/863 1093/1187/863 1086/930/863
f 880/1147/864 879/1164/864 870/1141/864 869/1148/864
f 891/1166/865 892/1188/865 889/1144/865 890/1143/865
f 800/1066/866 801/873/866 798/1059/866 799/1061/866
f 757/1029/867 752/976/867 751/1003/867 758/1014/867
f 875/1178/868 664/1189/868 874/1160/868
f 900/1168/869 901/1165/869 879/1164/869 880/1147/869
f 883/1183/870 882/1182/870 867/1140/870 866/1139/870
f 893/1007/871 902/1105/871 878/1186/871 888/1008/871
f 876/1151/872 875/1178/872 874/1160/872 873/1138/872
f 887/1190/873 894/1170/873 886/1158/873
f 887/1191/874 917/1192/874 894/1170/874
f 911/1193/875 910/1194/875 901/1165/875 900/1168/875
f 906/1195/876 664/1196/876 905/1177/876
f 918/755/877 909/925/877 902/1105/877 893/1007/877
f 930/1197/878 931/1198/878 910/1194/878 911/1193/878
f 917/1192/879 916/1199/879 895/1171/879 894/1170/879
f 908/924/880 907/1200/880 904/1169/880 903/1104/880
f 923/754/881 932/832/881 909/925/881 918/755/881
f 903/1104/882 877/1150/882 878/1186/882 902/1105/882
f 941/1201/883 940/1202/883 931/1198/883 930/1197/883
f 931/1198/884 921/1203/884 920/1204/884 910/1194/884
f 914/1205/885 913/1042/885 898/1181/885 897/1180/885
f 924/1206/886 925/1207/886 916/1199/886 917/1192/886
f 601/762/887 576/765/887 577/786/887 600/812/887
f 907/1200/888 906/1195/888 905/1177/888 904/1169/888
f 952/1208/551 980/1209/551 1185/1210/551 1181/1211/551
f 936/1212/889 664/1213/889 935/1214/889
f 920/1204/890 919/1152/890 892/1188/890 891/1166/890
f 947/1215/891 946/1216/891 925/1207/891 924/1206/891
f 912/1117/892 911/1193/892 900/1168/892 899/1167/892
f 937/1217/893 936/1212/893 935/1214/893 934/1218/893
f 910/1194/894 920/1204/894 891/1166/894 901/1165/894
f 651/867/895 646/870/895 1097/1219/895 1099/1220/895
f 556/720/896 531/650/896 1066/653/896 1072/1221/896
f 950/1222/897 949/1223/897 922/1153/897 921/1203/897
f 887/1224/898 924/1206/898 917/1192/898
f 938/817/899 937/1217/899 934/1218/899 933/831/899
f 627/858/563 610/796/563 1087/897/563 1092/1225/563
f 929/1116/900 930/1197/900 911/1193/900 912/1117/900
f 944/1226/901 943/920/901 928/1043/901 927/1227/901
f 525/655/902 524/696/902 983/1228/902 982/656/902
f 933/831/903 934/1218/903 907/1200/903 908/924/903
f 887/1229/904 982/656/904 978/1230/904
f 921/1203/905 922/1153/905 919/1152/905 920/1204/905
f 942/945/906 941/1201/906 930/1197/906 929/1116/906
f 882/1182/907 898/1181/907 1164/1231/907 1158/1232/907
f 940/1202/908 950/1222/908 921/1203/908 931/1198/908
f 934/1218/909 935/1214/909 906/1195/909 907/1200/909
f 979/1233/910 953/1234/910 1180/1235/910 1184/1236/910
f 927/1227/911 928/1043/911 913/1042/911 914/1205/911
f 887/1237/912 947/1215/912 924/1206/912
f 935/1214/913 664/1238/913 906/1195/913
f 948/1239/914 939/818/914 932/832/914 923/754/914
f 961/1240/915 951/1241/915 950/1222/915 940/1202/915
f 951/1241/916 952/1208/916 949/1223/916 950/1222/916
f 965/1242/917 664/1243/917 936/1212/917
f 959/944/918 960/1244/918 941/1201/918 942/945/918
f 973/1245/919 972/1246/919 960/1244/919 959/944/919
f 530/714/551 557/733/551 1071/1247/551 1067/1248/551
f 963/816/920 964/1249/920 937/1217/920 938/817/920
f 954/1250/921 955/1251/921 946/1216/921 947/1215/921
f 797/1034/922 772/1035/922 1133/1252/922 1134/1253/922
f 971/1254/923 981/1255/923 951/1241/923 961/1240/923
f 964/1249/924 965/1242/924 936/1212/924 937/1217/924
f 989/649/925 513/647/925 981/1255/925 971/1254/925
f 957/1256/926 958/921/926 943/920/926 944/1226/926
f 972/1246/927 971/1254/927 961/1240/927 960/1244/927
f 887/1257/928 978/1230/928 954/1250/928
f 988/662/929 989/649/929 971/1254/929 972/1246/929
f 606/810/930 601/762/930 600/812/930 607/811/930
f 711/641/551 738/860/551 1121/863/551 1117/642/551
f 960/1244/931 961/1240/931 940/1202/931 941/1201/931
f 969/1258/932 968/1259/932 964/1249/932 963/816/932
f 953/1234/933 962/819/933 939/818/933 948/1239/933
f 513/647/934 512/646/934 980/1209/934 981/1255/934
f 887/1260/935 954/1250/935 947/1215/935
f 982/656/936 983/1228/936 977/1261/936 978/1230/936
f 747/726/937 762/1023/937 1126/1262/937 1124/727/937
f 1056/670/938 1057/635/938 967/1263/938 968/1259/938
f 979/1233/939 970/1264/939 962/819/939 953/1234/939
f 966/659/940 990/658/940 970/1264/940 979/1233/940
f 978/1230/941 977/1261/941 955/1251/941 954/1250/941
f 981/1255/942 980/1209/942 952/1208/942 951/1241/942
f 1055/671/943 1056/670/943 968/1259/943 969/1258/943
f 967/1263/944 664/1265/944 965/1242/944
f 975/1266/945 974/1267/945 958/921/945 957/1256/945
f 968/1259/946 967/1263/946 965/1242/946 964/1249/946
f 617/788/551 620/834/551 1091/1268/551 1088/820/551
f 991/1269/947 992/1270/947 994/1271/947 993/1272/947
f 993/1272/948 994/1271/948 996/1273/948 995/1274/948
f 995/1274/949 996/1273/949 998/1275/949 997/1276/949
f 997/1276/950 998/1275/950 1000/1277/950 999/1278/950
f 999/1278/951 1000/1277/951 1002/1279/951 1001/1280/951
f 1001/1280/952 1002/1279/952 1004/1281/952 1003/1282/952
f 1003/1282/953 1004/1281/953 1006/1283/953 1005/1284/953
f 1005/1284/954 1006/1283/954 1008/1285/954 1007/1286/954
f 1007/1286/955 1008/1285/955 1010/1287/955 1009/1288/955
f 1009/1288/956 1010/1287/956 1012/1289/956 1011/1290/956
f 1011/1290/957 1012/1289/957 1014/1291/957 1013/1292/957
f 1013/1292/958 1014/1291/958 1016/1293/958 1015/1294/958
f 1015/1294/959 1016/1293/959 1018/1295/959 1017/1296/959
f 1017/1296/960 1018/1295/960 1020/1297/960 1019/1298/960
f 1019/1298/961 1020/1297/961 1022/1299/961 1021/1300/961
f 1021/1300/962 1022/1299/962 1024/1301/962 1023/1302/962
f 1023/1302/963 1024/1301/963 1026/1303/963 1025/1304/963
f 1025/1304/964 1026/1303/964 1028/1305/964 1027/1306/964
f 1027/1306/965 1028/1305/965 1030/1307/965 1029/1308/965
f 1029/1308/966 1030/1307/966 1032/1309/966 1031/1310/966
f 1031/1310/967 1032/1309/967 1034/1311/967 1033/1312/967
f 1033/1312/968 1034/1311/968 1036/1313/968 1035/1314/968
f 1035/1314/969 1036/1313/969 1038/1315/969 1037/1316/969
f 1037/1316/970 1038/1315/970 1040/1317/970 1039/1318/970
f 1039/1318/971 1040/1317/971 1042/1319/971 1041/1320/971
f 1041/1320/972 1042/1319/972 1044/1321/972 1043/1322/972
f 1043/1322/973 1044/1321/973 1046/1323/973 1045/1324/973
f 1045/1324/974 1046/1323/974 1048/1325/974 1047/1326/974
f 1047/1326/975 1048/1325/975 1050/1327/975 1049/1328/975
f 1049/1328/976 1050/1327/976 1052/1329/976 1051/1330/976
f 994/1331/977 992/1332/977 1054/1333/977 1052/1334/977 1050/1335/977 1048/1336/977 1046/1337/977 1044/1338/977 1042/1339/977 1040/1340/977 1038/1341/977 1036/1342/977 1034/1343/977 1032/1344/977 1030/1345/977 1028/1346/977 1026/1347/977 1024/1348/977 1022/1349/977 1020/1350/977 1018/1351/977 1016/1352/977 1014/1353/977 1012/1354/977 1010/1355/977 1008/1356/977 1006/1357/977 1004/1358/977 1002/1359/977 1000/1360/977 998/1361/977 996/1362/977
f 1051/1330/978 1052/1329/978 1054/1363/978 1053/1364/978
f 1053/1364/979 1054/1363/979 992/1365/979 991/1366/979
f 991/1367/980 993/1368/980 995/1369/980 997/1370/980 999/1371/980 1001/1372/980 1003/1373/980 1005/1374/980 1007/1375/980 1009/1376/980 1011/1377/980 1013/1378/980 1015/1379/980 1017/1380/980 1019/1381/980 1021/1382/980 1023/1383/980 1025/1384/980 1027/1385/980 1029/1386/980 1031/1387/980 1033/1388/980 1035/1389/980 1037/1390/980 1039/1391/980 1041/1392/980 1043/1393/980 1045/1394/980 1047/1395/980 1049/1396/980 1051/1397/980 1053/1398/980
f 985/667/981 986/666/981 974/1267/981 975/1266/981
f 899/1167/563 881/1146/563 1159/1399/563 1163/1400/563
f 987/663/982 988/662/982 972/1246/982 973/1245/982
f 1057/635/983 664/1401/983 967/1263/983
f 1058/1067/984 1065/767/984 1064/766/984 1059/1068/984
f 1063/800/985 1061/652/985 1060/857/985 1062/801/985
f 1115/952/986 1114/1019/986 1111/1018/986 1110/953/986
f 1067/1248/987 1066/653/987 1061/652/987 1063/800/987
f 1069/993/988 1068/1402/988 1065/767/988 1058/1067/988
f 1073/992/989 1070/1403/989 1068/1402/989 1069/993/989
f 1075/1033/990 1074/1025/990 1072/1221/990 1071/1247/990
f 1071/1247/991 1072/1221/991 1066/653/991 1067/1248/991
f 1077/1130/992 1076/1074/992 1070/1403/992 1073/992/992
f 1078/1129/993 1079/1075/993 1076/1074/993 1077/1130/993
f 1085/931/994 1084/896/994 1079/1075/994 1078/1129/994
f 1080/1032/995 1081/1026/995 1074/1025/995 1075/1033/995
f 1086/930/996 1087/897/996 1084/896/996 1085/931/996
f 1088/820/997 1089/784/997 1082/783/997 1083/821/997
f 1083/821/998 1082/783/998 1081/1026/998 1080/1032/998
f 1091/1268/999 1090/1404/999 1089/784/999 1088/820/999
f 1098/1405/1000 1100/1136/1000 1095/681/1000 1094/743/1000
f 1093/1187/1001 1092/1225/1001 1087/897/1001 1086/930/1001
f 1101/1063/1002 1099/1220/1002 1097/1219/1002 1096/1064/1002
f 1094/743/1003 1095/681/1003 1092/680/1003 1093/744/1003
f 1096/1064/1004 1097/1219/1004 1090/1406/1004 1091/1407/1004
f 1102/1175/1005 1103/855/1005 1100/1136/1005 1098/1405/1005
f 1104/943/1006 1105/984/1006 1099/1220/1006 1101/1063/1006
f 1110/953/1007 1111/1018/1007 1109/856/1007 1106/1174/1007
f 1106/1174/1008 1109/856/1008 1103/855/1008 1102/1175/1008
f 1112/643/1009 1113/692/1009 1107/985/1009 1108/942/1009
f 1108/942/1010 1107/985/1010 1105/984/1010 1104/943/1010
f 1122/862/1011 1125/1126/1011 1120/1408/1011 1121/863/1011
f 1124/727/1012 1123/778/1012 1119/777/1012 1118/728/1012
f 1117/642/1013 1116/693/1013 1113/692/1013 1112/643/1013
f 1118/728/1014 1119/777/1014 1114/1019/1014 1115/952/1014
f 1121/863/1015 1120/1408/1015 1116/693/1015 1117/642/1015
f 1129/675/1016 1128/1127/1016 1125/1126/1016 1122/862/1016
f 1126/1262/1017 1127/1184/1017 1123/778/1017 1124/727/1017
f 1136/1060/1018 1134/1253/1018 1133/1252/1018 1130/674/1018
f 1130/674/1019 1133/1252/1019 1128/1127/1019 1129/675/1019
f 1139/876/1020 1138/1120/1020 1134/1253/1020 1136/1060/1020
f 1132/1081/1021 1131/970/1021 1127/1184/1021 1126/1262/1021
f 1135/1080/1022 1137/971/1022 1131/970/1022 1132/1081/1022
f 1141/904/1023 1140/707/1023 1137/971/1023 1135/1080/1023
f 1144/875/1024 1142/1121/1024 1138/1120/1024 1139/876/1024
f 1151/747/1025 1150/883/1025 1146/882/1025 1147/748/1025
f 1143/903/1026 1145/708/1026 1140/707/1026 1141/904/1026
f 1149/1409/1027 1148/1410/1027 1145/708/1027 1143/903/1027
f 1147/748/1028 1146/882/1028 1142/1121/1028 1144/875/1028
f 1153/1411/1029 1152/1412/1029 1148/1410/1029 1149/1409/1029
f 1161/1413/1030 1160/1009/1030 1156/1173/1030 1157/1156/1030
f 1155/1414/1031 1154/1415/1031 1152/1412/1031 1153/1411/1031
f 1162/1416/1032 1165/1010/1032 1160/1009/1032 1161/1413/1032
f 1164/1231/1033 1163/1400/1033 1159/1399/1033 1158/1232/1033
f 1157/1156/1034 1156/1173/1034 1150/883/1034 1151/747/1034
f 1158/1232/1035 1159/1399/1035 1154/1415/1035 1155/1414/1035
f 1166/1045/1036 1167/1118/1036 1163/1400/1036 1164/1231/1036
f 1174/923/1037 1175/946/1037 1171/1119/1037 1172/1044/1037
f 1169/1155/1038 1168/756/1038 1165/1010/1038 1162/1416/1038
f 1170/1154/1039 1173/757/1039 1168/756/1039 1169/1155/1039
f 1172/1044/1040 1171/1119/1040 1167/1118/1040 1166/1045/1040
f 1176/1417/1041 1177/1418/1041 1173/757/1041 1170/1154/1041
f 1185/1210/1042 1184/1236/1042 1180/1235/1042 1181/1211/1042
f 1179/922/1043 1178/947/1043 1175/946/1043 1174/923/1043
f 1062/801/1044 1060/857/1044 1184/1236/1044 1185/1210/1044
f 1181/1211/1045 1180/1235/1045 1177/1418/1045 1176/1417/1045
f 1182/1419/1046 1183/1420/1046 1178/947/1046 1179/922/1046
f 1059/1068/1047 1064/766/1047 1183/1420/1047 1182/1419/1047
f 620/888/551 647/887/551 1096/1064/551 1091/1407/551
f 778/969/563 761/1041/563 1127/1184/563 1131/970/563
f 953/1234/1048 948/1239/1048 1177/1418/1048 1180/1235/1048
f 867/1140/1049 882/1182/1049 1158/1232/1049 1155/1414/1049
f 966/659/1050 979/1233/1050 1184/1236/1050 1060/857/1050
f 949/1223/551 952/1208/551 1181/1211/551 1176/1417/551
f 980/1209/551 512/646/551 1062/801/551 1185/1210/551
f 851/1108/563 838/1111/563 1148/1410/563 1152/1412/563
f 646/870/1051 621/879/1051 1090/1406/1051 1097/1219/1051
f 762/1023/1052 777/1048/1052 1132/1081/1052 1126/1262/1052
f 656/847/1053 672/908/1053 1102/1175/1053 1098/1405/1053
f 527/645/551 530/714/551 1067/1248/551 1063/800/551
f 837/1095/1054 852/1114/1054 1153/1411/1054 1149/1409/1054
f 742/1002/1055 737/994/1055 1120/1408/1055 1125/1126/1055
f 881/1146/563 868/1149/563 1154/1415/563 1159/1399/563
f 802/1079/1056 797/1034/1056 1134/1253/1056 1138/1120/1056
f 537/710/563 520/660/563 1065/767/563 1068/1402/563
f 987/663/563 973/1245/563 1183/1420/563 1064/766/563
f 798/1059/551 801/873/551 1139/876/551 1136/1060/551
f 671/854/563 657/893/563 1100/1136/563 1103/855/563
f 974/1267/1057 986/666/1057 1059/1068/1057 1182/1419/1057
f 561/717/1058 556/720/1058 1072/1221/1058 1074/1025/1058
f 521/665/1059 536/702/1059 1069/993/1059 1058/1067/1059
f 888/1008/1060 862/1172/1060 1156/1173/1060 1160/1009/1060
f 808/706/563 791/968/563 1137/971/563 1140/707/563
f 650/895/551 678/912/551 1104/943/551 1101/1063/551
f 861/1145/551 889/1144/551 1161/1413/551 1157/1156/551
f 898/1181/1061 913/1042/1061 1166/1045/1061 1164/1231/1061
f 677/932/1062 651/867/1062 1099/1220/1062 1105/984/1062
f 792/1047/1063 807/901/1063 1141/904/1063 1135/1080/1063
f 557/733/551 560/740/551 1075/1033/551 1071/1247/551
f 687/939/1064 702/938/1064 1110/953/1064 1106/1174/1064
f 772/1035/1065 767/1013/1065 1128/1127/1065 1133/1252/1065
f 567/736/563 550/737/563 1070/1403/563 1076/1074/563
f 832/881/1066 827/1096/1066 1142/1121/1066 1146/882/1066
f 928/1043/1067 943/920/1067 1174/923/1067 1172/1044/1067
f 912/1117/563 899/1167/563 1163/1400/563 1167/1118/563
f 828/874/551 831/745/551 1147/748/551 1144/875/551
f 591/782/1068 586/785/1068 1081/1026/1068 1082/783/1068
f 551/701/1069 566/751/1069 1077/1130/1069 1073/992/1069
f 701/941/563 688/853/563 1109/856/563 1111/1018/563
f 838/1111/563 821/705/563 1145/708/563 1148/1410/563
f 918/755/1070 893/1007/1070 1165/1010/1070 1168/756/1070
f 942/945/563 929/1116/563 1171/1119/563 1175/946/563
f 892/1188/551 919/1152/551 1169/1155/551 1162/1416/551
f 681/934/551 708/640/551 1112/643/551 1108/942/551
f 822/902/1071 837/1095/1071 1149/1409/1071 1143/903/1071
f 587/769/551 590/771/551 1083/821/551 1080/1032/551
f 717/951/1072 732/725/1072 1118/728/1072 1115/952/1072
f 868/1149/563 851/1108/563 1152/1412/563 1154/1415/563
f 707/691/1073 682/956/1073 1107/985/1073 1113/692/1073
f 922/1153/551 949/1223/551 1176/1417/551 1170/1154/551
f 597/790/563 580/774/563 1079/1075/563 1084/896/563
f 581/761/1074 596/794/1074 1085/931/1074 1078/1129/1074
f 852/1114/1075 867/1140/1075 1155/1414/1075 1153/1411/1075
f 958/921/1076 974/1267/1076 1182/1419/1076 1179/922/1076
f 621/849/1077 616/781/1077 1089/784/1077 1090/1404/1077
f 948/1239/1078 923/754/1078 1173/757/1078 1177/1418/1078
f 641/742/1079 656/847/1079 1098/1405/1079 1094/743/1079
f 731/776/563 718/961/563 1114/1019/563 1119/777/563
f 889/1144/551 892/1188/551 1162/1416/551 1161/1413/551
f 973/1245/563 959/944/563 1178/947/563 1183/1420/563
f 550/737/563 537/710/563 1068/1402/563 1070/1403/563
f 737/994/1080 712/690/1080 1116/693/1080 1120/1408/1080
f 697/954/1081 692/806/1081 691/809/1081 698/955/1081
f 817/1124/1082 812/682/1082 811/685/1082 818/1097/1082
f 969/1258/1083 963/816/1083 962/819/1083 970/1264/1083
f 667/807/1084 661/894/1084 660/868/1084 668/808/1084
f 546/735/1085 541/688/1085 540/689/1085 547/719/1085
f 722/963/1086 697/954/1086 698/955/1086 721/981/1086
f 872/1137/1087 847/1101/1087 848/1122/1087 871/1176/1087
f 1055/671/1088 969/1258/1088 970/1264/1088 990/658/1088
f 571/738/1089 546/735/1089 547/719/1089 570/718/1089
f 576/765/1090 571/738/1090 570/718/1090 577/786/1090
f 847/1101/1091 842/1103/1091 841/1123/1091 848/1122/1091
f 842/1103/1092 817/1124/1092 818/1097/1092 841/1123/1092
f 727/979/1093 722/963/1093 721/981/1093 728/995/1093
f 877/1150/1094 872/1137/1094 871/1176/1094 878/1186/1094
f 516/668/1095 1055/671/1095 990/658/1095 517/657/1095
f 752/976/1096 727/979/1096 728/995/1096 751/1003/1096
usemtl Color_3
f 524/696/1097 523/1421/1097 984/1422/1097 983/1228/1097
f 523/1421/1098 522/664/1098 985/667/1098 984/1422/1098
f 533/695/1099 534/1423/1099 523/1421/1099 524/696/1099
f 554/732/1100 553/1424/1100 534/1423/1100 533/695/1100
f 553/1424/1101 552/700/1101 535/703/1101 534/1423/1101
f 563/734/1102 564/1425/1102 553/1424/1102 554/732/1102
f 564/1425/1103 565/750/1103 552/700/1103 553/1424/1103
f 534/1423/1104 535/703/1104 522/664/1104 523/1421/1104
f 613/1426/1105 612/792/1105 595/795/1105 594/1427/1105
f 594/1427/1106 595/795/1106 582/760/1106 583/1428/1106
f 584/789/1107 583/1428/1107 564/1425/1107 563/734/1107
f 583/1428/1108 582/760/1108 565/750/1108 564/1425/1108
f 593/814/1109 594/1427/1109 583/1428/1109 584/789/1109
f 614/813/1110 613/1426/1110 594/1427/1110 593/814/1110
f 623/845/1111 624/1429/1111 613/1426/1111 614/813/1111
f 624/1429/1112 625/822/1112 612/792/1112 613/1426/1112
f 644/828/1113 643/1430/1113 624/1431/1113 623/829/1113
f 654/1432/1114 655/846/1114 642/848/1114 643/1430/1114
f 653/866/1115 654/1432/1115 643/1430/1115 644/828/1115
f 674/1433/1116 673/907/1116 655/846/1116 654/1432/1116
f 643/1430/1117 642/848/1117 625/877/1117 624/1431/1117
f 675/936/1118 674/1433/1118 654/1432/1118 653/866/1118
f 705/957/1119 704/1434/1119 685/1435/1119 684/958/1119
f 704/1434/1120 703/937/1120 686/940/1120 685/1435/1120
f 685/1435/1121 686/940/1121 673/907/1121 674/1433/1121
f 684/958/1122 685/1435/1122 674/1433/1122 675/936/1122
f 715/1436/1123 716/967/1123 703/937/1123 704/1434/1123
f 714/989/1124 715/1436/1124 704/1434/1124 705/957/1124
f 745/1437/1125 746/998/1125 733/999/1125 734/1438/1125
f 735/997/1126 734/1438/1126 715/1436/1126 714/989/1126
f 734/1438/1127 733/999/1127 716/967/1127 715/1436/1127
f 744/1001/1128 745/1437/1128 734/1438/1128 735/997/1128
f 775/1439/1129 776/1049/1129 763/1022/1129 764/1440/1129
f 765/1015/1130 764/1440/1130 745/1437/1130 744/1001/1130
f 764/1440/1131 763/1022/1131 746/998/1131 745/1437/1131
f 795/1037/1132 794/1441/1132 775/1439/1132 774/1038/1132
f 805/1442/1133 806/1077/1133 793/1046/1133 794/1441/1133
f 794/1441/1134 793/1046/1134 776/1049/1134 775/1439/1134
f 774/1038/1135 775/1439/1135 764/1440/1135 765/1015/1135
f 804/1084/1136 805/1442/1136 794/1441/1136 795/1037/1136
f 834/1100/1137 835/1443/1137 824/1444/1137 825/1098/1137
f 825/1098/1138 824/1444/1138 805/1442/1138 804/1084/1138
f 835/1443/1139 836/1094/1139 823/1091/1139 824/1444/1139
f 824/1444/1140 823/1091/1140 806/1077/1140 805/1442/1140
f 854/1445/1141 853/1113/1141 836/1094/1141 835/1443/1141
f 855/1107/1142 854/1445/1142 835/1443/1142 834/1100/1142
f 865/1446/1143 866/1139/1143 853/1113/1143 854/1445/1143
f 864/1162/1144 865/1446/1144 854/1445/1144 855/1107/1144
f 885/1161/1145 884/1447/1145 865/1446/1145 864/1162/1145
f 896/1448/1146 897/1180/1146 883/1183/1146 884/1447/1146
f 884/1447/1147 883/1183/1147 866/1139/1147 865/1446/1147
f 895/1171/1148 896/1448/1148 884/1447/1148 885/1161/1148
f 916/1199/1149 915/1449/1149 896/1448/1149 895/1171/1149
f 925/1207/1150 926/1450/1150 915/1449/1150 916/1199/1150
f 915/1449/1151 914/1205/1151 897/1180/1151 896/1448/1151
f 945/1451/1152 944/1226/1152 927/1227/1152 926/1450/1152
f 946/1216/1153 945/1451/1153 926/1450/1153 925/1207/1153
f 926/1450/1154 927/1227/1154 914/1205/1154 915/1449/1154
f 984/1422/1155 985/667/1155 975/1266/1155 976/1452/1155
f 956/1453/1156 957/1256/1156 944/1226/1156 945/1451/1156
f 955/1251/1157 956/1453/1157 945/1451/1157 946/1216/1157
f 983/1228/1158 984/1422/1158 976/1452/1158 977/1261/1158
f 977/1261/1159 976/1452/1159 956/1453/1159 955/1251/1159
f 976/1452/1160 975/1266/1160 957/1256/1160 956/1453/1160
o Plane.002_Plane
v 1.600000 -3.213400 -0.000000
v 1.000000 -3.213400 -0.000000
v 1.600000 -1.613400 0.000000
v 1.000000 -1.613400 0.000000
v 4.000000 -3.813400 -0.000000
v 0.900000 -3.813400 -0.000000
v 4.000000 -1.513400 0.000000
v 0.900000 -1.513400 0.000000
v 1.700000 -1.613400 0.000000
v 2.300000 -1.613400 0.000000
v 1.700000 -3.213400 -0.000000
v 2.300000 -3.213400 -0.000000
v 3.200000 -3.213400 -0.000000
v 2.600000 -3.213400 -0.000000
v 3.200000 -1.613400 0.000000
v 2.600000 -1.613400 0.000000
v 3.300000 -1.613400 0.000000
v 3.900000 -1.613400 0.000000
v 3.300000 -3.213400 -0.000000
v 3.900000 -3.213400 -0.000000
v 1.156201 -3.672036 -0.000000
v 1.126428 -3.672036 -0.000000
v 1.000000 -3.376031 -0.000000
v 1.043149 -3.376031 -0.000000
v 1.080258 -3.462762 -0.000000
v 1.205391 -3.462762 -0.000000
v 1.244657 -3.376031 -0.000000
v 1.287806 -3.376031 -0.000000
v 1.140667 -3.607312 -0.000000
v 1.188131 -3.500733 -0.000000
v 1.096655 -3.500733 -0.000000
v 1.317580 -3.569772 -0.000000
v 1.317580 -3.376031 -0.000000
v 1.355982 -3.376031 -0.000000
v 1.355982 -3.477432 -0.000000
v 1.356405 -3.485584 -0.000000
v 1.357638 -3.493380 -0.000000
v 1.359630 -3.500753 -0.000000
v 1.362327 -3.507637 -0.000000
v 1.365677 -3.513963 -0.000000
v 1.369628 -3.519665 -0.000000
v 1.374128 -3.524674 -0.000000
v 1.379123 -3.528924 -0.000000
v 1.384562 -3.532347 -0.000000
v 1.390392 -3.534875 -0.000000
v 1.396561 -3.536442 -0.000000
v 1.403015 -3.536979 -0.000000
v 1.405401 -3.536819 -0.000000
v 1.408005 -3.536351 -0.000000
v 1.410796 -3.535590 -0.000000
v 1.413739 -3.534549 -0.000000
v 1.416802 -3.533246 -0.000000
v 1.419951 -3.531693 -0.000000
v 1.423155 -3.529906 -0.000000
v 1.426380 -3.527901 -0.000000
v 1.429593 -3.525692 -0.000000
v 1.432760 -3.523295 -0.000000
v 1.435850 -3.520723 -0.000000
v 1.438829 -3.517993 -0.000000
v 1.459110 -3.551218 -0.000000
v 1.455144 -3.554832 -0.000000
v 1.451225 -3.558124 -0.000000
v 1.447345 -3.561095 -0.000000
v 1.443496 -3.563747 -0.000000
v 1.439671 -3.566082 -0.000000
v 1.435863 -3.568100 -0.000000
v 1.432063 -3.569804 -0.000000
v 1.428266 -3.571195 -0.000000
v 1.424462 -3.572273 -0.000000
v 1.420645 -3.573042 -0.000000
v 1.416806 -3.573503 -0.000000
v 1.412940 -3.573656 -0.000000
v 1.408400 -3.573356 -0.000000
v 1.403840 -3.572443 -0.000000
v 1.399260 -3.570898 -0.000000
v 1.394657 -3.568702 -0.000000
v 1.390030 -3.565834 -0.000000
v 1.385378 -3.562275 -0.000000
v 1.380699 -3.558006 -0.000000
v 1.375991 -3.553008 -0.000000
v 1.371253 -3.547260 -0.000000
v 1.366484 -3.540744 -0.000000
v 1.361682 -3.533440 -0.000000
v 1.356845 -3.525328 -0.000000
v 1.355982 -3.525328 -0.000000
v 1.355982 -3.569772 -0.000000
v 1.484136 -3.569772 -0.000000
v 1.484136 -3.376031 -0.000000
v 1.522539 -3.376031 -0.000000
v 1.522539 -3.516698 -0.000000
v 1.526473 -3.521080 -0.000000
v 1.530314 -3.524963 -0.000000
v 1.534095 -3.528369 -0.000000
v 1.537849 -3.531321 -0.000000
v 1.541609 -3.533842 -0.000000
v 1.545408 -3.535954 -0.000000
v 1.549279 -3.537679 -0.000000
v 1.553255 -3.539040 -0.000000
v 1.557369 -3.540060 -0.000000
v 1.561653 -3.540760 -0.000000
v 1.566141 -3.541164 -0.000000
v 1.570866 -3.541294 -0.000000
v 1.575542 -3.541012 -0.000000
v 1.580048 -3.540157 -0.000000
v 1.584337 -3.538711 -0.000000
v 1.588366 -3.536659 -0.000000
v 1.592089 -3.533983 -0.000000
v 1.595462 -3.530668 -0.000000
v 1.598439 -3.526696 -0.000000
v 1.600975 -3.522052 -0.000000
v 1.603026 -3.516719 -0.000000
v 1.604547 -3.510679 -0.000000
v 1.605492 -3.503918 -0.000000
v 1.605817 -3.496418 -0.000000
v 1.605817 -3.376031 -0.000000
v 1.644220 -3.376031 -0.000000
v 1.644220 -3.516698 -0.000000
v 1.647731 -3.520182 -0.000000
v 1.651342 -3.523494 -0.000000
v 1.655028 -3.526609 -0.000000
v 1.658763 -3.529500 -0.000000
v 1.662523 -3.532138 -0.000000
v 1.666281 -3.534497 -0.000000
v 1.670012 -3.536551 -0.000000
v 1.673690 -3.538273 -0.000000
v 1.677290 -3.539635 -0.000000
v 1.680788 -3.540610 -0.000000
v 1.684156 -3.541172 -0.000000
v 1.687370 -3.541294 -0.000000
v 1.692782 -3.540962 -0.000000
v 1.697983 -3.539975 -0.000000
v 1.702924 -3.538341 -0.000000
v 1.707554 -3.536068 -0.000000
v 1.711825 -3.533165 -0.000000
v 1.715687 -3.529643 -0.000000
v 1.719090 -3.525510 -0.000000
v 1.721985 -3.520774 -0.000000
v 1.724323 -3.515444 -0.000000
v 1.726054 -3.509531 -0.000000
v 1.727129 -3.503042 -0.000000
v 1.727499 -3.495987 -0.000000
v 1.727499 -3.376031 -0.000000
v 1.765902 -3.376031 -0.000000
v 1.765902 -3.497713 -0.000000
v 1.765387 -3.508815 -0.000000
v 1.763866 -3.519219 -0.000000
v 1.761378 -3.528875 -0.000000
v 1.757959 -3.537730 -0.000000
v 1.753647 -3.545734 -0.000000
v 1.748480 -3.552836 -0.000000
v 1.742495 -3.558985 -0.000000
v 1.735729 -3.564131 -0.000000
v 1.728220 -3.568222 -0.000000
v 1.720006 -3.571207 -0.000000
v 1.711123 -3.573035 -0.000000
v 1.701609 -3.573656 -0.000000
v 1.694856 -3.573330 -0.000000
v 1.688395 -3.572385 -0.000000
v 1.682212 -3.570864 -0.000000
v 1.676295 -3.568813 -0.000000
v 1.670629 -3.566277 -0.000000
v 1.665202 -3.563300 -0.000000
v 1.659999 -3.559927 -0.000000
v 1.655008 -3.556204 -0.000000
v 1.650214 -3.552175 -0.000000
v 1.645605 -3.547886 -0.000000
v 1.641166 -3.543381 -0.000000
v 1.636885 -3.538705 -0.000000
v 1.633498 -3.544196 -0.000000
v 1.629815 -3.549234 -0.000000
v 1.625848 -3.553814 -0.000000
v 1.621607 -3.557930 -0.000000
v 1.617102 -3.561579 -0.000000
v 1.612344 -3.564756 -0.000000
v 1.607343 -3.567457 -0.000000
v 1.602110 -3.569676 -0.000000
v 1.596655 -3.571411 -0.000000
v 1.590989 -3.572655 -0.000000
v 1.585122 -3.573405 -0.000000
v 1.579065 -3.573656 -0.000000
v 1.574525 -3.573457 -0.000000
v 1.569963 -3.572861 -0.000000
v 1.565378 -3.571862 -0.000000
v 1.560766 -3.570459 -0.000000
v 1.556124 -3.568649 -0.000000
v 1.551449 -3.566428 -0.000000
v 1.546738 -3.563794 -0.000000
v 1.541988 -3.560743 -0.000000
v 1.537196 -3.557272 -0.000000
v 1.532360 -3.553380 -0.000000
v 1.527475 -3.549061 -0.000000
v 1.522539 -3.544314 -0.000000
v 1.522539 -3.569772 -0.000000
v 1.986395 -3.670310 -0.000000
v 1.944109 -3.670310 -0.000000
v 1.944109 -3.376031 -0.000000
v 1.986395 -3.376031 -0.000000
v 2.142164 -3.530938 -0.000000
v 2.270318 -3.670310 -0.000000
v 2.217676 -3.670310 -0.000000
v 2.093837 -3.535684 -0.000000
v 2.093837 -3.670310 -0.000000
v 2.051551 -3.670310 -0.000000
v 2.051551 -3.376031 -0.000000
v 2.093837 -3.376031 -0.000000
v 2.093837 -3.521445 -0.000000
v 2.243566 -3.376031 -0.000000
v 2.301817 -3.376031 -0.000000
v 2.686014 -3.717086 -0.000000
v 2.637006 -3.717086 -0.000000
v 2.637006 -3.376031 -0.000000
v 2.840038 -3.376031 -0.000000
v 2.840038 -3.420038 -0.000000
v 2.686014 -3.420038 -0.000000
v 3.064074 -3.441042 -0.000000
v 3.057582 -3.436939 -0.000000
v 3.051105 -3.433138 -0.000000
v 3.044633 -3.429649 -0.000000
v 3.038163 -3.426484 -0.000000
v 3.031685 -3.423652 -0.000000
v 3.025193 -3.421164 -0.000000
v 3.018681 -3.419029 -0.000000
v 3.012140 -3.417260 -0.000000
v 3.005565 -3.415866 -0.000000
v 2.998948 -3.414857 -0.000000
v 2.992282 -3.414244 -0.000000
v 2.985562 -3.414037 -0.000000
v 2.975175 -3.414516 -0.000000
v 2.965521 -3.415947 -0.000000
v 2.956604 -3.418327 -0.000000
v 2.948426 -3.421650 -0.000000
v 2.940991 -3.425910 -0.000000
v 2.934303 -3.431103 -0.000000
v 2.928366 -3.437222 -0.000000
v 2.923181 -3.444264 -0.000000
v 2.918754 -3.452223 -0.000000
v 2.915087 -3.461093 -0.000000
v 2.912185 -3.470870 -0.000000
v 2.910049 -3.481548 -0.000000
v 3.068075 -3.481548 -0.000000
v 3.067292 -3.501417 -0.000000
v 3.064984 -3.519522 -0.000000
v 3.061206 -3.535869 -0.000000
v 3.056017 -3.550467 -0.000000
v 3.049474 -3.563321 -0.000000
v 3.041633 -3.574438 -0.000000
v 3.032553 -3.583826 -0.000000
v 3.022290 -3.591492 -0.000000
v 3.010901 -3.597442 -0.000000
v 2.998446 -3.601683 -0.000000
v 2.984979 -3.604223 -0.000000
v 2.970559 -3.605068 -0.000000
v 2.955466 -3.604123 -0.000000
v 2.941249 -3.601345 -0.000000
v 2.927990 -3.596817 -0.000000
v 2.915773 -3.590621 -0.000000
v 2.904681 -3.582842 -0.000000
v 2.894797 -3.573563 -0.000000
v 2.886205 -3.562867 -0.000000
v 2.878989 -3.550837 -0.000000
v 2.873231 -3.537557 -0.000000
v 2.869015 -3.523110 -0.000000
v 2.866425 -3.507580 -0.000000
v 2.865542 -3.491050 -0.000000
v 2.866350 -3.475672 -0.000000
v 2.868756 -3.460665 -0.000000
v 2.872731 -3.446214 -0.000000
v 2.878248 -3.432503 -0.000000
v 2.885279 -3.419716 -0.000000
v 2.893797 -3.408036 -0.000000
v 2.903773 -3.397649 -0.000000
v 2.915180 -3.388737 -0.000000
v 2.927990 -3.381485 -0.000000
v 2.942175 -3.376078 -0.000000
v 2.957707 -3.372698 -0.000000
v 2.974560 -3.371531 -0.000000
v 2.983789 -3.371708 -0.000000
v 2.992512 -3.372244 -0.000000
v 3.000783 -3.373140 -0.000000
v 3.008658 -3.374401 -0.000000
v 3.016192 -3.376031 -0.000000
v 3.023443 -3.378032 -0.000000
v 3.030463 -3.380408 -0.000000
v 3.037311 -3.383162 -0.000000
v 3.044040 -3.386299 -0.000000
v 3.050706 -3.389821 -0.000000
v 3.057366 -3.393732 -0.000000
v 3.064074 -3.398035 -0.000000
v 2.911050 -3.511053 -0.000000
v 2.912851 -3.519604 -0.000000
v 2.915254 -3.527493 -0.000000
v 2.918254 -3.534705 -0.000000
v 2.921848 -3.541224 -0.000000
v 2.926032 -3.547035 -0.000000
v 2.930803 -3.552122 -0.000000
v 2.936158 -3.556469 -0.000000
v 2.942092 -3.560061 -0.000000
v 2.948603 -3.562881 -0.000000
v 2.955687 -3.564916 -0.000000
v 2.963340 -3.566148 -0.000000
v 2.971560 -3.566562 -0.000000
v 2.979182 -3.566119 -0.000000
v 2.986284 -3.564811 -0.000000
v 2.992844 -3.562671 -0.000000
v 2.998842 -3.559727 -0.000000
v 3.004256 -3.556013 -0.000000
v 3.009065 -3.551559 -0.000000
v 3.013250 -3.546397 -0.000000
v 3.016789 -3.540558 -0.000000
v 3.019661 -3.534072 -0.000000
v 3.021845 -3.526972 -0.000000
v 3.023321 -3.519289 -0.000000
v 3.024068 -3.511053 -0.000000
v 3.295111 -3.600567 -0.000000
v 3.202596 -3.600567 -0.000000
v 3.187956 -3.599959 -0.000000
v 3.174325 -3.598159 -0.000000
v 3.161754 -3.595207 -0.000000
v 3.150292 -3.591140 -0.000000
v 3.139989 -3.585996 -0.000000
v 3.130898 -3.579814 -0.000000
v 3.123066 -3.572632 -0.000000
v 3.116546 -3.564487 -0.000000
v 3.111386 -3.555419 -0.000000
v 3.107639 -3.545466 -0.000000
v 3.105354 -3.534665 -0.000000
v 3.104581 -3.523055 -0.000000
v 3.104664 -3.518981 -0.000000
v 3.104914 -3.515012 -0.000000
v 3.105331 -3.511147 -0.000000
v 3.105914 -3.507386 -0.000000
v 3.106664 -3.503729 -0.000000
v 3.107581 -3.500176 -0.000000
v 3.108665 -3.496728 -0.000000
v 3.109915 -3.493383 -0.000000
v 3.111331 -3.490143 -0.000000
v 3.112916 -3.487007 -0.000000
v 3.114666 -3.483976 -0.000000
v 3.116582 -3.481048 -0.000000
v 3.118791 -3.478100 -0.000000
v 3.121167 -3.475255 -0.000000
v 3.123709 -3.472516 -0.000000
v 3.126418 -3.469880 -0.000000
v 3.129293 -3.467348 -0.000000
v 3.132335 -3.464921 -0.000000
v 3.135544 -3.462597 -0.000000
v 3.138919 -3.460378 -0.000000
v 3.142462 -3.458263 -0.000000
v 3.146171 -3.456253 -0.000000
v 3.150046 -3.454346 -0.000000
v 3.154088 -3.452543 -0.000000
v 3.154088 -3.451543 -0.000000
v 3.148873 -3.450140 -0.000000
v 3.143992 -3.448443 -0.000000
v 3.139469 -3.446472 -0.000000
v 3.135326 -3.444246 -0.000000
v 3.131587 -3.441783 -0.000000
v 3.128272 -3.439104 -0.000000
v 3.125405 -3.436226 -0.000000
v 3.123010 -3.433170 -0.000000
v 3.121107 -3.429954 -0.000000
v 3.119720 -3.426597 -0.000000
v 3.118871 -3.423119 -0.000000
v 3.118583 -3.419538 -0.000000
v 3.118730 -3.417058 -0.000000
v 3.119174 -3.414614 -0.000000
v 3.119919 -3.412201 -0.000000
v 3.120972 -3.409814 -0.000000
v 3.122338 -3.407449 -0.000000
v 3.124021 -3.405098 -0.000000
v 3.126028 -3.402759 -0.000000
v 3.128362 -3.400424 -0.000000
v 3.131030 -3.398089 -0.000000
v 3.134037 -3.395750 -0.000000
v 3.137387 -3.393399 -0.000000
v 3.141087 -3.391034 -0.000000
v 3.131781 -3.388448 -0.000000
v 3.123357 -3.385433 -0.000000
v 3.115801 -3.381978 -0.000000
v 3.109100 -3.378069 -0.000000
v 3.103239 -3.373694 -0.000000
v 3.098205 -3.368843 -0.000000
v 3.093983 -3.363501 -0.000000
v 3.090560 -3.357658 -0.000000
v 3.087922 -3.351301 -0.000000
v 3.086055 -3.344418 -0.000000
v 3.084944 -3.336996 -0.000000
v 3.084578 -3.329024 -0.000000
v 3.085459 -3.319386 -0.000000
v 3.088043 -3.310268 -0.000000
v 3.092243 -3.301730 -0.000000
v 3.097969 -3.293833 -0.000000
v 3.105132 -3.286637 -0.000000
v 3.113645 -3.280203 -0.000000
v 3.123418 -3.274593 -0.000000
v 3.134363 -3.269866 -0.000000
v 3.146392 -3.266084 -0.000000
v 3.159416 -3.263307 -0.000000
v 3.173346 -3.261597 -0.000000
v 3.188094 -3.261013 -0.000000
v 3.204152 -3.261570 -0.000000
v 3.219041 -3.263219 -0.000000
v 3.232718 -3.265928 -0.000000
v 3.245140 -3.269662 -0.000000
v 3.256263 -3.274390 -0.000000
v 3.266044 -3.280078 -0.000000
v 3.274439 -3.286694 -0.000000
v 3.281405 -3.294203 -0.000000
v 3.286899 -3.302574 -0.000000
v 3.290876 -3.311773 -0.000000
v 3.293295 -3.321768 -0.000000
v 3.294111 -3.332524 -0.000000
v 3.293749 -3.339561 -0.000000
v 3.292629 -3.346392 -0.000000
v 3.290704 -3.352981 -0.000000
v 3.287925 -3.359288 -0.000000
v 3.284243 -3.365275 -0.000000
v 3.279609 -3.370905 -0.000000
v 3.273975 -3.376140 -0.000000
v 3.267292 -3.380939 -0.000000
v 3.259511 -3.385267 -0.000000
v 3.250586 -3.389084 -0.000000
v 3.240465 -3.392353 -0.000000
v 3.229101 -3.395034 -0.000000
v 3.218298 -3.397257 -0.000000
v 3.208398 -3.399440 -0.000000
v 3.199409 -3.401606 -0.000000
v 3.191335 -3.403776 -0.000000
v 3.184186 -3.405975 -0.000000
v 3.177968 -3.408224 -0.000000
v 3.172687 -3.410546 -0.000000
v 3.168350 -3.412963 -0.000000
v 3.164965 -3.415499 -0.000000
v 3.162539 -3.418175 -0.000000
v 3.161078 -3.421014 -0.000000
v 3.160590 -3.424039 -0.000000
v 3.161808 -3.429832 -0.000000
v 3.165248 -3.434168 -0.000000
v 3.170591 -3.437361 -0.000000
v 3.177518 -3.439727 -0.000000
v 3.185709 -3.441578 -0.000000
v 3.194845 -3.443230 -0.000000
v 3.204606 -3.444996 -0.000000
v 3.214673 -3.447191 -0.000000
v 3.224725 -3.450129 -0.000000
v 3.234444 -3.454125 -0.000000
v 3.243510 -3.459492 -0.000000
v 3.251604 -3.466546 -0.000000
v 3.254223 -3.469392 -0.000000
v 3.256806 -3.472649 -0.000000
v 3.259316 -3.476266 -0.000000
v 3.261717 -3.480196 -0.000000
v 3.263972 -3.484390 -0.000000
v 3.266044 -3.488799 -0.000000
v 3.267898 -3.493375 -0.000000
v 3.269496 -3.498069 -0.000000
v 3.270802 -3.502833 -0.000000
v 3.271781 -3.507617 -0.000000
v 3.272395 -3.512374 -0.000000
v 3.272607 -3.517054 -0.000000
v 3.272480 -3.521676 -0.000000
v 3.272082 -3.526067 -0.000000
v 3.271397 -3.530267 -0.000000
v 3.270403 -3.534316 -0.000000
v 3.269084 -3.538254 -0.000000
v 3.267419 -3.542120 -0.000000
v 3.265389 -3.545956 -0.000000
v 3.262977 -3.549800 -0.000000
v 3.260160 -3.553693 -0.000000
v 3.256922 -3.557674 -0.000000
v 3.253243 -3.561784 -0.000000
v 3.249104 -3.566062 -0.000000
v 3.295111 -3.566062 -0.000000
v 3.232601 -3.522555 -0.000000
v 3.232233 -3.516581 -0.000000
v 3.231152 -3.510935 -0.000000
v 3.229397 -3.505654 -0.000000
v 3.227008 -3.500773 -0.000000
v 3.224020 -3.496331 -0.000000
v 3.220474 -3.492362 -0.000000
v 3.216407 -3.488904 -0.000000
v 3.211857 -3.485993 -0.000000
v 3.206862 -3.483666 -0.000000
v 3.201462 -3.481958 -0.000000
v 3.195693 -3.480906 -0.000000
v 3.189594 -3.480548 -0.000000
v 3.183036 -3.480887 -0.000000
v 3.176884 -3.481884 -0.000000
v 3.171169 -3.483510 -0.000000
v 3.165924 -3.485734 -0.000000
v 3.161179 -3.488528 -0.000000
v 3.156964 -3.491862 -0.000000
v 3.153313 -3.495707 -0.000000
v 3.150255 -3.500033 -0.000000
v 3.147822 -3.504810 -0.000000
v 3.146046 -3.510009 -0.000000
v 3.144957 -3.515600 -0.000000
v 3.144587 -3.521554 -0.000000
v 3.144995 -3.526974 -0.000000
v 3.146182 -3.532195 -0.000000
v 3.148096 -3.537167 -0.000000
v 3.150681 -3.541836 -0.000000
v 3.153884 -3.546151 -0.000000
v 3.157651 -3.550059 -0.000000
v 3.161930 -3.553509 -0.000000
v 3.166665 -3.556449 -0.000000
v 3.171802 -3.558826 -0.000000
v 3.177289 -3.560589 -0.000000
v 3.183071 -3.561684 -0.000000
v 3.189095 -3.562061 -0.000000
v 3.194888 -3.561694 -0.000000
v 3.200478 -3.560628 -0.000000
v 3.205808 -3.558912 -0.000000
v 3.210820 -3.556597 -0.000000
v 3.215457 -3.553734 -0.000000
v 3.219662 -3.550372 -0.000000
v 3.223377 -3.546562 -0.000000
v 3.226545 -3.542354 -0.000000
v 3.229108 -3.537799 -0.000000
v 3.231010 -3.532948 -0.000000
v 3.232194 -3.527849 -0.000000
v 3.251104 -3.329024 -0.000000
v 3.250629 -3.324077 -0.000000
v 3.249219 -3.319497 -0.000000
v 3.246900 -3.315295 -0.000000
v 3.243695 -3.311484 -0.000000
v 3.239630 -3.308076 -0.000000
v 3.234726 -3.305082 -0.000000
v 3.229011 -3.302516 -0.000000
v 3.222507 -3.300390 -0.000000
v 3.215239 -3.298714 -0.000000
v 3.207232 -3.297503 -0.000000
v 3.198509 -3.296767 -0.000000
v 3.189095 -3.296519 -0.000000
v 3.179355 -3.296768 -0.000000
v 3.170399 -3.297512 -0.000000
v 3.162238 -3.298746 -0.000000
v 3.154885 -3.300464 -0.000000
v 3.148352 -3.302661 -0.000000
v 3.142649 -3.305332 -0.000000
v 3.137791 -3.308473 -0.000000
v 3.133789 -3.312077 -0.000000
v 3.130655 -3.316139 -0.000000
v 3.128402 -3.320654 -0.000000
v 3.127041 -3.325618 -0.000000
v 3.126585 -3.331024 -0.000000
v 3.127015 -3.335895 -0.000000
v 3.128279 -3.340488 -0.000000
v 3.130335 -3.344776 -0.000000
v 3.133141 -3.348731 -0.000000
v 3.136655 -3.352324 -0.000000
v 3.140837 -3.355528 -0.000000
v 3.145643 -3.358315 -0.000000
v 3.151032 -3.360658 -0.000000
v 3.156964 -3.362529 -0.000000
v 3.163396 -3.363900 -0.000000
v 3.170286 -3.364743 -0.000000
v 3.177592 -3.365030 -0.000000
v 3.184816 -3.364865 -0.000000
v 3.192588 -3.364342 -0.000000
v 3.200682 -3.363412 -0.000000
v 3.208875 -3.362029 -0.000000
v 3.216943 -3.360146 -0.000000
v 3.224662 -3.357716 -0.000000
v 3.231809 -3.354692 -0.000000
v 3.238158 -3.351027 -0.000000
v 3.243486 -3.346675 -0.000000
v 3.247569 -3.341588 -0.000000
v 3.250183 -3.335720 -0.000000
v 3.524148 -3.717086 -0.000000
v 3.475140 -3.717086 -0.000000
v 3.475140 -3.376031 -0.000000
v 3.524148 -3.376031 -0.000000
v 3.704677 -3.555560 -0.000000
v 3.853200 -3.717086 -0.000000
v 3.792191 -3.717086 -0.000000
v 3.648668 -3.561061 -0.000000
v 3.648668 -3.717086 -0.000000
v 3.599660 -3.717086 -0.000000
v 3.599660 -3.376031 -0.000000
v 3.648668 -3.376031 -0.000000
v 3.648668 -3.544558 -0.000000
v 3.822196 -3.376031 -0.000000
v 3.889706 -3.376031 -0.000000
l 1186 1187
l 1188 1186
l 1189 1188
l 1187 1189
l 1190 1191
l 1192 1190
l 1193 1192
l 1191 1193
l 1194 1196
l 1195 1194
l 1197 1195
l 1196 1197
l 1199 1198
l 1198 1200
l 1200 1201
l 1201 1199
l 1202 1204
l 1203 1202
l 1205 1203
l 1204 1205
l 1206 1207
l 1207 1208
l 1208 1209
l 1209 1210
l 1210 1211
l 1211 1212
l 1212 1213
l 1213 1206
l 1214 1215
l 1215 1216
l 1216 1214
l 1217 1218
l 1218 1219
l 1219 1220
l 1220 1221
l 1221 1222
l 1222 1223
l 1223 1224
l 1224 1225
l 1225 1226
l 1226 1227
l 1227 1228
l 1228 1229
l 1229 1230
l 1230 1231
l 1231 1232
l 1232 1233
l 1233 1234
l 1234 1235
l 1235 1236
l 1236 1237
l 1237 1238
l 1238 1239
l 1239 1240
l 1240 1241
l 1241 1242
l 1242 1243
l 1243 1244
l 1244 1245
l 1245 1246
l 1246 1247
l 1247 1248
l 1248 1249
l 1249 1250
l 1250 1251
l 1251 1252
l 1252 1253
l 1253 1254
l 1254 1255
l 1255 1256
l 1256 1257
l 1257 1258
l 1258 1259
l 1259 1260
l 1260 1261
l 1261 1262
l 1262 1263
l 1263 1264
l 1264 1265
l 1265 1266
l 1266 1267
l 1267 1268
l 1268 1269
l 1269 1270
l 1270 1271
l 1271 1217
l 1272 1273
l 1273 1274
l 1274 1275
l 1275 1276
l 1276 1277
l 1277 1278
l 1278 1279
l 1279 1280
l 1280 1281
l 1281 1282
l 1282 1283
l 1283 1284
l 1284 1285
l 1285 1286
l 1286 1287
l 1287 1288
l 1288 1289
l 1289 1290
l 1290 1291
l 1291 1292
l 1292 1293
l 1293 1294
l 1294 1295
l 1295 1296
l 1296 1297
l 1297 1298
l 1298 1299
l 1299 1300
l 1300 1301
l 1301 1302
l 1302 1303
l 1303 1304
l 1304 1305
l 1305 1306
l 1306 1307
l 1307 1308
l 1308 1309
l 1309 1310
l 1310 1311
l 1311 1312
l 1312 1313
l 1313 1314
l 1314 1315
l 1315 1316
l 1316 1317
l 1317 1318
l 1318 1319
l 1319 1320
l 1320 1321
l 1321 1322
l 1322 1323
l 1323 1324
l 1324 1325
l 1325 1326
l 1326 1327
l 1327 1328
l 1328 1329
l 1329 1330
l 1330 1331
l 1331 1332
l 1332 1333
l 1333 1334
l 1334 1335
l 1335 1336
l 1336 1337
l 1337 1338
l 1338 1339
l 1339 1340
l 1340 1341
l 1341 1342
l 1342 1343
l 1343 1344
l 1344 1345
l 1345 1346
l 1346 1347
l 1347 1348
l 1348 1349
l 1349 1350
l 1350 1351
l 1351 1352
l 1352 1353
l 1353 1354
l 1354 1355
l 1355 1356
l 1356 1357
l 1357 1358
l 1358 1359
l 1359 1360
l 1360 1361
l 1361 1362
l 1362 1363
l 1363 1364
l 1364 1365
l 1365 1366
l 1366 1367
l 1367 1368
l 1368 1369
l 1369 1370
l 1370 1371
l 1371 1372
l 1372 1373
l 1373 1374
l 1374 1375
l 1375 1376
l 1376 1377
l 1377 1378
l 1378 1272
l 1379 1380
l 1380 1381
l 1381 1382
l 1382 1379
l 1383 1384
l 1384 1385
l 1385 1386
l 1386 1387
l 1387 1388
l 1388 1389
l 1389 1390
l 1390 1391
l 1391 1392
l 1392 1393
l 1393 1383
l 1394 1395
l 1395 1396
l 1396 1397
l 1397 1398
l 1398 1399
l 1399 1394
l 1400 1401
l 1401 1402
l 1402 1403
l 1403 1404
l 1404 1405
l 1405 1406
l 1406 1407
l 1407 1408
l 1408 1409
l 1409 1410
l 1410 1411
l 1411 1412
l 1412 1413
l 1413 1414
l 1414 1415
l 1415 1416
l 1416 1417
l 1417 1418
l 1418 1419
l 1419 1420
l 1420 1421
l 1421 1422
l 1422 1423
l 1423 1424
l 1424 1425
l 1425 1426
l 1426 1427
l 1427 1428
l 1428 1429
l 1429 1430
l 1430 1431
l 1431 1432
l 1432 1433
l 1433 1434
l 1434 1435
l 1435 1436
l 1436 1437
l 1437 1438
l 1438 1439
l 1439 1440
l 1440 1441
l 1441 1442
l 1442 1443
l 1443 1444
l 1444 1445
l 1445 1446
l 1446 1447
l 1447 1448
l 1448 1449
l 1449 1450
l 1450 1451
l 1451 1452
l 1452 1453
l 1453 1454
l 1454 1455
l 1455 1456
l 1456 1457
l 1457 1458
l 1458 1459
l 1459 1460
l 1460 1461
l 1461 1462
l 1462 1463
l 1463 1464
l 1464 1465
l 1465 1466
l 1466 1467
l 1467 1468
l 1468 1469
l 1469 1470
l 1470 1471
l 1471 1472
l 1472 1473
l 1473 1400
l 1474 1475
l 1475 1476
l 1476 1477
l 1477 1478
l 1478 1479
l 1479 1480
l 1480 1481
l 1481 1482
l 1482 1483
l 1483 1484
l 1484 1485
l 1485 1486
l 1486 1487
l 1487 1488
l 1488 1489
l 1489 1490
l 1490 1491
l 1491 1492
l 1492 1493
l 1493 1494
l 1494 1495
l 1495 1496
l 1496 1497
l 1497 1498
l 1498 1474
l 1499 1500
l 1500 1501
l 1501 1502
l 1502 1503
l 1503 1504
l 1504 1505
l 1505 1506
l 1506 1507
l 1507 1508
l 1508 1509
l 1509 1510
l 1510 1511
l 1511 1512
l 1512 1513
l 1513 1514
l 1514 1515
l 1515 1516
l 1516 1517
l 1517 1518
l 1518 1519
l 1519 1520
l 1520 1521
l 1521 1522
l 1522 1523
l 1523 1524
l 1524 1525
l 1525 1526
l 1526 1527
l 1527 1528
l 1528 1529
l 1529 1530
l 1530 1531
l 1531 1532
l 1532 1533
l 1533 1534
l 1534 1535
l 1535 1536
l 1536 1537
l 1537 1538
l 1538 1539
l 1539 1540
l 1540 1541
l 1541 1542
l 1542 1543
l 1543 1544
l 1544 1545
l 1545 1546
l 1546 1547
l 1547 1548
l 1548 1549
l 1549 1550
l 1550 1551
l 1551 1552
l 1552 1553
l 1553 1554
l 1554 1555
l 1555 1556
l 1556 1557
l 1557 1558
l 1558 1559
l 1559 1560
l 1560 1561
l 1561 1562
l 1562 1563
l 1563 1564
l 1564 1565
l 1565 1566
l 1566 1567
l 1567 1568
l 1568 1569
l 1569 1570
l 1570 1571
l 1571 1572
l 1572 1573
l 1573 1574
l 1574 1575
l 1575 1576
l 1576 1577
l 1577 1578
l 1578 1579
l 1579 1580
l 1580 1581
l 1581 1582
l 1582 1583
l 1583 1584
l 1584 1585
l 1585 1586
l 1586 1587
l 1587 1588
l 1588 1589
l 1589 1590
l 1590 1591
l 1591 1592
l 1592 1593
l 1593 1594
l 1594 1595
l 1595 1596
l 1596 1597
l 1597 1598
l 1598 1599
l 1599 1600
l 1600 1601
l 1601 1602
l 1602 1603
l 1603 1604
l 1604 1605
l 1605 1606
l 1606 1607
l 1607 1608
l 1608 1609
l 1609 1610
l 1610 1611
l 1611 1612
l 1612 1613
l 1613 1614
l 1614 1615
l 1615 1616
l 1616 1617
l 1617 1618
l 1618 1619
l 1619 1620
l 1620 1621
l 1621 1622
l 1622 1623
l 1623 1624
l 1624 1625
l 1625 1626
l 1626 1627
l 1627 1628
l 1628 1629
l 1629 1630
l 1630 1631
l 1631 1632
l 1632 1633
l 1633 1634
l 1634 1635
l 1635 1636
l 1636 1637
l 1637 1638
l 1638 1639
l 1639 1640
l 1640 1641
l 1641 1642
l 1642 1643
l 1643 1644
l 1644 1645
l 1645 1646
l 1646 1647
l 1647 1648
l 1648 1649
l 1649 1650
l 1650 1651
l 1651 1652
l 1652 1653
l 1653 1654
l 1654 1655
l 1655 1656
l 1656 1657
l 1657 1658
l 1658 1499
l 1659 1660
l 1660 1661
l 1661 1662
l 1662 1663
l 1663 1664
l 1664 1665
l 1665 1666
l 1666 1667
l 1667 1668
l 1668 1669
l 1669 1670
l 1670 1671
l 1671 1672
l 1672 1673
l 1673 1674
l 1674 1675
l 1675 1676
l 1676 1677
l 1677 1678
l 1678 1679
l 1679 1680
l 1680 1681
l 1681 1682
l 1682 1683
l 1683 1684
l 1684 1685
l 1685 1686
l 1686 1687
l 1687 1688
l 1688 1689
l 1689 1690
l 1690 1691
l 1691 1692
l 1692 1693
l 1693 1694
l 1694 1695
l 1695 1696
l 1696 1697
l 1697 1698
l 1698 1699
l 1699 1700
l 1700 1701
l 1701 1702
l 1702 1703
l 1703 1704
l 1704 1705
l 1705 1706
l 1706 1659
l 1707 1708
l 1708 1709
l 1709 1710
l 1710 1711
l 1711 1712
l 1712 1713
l 1713 1714
l 1714 1715
l 1715 1716
l 1716 1717
l 1717 1718
l 1718 1719
l 1719 1720
l 1720 1721
l 1721 1722
l 1722 1723
l 1723 1724
l 1724 1725
l 1725 1726
l 1726 1727
l 1727 1728
l 1728 1729
l 1729 1730
l 1730 1731
l 1731 1732
l 1732 1733
l 1733 1734
l 1734 1735
l 1735 1736
l 1736 1737
l 1737 1738
l 1738 1739
l 1739 1740
l 1740 1741
l 1741 1742
l 1742 1743
l 1743 1744
l 1744 1745
l 1745 1746
l 1746 1747
l 1747 1748
l 1748 1749
l 1749 1750
l 1750 1751
l 1751 1752
l 1752 1753
l 1753 1754
l 1754 1707
l 1755 1756
l 1756 1757
l 1757 1758
l 1758 1755
l 1759 1760
l 1760 1761
l 1761 1762
l 1762 1763
l 1763 1764
l 1764 1765
l 1765 1766
l 1766 1767
l 1767 1768
l 1768 1769
l 1769 1759
o Hitbox_1_Icosphere.002
v -0.237194 1.503675 -4.996597
v -0.237194 1.503675 -4.996597
v -0.237194 1.503675 -4.996597
v -0.237194 1.503675 -4.996597
v -0.237194 1.503675 -4.996597
v -0.237194 1.503675 -4.996597
v -0.237194 1.503675 -4.996597
v -0.237194 1.503675 -4.996597
v -0.237194 1.503675 -4.996597
v -0.237194 1.503675 -4.996597
v -0.237194 1.503675 -4.996597
v -0.237194 1.503675 -4.996597
v -0.237194 1.503675 -4.996597
v -0.237194 1.503675 -4.996597
v -0.237194 1.503675 -4.996597
v -0.237194 1.503675 -4.996597
v -0.237194 1.503675 -4.996597
v -0.237194 1.503675 -4.996597
v -0.237194 1.503675 -4.996597
v -0.237194 1.503675 -4.996597
v -0.237194 1.503675 -4.996597
v -0.237194 1.503675 -4.996597
v -0.237194 1.503675 -4.996597
v -0.237194 1.503675 -4.996597
v -0.237194 1.503675 -4.996597
v -0.237194 1.503675 -4.996597
v -0.237194 1.503675 -4.996597
v -0.237194 1.503675 -4.996597
v -0.237194 1.503675 -4.996597
v -0.237194 1.503675 -4.996597
v -0.237194 1.503675 -4.996597
v -0.237194 1.503675 -4.996597
v -0.237194 1.503675 -4.996597
v -0.237194 1.503675 -4.996597
v -0.237194 1.503675 -4.996597
v -0.237194 1.503675 -4.996597
v -0.237194 1.503675 -4.996597
v -0.237194 1.503675 -4.996597
v -0.237194 1.503675 -4.996597
v -0.237194 1.503675 -4.996597
v -0.237194 1.503675 -4.996597
v -0.237194 1.503675 -4.996597
l 1782 1770
l 1783 1771
l 1784 1772
l 1785 1771
l 1786 1775
l 1787 1770
l 1788 1773
l 1789 1770
l 1790 1774
l 1791 1775
l 1792 1771
l 1793 1780
l 1794 1772
l 1795 1776
l 1796 1773
l 1797 1777
l 1798 1774
l 1799 1778
l 1800 1775
l 1801 1779
l 1802 1776
l 1803 1777
l 1804 1778
l 1805 1779
l 1806 1780
l 1807 1776
l 1808 1781
l 1809 1777
l 1810 1778
l 1811 1779
l 1772 1782
l 1770 1783
l 1771 1784
l 1775 1785
l 1770 1786
l 1773 1787
l 1772 1788
l 1774 1789
l 1773 1790
l 1774 1791
l 1780 1792
l 1775 1793
l 1776 1794
l 1771 1795
l 1777 1796
l 1772 1797
l 1778 1798
l 1773 1799
l 1779 1800
l 1774 1801
l 1780 1802
l 1776 1803
l 1777 1804
l 1778 1805
l 1779 1806
l 1781 1807
l 1780 1808
l 1781 1809
l 1781 1810
l 1781 1811
l 1808 1811
l 1808 1806
l 1811 1806
l 1811 1810
l 1811 1805
l 1810 1805
l 1810 1809
l 1810 1804
l 1809 1804
l 1809 1807
l 1809 1803
l 1807 1803
l 1807 1808
l 1807 1802
l 1808 1802
l 1793 1806
l 1793 1800
l 1806 1800
l 1801 1805
l 1801 1798
l 1805 1798
l 1799 1804
l 1799 1796
l 1804 1796
l 1797 1803
l 1797 1794
l 1803 1794
l 1795 1802
l 1795 1792
l 1802 1792
l 1800 1801
l 1800 1791
l 1801 1791
l 1798 1799
l 1798 1790
l 1799 1790
l 1796 1797
l 1796 1788
l 1797 1788
l 1794 1795
l 1794 1784
l 1795 1784
l 1792 1793
l 1792 1785
l 1793 1785
l 1786 1791
l 1786 1789
l 1791 1789
l 1789 1790
l 1789 1787
l 1790 1787
l 1787 1788
l 1787 1782
l 1788 1782
l 1785 1786
l 1785 1783
l 1786 1783
l 1782 1784
l 1782 1783
l 1784 1783
o Hitbox_Direction_1_Icosphere.003
v -0.237194 1.503675 -4.996597
v -0.237194 1.503675 -4.996597
v -0.237194 1.503675 -4.996597
v -0.237194 1.503675 -4.996597
v -0.237194 1.503675 -4.996597
v -0.237194 1.503675 -4.996597
v -0.237194 1.503675 -4.996597
v -0.237194 1.503675 -4.996597
v -0.237194 1.503675 -4.996597
v -0.237194 1.503675 -4.996597
v -0.237194 1.503675 -4.996597
v -0.237194 1.503675 -4.996597
v -0.237194 1.503675 -4.996597
v -0.237194 1.503675 -4.996597
v -0.237194 1.503675 -4.996597
v -0.237194 1.503675 -4.996597
v -0.237194 1.503675 -4.996597
v -0.237194 1.503675 -4.996597
v -0.237194 1.503675 -4.996597
v -0.237194 1.503675 -4.996597
v -0.237194 1.503675 -4.996597
v -0.237194 1.503675 -4.996597
v -0.237194 1.503675 -4.996597
v -0.237194 1.503675 -4.996597
v -0.237194 1.503675 -4.996597
v -0.237194 1.503675 -4.996597
v -0.237194 1.503675 -4.996597
v -0.237194 1.503675 -4.996597
v -0.237194 1.503675 -4.996597
v -0.237194 1.503675 -4.996597
v -0.237194 1.503675 -4.996597
v -0.237194 1.503675 -4.996597
v -0.237194 1.503675 -4.996597
v -0.237194 1.503675 -4.996597
v -0.237194 1.503675 -4.996597
v -0.237194 1.503675 -4.996597
v -0.237194 1.503675 -4.996597
v -0.237194 1.503675 -4.996597
v -0.237194 1.503675 -4.996597
v -0.237194 1.503675 -4.996597
v -0.237194 1.503675 -4.996597
v -0.237194 1.503675 -4.996597
l 1824 1812
l 1825 1813
l 1826 1814
l 1827 1813
l 1828 1817
l 1829 1812
l 1830 1815
l 1831 1812
l 1832 1816
l 1833 1817
l 1834 1813
l 1835 1822
l 1836 1814
l 1837 1818
l 1838 1815
l 1839 1819
l 1840 1816
l 1841 1820
l 1842 1817
l 1843 1821
l 1844 1818
l 1845 1819
l 1846 1820
l 1847 1821
l 1848 1822
l 1849 1818
l 1850 1823
l 1851 1819
l 1852 1820
l 1853 1821
l 1814 1824
l 1812 1825
l 1813 1826
l 1817 1827
l 1812 1828
l 1815 1829
l 1814 1830
l 1816 1831
l 1815 1832
l 1816 1833
l 1822 1834
l 1817 1835
l 1818 1836
l 1813 1837
l 1819 1838
l 1814 1839
l 1820 1840
l 1815 1841
l 1821 1842
l 1816 1843
l 1822 1844
l 1818 1845
l 1819 1846
l 1820 1847
l 1821 1848
l 1823 1849
l 1822 1850
l 1823 1851
l 1823 1852
l 1823 1853
l 1850 1853
l 1850 1848
l 1853 1848
l 1853 1852
l 1853 1847
l 1852 1847
l 1852 1851
l 1852 1846
l 1851 1846
l 1851 1849
l 1851 1845
l 1849 1845
l 1849 1850
l 1849 1844
l 1850 1844
l 1835 1848
l 1835 1842
l 1848 1842
l 1843 1847
l 1843 1840
l 1847 1840
l 1841 1846
l 1841 1838
l 1846 1838
l 1839 1845
l 1839 1836
l 1845 1836
l 1837 1844
l 1837 1834
l 1844 1834
l 1842 1843
l 1842 1833
l 1843 1833
l 1840 1841
l 1840 1832
l 1841 1832
l 1838 1839
l 1838 1830
l 1839 1830
l 1836 1837
l 1836 1826
l 1837 1826
l 1834 1835
l 1834 1827
l 1835 1827
l 1828 1833
l 1828 1831
l 1833 1831
l 1831 1832
l 1831 1829
l 1832 1829
l 1829 1830
l 1829 1824
l 1830 1824
l 1827 1828
l 1827 1825
l 1828 1825
l 1824 1826
l 1824 1825
l 1826 1825
o Circle.001
v -0.000000 -0.366598 0.138180
v -0.071520 -0.359554 0.138180
v -0.140291 -0.338693 0.138180
v -0.203671 -0.304815 0.138180
v -0.259224 -0.259224 0.138180
v -0.304816 -0.203671 0.138180
v -0.338693 -0.140291 0.138180
v -0.359554 -0.071520 0.138180
v -0.366599 0.000000 0.138180
v -0.359555 0.071520 0.138180
v -0.338693 0.140291 0.138180
v -0.304816 0.203671 0.138180
v -0.259224 0.259224 0.138180
v -0.203671 0.304816 0.138180
v -0.140291 0.338693 0.138180
v -0.071520 0.359555 0.138180
v 0.000000 0.366599 0.138180
v 0.071520 0.359555 0.138180
v 0.140291 0.338693 0.138180
v 0.203671 0.304816 0.138180
v 0.259224 0.259224 0.138180
v 0.304816 0.203671 0.138180
v 0.338693 0.140291 0.138180
v 0.359554 0.071520 0.138180
v 0.366598 -0.000000 0.138180
v 0.359554 -0.071520 0.138180
v 0.338693 -0.140291 0.138180
v 0.304815 -0.203672 0.138180
v 0.259224 -0.259225 0.138180
v 0.203671 -0.304816 0.138180
v 0.140291 -0.338693 0.138180
v 0.071519 -0.359554 0.138180
l 1855 1854
l 1856 1855
l 1857 1856
l 1858 1857
l 1859 1858
l 1860 1859
l 1861 1860
l 1862 1861
l 1863 1862
l 1864 1863
l 1865 1864
l 1866 1865
l 1867 1866
l 1868 1867
l 1869 1868
l 1870 1869
l 1871 1870
l 1872 1871
l 1873 1872
l 1874 1873
l 1875 1874
l 1876 1875
l 1877 1876
l 1878 1877
l 1879 1878
l 1880 1879
l 1881 1880
l 1882 1881
l 1883 1882
l 1884 1883
l 1885 1884
l 1854 1885
o Cube.001_Cube.006
v 0.313071 -0.539570 0.973374
v -0.272767 -0.539570 0.973374
v 0.313071 -0.539570 0.712451
v -0.272767 -0.539570 0.712451
v 0.313071 0.539570 0.973374
v -0.272767 0.539570 0.973374
v 0.313071 0.539570 0.712451
v -0.272767 0.539570 0.712451
l 1888 1886
l 1886 1887
l 1889 1888
l 1889 1893
l 1893 1892
l 1890 1892
l 1891 1890
l 1891 1887
o Plane.001_Plane.002
v -0.561603 0.447706 0.130313
v 0.561603 0.447706 0.130313
v -0.561603 -0.447706 0.130313
v 0.561603 -0.447706 0.130313
l 1896 1894
l 1894 1895
l 1895 1897
l 1897 1896
o Plane_Plane.001
v -0.200394 0.200394 0.291510
v 0.200394 0.200394 0.291510
v -0.200394 -0.200394 0.291510
v 0.200394 -0.200394 0.291510
v -0.200394 0.200394 0.509250
v 0.200394 0.200394 0.509250
v -0.200394 -0.200394 0.509250
v 0.200394 -0.200394 0.509250
l 1900 1898
l 1898 1899
l 1899 1901
l 1901 1900
l 1904 1902
l 1902 1903
l 1903 1905
l 1905 1904
o Circle
v -0.000000 -0.939668 0.000000
v -0.183320 -0.921613 0.000000
v -0.359596 -0.868140 0.000000
v -0.522052 -0.781306 0.000001
v -0.664446 -0.664446 0.000001
v -0.781306 -0.522052 0.000001
v -0.868141 -0.359595 0.000001
v -0.921613 -0.183320 0.000001
v -0.939669 0.000000 0.000001
v -0.921613 0.183320 0.000001
v -0.868141 0.359596 0.000001
v -0.781306 0.522052 0.000001
v -0.664446 0.664446 0.000001
v -0.522052 0.781306 0.000001
v -0.359596 0.868141 0.000001
v -0.183320 0.921614 0.000001
v 0.000000 0.939669 0.000001
v 0.183321 0.921614 0.000001
v 0.359596 0.868141 0.000001
v 0.522052 0.781306 0.000001
v 0.664446 0.664446 0.000001
v 0.781306 0.522052 0.000001
v 0.868141 0.359595 0.000001
v 0.921613 0.183320 0.000001
v 0.939669 -0.000001 0.000001
v 0.921613 -0.183321 0.000001
v 0.868140 -0.359596 0.000001
v 0.781305 -0.522053 0.000001
v 0.664445 -0.664447 0.000001
v 0.522051 -0.781307 0.000001
v 0.359594 -0.868141 0.000000
v 0.183319 -0.921613 0.000000
l 1907 1906
l 1908 1907
l 1909 1908
l 1910 1909
l 1911 1910
l 1912 1911
l 1913 1912
l 1914 1913
l 1915 1914
l 1916 1915
l 1917 1916
l 1918 1917
l 1919 1918
l 1920 1919
l 1921 1920
l 1922 1921
l 1923 1922
l 1924 1923
l 1925 1924
l 1926 1925
l 1927 1926
l 1928 1927
l 1929 1928
l 1930 1929
l 1931 1930
l 1932 1931
l 1933 1932
l 1934 1933
l 1935 1934
l 1936 1935
l 1937 1936
l 1906 1937
o Plane.003_Plane.004
v 0.200000 0.000000 0.200000
v -0.200000 0.000000 0.200000
v 0.200000 0.000000 -0.200000
v -0.200000 0.000000 -0.200000
l 1940 1938
l 1938 1939
l 1939 1941
l 1941 1940
