# Blender v2.83.5 OBJ File: 'character.blend'
# www.blender.org
mtllib character_000041.mtl
o character
v 0.748317 0.810893 -0.051533
v 0.725190 0.846534 0.139565
v 0.706749 0.882756 0.312366
v 0.915411 0.355552 0.097568
v 0.869210 0.343574 -0.068993
v 0.827826 0.332825 -0.233668
v 0.921113 -0.140321 -0.135178
v 0.819328 -0.172908 -0.249997
v 0.720964 -0.205733 -0.345146
v 0.864547 3.994092 0.202849
v 0.578190 4.044546 0.134470
v 0.141294 1.266385 -0.042829
v 0.667834 1.210986 0.077534
v 0.066325 1.180632 -0.012541
v 0.723582 0.987453 -0.032436
v 0.083728 1.137672 -0.241681
v 0.693012 1.026593 0.129541
v 0.043442 1.227290 0.210200
v 0.663018 1.067798 0.285827
v 0.742099 2.225903 -0.215043
v 0.376920 2.267555 -0.304739
v 0.789333 2.424583 -0.207371
v 0.379766 2.495722 -0.305100
v 0.768128 2.322326 -0.235954
v 0.381186 2.382464 -0.329542
v 0.314994 -0.175854 -0.422657
v 0.586085 -0.150018 0.360590
v 0.432347 -0.671848 0.182995
v 0.346406 -0.673210 -0.064074
v 0.271936 -0.674285 -0.273813
v 0.519753 0.103008 0.437947
v 0.381290 0.079802 -0.370812
v 0.406573 -0.807772 0.253232
v 0.362355 -0.809040 0.005960
v 0.326595 -0.810203 -0.220815
v 0.562000 -0.891410 0.378507
v 0.526657 -0.893229 0.024022
v 0.492503 -0.895020 -0.324949
v 0.548618 -1.395889 0.416409
v 0.534524 -1.397714 0.060841
v 0.519813 -1.399548 -0.296577
v 0.424759 -1.652117 0.290160
v 0.419367 -1.653235 0.072372
v 0.413975 -1.654352 -0.145417
v -0.985478 -0.992294 -1.658509
v -1.091264 -0.803234 -1.593472
v 0.696541 -0.260881 -0.356584
v 1.032258 -0.562891 -0.404056
v 0.917372 -0.615630 -0.415387
v 0.902792 -0.165006 -0.312098
v 0.799591 -0.677271 -0.403275
v 0.787102 -0.214850 -0.336999
v 0.726125 -0.690220 -0.232104
v 0.655033 -0.704658 -0.363821
v 0.816539 -0.670126 -0.086528
v 0.641307 -0.270616 -0.384831
v 0.897925 -0.603261 -0.479221
v 0.777774 -0.669378 -0.454557
v 1.023281 -0.543067 -0.486428
v 0.871937 -0.153493 -0.396321
v 0.746657 -0.212814 -0.391103
v 0.864733 -0.591012 -0.553578
v 0.703969 -0.209014 -0.443360
v 0.318830 -0.439018 -1.761089
v 0.142375 -0.100683 -1.651022
v 0.280452 -0.065788 -1.609881
v 0.434532 -0.387151 -1.696802
v 0.396254 -0.392630 -1.763591
v 0.228871 -0.064988 -1.661362
v 0.006082 1.118964 0.461101
v -0.040271 -0.153505 -0.420265
v -0.012916 0.350353 -0.428913
v 0.028976 -0.164041 0.582422
v 0.013991 0.361399 0.582043
v -0.760303 0.804070 -0.032345
v -0.731543 0.831061 0.159527
v -0.711094 0.858136 0.345975
v 0.037121 -0.680162 0.365861
v -0.000025 -0.672477 0.077722
v -0.017706 -0.669771 -0.219406
v 0.001594 1.136684 0.300806
v -0.000450 1.084420 0.030426
v -0.002965 1.050148 -0.279852
v -0.881303 0.258667 0.279558
v -0.872635 0.240574 0.090867
v -0.874477 0.233357 -0.089628
v -0.878607 -0.285978 0.236982
v -0.861272 -0.330073 0.060929
v -0.850185 -0.365846 -0.108274
v -0.968498 4.020609 0.196533
v -0.682985 4.078309 0.130394
v -0.147174 1.277726 -0.026286
v -0.672792 1.202480 0.090336
v -0.069471 1.187364 -0.005297
v -0.723501 0.984746 -0.030577
v -0.088579 1.149061 -0.237071
v -0.693254 1.015121 0.132756
v -0.045057 1.227119 0.218193
v -0.663480 1.048507 0.292691
v -0.772352 2.231923 -0.135505
v -0.408219 2.288043 -0.221723
v -0.733419 2.262813 0.045440
v -0.826938 2.435615 -0.127329
v -0.418581 2.517351 -0.221868
v -0.801234 2.331583 -0.150409
v -0.415411 2.403366 -0.240679
v -0.754105 2.325893 0.042288
v 0.019536 0.096817 0.583476
v -0.030829 0.100477 -0.424667
v -0.472688 -0.213152 -0.324468
v -0.492869 -0.232298 0.548628
v -0.373328 -0.721618 0.301649
v -0.365301 -0.704985 0.049355
v -0.359906 -0.679878 -0.191067
v -0.471668 0.059620 0.547874
v -0.460725 0.050768 -0.320134
v 0.019558 -0.810309 0.372202
v -0.000027 -0.808662 0.078421
v -0.011780 -0.807955 -0.220676
v -0.367264 -0.830853 0.313594
v -0.365303 -0.823501 0.063491
v -0.367918 -0.812149 -0.178481
v 0.020901 -0.893443 0.506486
v -0.000028 -0.892939 0.078853
v -0.012856 -0.894087 -0.353194
v -0.525318 -0.907685 0.434749
v -0.528954 -0.902700 0.076506
v -0.533544 -0.896392 -0.279669
v 0.010664 -1.395381 0.513632
v -0.000036 -1.397600 0.081443
v -0.010736 -1.399818 -0.350746
v -0.524944 -1.398974 0.447082
v -0.533152 -1.399068 0.090062
v -0.540518 -1.399508 -0.268157
v 0.006476 -1.651824 0.345952
v -0.000040 -1.653175 0.082755
v -0.006556 -1.654526 -0.180442
v -0.414056 -1.651997 0.310927
v -0.419448 -1.653115 0.093138
v -0.424840 -1.654233 -0.124650
v -0.950234 -1.099515 -1.159012
v -0.724986 -1.080778 -1.150291
v -0.818991 -0.462430 -0.123268
v -1.127166 -0.502782 0.102132
v -1.124310 -0.567414 -0.011475
v -0.842665 -0.322038 0.108082
v -1.103558 -0.667026 -0.117618
v -0.813311 -0.401895 -0.012625
v -0.785279 -0.758499 0.039145
v -0.798282 -0.761987 -0.125987
v -0.800170 -0.750513 0.220485
v -0.776814 -0.480140 -0.167138
v -1.141278 -0.515370 -0.061053
v -1.122115 -0.622662 -0.161871
v -1.154161 -0.433701 0.048392
v -0.810104 -0.299650 0.046693
v -0.779559 -0.393559 -0.065005
v -1.152654 -0.452196 -0.121542
v -0.750872 -0.370522 -0.119060
v -1.245708 0.293329 -1.121449
v -0.851847 0.340955 -1.109371
v -0.880033 0.427968 -1.067433
v -1.240288 0.359488 -1.058657
v -1.251760 0.384728 -1.116706
v -0.873812 0.436614 -1.110890
v 0.922609 -0.152076 -0.221880
v 0.812461 -0.194900 -0.287476
v 0.714959 -0.235646 -0.341670
v 0.888124 -0.655408 -0.299737
v 0.783902 -0.696215 -0.354561
v 0.983338 -0.615896 -0.231631
v -0.864627 -0.308941 0.176983
v -0.841153 -0.374159 0.030044
v -0.837476 -0.423841 -0.109494
v -1.007842 -0.690645 0.050846
v -0.998369 -0.744409 -0.086386
v -1.008415 -0.645869 0.190666
v -0.008721 0.696762 -0.399946
v 0.009887 0.744745 0.532806
v 0.804270 0.615398 0.216742
v 0.782004 0.593983 0.045583
v 0.764941 0.574083 -0.128496
v -0.773403 0.530669 0.329363
v -0.773581 0.505352 0.141447
v -0.787503 0.492518 -0.045357
v 0.749925 0.330250 -0.390848
v 0.780196 0.328683 -0.367750
v 0.644786 -0.266533 -0.458186
v 0.621015 -0.210248 -0.472671
v 0.655156 -0.212956 -0.452177
v 0.927632 0.363085 0.249766
v 0.897901 0.364366 0.305554
v 1.000627 -0.166399 -0.010001
v 0.977619 -0.126828 0.007304
v 0.963373 -0.127334 0.075524
v 0.721364 0.767814 -0.270656
v 0.723083 0.833273 -0.252855
v 0.762752 0.788775 -0.214388
v 0.610800 -0.646774 -0.444643
v 0.585489 -0.682310 -0.450555
v 0.547322 -0.641070 -0.462119
v 0.703269 0.904985 0.446325
v 0.669481 0.923346 0.471489
v 0.892074 -0.652202 0.048968
v 0.957803 -0.595043 0.029201
v 0.883584 -0.611047 0.107145
v 0.792876 3.935435 0.312331
v 0.838636 3.972232 0.295186
v 0.644278 4.034853 0.002991
v 0.604074 4.066382 0.042233
v 0.864641 3.995816 0.056474
v 0.890423 4.015922 0.110639
v 0.572114 3.974151 0.260330
v 0.552260 4.022670 0.226874
v 0.124504 1.372463 0.278376
v 0.083227 1.314318 0.309879
v 0.579495 1.257882 0.353536
v 0.618367 1.275414 0.306944
v 0.579226 1.322493 0.321632
v 0.691038 1.109421 -0.203098
v 0.690898 1.177558 -0.209891
v 0.716681 1.147447 -0.152731
v 0.193407 1.159102 -0.359148
v 0.181541 1.196996 -0.328622
v 0.227909 1.221840 -0.359219
v 0.746563 2.153991 -0.402279
v 0.760498 2.235095 -0.422923
v 0.774890 2.193048 -0.361384
v 0.449741 2.182154 -0.501610
v 0.416725 2.227155 -0.482501
v 0.462792 2.266169 -0.521459
v 0.355067 2.275324 -0.080618
v 0.363806 2.326052 -0.101782
v 0.337276 2.305977 -0.131010
v 0.663151 2.235934 -0.032090
v 0.709487 2.257592 -0.071611
v 0.672884 2.284977 -0.052134
v 0.812677 2.506070 -0.410003
v 0.835358 2.458933 -0.374214
v 0.802950 2.429563 -0.428274
v 0.480986 2.567375 -0.517668
v 0.475695 2.483571 -0.536258
v 0.434325 2.534003 -0.504618
v 0.356089 2.478113 -0.064377
v 0.325394 2.455423 -0.109702
v 0.354181 2.419257 -0.084140
v 0.701668 2.424865 -0.008501
v 0.695070 2.367917 -0.029838
v 0.743680 2.391173 -0.042988
v 0.792660 2.379761 -0.434657
v 0.808466 2.332211 -0.391112
v 0.773401 2.290891 -0.433633
v 0.473105 2.424680 -0.540417
v 0.467294 2.325320 -0.534131
v 0.428312 2.382524 -0.516468
v 0.357155 2.389916 -0.096446
v 0.332700 2.371216 -0.142728
v 0.361711 2.347408 -0.105876
v 0.689363 2.340926 -0.043580
v 0.679457 2.303238 -0.055464
v 0.727930 2.313941 -0.080537
v 0.503596 -0.598736 0.372908
v 0.485113 -0.641311 0.340193
v 0.223827 -0.608458 -0.446793
v 0.226489 -0.648584 -0.418176
v -0.931847 -0.954554 -1.551954
v -0.962684 -0.997145 -1.594357
v -1.001796 -0.829388 -1.509043
v -1.065727 -0.812994 -1.531024
v -0.964476 -0.903188 -1.754469
v -0.983424 -0.965256 -1.720844
v -1.034407 -0.778045 -1.711507
v -1.086474 -0.781093 -1.657475
v 0.631804 -0.335982 -0.411505
v 0.654852 -0.308079 -0.428708
v 0.666846 -0.281189 -0.401625
v 1.025319 -0.180698 -0.129954
v 1.029832 -0.171053 -0.257683
v 0.995613 -0.153367 -0.221647
v 1.087259 -0.529052 -0.207662
v 1.092041 -0.550136 -0.303867
v 1.115660 -0.495111 -0.327425
v 0.673095 -0.654816 -0.415481
v 0.718792 -0.687130 -0.399299
v 0.688773 -0.655607 -0.393585
v 1.005530 -0.138628 -0.404215
v 0.970214 -0.115392 -0.523307
v 0.932587 -0.076448 -0.468693
v 1.118989 -0.450618 -0.479710
v 1.107736 -0.491213 -0.580033
v 1.097285 -0.419433 -0.602143
v 0.499238 -0.305762 -0.399765
v 0.498067 -0.365173 -0.445649
v 0.552952 -0.361347 -0.405740
v 0.642213 -0.653458 -0.452882
v 0.613457 -0.644289 -0.510643
v 0.662716 -0.697390 -0.493008
v 0.123222 -0.085796 -1.879266
v 0.136497 -0.048266 -1.838408
v 0.217361 -0.046894 -1.866709
v 0.258427 -0.344943 -1.965219
v 0.351445 -0.305283 -1.950430
v 0.305871 -0.374104 -1.946603
v 0.147791 -0.212248 -1.459473
v 0.185709 -0.186686 -1.485687
v 0.158938 -0.157309 -1.474609
v 0.331923 -0.482270 -1.580384
v 0.321444 -0.444751 -1.568061
v 0.285227 -0.470881 -1.543787
v 0.149001 -0.154049 -1.544701
v 0.165725 -0.186958 -1.540818
v 0.157817 -0.203852 -1.510428
v 0.273877 -0.449483 -1.579764
v 0.287947 -0.434312 -1.613474
v 0.296043 -0.463499 -1.632062
v 0.479484 -0.002120 -1.671173
v 0.402512 -0.003981 -1.763564
v 0.417155 0.015024 -1.680788
v 0.571685 -0.293035 -1.761803
v 0.527945 -0.250689 -1.833650
v 0.602140 -0.247771 -1.734792
v 0.278801 -0.002703 -1.799194
v 0.371602 -0.008147 -1.789853
v 0.248332 -0.037243 -1.857037
v 0.380545 -0.293653 -1.939086
v 0.498580 -0.256638 -1.862669
v 0.439286 -0.318863 -1.898278
v 0.185317 -0.134737 -1.529147
v 0.188793 -0.182714 -1.498115
v 0.176113 -0.182246 -1.535803
v 0.301019 -0.431180 -1.610198
v 0.322667 -0.438816 -1.578756
v 0.349172 -0.450122 -1.625836
v -0.864095 0.241525 -0.245243
v -0.830246 0.248806 -0.285060
v -0.854834 -0.404601 -0.263454
v -0.851165 -0.345275 -0.247992
v -0.825003 -0.329927 -0.282354
v -0.835321 0.283775 0.483084
v -0.870697 0.276820 0.437262
v -0.901957 -0.296368 0.401457
v -0.863592 -0.258496 0.450848
v -0.889535 -0.261031 0.397594
v -0.745495 0.758438 -0.243581
v -0.782125 0.788423 -0.192243
v -0.739048 0.835429 -0.236276
v -0.847574 -0.722453 -0.253869
v -0.762083 -0.702566 -0.281394
v -0.792385 -0.740473 -0.249220
v -0.666569 0.894200 0.519331
v -0.703083 0.874051 0.494250
v -0.781041 -0.704795 0.433285
v -0.866546 -0.681851 0.404321
v -0.807109 -0.742556 0.382889
v 0.064377 -0.615528 0.568950
v 0.062141 -0.656438 0.532584
v 0.059973 1.056683 -0.385270
v -0.006430 1.006731 -0.393959
v -0.070851 1.060878 -0.383645
v -0.005196 1.043172 -0.362800
v -0.048598 -0.634771 -0.384773
v -0.056416 -0.591871 -0.418065
v -0.896743 3.970648 0.310487
v -0.943440 4.004601 0.290693
v -0.746154 4.059278 -0.001139
v -0.707919 4.094237 0.036698
v -0.965876 4.014694 0.050599
v -0.993426 4.036532 0.102864
v -0.676638 4.014994 0.260227
v -0.657928 4.062303 0.224546
v -0.130524 1.366882 0.298727
v -0.086851 1.309006 0.324849
v -0.585220 1.234889 0.371623
v -0.621769 1.291252 0.350225
v -0.694319 1.117126 -0.194900
v -0.719827 1.152475 -0.143423
v -0.694743 1.186108 -0.198088
v -0.199327 1.178882 -0.351258
v -0.233885 1.244466 -0.346725
v -0.187009 1.219355 -0.317922
v -0.774299 2.169281 -0.327053
v -0.803839 2.205711 -0.283935
v -0.789827 2.247945 -0.342524
v -0.478092 2.210563 -0.424267
v -0.492809 2.291695 -0.438886
v -0.446446 2.255825 -0.402081
v -0.369976 2.318788 -0.044196
v -0.397619 2.318002 -0.005088
v -0.849706 2.507003 -0.334136
v -0.837098 2.431986 -0.348343
v -0.871234 2.460510 -0.296506
v -0.518715 2.576269 -0.439231
v -0.471058 2.544999 -0.423926
v -0.510517 2.495345 -0.453620
v -0.398444 2.511761 0.021008
v -0.393471 2.449860 0.005283
v -0.366095 2.488140 -0.022691
v -0.742780 2.448240 0.073732
v -0.771821 2.383095 0.046749
v -0.825225 2.384302 -0.352778
v -0.803716 2.300231 -0.351177
v -0.840072 2.337894 -0.308090
v -0.506346 2.440174 -0.455876
v -0.460762 2.401933 -0.430574
v -0.498325 2.347091 -0.449543
v -0.395380 2.389432 -0.011222
v -0.368683 2.396262 -0.050639
v -0.371623 -0.704690 0.474707
v -0.381833 -0.665198 0.515432
v -0.372447 -0.650206 -0.337725
v -0.384515 -0.611754 -0.364955
v -0.922724 -1.035655 -1.052744
v -0.950163 -1.086521 -1.092006
v -0.773701 -1.023085 -1.047090
v -0.730765 -1.068274 -1.083527
v -0.915589 -1.023824 -1.263256
v -0.945655 -1.079546 -1.223828
v -0.766578 -1.011267 -1.257541
v -0.726234 -1.061299 -1.215319
v -0.854498 -0.467338 -0.201570
v -0.868137 -0.473744 -0.240230
v -0.856878 -0.523465 -0.242726
v -0.927203 -0.306868 0.324434
v -0.904002 -0.289656 0.238543
v -0.923998 -0.284737 0.243052
v -1.048763 -0.560861 0.286671
v -1.102879 -0.475835 0.225897
v -1.097175 -0.538196 0.217274
v -1.035831 -0.704617 -0.234084
v -1.009955 -0.729896 -0.209656
v -1.065326 -0.717810 -0.188471
v -0.881769 -0.222630 0.151071
v -0.790104 -0.183317 0.076849
v -0.857004 -0.155938 0.063345
v -1.138340 -0.347220 0.145387
v -1.152566 -0.245458 0.063465
v -1.197295 -0.301314 0.075849
v -0.807902 -0.564885 -0.282439
v -0.782931 -0.546693 -0.335512
v -0.725009 -0.543524 -0.293216
v -1.048324 -0.671572 -0.274863
v -1.110765 -0.647388 -0.282193
v -1.056715 -0.619527 -0.326102
v -0.888562 0.345484 -1.313773
v -0.905485 0.440697 -1.268335
v -0.854853 0.373677 -1.282954
v -1.190851 0.310032 -1.324866
v -1.234626 0.328650 -1.297554
v -1.205794 0.403480 -1.276511
v -0.896741 0.284329 -0.921151
v -0.862131 0.321785 -0.941652
v -0.904759 0.340149 -0.967615
v -1.199361 0.250383 -0.928529
v -1.205307 0.303915 -0.972883
v -1.242473 0.279296 -0.950459
v -0.898649 0.255224 -1.135738
v -0.905045 0.321905 -1.117371
v -0.865680 0.302971 -1.146972
v -1.173128 0.203906 -1.133728
v -1.213070 0.237910 -1.144654
v -1.186424 0.276069 -1.116886
v -0.905047 0.555288 -0.990743
v -0.938665 0.564378 -1.069034
v -0.946553 0.555738 -0.947409
v -1.222902 0.506176 -0.933979
v -1.220519 0.520510 -1.062889
v -1.253517 0.494587 -0.974868
v -0.911927 0.468316 -1.244161
v -0.934190 0.552160 -1.112960
v -0.885085 0.503678 -1.182336
v -1.209105 0.430015 -1.251022
v -1.249341 0.452871 -1.189071
v -1.219210 0.509887 -1.109890
v -0.907200 0.338449 -1.091552
v -0.906737 0.348673 -0.991440
v -0.873790 0.372774 -1.042232
v -1.191901 0.294817 -1.092035
v -1.238566 0.324228 -1.043382
v -1.204153 0.311329 -0.995318
v 0.644684 -0.268414 -0.459336
v 0.665489 -0.250310 -0.415242
v 0.656410 -0.306674 -0.425843
v 0.653310 -0.651976 -0.413352
v 0.682611 -0.655683 -0.395428
v 0.701170 -0.691434 -0.388508
v 0.996541 -0.138966 -0.108401
v 1.003679 -0.166543 -0.012188
v 1.022115 -0.181333 -0.128287
v 1.060512 -0.548579 -0.132316
v 1.009645 -0.573984 -0.041882
v 1.029848 -0.598978 -0.123257
v -0.856155 -0.407288 -0.265336
v -0.866953 -0.472134 -0.236072
v -0.855162 -0.417172 -0.217672
v -0.912265 -0.737738 -0.225162
v -0.969130 -0.762331 -0.181908
v -0.974817 -0.740817 -0.209876
v -0.925294 -0.308054 0.323350
v -0.903916 -0.296385 0.401662
v -0.900503 -0.277907 0.320557
v -1.001208 -0.600942 0.329796
v -0.979022 -0.649442 0.316634
v -0.930858 -0.647380 0.373682
v 0.778095 0.640177 0.406909
v 0.810276 0.630682 0.362938
v 0.746020 0.563088 -0.275476
v 0.712184 0.569054 -0.312958
v -0.768968 0.556003 0.481839
v -0.734555 0.571800 0.518742
v -0.764098 0.510619 -0.248491
v -0.795900 0.497075 -0.202560
vt 0.618418 0.750000
vt 0.547996 0.750000
vt 0.547994 0.750000
vt 0.618285 0.750000
vt 0.541667 0.562500
vt 0.541667 0.512151
vt 0.541667 0.513846
vt 0.541667 0.562500
vt 0.541667 0.625000
vt 0.541667 0.518437
vt 0.541667 0.544499
vt 0.541667 0.625000
vt 0.416667 0.755722
vt 0.458333 0.755033
vt 0.458333 0.875000
vt 0.416667 0.875000
vt 0.500000 0.812500
vt 0.541667 0.812500
vt 0.541667 0.875000
vt 0.500000 0.875000
vt 0.616899 0.750000
vt 0.549754 0.750000
vt 0.554884 0.750000
vt 0.611756 0.750000
vt 0.687500 0.687500
vt 0.750000 0.687500
vt 0.750000 0.739236
vt 0.687500 0.738904
vt 0.416667 0.511914
vt 0.458333 0.511937
vt 0.458333 0.562500
vt 0.416667 0.562500
vt 0.541667 0.755032
vt 0.618846 0.812500
vt 0.618844 0.875000
vt 0.687500 0.625000
vt 0.687500 0.562500
vt 0.687500 0.562500
vt 0.687500 0.625000
vt 0.547615 0.500000
vt 0.618777 0.500000
vt 0.618665 0.500000
vt 0.547612 0.500000
vt 0.458333 0.625000
vt 0.416667 0.625000
vt 0.458333 0.687500
vt 0.416667 0.687500
vt 0.541667 0.625000
vt 0.541667 0.511263
vt 0.541667 0.519595
vt 0.541667 0.625000
vt 0.541667 0.734463
vt 0.541667 0.687500
vt 0.541667 0.687500
vt 0.541667 0.738768
vt 0.416667 0.375000
vt 0.458333 0.375000
vt 0.458333 0.494978
vt 0.416667 0.494291
vt 0.500000 0.437500
vt 0.500000 0.375000
vt 0.541667 0.625000
vt 0.323100 0.437553
vt 0.369848 0.494495
vt 0.360884 0.499526
vt 0.265660 0.498923
vt 0.541667 0.687500
vt 0.541667 0.737844
vt 0.458333 0.738057
vt 0.375000 0.756799
vt 0.375000 0.868512
vt 0.375000 0.867265
vt 0.375000 0.757723
vt 0.375000 0.625000
vt 0.375000 0.733574
vt 0.375000 0.725966
vt 0.375000 0.625000
vt 0.375000 0.625000
vt 0.375000 0.728629
vt 0.375000 0.716275
vt 0.375000 0.625000
vt 0.375000 0.727386
vt 0.375000 0.625000
vt 0.000000 0.000000
vt 0.000000 0.000000
vt 0.000000 0.000000
vt 0.000000 0.000000
vt 0.111084 0.230305
vt 0.250000 0.533533
vt 0.250000 0.625000
vt 0.111084 0.277711
vt 0.369848 0.755505
vt 0.323101 0.812448
vt 0.265659 0.751075
vt 0.360883 0.750473
vt 0.380988 0.756170
vt 0.379291 0.875000
vt 0.000000 0.000000
vt 0.000000 0.000000
vt 0.000000 0.000000
vt 0.000000 0.000000
vt 0.250000 0.716302
vt 0.000000 0.000000
vt 0.000000 0.000000
vt 0.375000 0.375000
vt 0.375000 0.493405
vt 0.375000 0.492227
vt 0.375000 0.378402
vt 0.375000 0.625000
vt 0.375000 0.687500
vt 0.375000 0.687500
vt 0.375000 0.625000
vt -0.002465 -0.006174
vt 0.091560 0.190487
vt 0.091560 0.228899
vt 0.375000 0.516410
vt 0.375000 0.524000
vt 0.375000 0.562500
vt 0.375000 0.562500
vt 0.111084 0.325064
vt 0.091560 0.267227
vt 0.625000 0.565471
vt 0.625000 0.511656
vt 0.687500 0.511100
vt 0.375000 0.521311
vt 0.375000 0.533599
vt 0.373837 0.384699
vt 0.374632 0.491827
vt 0.371300 0.492421
vt 0.334470 0.426803
vt 0.000000 0.000000
vt 0.374633 0.758175
vt 0.373835 0.865298
vt 0.334475 0.823202
vt 0.371302 0.757582
vt 0.375000 0.522568
vt 0.101322 0.210413
vt 0.101322 0.253305
vt 0.327389 0.433478
vt 0.370451 0.493735
vt 0.370413 0.493926
vt 0.325607 0.435106
vt 0.101322 0.296131
vt 0.541667 0.375000
vt 0.618805 0.375000
vt 0.618808 0.437500
vt 0.541667 0.437500
vt 0.370451 0.756264
vt 0.327389 0.816522
vt 0.325608 0.814894
vt 0.370413 0.756074
vt 0.370617 0.757104
vt 0.332104 0.820561
vt 0.330328 0.818958
vt 0.370574 0.756888
vt 0.332104 0.429439
vt 0.370617 0.492896
vt 0.370574 0.493112
vt 0.330328 0.431042
vt 0.541667 0.494979
vt 0.625000 0.687500
vt 0.625000 0.625000
vt 0.541667 0.687500
vt 0.541667 0.736149
vt 0.625000 0.513053
vt 0.625000 0.563986
vt 0.416667 0.738079
vt 0.750000 0.510770
vt 0.750000 0.562500
vt 0.750000 0.562500
vt 0.750000 0.562500
vt 0.687500 0.562500
vt 0.687500 0.687500
vt 0.750000 0.687500
vt 0.687500 0.625000
vt 0.687500 0.562500
vt 0.687500 0.625000
vt 0.687500 0.687500
vt 0.750000 0.687500
vt 0.687500 0.687500
vt 0.687500 0.625000
vt 0.687500 0.687500
vt 0.750000 0.687500
vt 0.750000 0.562500
vt 0.687500 0.562500
vt 0.750000 0.562500
vt 0.750000 0.625000
vt 0.750000 0.687500
vt 0.541667 0.705829
vt 0.541667 0.731548
vt 0.625000 0.731504
vt 0.625000 0.705847
vt 0.625000 0.625000
vt 0.625000 0.625000
vt 0.541667 0.730388
vt 0.541667 0.738990
vt 0.541667 0.625000
vt 0.541667 0.625000
vt 0.548527 0.500000
vt 0.618284 0.500000
vt 0.618143 0.500000
vt 0.548480 0.500000
vt 0.541667 0.562500
vt 0.541667 0.625000
vt 0.541667 0.562500
vt 0.541667 0.511195
vt 0.617446 0.750000
vt 0.549213 0.750000
vt 0.549253 0.750000
vt 0.617406 0.750000
vt 0.548728 0.500000
vt 0.617930 0.500000
vt 0.617896 0.500000
vt 0.548762 0.500000
vt 0.541667 0.515532
vt 0.625000 0.625000
vt 0.625000 0.687500
vt 0.625000 0.687500
vt 0.625000 0.625000
vt 0.625000 0.737706
vt 0.625000 0.735758
vt 0.625000 0.733698
vt 0.625000 0.735940
vt 0.625000 0.687500
vt 0.617871 0.750000
vt 0.549053 0.750000
vt 0.548979 0.750000
vt 0.617712 0.750000
vt 0.625000 0.625000
vt 0.625000 0.562500
vt 0.625000 0.562500
vt 0.625000 0.514892
vt 0.541667 0.511496
vt 0.625000 0.544481
vt 0.625000 0.519632
vt 0.625000 0.511013
vt 0.625000 0.625000
vt 0.625000 0.625000
vt 0.625000 0.518487
vt 0.549708 0.500000
vt 0.617007 0.500000
vt 0.617051 0.500000
vt 0.549663 0.500000
vt 0.625000 0.738246
vt 0.625000 0.730357
vt 0.617007 0.750000
vt 0.549707 0.750000
vt 0.549663 0.750000
vt 0.617051 0.750000
vt 0.625000 0.730945
vt 0.625000 0.625000
vt 0.549754 0.500000
vt 0.616900 0.500000
vt 0.611755 0.500000
vt 0.554886 0.500000
vt 0.541667 0.625000
vt 0.541666 0.730980
vt 0.625000 0.519046
vt 0.541667 0.519004
vt 0.625000 0.510886
vt 0.548907 0.500000
vt 0.617755 0.500000
vt 0.616650 0.500000
vt 0.550011 0.500000
vt 0.625000 0.737978
vt 0.541667 0.739083
vt 0.617302 0.750000
vt 0.549363 0.750000
vt 0.550060 0.750000
vt 0.616604 0.750000
vt 0.458333 0.755033
vt 0.500000 0.812500
vt 0.550035 0.500000
vt 0.616680 0.500000
vt 0.616728 0.500000
vt 0.549987 0.500000
vt 0.616680 0.750000
vt 0.550035 0.750000
vt 0.549987 0.750000
vt 0.616728 0.750000
vt 0.416667 0.755722
vt 0.541667 0.562500
vt 0.541667 0.562500
vt 0.541667 0.513990
vt 0.541667 0.512312
vt 0.541667 0.625000
vt 0.541667 0.625000
vt 0.541667 0.544499
vt 0.541667 0.518437
vt 0.458333 0.687500
vt 0.458333 0.738057
vt 0.541667 0.737844
vt 0.541667 0.687500
vt 0.541667 0.812500
vt 0.375000 0.533246
vt 0.250000 0.533254
vt 0.250000 0.625000
vt 0.375000 0.625000
vt 0.687500 0.687500
vt 0.687500 0.738904
vt 0.500000 0.437500
vt 0.458333 0.494978
vt 0.541667 0.755032
vt 0.000000 0.000000
vt 0.000000 0.000000
vt 0.000000 0.000000
vt 0.000000 0.000000
vt 0.000000 0.000000
vt 0.000000 0.000000
vt 0.687500 0.625000
vt 0.687500 0.625000
vt 0.687500 0.562500
vt 0.687500 0.562500
vt 0.547615 0.500000
vt 0.547612 0.500000
vt 0.618665 0.500000
vt 0.618777 0.500000
vt 0.416667 0.562500
vt 0.416667 0.625000
vt 0.458333 0.625000
vt 0.458333 0.562500
vt 0.416667 0.687500
vt 0.541667 0.625000
vt 0.541667 0.625000
vt 0.541667 0.519595
vt 0.541667 0.511358
vt 0.541667 0.734463
vt 0.541667 0.738768
vt 0.541667 0.687500
vt 0.541667 0.687500
vt 0.416667 0.494291
vt 0.541667 0.494979
vt 0.541667 0.437500
vt 0.541667 0.625000
vt 0.323100 0.437553
vt 0.265660 0.498923
vt 0.360884 0.499526
vt 0.369848 0.494495
vt 0.618418 0.750000
vt 0.618284 0.750000
vt 0.547994 0.750000
vt 0.547996 0.750000
vt 0.375000 0.756799
vt 0.375000 0.757723
vt 0.375000 0.867265
vt 0.375000 0.868512
vt 0.375000 0.625000
vt 0.375000 0.625000
vt 0.375000 0.725966
vt 0.375000 0.733574
vt 0.375000 0.625000
vt 0.375000 0.716275
vt 0.375000 0.728629
vt 0.375000 0.625000
vt 0.375000 0.727386
vt 0.618846 0.812500
vt 0.111084 0.230250
vt 0.111084 0.277711
vt 0.369848 0.755505
vt 0.360883 0.750473
vt 0.265659 0.751075
vt 0.323101 0.812448
vt 0.380988 0.756170
vt 0.000000 0.000000
vt 0.000000 0.000000
vt 0.250000 0.716302
vt 0.000000 0.000000
vt 0.375000 0.378401
vt 0.375000 0.492227
vt 0.375000 0.493405
vt 0.375000 0.625000
vt 0.375000 0.625000
vt 0.375000 0.687500
vt 0.375000 0.687500
vt -0.002467 -0.006178
vt 0.000000 0.000000
vt 0.091560 0.228899
vt 0.091560 0.190450
vt 0.373838 0.384736
vt 0.333549 0.428270
vt 0.375000 0.500000
vt 0.375015 0.500192
vt 0.375000 0.562500
vt 0.375000 0.562500
vt 0.111084 0.325064
vt 0.374633 0.758175
vt 0.371302 0.757582
vt 0.334475 0.823202
vt 0.373835 0.865298
vt 0.687500 0.511100
vt 0.625000 0.511656
vt 0.625000 0.565471
vt 0.375000 0.511374
vt 0.375000 0.500124
vt 0.375000 0.500381
vt 0.091560 0.267227
vt 0.375000 0.500000
vt 0.375000 0.509421
vt 0.101322 0.210368
vt 0.101322 0.253305
vt 0.328843 0.432270
vt 0.325598 0.435093
vt 0.375175 0.500236
vt 0.101322 0.296131
vt 0.616899 0.750000
vt 0.611756 0.750000
vt 0.554884 0.750000
vt 0.549754 0.750000
vt 0.370617 0.757104
vt 0.370574 0.756888
vt 0.330328 0.818958
vt 0.332104 0.820560
vt 0.416667 0.512140
vt 0.458333 0.512122
vt 0.370451 0.756264
vt 0.370413 0.756074
vt 0.325608 0.814894
vt 0.327389 0.816522
vt 0.625000 0.625000
vt 0.625000 0.687500
vt 0.541667 0.736149
vt 0.541667 0.687500
vt 0.625000 0.513053
vt 0.625000 0.563986
vt 0.416667 0.738079
vt 0.000000 0.000000
vt 0.000000 0.000000
vt 0.000000 0.000000
vt 0.687500 0.562500
vt 0.687500 0.687500
vt 0.000000 0.000000
vt 0.687500 0.625000
vt 0.687500 0.625000
vt 0.687500 0.562500
vt 0.000000 0.000000
vt 0.000000 0.000000
vt 0.000000 0.000000
vt 0.687500 0.687500
vt 0.687500 0.687500
vt 0.687500 0.687500
vt 0.687500 0.625000
vt 0.000000 0.000000
vt 0.000000 0.000000
vt 0.000000 0.000000
vt 0.687500 0.562500
vt 0.000000 0.000000
vt 0.541667 0.731548
vt 0.541667 0.705829
vt 0.625000 0.731504
vt 0.625000 0.625000
vt 0.625000 0.625000
vt 0.625000 0.705847
vt 0.541667 0.738990
vt 0.541667 0.730388
vt 0.541667 0.625000
vt 0.541667 0.625000
vt 0.548527 0.500000
vt 0.548480 0.500000
vt 0.618143 0.500000
vt 0.618284 0.500000
vt 0.541667 0.562500
vt 0.541667 0.625000
vt 0.541667 0.511289
vt 0.541667 0.562500
vt 0.617871 0.750000
vt 0.617712 0.750000
vt 0.548979 0.750000
vt 0.549053 0.750000
vt 0.541667 0.511592
vt 0.541667 0.515667
vt 0.548728 0.500000
vt 0.548762 0.500000
vt 0.617896 0.500000
vt 0.617930 0.500000
vt 0.625000 0.625000
vt 0.618808 0.437500
vt 0.625000 0.687500
vt 0.625000 0.625000
vt 0.625000 0.687500
vt 0.625000 0.737706
vt 0.625000 0.735758
vt 0.625000 0.687500
vt 0.625000 0.735940
vt 0.625000 0.733698
vt 0.625000 0.625000
vt 0.625000 0.562500
vt 0.625000 0.562500
vt 0.617446 0.750000
vt 0.617406 0.750000
vt 0.549253 0.750000
vt 0.549213 0.750000
vt 0.625000 0.514892
vt 0.625000 0.544481
vt 0.625000 0.519632
vt 0.625000 0.625000
vt 0.625000 0.625000
vt 0.625000 0.511013
vt 0.625000 0.518487
vt 0.549708 0.500000
vt 0.549663 0.500000
vt 0.617051 0.500000
vt 0.617007 0.500000
vt 0.625000 0.738246
vt 0.625000 0.730357
vt 0.617007 0.750000
vt 0.617051 0.750000
vt 0.549663 0.750000
vt 0.549707 0.750000
vt 0.625000 0.730945
vt 0.625000 0.625000
vt 0.549754 0.500000
vt 0.554886 0.500000
vt 0.611755 0.500000
vt 0.616900 0.500000
vt 0.541666 0.730980
vt 0.541667 0.625000
vt 0.625000 0.519046
vt 0.541667 0.519004
vt 0.625000 0.510886
vt 0.548907 0.500000
vt 0.550011 0.500000
vt 0.616650 0.500000
vt 0.617755 0.500000
vt 0.625000 0.737978
vt 0.541667 0.739083
vt 0.617302 0.750000
vt 0.616604 0.750000
vt 0.550060 0.750000
vt 0.549363 0.750000
vt 0.550035 0.500000
vt 0.549987 0.500000
vt 0.616728 0.500000
vt 0.616680 0.500000
vt 0.616680 0.750000
vt 0.616728 0.750000
vt 0.549987 0.750000
vt 0.550035 0.750000
vt 0.625000 0.511271
vt 0.619191 0.494352
vt 0.375000 0.738143
vt 0.618885 0.755688
vt 0.625000 0.511271
vt 0.619191 0.494352
vt 0.375000 0.738143
vt 0.618885 0.755688
vt 0.375000 0.512132
vt 0.375000 0.498819
vt 0.375000 0.735890
vt 0.375000 0.514096
vt 0.375000 0.511848
vt 0.375000 0.735890
vt 0.625000 0.750000
vt 0.620585 0.750000
vt 0.625000 0.500000
vt 0.625000 0.500000
vt 0.375000 0.874047
vt 0.375000 0.866239
vt 0.329602 0.828559
vt 0.332973 0.822727
vt 0.332973 0.427273
vt 0.329598 0.421433
vt 0.324755 0.812834
vt 0.319824 0.819000
vt 0.319821 0.430997
vt 0.324755 0.437166
vt 0.329462 0.816822
vt 0.324713 0.823790
vt 0.324710 0.426205
vt 0.329462 0.433178
vt 0.620585 0.750000
vt 0.625000 0.750000
vt 0.616300 0.500000
vt 0.625000 0.500000
vt 0.375000 0.873556
vt 0.375000 0.875000
vt 0.375000 0.875000
vt 0.375000 0.866239
vt 0.375000 0.874047
vt 0.332973 0.822727
vt 0.329602 0.828559
vt 0.319824 0.819000
vt 0.324755 0.812834
vt 0.324745 0.437154
vt 0.319819 0.430994
vt 0.324713 0.823790
vt 0.329462 0.816822
vt 0.629735 0.500000
vt 0.687147 0.500000
vt 0.750000 0.750000
vt 0.687500 0.750000
vt 0.247006 0.741018
vt 0.114206 0.342618
vt 0.250000 0.500000
vt 0.319366 0.430634
vt 0.000000 0.000000
vt 0.000000 0.000000
vt 0.088666 0.265998
vt 0.003288 0.009865
vt 0.329220 0.420780
vt 0.375000 0.375000
vt 0.107610 0.322829
vt 0.103972 0.311916
vt 0.319607 0.430393
vt 0.324339 0.425661
vt 0.097846 0.293538
vt 0.094208 0.282625
vt 0.324488 0.425512
vt 0.687500 0.500000
vt 0.750000 0.500000
vt 0.686624 0.750000
vt 0.629252 0.750000
vt 0.625000 0.438490
vt 0.625000 0.874105
vt 0.625000 0.812500
vt 0.250000 0.750000
vt 0.319338 0.819338
vt 0.247002 0.494004
vt 0.114206 0.228411
vt 0.375000 0.875000
vt 0.329220 0.829220
vt 0.374845 0.874845
vt 0.091560 0.183119
vt 0.003289 0.006578
vt 0.319608 0.819608
vt 0.324339 0.824339
vt 0.107611 0.215221
vt 0.101322 0.202644
vt 0.324489 0.824489
vt 0.100910 0.201820
vt 0.625000 0.437500
vt 0.625000 0.375896
vt 0.625000 0.811240
vn 0.5681 -0.0827 -0.8188
vn 0.0230 0.9931 -0.1149
vn -0.4697 0.8458 0.2529
vn 0.1008 0.1843 -0.9777
vn 0.0713 0.0820 -0.9941
vn 0.0995 -0.2642 0.9593
vn -0.0595 -0.9823 -0.1778
vn 0.8994 0.4283 -0.0877
vn -0.1651 0.2025 -0.9653
vn -0.0470 0.0309 -0.9984
vn 0.9542 -0.1637 -0.2504
vn 0.8039 -0.0287 0.5941
vn 0.8710 0.4393 -0.2200
vn 0.9120 0.3634 -0.1902
vn -0.4360 0.8624 0.2572
vn 0.0542 -0.8058 0.5897
vn 0.2346 -0.0327 0.9715
vn 0.2912 0.0369 0.9559
vn 0.8634 0.1581 -0.4791
vn -0.2127 -0.1843 0.9596
vn 0.9007 -0.1175 -0.4182
vn 0.2660 0.1205 -0.9564
vn 0.9767 -0.0106 0.2144
vn 0.9636 -0.1099 0.2436
vn 0.9511 -0.1880 0.2450
vn -0.7115 0.6657 -0.2249
vn -0.9560 0.1869 -0.2264
vn 0.3155 0.2797 -0.9068
vn 0.1652 0.0895 -0.9822
vn -0.9086 0.4153 0.0440
vn 0.1077 0.9602 0.2576
vn -0.7641 0.6353 -0.1120
vn 0.0571 0.4533 0.8896
vn -0.8938 0.4309 -0.1242
vn 0.9812 0.1536 0.1167
vn -0.9646 0.1644 -0.2060
vn 0.9762 -0.0079 0.2169
vn 0.9729 0.2116 0.0934
vn -0.9563 0.1864 -0.2253
vn -0.9613 0.1801 -0.2087
vn 0.0798 -0.9885 0.1287
vn 0.9633 -0.1102 0.2448
vn -0.0674 0.3745 0.9248
vn -0.7745 0.5976 -0.2072
vn -0.6378 0.7600 -0.1247
vn 0.2870 -0.2029 -0.9362
vn 0.9713 0.1848 0.1495
vn 0.9739 0.1674 0.1533
vn 0.9375 -0.2726 0.2161
vn -0.9662 0.0317 -0.2557
vn -0.2022 -0.4029 0.8926
vn -0.9671 0.0510 -0.2494
vn 0.3872 -0.0214 0.9217
vn 0.3207 0.0537 -0.9457
vn 0.2817 -0.2320 -0.9310
vn -0.9711 -0.0490 -0.2337
vn 0.9449 -0.2422 0.2202
vn -0.1284 0.1967 0.9720
vn -0.9726 0.0065 -0.2325
vn 0.5369 -0.2389 0.8091
vn 0.9422 -0.2260 0.2472
vn -0.0407 -0.9972 0.0627
vn 0.3283 -0.0950 0.9398
vn 0.8301 -0.2469 -0.4999
vn 0.3131 -0.9495 -0.0210
vn 0.9285 0.2872 -0.2353
vn 0.0936 -0.9853 0.1426
vn 0.8807 0.0005 -0.4738
vn 0.1241 0.8672 0.4823
vn 0.9599 0.1393 -0.2431
vn -0.0869 -0.2033 -0.9753
vn 0.3498 0.2061 0.9139
vn 0.9975 -0.0106 -0.0694
vn 0.4427 0.8948 -0.0584
vn 0.4877 0.8703 -0.0689
vn 0.0222 0.8177 -0.5752
vn 0.9137 -0.4052 -0.0299
vn 0.0793 -0.0281 -0.9965
vn 0.2041 0.0390 0.9782
vn 0.9971 0.0303 -0.0691
vn -0.0000 -1.0000 0.0051
vn 0.9081 -0.4177 -0.0287
vn 0.0787 -0.5431 -0.8360
vn 0.1347 -0.5180 0.8447
vn -0.4593 0.8316 0.3121
vn 0.3632 -0.9027 -0.2306
vn -0.4044 0.8804 0.2477
vn -0.8072 -0.5364 0.2463
vn -0.2191 0.8626 -0.4560
vn 0.9208 0.0856 0.3805
vn -0.3392 0.9342 -0.1102
vn -0.3922 0.7965 0.4602
vn -0.2475 -0.1332 0.9597
vn 0.9548 0.2970 0.0094
vn 0.0179 0.9907 -0.1349
vn 0.2775 -0.9604 0.0269
vn 0.1077 0.9602 0.2575
vn 0.4415 -0.8764 -0.1924
vn 0.0090 -0.9987 0.0505
vn 0.0933 -0.9397 -0.3290
vn -0.4433 0.7797 0.4422
vn 0.2050 -0.9742 -0.0942
vn 0.0878 -0.9435 -0.3195
vn -0.2460 -0.1118 -0.9628
vn -0.4140 0.8602 0.2977
vn 0.4149 -0.8590 -0.2999
vn 0.4132 -0.8691 -0.2717
vn 0.8383 -0.2436 -0.4877
vn 0.4603 -0.8810 -0.1093
vn -0.4990 0.7916 0.3527
vn -0.8821 -0.4208 -0.2116
vn 0.3730 -0.8758 -0.3065
vn 0.3433 -0.8756 -0.3399
vn 0.1804 0.3848 -0.9052
vn 0.3645 -0.8827 -0.2966
vn 0.8775 0.3595 0.3175
vn 0.5667 -0.8010 -0.1929
vn -0.2488 0.1860 -0.9505
vn -0.1529 0.8332 0.5314
vn 0.4668 -0.8267 -0.3142
vn -0.3523 0.8966 0.2685
vn 0.3698 -0.9000 -0.2306
vn 0.8353 0.4582 -0.3038
vn 0.3648 -0.8589 -0.3594
vn -0.3193 0.8030 0.5033
vn -0.8749 -0.4385 0.2055
vn -0.1856 -0.0783 -0.9795
vn -0.2661 0.9000 0.3452
vn -0.3469 0.8889 0.2992
vn 0.4772 -0.8357 -0.2720
vn 0.5491 0.4778 -0.6858
vn 0.6193 -0.7836 0.0497
vn 0.1981 0.3678 -0.9085
vn -0.2056 0.1283 -0.9702
vn -0.6116 0.7560 -0.2332
vn 0.9960 0.0891 0.0017
vn -0.9989 -0.0307 -0.0348
vn -0.2274 0.0093 -0.9738
vn -0.1483 0.9677 0.2040
vn 0.0143 -0.9787 -0.2048
vn -0.1044 0.0557 0.9930
vn -0.1060 0.0028 -0.9944
vn 0.6858 0.7131 -0.1458
vn 0.9986 0.0217 -0.0492
vn -0.9994 -0.0290 -0.0213
vn -0.4323 -0.0357 0.9010
vn -0.9271 0.3693 -0.0635
vn -0.9434 0.3309 0.0224
vn 0.9829 0.1830 0.0205
vn -0.2773 -0.9177 0.2845
vn -0.0756 0.0310 0.9967
vn -0.2221 -0.0236 0.9747
vn -0.9975 -0.0080 -0.0697
vn 0.2010 -0.1241 0.9717
vn -0.3659 -0.0438 -0.9296
vn -0.2780 0.1177 -0.9533
vn -0.9764 -0.0491 0.2104
vn -0.9633 -0.1337 0.2329
vn -0.9459 -0.2266 0.2320
vn -0.1949 0.0281 -0.9804
vn 0.9526 0.2109 -0.2193
vn -0.3089 0.2191 -0.9255
vn -0.2054 0.0268 -0.9783
vn 0.8904 0.4549 0.0151
vn 0.7869 0.6067 -0.1126
vn -0.0411 0.4707 0.8814
vn 0.8841 0.4487 -0.1310
vn -0.9697 0.2084 0.1274
vn 0.9583 0.2016 -0.2023
vn 0.0673 0.3131 0.9473
vn -0.9653 0.2423 0.0977
vn 0.9529 0.2106 -0.2184
vn -0.2878 -0.1480 -0.9462
vn 0.0620 -0.9953 0.0748
vn -0.9581 -0.1380 0.2511
vn 0.7603 0.6214 -0.1889
vn -0.9762 -0.0468 0.2119
vn 0.7214 0.6619 -0.2035
vn -0.9771 0.1374 0.1624
vn -0.9794 0.1364 0.1488
vn 0.9558 0.2158 -0.1995
vn -0.9333 -0.2880 0.2145
vn 0.9687 0.0576 -0.2415
vn 0.1529 -0.1535 0.9763
vn 0.9687 0.0742 -0.2368
vn -0.0185 -0.0988 0.9949
vn -0.9371 -0.2595 0.2334
vn -0.2706 -0.2169 -0.9379
vn 0.9743 0.0001 -0.2252
vn -0.9394 -0.2683 0.2133
vn 0.1331 0.0864 0.9873
vn 0.9739 0.0396 -0.2234
vn -0.9344 0.3562 -0.0046
vn -0.3095 0.0136 -0.9508
vn 0.1524 -0.9868 -0.0555
vn -0.0684 0.0009 0.9977
vn -0.9963 -0.0513 0.0694
vn -0.4708 -0.8808 0.0500
vn -0.9577 0.2878 0.0056
vn 0.0891 -0.9898 0.1114
vn -0.9993 -0.0295 -0.0228
vn 0.9977 -0.0372 -0.0561
vn -0.0999 0.8697 0.4833
vn -0.9995 0.0316 -0.0034
vn -0.0996 -0.0408 -0.9942
vn 0.9929 -0.0681 -0.0979
vn -0.1580 0.0828 0.9840
vn -0.9999 0.0043 0.0166
vn 0.9996 0.0020 -0.0272
vn -0.4512 0.8919 0.0318
vn 0.9992 0.0197 -0.0336
vn -0.4297 0.9028 0.0195
vn -0.0787 0.8315 -0.5500
vn -0.9137 -0.4058 0.0213
vn 0.9997 -0.0001 -0.0247
vn -0.1470 -0.0130 -0.9891
vn -0.1271 0.0207 0.9917
vn 0.9993 -0.0105 -0.0367
vn -0.9998 0.0116 0.0168
vn -0.9119 -0.4098 0.0224
vn -0.1218 -0.5412 -0.8320
vn -0.0880 -0.5237 0.8473
vn 0.9937 0.0867 0.0705
vn -0.9778 -0.2092 0.0127
vn 0.9892 0.1461 -0.0148
vn 0.0741 -0.9790 0.1898
vn -0.6289 -0.7096 0.3177
vn -0.5609 0.1560 0.8131
vn 0.5044 -0.7135 0.4863
vn 0.8788 -0.2358 0.4149
vn 0.0710 -0.1406 -0.9875
vn 0.8691 -0.2308 0.4374
vn -0.4698 0.6013 0.6464
vn -0.3732 -0.9182 0.1329
vn -0.0817 -0.0660 0.9945
vn -0.7065 -0.6350 0.3124
vn 0.0984 -0.9950 -0.0146
vn 0.0070 -0.9999 -0.0153
vn 0.5218 -0.7050 0.4803
vn -0.8613 -0.5076 -0.0229
vn -0.5312 -0.8372 0.1303
vn -0.9434 -0.1965 0.2672
vn 0.8611 -0.2751 0.4276
vn -0.9590 -0.2703 0.0853
vn -0.9600 -0.2605 0.1031
vn 0.5434 -0.7733 0.3267
vn -0.7589 -0.6460 0.0825
vn 0.2741 0.9537 -0.1235
vn 0.0904 -0.9535 -0.2874
vn -0.9873 -0.1504 -0.0502
vn -0.9727 -0.2044 -0.1101
vn -0.0658 0.6680 -0.7413
vn -0.9837 -0.1704 -0.0568
vn -0.1204 0.9379 0.3253
vn -0.9964 0.0345 0.0775
vn 0.0412 -0.0376 -0.9984
vn -0.9942 -0.0798 0.0715
vn -0.9955 -0.0554 -0.0771
vn 0.9766 0.2128 0.0298
vn -0.9640 -0.2653 0.0203
vn -0.1778 0.7885 0.5887
vn -0.9851 -0.1681 -0.0356
vn 0.8065 -0.3869 0.4470
vn 0.1405 -0.6861 -0.7138
vn 0.9346 0.3210 0.1533
vn 0.9805 0.1810 0.0761
vn -0.9980 -0.0548 0.0301
vn -0.1494 0.9567 -0.2498
vn 0.9294 0.1840 0.3200
vn -0.1272 0.8048 -0.5797
vn 0.1711 -0.9768 0.1285
vn 0.4086 -0.8930 -0.1885
vn 0.4474 -0.8796 -0.1619
vn 0.5876 -0.0643 0.8066
vn 0.9999 0.0042 -0.0149
vn 0.9574 0.1675 -0.2352
vn 0.0857 0.0255 0.9960
vn -0.1239 0.9589 -0.2552
vn -0.0995 0.0346 -0.9944
vn 0.4518 0.4078 -0.7935
vn -0.1731 -0.9673 0.1852
vn -0.9420 -0.3116 0.1251
vn -0.7906 -0.5660 0.2336
vn -0.2179 -0.1040 0.9704
vn -0.9937 0.0640 0.0925
vn -0.9999 0.0151 -0.0031
vn 0.0026 0.1013 0.9949
vn -0.8465 -0.5275 0.0716
vn -0.1742 0.0163 -0.9846
vn -0.9471 -0.3180 0.0427
vn 0.1610 -0.9689 -0.1877
vn -0.9896 0.1026 0.1008
vn -0.9872 0.1560 0.0326
vn -0.9792 0.2021 -0.0175
vn -0.9809 0.1942 0.0140
vn -0.9743 0.1628 0.1556
vn -0.1096 -0.9826 -0.1498
vn 0.9886 0.1506 -0.0065
vn 0.9505 0.3046 -0.0616
vn 0.9754 0.2192 -0.0222
vn 0.9275 0.3693 -0.0578
vn 0.9894 0.1182 0.0839
vn 0.5145 -0.0034 -0.8575
vn 0.8826 0.4312 0.1875
vn 0.7693 0.1487 -0.6213
vn 0.2631 -0.0269 -0.9644
vn 0.6490 -0.5733 0.5002
vn 0.6572 0.3359 0.6747
vn 0.9025 -0.0409 -0.4286
vn -0.6394 0.3509 -0.6841
vn 0.8911 -0.2496 -0.3789
vn -0.5938 -0.0965 -0.7988
vn -0.8007 0.3429 0.4913
vn 0.5764 0.2085 0.7901
vn 0.8538 0.0157 -0.5204
vn -0.4068 0.2222 -0.8861
vn -0.7701 -0.1805 0.6119
vn 0.4008 -0.3618 0.8417
vn 0.8395 -0.1878 -0.5098
vn -0.4490 -0.0302 -0.8930
vn -0.8290 -0.2043 0.5206
vn 0.4899 -0.3767 0.7862
vn 0.8112 -0.5530 0.1899
vn 0.5248 0.8472 0.0825
vn 0.9299 -0.3468 0.1222
vn -0.6185 -0.6649 0.4188
vn 0.6766 0.7342 -0.0574
vn 0.9839 0.0972 -0.1497
vn -0.4731 -0.5326 0.7017
vn -0.7486 -0.6024 0.2771
vn -0.2288 0.7528 -0.6172
vn 0.2411 -0.2123 -0.9470
vn 0.5009 0.1340 0.8551
vn 0.6000 -0.0934 0.7946
vn -0.7738 -0.4463 -0.4495
vn -0.9215 -0.0083 -0.3883
vn 0.2934 0.9191 -0.2629
vn 0.7892 -0.1807 -0.5870
vn 0.1040 0.8289 -0.5497
vn 0.5543 -0.0529 -0.8306
vn 0.9383 -0.1373 -0.3174
vn 0.3600 0.9327 -0.0213
vn -0.8202 0.1912 -0.5391
vn -0.8509 0.3426 0.3982
vn -0.7722 0.1238 -0.6232
vn -0.1228 -0.5833 -0.8029
vn -0.3957 -0.6250 0.6730
vn 0.0114 0.6496 -0.7602
vn -0.9026 -0.0254 -0.4298
vn 0.6229 0.3756 -0.6862
vn -0.8843 -0.2519 -0.3931
vn 0.6054 -0.0335 -0.7952
vn -0.8447 -0.0409 -0.5337
vn 0.4160 0.1999 -0.8871
vn 0.7743 -0.0967 0.6254
vn -0.8323 -0.2226 -0.5077
vn 0.4729 -0.0192 -0.8809
vn -0.9070 -0.2233 0.3570
vn 0.2858 0.9218 0.2619
vn -0.8332 -0.1498 0.5323
vn -0.3547 -0.8116 -0.4641
vn 0.1832 0.7570 0.6272
vn -0.4498 0.5211 0.7254
vn 0.2157 -0.9504 -0.2242
vn -0.1924 -0.7040 -0.6836
vn 0.3648 0.4530 -0.8134
vn -0.3677 0.3803 -0.8486
vn -0.2046 0.6087 0.7666
vn 0.0389 0.6401 0.7673
vn -0.5362 0.1760 -0.8256
vn 0.4689 0.2818 -0.8371
vn 0.0905 0.9930 0.0764
vn -0.4555 0.8857 0.0901
vn 0.0940 0.8461 -0.5247
vn -0.2817 0.8263 -0.4878
vn -0.6600 0.7477 -0.0733
vn 0.4601 0.8830 -0.0925
vn 0.9131 -0.0716 -0.4014
vn 0.5288 0.1117 -0.8414
vn 0.8690 0.4890 0.0757
vn 0.8289 -0.4429 0.3418
vn -0.9799 0.1902 0.0598
vn -0.1056 -0.7984 -0.5928
vn -0.7623 0.6373 0.1131
vn -0.6687 -0.4636 0.5813
vn 0.3001 -0.0681 -0.9515
vn 0.4015 -0.6952 0.5963
vn 0.7409 0.1108 0.6624
vn 0.7670 0.1073 -0.6326
vn 0.8200 -0.0661 0.5685
vn -0.1212 -0.6032 -0.7884
vn 0.8884 0.1081 -0.4461
vn -0.4903 0.3400 -0.8025
vn -0.8409 0.0048 0.5411
vn 0.5013 -0.2092 0.8396
vn 0.6469 0.3979 0.6505
vn 0.7965 0.1983 -0.5712
vn -0.3269 0.5834 -0.7435
vn 0.8721 -0.1420 -0.4683
vn -0.5314 -0.0041 -0.8471
vn -0.4534 0.4426 0.7736
vn 0.5705 0.2496 0.7825
vn 0.8801 -0.1250 -0.4580
vn -0.5343 0.0858 -0.8409
vn -0.8023 -0.2826 0.5258
vn 0.4251 -0.4686 0.7744
vn 0.8632 -0.2913 -0.4123
vn -0.5689 -0.1338 -0.8115
vn -0.7625 0.0589 0.6443
vn 0.4624 -0.0094 0.8866
vn 0.9412 -0.0501 0.3341
vn 0.5603 -0.0042 -0.8283
vn 0.3324 -0.6489 0.6845
vn 0.2115 0.0984 -0.9724
vn -0.1077 -0.4831 -0.8689
vn 0.2573 0.8620 -0.4368
vn -0.1061 0.5309 0.8408
vn 0.2894 -0.1257 -0.9489
vn -0.0286 0.4663 0.8842
vn -0.0939 0.3949 0.9139
vn 0.2795 -0.2715 -0.9210
vn -0.1970 -0.3150 0.9284
vn 0.3344 0.1813 -0.9248
vn 0.3033 -0.0773 -0.9498
vn -0.1859 -0.2408 0.9526
vn -0.3942 -0.4880 0.7788
vn -0.7065 -0.1580 -0.6898
vn 0.9113 -0.1213 -0.3935
vn -0.5031 0.7256 -0.4694
vn 0.0675 -0.4798 -0.8748
vn 0.5026 -0.0665 -0.8620
vn 0.0574 -0.1324 0.9895
vn 0.8087 0.5857 -0.0541
vn 0.8491 -0.5032 0.1606
vn -0.6025 -0.6628 0.4446
vn -0.1412 0.0303 0.9895
vn 0.9708 0.1782 0.1605
vn 0.5781 0.8102 0.0968
vn 0.9475 -0.3178 -0.0346
vn -0.9538 -0.0970 0.2843
vn -0.6653 -0.7434 0.0685
vn -0.7149 -0.3723 0.5919
vn 0.9126 0.3884 -0.1279
vn -0.1598 0.8863 -0.4347
vn 0.4427 -0.3332 -0.8325
vn -0.2137 0.3218 0.9224
vn 0.2969 -0.7596 0.5786
vn 0.5518 0.0228 0.8336
vn 0.0066 0.3146 -0.9492
vn 0.3732 0.0668 -0.9253
vn -0.0216 0.5625 -0.8265
vn 0.4468 0.8874 -0.1135
vn 0.8968 -0.1356 -0.4212
vn 0.6777 0.4903 -0.5480
vn -0.8531 -0.2868 -0.4359
vn 0.0787 0.9679 -0.2385
vn 0.7070 -0.3231 -0.6290
vn 0.7548 0.4242 0.5003
vn 0.8939 0.1750 0.4127
vn 0.3672 0.4399 -0.8196
vn 0.7932 0.5090 -0.3342
vn -0.3383 -0.0487 -0.9398
vn -0.0658 -0.7554 0.6519
vn -0.6889 0.1295 0.7132
vn -0.8109 0.0651 -0.5815
vn -0.5247 -0.0894 0.8466
vn -0.0882 -0.6084 -0.7887
vn -0.8824 0.0507 -0.4678
vn 0.4894 0.3159 -0.8129
vn 0.8301 0.0662 0.5537
vn -0.4619 -0.1806 0.8683
vn -0.3421 0.4006 0.8500
vn -0.8060 0.2108 -0.5531
vn 0.3520 0.5669 -0.7448
vn -0.8669 -0.1332 -0.4804
vn 0.5316 0.0655 -0.8445
vn 0.4649 0.4013 0.7892
vn -0.8647 -0.1742 -0.4711
vn 0.5341 0.0768 -0.8419
vn 0.8228 -0.1815 0.5386
vn -0.8472 -0.3073 -0.4335
vn 0.5666 -0.1031 -0.8175
vn 0.8207 0.0287 0.5707
vn -0.8504 0.0021 0.5261
vn -0.7756 -0.0121 -0.6311
vn -0.0142 -0.6928 0.7210
vn -0.2180 0.0347 -0.9753
vn -0.0328 -0.6088 -0.7926
vn -0.2811 0.8265 -0.4877
vn 0.0702 0.5788 0.8124
vn -0.2956 -0.0673 -0.9529
vn 0.0301 0.4018 0.9152
vn -0.2724 -0.2276 -0.9349
vn 0.1821 -0.3441 0.9211
vn -0.3256 0.1283 -0.9368
vn -0.2922 -0.0913 -0.9520
vn 0.0214 -0.6167 0.7869
vn 0.0811 -0.6042 -0.7927
vn -0.9970 0.0763 0.0138
vn 0.7066 0.0321 -0.7068
vn -0.6146 -0.1645 -0.7715
vn -0.1493 -0.7362 -0.6601
vn 0.2215 -0.5575 0.8001
vn -0.7372 0.6745 -0.0388
vn -0.7813 -0.4803 0.3985
vn -0.3036 -0.8139 -0.4954
vn 0.8068 -0.5836 0.0918
vn -0.7139 0.4120 0.5662
vn 0.2119 0.7490 0.6278
vn -0.8291 0.0314 0.5582
vn 0.5306 -0.5578 -0.6382
vn -0.2796 -0.6892 -0.6685
vn 0.2689 -0.8182 -0.5082
vn -0.2746 0.6908 0.6689
vn 0.5830 0.5834 -0.5655
vn -0.6792 0.4405 -0.5871
vn 0.5901 -0.0245 0.8070
vn -0.6036 -0.2067 0.7700
vn -0.0894 0.6296 0.7718
vn -0.0246 0.4417 -0.8968
vn -0.0263 0.8328 -0.5529
vn -0.2707 0.7059 -0.6545
vn 0.3433 0.7858 0.5145
vn -0.6812 0.5633 0.4677
vn -0.1617 0.9833 0.0835
vn -0.0462 0.2394 -0.9698
vn 0.5755 0.8025 -0.1578
vn -0.7953 0.5909 -0.1351
vn 0.0708 0.9028 0.4241
vn -0.2821 0.8782 0.3861
vn -0.1136 0.8455 -0.5218
vn -0.1354 0.9807 -0.1413
vn 0.9487 -0.1052 -0.2981
vn -0.3038 -0.2359 -0.9231
vn 0.8545 0.5085 0.1063
vn 0.6893 -0.6386 0.3422
vn 0.9467 0.0403 0.3197
vn 0.7692 -0.0300 -0.6383
vn -0.9409 0.0851 0.3278
vn -0.3211 -0.8157 -0.4811
vn -0.9211 0.3828 0.0708
vn -0.5608 -0.6840 0.4665
vn -0.7809 0.1042 0.6159
vn -0.5591 0.0614 -0.8268
vn 0.8455 0.1691 0.5065
vn 0.6667 0.3398 -0.6633
vn -0.7755 0.1918 0.6015
vn -0.7928 0.2881 -0.5370
vn 0.0739 -0.1052 -0.9917
usemtl Color_1
s off
f 199/1/1 188/2/1 480/3/1 483/4/1
f 7/5/2 194/6/2 486/7/2 166/8/2
f 65/9/3 299/10/3 273/11/3 46/12/3
f 507/13/4 186/14/4 72/15/4 178/16/4
f 32/17/5 26/18/5 71/19/5 109/20/5
f 309/21/6 304/22/6 268/23/6 266/24/6
f 30/25/7 80/26/7 361/27/7 265/28/7
f 505/29/8 191/30/8 4/31/8 180/32/8
f 32/17/9 186/14/9 189/33/9 26/18/9
f 26/18/10 264/34/10 362/35/10 71/19/10
f 29/36/11 28/37/11 33/38/11 34/39/11
f 193/40/12 205/41/12 490/42/12 487/43/12
f 180/32/13 4/31/13 5/44/13 181/45/13
f 181/45/14 5/44/14 6/46/14 182/47/14
f 63/48/15 288/49/15 318/50/15 66/51/15
f 276/52/16 47/53/16 56/54/16 292/55/16
f 179/56/17 74/57/17 192/58/17 504/59/17
f 31/60/18 192/58/18 74/57/18 108/61/18
f 4/31/19 7/5/19 8/62/19 5/44/19
f 244/63/20 247/64/20 207/65/20 213/66/20
f 6/46/21 9/67/21 190/68/21 187/69/21
f 197/70/22 357/71/22 223/72/22 220/73/22
f 13/74/23 222/75/23 228/76/23 20/77/23
f 22/78/24 239/79/24 212/80/24 10/81/24
f 20/77/25 228/76/25 251/82/25 24/83/25
f 224/84/26 16/85/26 14/86/26 12/87/26
f 245/88/27 214/89/27 11/90/27 23/91/27
f 238/92/28 241/93/28 209/94/28 211/95/28
f 196/96/29 507/13/29 178/16/29 358/97/29
f 216/98/30 18/99/30 81/100/30 70/101/30
f 11/90/31 10/81/31 212/80/31 210/102/31
f 83/103/32 82/104/32 14/86/32 16/85/32
f 70/105/33 203/106/33 217/107/33 216/108/33
f 82/104/34 81/100/34 18/99/34 14/86/34
f 2/109/35 1/110/35 15/111/35 17/112/35
f 216/113/36 234/114/36 21/115/36 12/87/36
f 218/116/37 13/74/37 20/77/37 236/117/37
f 3/118/38 2/109/38 17/112/38 19/119/38
f 243/120/39 23/91/39 11/90/39 210/102/39
f 224/84/40 12/87/40 21/115/40 230/121/40
f 28/37/41 55/122/41 204/123/41 263/124/41
f 249/125/42 22/78/42 10/81/42 208/126/42
f 215/127/43 219/128/43 235/129/43 232/130/43
f 18/99/44 216/98/44 12/87/44 14/86/44
f 16/85/45 224/84/45 360/131/45 83/103/45
f 221/132/46 225/133/46 229/134/46 226/135/46
f 218/116/47 19/119/47 17/112/47 13/74/47
f 222/75/48 13/74/48 17/112/48 15/111/48
f 261/136/49 24/83/49 22/78/49 249/125/49
f 257/137/50 245/88/50 23/91/50 25/138/50
f 256/139/51 259/140/51 248/141/51 246/142/51
f 255/143/52 25/138/52 23/91/52 243/120/52
f 73/144/53 355/145/53 262/146/53 27/147/53
f 250/148/54 253/149/54 242/150/54 240/151/54
f 227/152/55 231/153/55 254/154/55 252/155/55
f 234/114/56 257/137/56 25/138/56 21/115/56
f 24/83/57 251/82/57 239/79/57 22/78/57
f 233/156/58 237/157/58 260/158/58 258/159/58
f 230/121/59 21/115/59 25/138/59 255/143/59
f 192/58/60 31/60/60 27/147/60 195/160/60
f 236/117/61 20/77/61 24/83/61 261/136/61
f 30/25/62 54/161/62 53/162/62 29/36/62
f 108/61/63 73/144/63 27/147/63 31/60/63
f 190/68/64 9/67/64 168/163/64 481/164/64
f 491/165/65 204/123/65 55/122/65 171/166/65
f 182/47/66 6/46/66 187/69/66 506/167/66
f 263/124/67 356/168/67 78/169/67 28/37/67
f 5/44/68 8/62/68 9/67/68 6/46/68
f 33/38/69 117/170/69 123/171/69 36/172/69
f 30/25/70 29/36/70 34/39/70 35/173/70
f 80/26/71 30/25/71 35/173/71 119/174/71
f 28/37/72 78/169/72 117/170/72 33/38/72
f 37/175/73 36/172/73 39/176/73 40/177/73
f 35/173/74 34/39/74 37/175/74 38/178/74
f 34/39/75 33/38/75 36/172/75 37/175/75
f 119/174/76 35/173/76 38/178/76 125/179/76
f 41/180/77 40/177/77 43/181/77 44/182/77
f 125/179/78 38/178/78 41/180/78 131/183/78
f 36/172/79 123/171/79 129/184/79 39/176/79
f 38/178/80 37/175/80 40/177/80 41/180/80
f 42/185/81 135/186/81 136/187/81 43/181/81
f 43/181/81 136/187/81 137/188/81 44/182/81
f 40/177/82 39/176/82 42/185/82 43/181/82
f 131/183/83 41/180/83 44/182/83 137/188/83
f 39/176/84 129/184/84 135/186/84 42/185/84
f 65/9/85 46/12/85 269/189/85 306/190/85
f 307/191/86 267/192/86 45/193/86 64/194/86
f 63/48/87 66/51/87 310/195/87 292/196/87
f 46/12/88 45/193/88 267/192/88 269/189/88
f 168/163/89 167/197/89 52/198/89 47/53/89
f 488/199/90 489/200/90 280/201/90 277/202/90
f 167/197/91 166/8/91 50/203/91 52/198/91
f 61/204/92 60/205/92 288/206/92 63/48/92
f 283/207/93 274/208/93 294/209/93 295/210/93
f 278/211/94 282/212/94 289/213/94 286/214/94
f 166/8/95 486/7/95 279/215/95 50/203/95
f 171/166/96 55/122/96 53/162/96 169/216/96
f 208/126/97 10/81/97 11/90/97 214/89/97
f 170/217/98 51/218/98 49/219/98 169/216/98
f 29/36/99 53/162/99 55/122/99 28/37/99
f 200/220/100 485/221/100 170/217/100 54/161/100
f 47/53/101 52/198/101 61/204/101 56/54/101
f 51/218/102 284/222/102 297/223/102 58/224/102
f 485/221/103 284/222/103 51/218/103 170/217/103
f 484/225/104 482/226/104 275/227/104 285/228/104
f 52/198/105 50/203/105 60/205/105 61/204/105
f 49/219/106 51/218/106 58/224/106 57/229/106
f 48/230/107 49/219/107 57/229/107 59/231/107
f 481/164/108 168/163/108 47/53/108 276/52/108
f 281/232/109 491/165/109 171/166/109 48/230/109
f 50/203/110 279/215/110 288/233/110 60/205/110
f 271/234/111 45/193/111 46/12/111 273/11/111
f 319/235/112 290/236/112 62/237/112 67/238/112
f 271/234/113 303/239/113 64/194/113 45/193/113
f 324/240/114 325/241/114 302/242/114 300/243/114
f 297/244/115 315/245/115 67/238/115 62/237/115
f 332/246/116 329/247/116 305/248/116 308/249/116
f 333/250/117 307/191/117 64/194/117 68/251/117
f 298/252/118 301/253/118 270/254/118 272/255/118
f 66/51/119 69/256/119 328/257/119 310/195/119
f 303/239/120 327/258/120 68/251/120 64/194/120
f 69/256/121 322/259/121 299/10/121 65/9/121
f 290/260/122 59/231/122 57/229/122 62/237/122
f 287/261/123 291/262/123 321/263/123 316/264/123
f 58/224/124 297/265/124 62/237/124 57/229/124
f 56/54/125 61/204/125 63/48/125 292/266/125
f 296/267/126 293/268/126 312/269/126 313/270/126
f 335/271/127 72/15/127 109/20/127 116/272/127
f 69/256/128 65/9/128 306/190/128 328/257/128
f 66/51/129 318/50/129 322/259/129 69/256/129
f 327/258/130 319/235/130 67/238/130 68/251/130
f 317/273/131 320/274/131 326/275/131 323/276/131
f 315/245/132 333/250/132 68/251/132 67/238/132
f 314/277/133 311/278/133 330/279/133 331/280/133
f 510/281/134 178/16/134 72/15/134 335/271/134
f 87/282/135 172/283/135 500/284/135 343/285/135
f 161/286/136 142/287/136 419/288/136 446/289/136
f 86/290/137 334/291/137 337/292/137 89/293/137
f 116/272/138 109/20/138 71/19/138 110/294/138
f 364/295/139 370/296/139 91/297/139 90/298/139
f 114/299/140 410/300/140 361/27/140 80/26/140
f 115/301/141 108/61/141 74/57/141 339/302/141
f 116/272/142 110/294/142 338/303/142 335/271/142
f 96/304/143 83/103/143 360/131/143 380/305/143
f 79/306/144 118/307/144 119/308/144 80/309/144
f 113/310/145 121/311/145 120/312/145 112/313/145
f 341/314/146 499/315/146 503/316/146 353/317/146
f 183/318/147 184/319/147 85/320/147 84/321/147
f 184/319/148 185/322/148 86/290/148 85/320/148
f 159/323/149 162/324/149 462/325/149 433/326/149
f 420/327/150 440/328/150 152/329/150 143/330/150
f 179/56/151 509/331/151 339/302/151 74/57/151
f 339/302/152 342/332/152 111/333/152 115/301/152
f 84/321/153 85/320/153 88/334/153 87/282/153
f 395/335/154 369/336/154 363/337/154 398/338/154
f 347/339/155 495/340/155 492/341/155 336/342/155
f 346/343/156 375/344/156 378/345/156 359/346/156
f 93/347/157 100/348/157 382/349/157 376/350/157
f 103/351/158 90/298/158 368/352/158 391/353/158
f 100/348/159 105/354/159 402/355/159 382/349/159
f 110/294/160 71/19/160 362/35/160 411/356/160
f 397/357/161 104/358/161 91/297/161 370/296/161
f 389/359/162 367/360/162 365/361/162 392/362/162
f 344/363/163 358/97/163 178/16/163 510/281/163
f 372/364/164 70/101/164 81/100/164 98/365/164
f 91/297/139 366/366/139 368/352/139 90/298/139
f 83/103/165 96/304/165 94/367/165 82/104/165
f 70/105/166 372/368/166 373/369/166 350/370/166
f 82/104/167 94/367/167 98/365/167 81/100/167
f 76/371/168 97/372/168 95/373/168 75/374/168
f 372/375/169 92/376/169 101/377/169 387/378/169
f 371/379/170 388/380/170 102/381/170 374/382/170
f 77/383/171 99/384/171 97/372/171 76/371/171
f 393/385/172 366/366/172 91/297/172 104/358/172
f 377/386/173 381/387/173 384/388/173 379/389/173
f 112/313/174 408/390/174 354/391/174 151/392/174
f 399/393/175 364/295/175 90/298/175 103/351/175
f 98/365/176 94/367/176 92/376/176 372/364/176
f 374/394/177 102/381/177 100/348/177 93/347/177
f 380/305/178 92/376/178 94/367/178 96/304/178
f 376/350/179 95/373/179 97/372/179 93/347/179
f 374/395/180 93/347/180 97/372/180 99/384/180
f 380/305/181 386/396/181 101/377/181 92/376/181
f 107/397/182 399/398/182 103/351/182 105/354/182
f 407/399/183 106/400/183 104/358/183 397/357/183
f 406/401/184 396/402/184 399/403/184 107/397/184
f 404/404/185 393/385/185 104/358/185 106/400/185
f 453/405/186 412/406/186 414/407/186 450/408/186
f 102/381/187 107/397/187 105/354/187 100/348/187
f 383/409/188 401/410/188 405/411/188 385/412/188
f 387/378/189 101/377/189 106/400/189 407/399/189
f 105/354/190 103/351/190 391/353/190 402/355/190
f 388/380/191 406/401/191 107/397/191 102/381/191
f 386/396/192 404/404/192 106/400/192 101/377/192
f 508/413/193 183/318/193 84/321/193 340/414/193
f 400/415/194 390/416/194 394/417/194 403/418/194
f 114/299/195 113/310/195 149/419/195 150/420/195
f 108/61/196 115/301/196 111/333/196 73/144/196
f 337/292/197 494/421/197 174/422/197 89/293/197
f 502/423/198 177/424/198 151/392/198 354/391/198
f 185/322/199 511/425/199 334/291/199 86/290/199
f 408/390/200 112/313/200 78/169/200 356/168/200
f 85/320/201 86/290/201 89/293/201 88/334/201
f 117/426/202 123/427/202 124/428/202 118/307/202
f 120/312/203 126/429/203 123/171/203 117/170/203
f 114/299/204 122/430/204 121/311/204 113/310/204
f 80/26/205 119/174/205 122/430/205 114/299/205
f 78/431/206 117/426/206 118/307/206 79/306/206
f 112/313/207 120/312/207 117/170/207 78/169/207
f 127/432/208 133/433/208 132/434/208 126/429/208
f 124/428/209 130/435/209 131/436/209 125/437/209
f 122/430/210 128/438/210 127/432/210 121/311/210
f 118/307/211 124/428/211 125/437/211 119/308/211
f 121/311/212 127/432/212 126/429/212 120/312/212
f 119/174/213 125/179/213 128/438/213 122/430/213
f 134/439/214 140/440/214 139/441/214 133/433/214
f 129/442/215 135/443/215 136/444/215 130/435/215
f 125/179/216 131/183/216 134/439/216 128/438/216
f 126/429/217 132/434/217 129/184/217 123/171/217
f 123/427/218 129/442/218 130/435/218 124/428/218
f 128/438/219 134/439/219 133/433/219 127/432/219
f 138/445/81 139/441/81 136/187/81 135/186/81
f 139/441/81 140/440/81 137/188/81 136/187/81
f 130/435/215 136/444/215 137/446/215 131/436/215
f 133/433/220 139/441/220 138/445/220 132/434/220
f 131/183/221 137/188/221 140/440/221 134/439/221
f 132/434/222 138/445/222 135/186/222 129/184/222
f 161/286/223 451/447/223 415/448/223 142/287/223
f 455/449/224 160/450/224 141/451/224 413/452/224
f 159/323/225 440/453/225 458/454/225 162/324/225
f 142/287/226 415/448/226 413/452/226 141/451/226
f 174/422/227 143/330/227 148/455/227 173/456/227
f 498/457/228 423/458/228 426/459/228 501/460/228
f 173/456/229 148/455/229 146/461/229 172/283/229
f 157/462/230 159/323/230 433/463/230 156/464/230
f 497/465/231 430/466/231 421/467/231 493/468/231
f 146/461/232 156/464/232 433/469/232 424/470/232
f 425/471/233 432/472/233 435/473/233 427/474/233
f 177/424/234 175/475/234 149/419/234 151/392/234
f 73/144/235 111/333/235 409/476/235 355/145/235
f 176/477/236 175/475/236 145/478/236 147/479/236
f 113/310/237 112/313/237 151/392/237 149/419/237
f 349/480/238 150/420/238 176/477/238 496/481/238
f 143/330/239 152/329/239 157/462/239 148/455/239
f 147/479/240 154/482/240 442/483/240 431/484/240
f 496/481/241 176/477/241 147/479/241 431/484/241
f 494/421/242 420/327/242 143/330/242 174/422/242
f 148/455/243 157/462/243 156/464/243 146/461/243
f 145/478/244 153/485/244 154/482/244 147/479/244
f 144/486/245 155/487/245 153/485/245 145/478/245
f 429/488/246 441/489/246 438/490/246 422/491/246
f 428/492/247 144/486/247 177/424/247 502/423/247
f 172/283/248 146/461/248 424/470/248 500/284/248
f 417/493/249 419/288/249 142/287/249 141/451/249
f 467/494/250 163/495/250 158/496/250 437/497/250
f 417/493/251 141/451/251 160/450/251 448/498/251
f 468/499/252 445/500/252 449/501/252 471/502/252
f 442/503/253 158/496/253 163/495/253 460/504/253
f 479/505/254 454/506/254 452/507/254 475/508/254
f 478/509/255 164/510/255 160/450/255 455/449/255
f 444/511/256 418/512/256 416/513/256 447/514/256
f 162/324/257 458/454/257 476/515/257 165/516/257
f 448/498/258 160/450/258 164/510/258 472/517/258
f 165/516/259 161/286/259 446/289/259 470/518/259
f 437/519/260 158/496/260 153/485/260 155/487/260
f 434/520/261 464/521/261 465/522/261 436/523/261
f 154/482/262 153/485/262 158/496/262 442/524/262
f 152/329/263 440/525/263 159/323/263 157/462/263
f 443/526/264 459/527/264 456/528/264 439/529/264
f 165/516/265 476/515/265 451/447/265 161/286/265
f 162/324/266 165/516/266 470/518/266 462/325/266
f 472/517/267 164/510/267 163/495/267 467/494/267
f 463/530/268 469/531/268 473/532/268 466/533/268
f 460/504/269 163/495/269 164/510/269 478/509/269
f 461/534/270 477/535/270 474/536/270 457/537/270
f 54/161/271 170/217/271 169/216/271 53/162/271
f 281/232/272 48/230/272 59/231/272 290/538/272
f 48/230/273 171/166/273 169/216/273 49/219/273
f 27/147/274 262/146/274 206/539/274 195/160/274
f 1/110/275 182/47/275 506/167/275 198/540/275
f 191/30/276 194/6/276 7/5/276 4/31/276
f 70/105/277 179/56/277 504/59/277 203/106/277
f 8/62/278 7/5/278 166/8/278 167/197/278
f 189/33/279 201/541/279 264/34/279 26/18/279
f 9/67/280 8/62/280 167/197/280 168/163/280
f 150/420/281 149/419/281 175/475/281 176/477/281
f 428/492/282 437/542/282 155/487/282 144/486/282
f 144/486/283 145/478/283 175/475/283 177/424/283
f 111/333/284 342/332/284 352/543/284 409/476/284
f 75/374/285 345/544/285 511/425/285 185/322/285
f 340/414/286 84/321/286 87/282/286 343/285/286
f 70/105/287 350/370/287 509/331/287 179/56/287
f 88/334/288 173/456/288 172/283/288 87/282/288
f 338/303/289 110/294/289 411/356/289 348/545/289
f 89/293/290 174/422/290 173/456/290 88/334/290
f 349/480/291 410/300/291 114/299/291 150/420/291
f 76/371/292 75/374/292 185/322/292 184/319/292
f 77/383/293 76/371/293 184/319/293 183/318/293
f 99/384/294 77/383/294 351/546/294 374/547/294
f 351/546/295 77/383/295 183/318/295 508/413/295
f 376/548/296 345/544/296 75/374/296 95/373/296
f 200/220/297 54/161/297 30/25/297 265/28/297
f 2/109/298 181/45/298 182/47/298 1/110/298
f 3/118/299 180/32/299 181/45/299 2/109/299
f 19/119/300 218/549/300 202/550/300 3/118/300
f 202/550/301 505/29/301 180/32/301 3/118/301
f 222/551/302 15/111/302 1/110/302 198/540/302
f 188/2/303 189/33/303 190/68/303
f 193/40/304 194/6/304 195/160/304
f 196/96/305 197/70/305 198/540/305
f 199/1/306 200/552/306 201/553/306
f 204/123/307 205/554/307 206/555/307
f 217/107/308 218/116/308 219/128/308
f 220/73/309 221/132/309 222/551/309
f 223/72/310 224/556/310 225/557/310
f 226/135/311 227/152/311 228/76/311
f 229/134/312 230/558/312 231/559/312
f 232/130/313 233/560/313 234/561/313
f 235/129/314 236/117/314 237/157/314
f 238/92/315 239/79/315 240/151/315
f 241/93/316 242/562/316 243/563/316
f 244/63/317 245/564/317 246/565/317
f 247/64/318 248/141/318 249/125/318
f 250/148/319 251/82/319 252/155/319
f 253/149/320 254/566/320 255/567/320
f 256/139/321 257/568/321 258/569/321
f 259/140/322 260/158/322 261/136/322
f 274/208/323 275/227/323 276/52/323
f 277/202/324 278/211/324 279/215/324
f 280/201/325 281/232/325 282/212/325
f 283/207/326 284/222/326 285/228/326
f 286/214/327 287/261/327 288/233/327
f 289/213/328 290/236/328 291/262/328
f 292/196/329 293/268/329 294/209/329
f 295/210/330 296/267/330 297/223/330
f 298/252/331 299/10/331 300/243/331
f 301/253/332 302/242/332 303/239/332
f 304/22/333 305/248/333 306/190/333
f 307/191/334 308/249/334 309/21/334
f 310/195/335 311/278/335 312/269/335
f 313/270/336 314/277/336 315/245/336
f 316/264/337 317/273/337 318/50/337
f 319/235/338 320/274/338 321/263/338
f 322/259/339 323/276/339 324/240/339
f 325/241/340 326/275/340 327/258/340
f 328/257/341 329/247/341 330/279/341
f 331/280/342 332/246/342 333/250/342
f 336/342/343 337/292/343 338/303/343
f 341/314/344 342/332/344 343/285/344
f 344/363/345 345/544/345 346/343/345
f 347/339/346 348/570/346 349/571/346
f 352/543/347 353/572/347 354/573/347
f 357/71/348 358/574/348 359/575/348 360/576/348
f 375/344/349 376/350/349 377/386/349
f 378/345/350 379/577/350 380/578/350
f 381/387/351 382/349/351 383/409/351
f 384/388/352 385/579/352 386/580/352
f 389/359/353 390/416/353 391/353/353
f 392/362/354 393/581/354 394/582/354
f 395/335/355 396/583/355 397/584/355
f 400/415/356 401/410/356 402/355/356
f 403/418/357 404/585/357 405/586/357
f 420/327/358 421/467/358 422/491/358
f 423/458/359 424/470/359 425/471/359
f 426/459/360 427/474/360 428/492/360
f 429/488/361 430/466/361 431/484/361
f 432/472/362 433/326/362 434/520/362
f 435/473/363 436/523/363 437/542/363
f 438/490/364 439/529/364 440/328/364
f 441/489/365 442/503/365 443/526/365
f 444/511/366 445/500/366 446/289/366
f 447/514/367 448/498/367 449/501/367
f 450/408/368 451/447/368 452/507/368
f 453/405/369 454/506/369 455/449/369
f 456/528/370 457/537/370 458/454/370
f 459/527/371 460/504/371 461/534/371
f 462/325/372 463/530/372 464/521/372
f 465/522/373 466/533/373 467/494/373
f 468/499/374 469/531/374 470/518/374
f 471/502/375 472/517/375 473/532/375
f 474/536/376 475/508/376 476/515/376
f 477/535/377 478/509/377 479/505/377
f 480/3/378 481/164/378 482/226/378
f 483/4/379 484/225/379 485/221/379
f 486/7/380 487/43/380 488/199/380
f 489/200/381 490/42/381 491/165/381
f 492/341/382 493/468/382 494/421/382
f 495/340/383 496/481/383 497/465/383
f 498/457/384 499/315/384 500/284/384
f 501/460/385 502/423/385 503/316/385
f 201/541/386 189/33/386 188/2/386 199/1/386
f 263/124/387 204/123/387 206/587/387 262/588/387
f 505/29/388 202/550/388 203/106/388 504/59/388
f 507/13/389 196/96/389 198/540/389 506/167/389
f 205/41/390 193/40/390 195/160/390 206/539/390
f 265/28/391 361/27/391 362/589/391 264/590/391
f 238/92/392 211/95/392 212/80/392 239/79/392
f 243/120/393 210/102/393 209/591/393 241/592/393
f 244/63/394 213/66/394 214/593/394 245/594/394
f 249/125/395 208/126/395 207/65/395 247/64/395
f 202/550/396 218/549/396 217/107/396 203/106/396
f 197/70/397 220/73/397 222/551/397 198/540/397
f 360/131/398 224/84/398 223/595/398 357/596/398
f 221/132/399 226/135/399 228/76/399 222/75/399
f 224/84/400 230/121/400 229/597/400 225/598/400
f 215/127/401 232/130/401 234/599/401 216/600/401
f 218/116/402 236/117/402 235/129/402 219/128/402
f 250/148/403 240/151/403 239/79/403 251/82/403
f 255/143/404 243/120/404 242/601/404 253/602/404
f 256/139/405 246/142/405 245/603/405 257/604/405
f 261/136/406 249/125/406 248/141/406 259/140/406
f 227/152/407 252/155/407 251/82/407 228/76/407
f 230/121/408 255/143/408 254/605/408 231/606/408
f 233/156/409 258/159/409 257/607/409 234/599/409
f 236/117/410 261/136/410 260/158/410 237/157/410
f 194/6/411 191/30/411 192/58/411 195/160/411
f 189/33/412 186/14/412 187/69/412 190/68/412
f 356/168/413 263/124/413 262/608/413 355/609/413
f 357/71/414 197/70/414 196/96/414 358/97/414
f 200/220/415 265/28/415 264/610/415 201/611/415
f 210/102/416 212/80/416 211/95/416 209/94/416
f 208/126/417 214/89/417 213/66/417 207/65/417
f 225/133/418 221/132/418 220/73/418 223/72/418
f 219/128/419 215/127/419 216/108/419 217/107/419
f 237/157/420 233/156/420 232/130/420 235/129/420
f 231/153/421 227/152/421 226/135/421 229/134/421
f 247/64/422 244/63/422 246/142/422 248/141/422
f 241/93/423 238/92/423 240/151/423 242/150/423
f 253/149/424 250/148/424 252/155/424 254/154/424
f 259/140/425 256/139/425 258/159/425 260/158/425
f 266/24/426 268/23/426 269/189/426 267/192/426
f 271/234/427 273/11/427 272/255/427 270/254/427
f 480/3/428 188/2/428 190/68/428 481/164/428
f 298/252/429 272/255/429 273/11/429 299/10/429
f 303/239/430 271/234/430 270/254/430 301/253/430
f 485/221/431 200/220/431 199/1/431 483/4/431
f 294/209/432 274/208/432 276/52/432 292/55/432
f 488/199/433 277/202/433 279/215/433 486/7/433
f 491/165/434 281/232/434 280/201/434 489/200/434
f 297/223/435 284/222/435 283/207/435 295/210/435
f 274/208/436 283/207/436 285/228/436 275/227/436
f 282/212/437 278/211/437 277/202/437 280/201/437
f 278/211/438 286/214/438 288/233/438 279/215/438
f 281/232/439 290/538/439 289/213/439 282/212/439
f 312/269/440 293/268/440 292/196/440 310/195/440
f 315/245/441 297/244/441 296/267/441 313/270/441
f 293/268/442 296/267/442 295/210/442 294/209/442
f 291/262/443 287/261/443 286/214/443 289/213/443
f 324/240/444 300/243/444 299/10/444 322/259/444
f 327/258/445 303/239/445 302/242/445 325/241/445
f 268/23/446 304/22/446 306/190/446 269/189/446
f 267/192/447 307/191/447 309/21/447 266/24/447
f 304/22/448 309/21/448 308/249/448 305/248/448
f 301/253/449 298/252/449 300/243/449 302/242/449
f 330/279/450 311/278/450 310/195/450 328/257/450
f 333/250/451 315/245/451 314/277/451 331/280/451
f 287/261/452 316/264/452 318/50/452 288/49/452
f 290/236/453 319/235/453 321/263/453 291/262/453
f 320/274/454 317/273/454 316/264/454 321/263/454
f 311/278/455 314/277/455 313/270/455 312/269/455
f 317/273/456 323/276/456 322/259/456 318/50/456
f 319/235/457 327/258/457 326/275/457 320/274/457
f 305/248/458 329/247/458 328/257/458 306/190/458
f 307/191/459 333/250/459 332/246/459 308/249/459
f 325/241/460 324/240/460 323/276/460 326/275/460
f 329/247/461 332/246/461 331/280/461 330/279/461
f 347/339/462 336/342/462 338/303/462 348/545/462
f 409/476/463 352/543/463 354/573/463 408/612/463
f 509/331/464 350/370/464 351/546/464 508/413/464
f 511/425/465 345/544/465 344/363/465 510/281/465
f 352/543/466 342/332/466 341/314/466 353/317/466
f 411/356/467 362/35/467 361/613/467 410/614/467
f 391/353/468 368/352/468 367/360/468 389/359/468
f 392/362/469 365/361/469 366/615/469 393/616/469
f 397/357/470 370/296/470 369/617/470 395/618/470
f 398/338/471 363/337/471 364/295/471 399/393/471
f 350/370/472 373/369/472 374/547/472 351/546/472
f 345/544/473 376/548/473 375/344/473 346/343/473
f 359/346/474 378/345/474 380/619/474 360/576/474
f 376/350/475 382/349/475 381/387/475 377/386/475
f 379/389/476 384/388/476 386/620/476 380/621/476
f 372/375/477 387/378/477 388/622/477 371/623/477
f 402/355/478 391/353/478 390/416/478 400/415/478
f 403/418/479 394/417/479 393/624/479 404/625/479
f 407/399/480 397/357/480 396/626/480 406/627/480
f 382/349/481 402/355/481 401/410/481 383/409/481
f 385/412/482 405/411/482 404/628/482 386/620/482
f 387/378/483 407/399/483 406/629/483 388/622/483
f 342/332/484 339/302/484 340/414/484 343/285/484
f 337/292/485 334/291/485 335/271/485 338/303/485
f 355/145/486 409/476/486 408/630/486 356/631/486
f 358/97/487 344/363/487 346/343/487 359/346/487
f 348/545/488 411/356/488 410/632/488 349/571/488
f 365/361/489 367/360/489 368/352/489 366/366/489
f 363/337/490 369/336/490 370/296/490 364/295/490
f 378/345/491 375/344/491 377/386/491 379/389/491
f 373/369/492 372/368/492 371/379/492 374/382/492
f 384/388/493 381/387/493 383/409/493 385/412/493
f 399/403/494 396/402/494 395/335/494 398/338/494
f 394/417/495 390/416/495 389/359/495 392/362/495
f 405/411/496 401/410/496 400/415/496 403/418/496
f 413/452/497 415/448/497 414/407/497 412/406/497
f 416/513/498 418/512/498 419/288/498 417/493/498
f 494/421/499 337/292/499 336/342/499 492/341/499
f 446/289/500 419/288/500 418/512/500 444/511/500
f 447/514/501 416/513/501 417/493/501 448/498/501
f 495/340/502 347/339/502 349/480/502 496/481/502
f 440/328/503 420/327/503 422/491/503 438/490/503
f 500/284/504 424/470/504 423/458/504 498/457/504
f 501/460/505 426/459/505 428/492/505 502/423/505
f 441/489/506 429/488/506 431/484/506 442/483/506
f 421/467/507 430/466/507 429/488/507 422/491/507
f 426/459/508 423/458/508 425/471/508 427/474/508
f 424/470/509 433/469/509 432/472/509 425/471/509
f 427/474/510 435/473/510 437/542/510 428/492/510
f 458/454/511 440/453/511 439/529/511 456/528/511
f 459/527/512 443/526/512 442/503/512 460/504/512
f 438/490/513 441/489/513 443/526/513 439/529/513
f 435/473/514 432/472/514 434/520/514 436/523/514
f 470/518/515 446/289/515 445/500/515 468/499/515
f 471/502/516 449/501/516 448/498/516 472/517/516
f 415/448/517 451/447/517 450/408/517 414/407/517
f 412/406/518 453/405/518 455/449/518 413/452/518
f 452/507/519 454/506/519 453/405/519 450/408/519
f 449/501/520 445/500/520 444/511/520 447/514/520
f 476/515/521 458/454/521 457/537/521 474/536/521
f 477/535/522 461/534/522 460/504/522 478/509/522
f 433/326/523 462/325/523 464/521/523 434/520/523
f 436/523/524 465/522/524 467/494/524 437/497/524
f 465/522/525 464/521/525 463/530/525 466/533/525
f 456/528/526 459/527/526 461/534/526 457/537/526
f 462/325/527 470/518/527 469/531/527 463/530/527
f 466/533/528 473/532/528 472/517/528 467/494/528
f 451/447/529 476/515/529 475/508/529 452/507/529
f 454/506/530 479/505/530 478/509/530 455/449/530
f 473/532/531 469/531/531 468/499/531 471/502/531
f 474/536/532 477/535/532 479/505/532 475/508/532
f 275/227/533 482/226/533 481/164/533 276/52/533
f 284/222/534 485/221/534 484/225/534 285/228/534
f 193/40/535 487/43/535 486/7/535 194/6/535
f 204/123/536 491/165/536 490/42/536 205/41/536
f 489/200/537 488/199/537 487/43/537 490/42/537
f 482/226/538 484/225/538 483/4/538 480/3/538
f 420/327/539 494/421/539 493/468/539 421/467/539
f 430/466/540 497/465/540 496/481/540 431/484/540
f 343/285/541 500/284/541 499/315/541 341/314/541
f 353/317/542 503/316/542 502/423/542 354/391/542
f 498/457/543 501/460/543 503/316/543 499/315/543
f 497/465/544 493/468/544 492/341/544 495/340/544
f 191/30/545 505/29/545 504/59/545 192/58/545
f 186/14/546 507/13/546 506/167/546 187/69/546
f 339/302/547 509/331/547 508/413/547 340/414/547
f 334/291/548 511/425/548 510/281/548 335/271/548
f 186/14/549 32/17/549 109/20/549 72/15/549
o Icosphere
v -1.031132 -1.324327 2.465168
v -1.023685 -1.151918 2.524609
v -1.062587 -1.720392 1.766936
v -1.102502 -1.708675 1.937312
v -1.137687 -1.668634 2.095428
v -1.166132 -1.589815 2.235656
v -1.194985 -0.960493 2.524573
v -1.180880 -0.778828 2.513977
v -1.158963 -0.603298 2.469007
v -1.130262 -0.444061 2.391264
v -1.096485 -0.318272 2.283322
v -1.059041 -0.232780 2.149253
v -1.019053 -0.185126 1.994425
v -0.977401 -0.165147 1.825237
v -1.186429 -1.469504 2.352823
v -1.197909 -1.314337 2.442353
v -1.200734 -1.141312 2.500388
v -1.369589 -1.129877 2.442055
v -1.356967 -1.303565 2.387404
v -1.329577 -1.459809 2.303371
v -1.010989 -0.162872 1.813633
v -1.084937 -0.180664 1.971664
v -1.154689 -0.226303 2.116210
v -1.218223 -0.310028 2.241266
v -1.273410 -0.434367 2.341812
v -1.318021 -0.592526 2.414058
v -1.349735 -0.767393 2.455643
v -1.367148 -0.948834 2.465097
v -1.287869 -1.581571 2.193600
v -1.233336 -1.662156 2.062384
v -1.168386 -1.704213 1.914551
v -1.096174 -1.718118 1.755333
v -1.126841 -1.715765 1.737390
v -1.228541 -1.699599 1.879355
v -1.320667 -1.655457 2.011288
v -1.399021 -1.573045 2.128567
v -1.524340 -0.936776 2.373126
v -1.503907 -0.755567 2.365440
v -1.463248 -0.581387 2.329088
v -1.404111 -0.424341 2.265341
v -1.329375 -0.301502 2.176233
v -1.242021 -0.219604 2.065113
v -1.145092 -0.176050 1.936468
v -1.041655 -0.160520 1.795691
v -1.460278 -1.449784 2.226900
v -1.502193 -1.292425 2.302434
v -1.523761 -1.118051 2.351851
v -1.657325 -1.106289 2.233244
v -1.628008 -1.281345 2.190708
v -1.573508 -1.439812 2.126349
v -1.068223 -0.158181 1.772098
v -1.197206 -0.171461 1.890190
v -1.317679 -0.212941 1.997927
v -1.425669 -0.293022 2.090721
v -1.517341 -0.414370 2.164789
v -1.589062 -0.570307 2.217362
v -1.637471 -0.743805 2.246832
v -1.660521 -0.924784 2.252195
v -1.495315 -1.564565 2.043055
v -1.396325 -1.648795 1.944102
v -1.280655 -1.695009 1.833077
v -1.153409 -1.713426 1.713797
v -1.174856 -1.711189 1.685461
v -1.322726 -1.690621 1.777494
v -1.457402 -1.642425 1.863408
v -1.573051 -1.556457 1.940351
v -1.770456 -0.913318 2.106949
v -1.745294 -0.732559 2.104378
v -1.690629 -0.559714 2.083173
v -1.608749 -0.404836 2.044023
v -1.503405 -0.284914 1.988017
v -1.378756 -0.206571 1.917233
v -1.239276 -0.167073 1.834607
v -1.089670 -0.155944 1.743762
v -1.664916 -1.430279 2.005582
v -1.729575 -1.270752 2.056519
v -1.765148 -1.095043 2.090789
v -1.843087 -1.084746 1.929963
v -1.802992 -1.261052 1.905024
v -1.730989 -1.421549 1.869241
v -1.105173 -0.153895 1.711772
v -1.269686 -0.163055 1.771856
v -1.422904 -0.200738 1.826133
v -1.559596 -0.277490 1.872068
v -1.674822 -0.396106 1.907681
v -1.764046 -0.550014 1.931678
v -1.823233 -0.722262 1.943552
v -1.849922 -0.902818 1.942973
v -1.629242 -1.549033 1.824402
v -1.501551 -1.636591 1.772308
v -1.353136 -1.686603 1.714743
v -1.190359 -1.709141 1.653471
v -1.199322 -1.707360 1.619056
v -1.370717 -1.683110 1.647235
v -1.527075 -1.631520 1.674301
v -1.661728 -1.542578 1.699664
v -1.895864 -0.893689 1.766566
v -1.868292 -0.713308 1.770535
v -1.806491 -0.541579 1.768699
v -1.713022 -0.388516 1.761004
v -1.592082 -0.271035 1.747329
v -1.448429 -0.195666 1.728127
v -1.287268 -0.159561 1.704348
v -1.114136 -0.152114 1.677357
v -1.769189 -1.413958 1.722564
v -1.845437 -1.252617 1.742045
v -1.888147 -1.075792 1.756946
v -1.898595 -1.068526 1.578387
v -1.855279 -1.245773 1.573845
v -1.778046 -1.407798 1.571188
v -1.116214 -0.150669 1.641839
v -1.291344 -0.156726 1.634677
v -1.454347 -0.191550 1.626981
v -1.599615 -0.265796 1.618595
v -1.721880 -0.382356 1.609628
v -1.816333 -0.534735 1.600500
v -1.878741 -0.706042 1.591975
v -1.906517 -0.886281 1.584508
v -1.669261 -1.537339 1.570930
v -1.532993 -1.627404 1.573155
v -1.374794 -1.680275 1.577564
v -1.201400 -1.705914 1.583538
v -1.196514 -1.704860 1.548283
v -1.365210 -1.678207 1.508409
v -1.519079 -1.624402 1.472756
v -1.651551 -1.533519 1.443146
v -1.881472 -0.880878 1.403795
v -1.854176 -0.700743 1.414735
v -1.793194 -0.529744 1.433543
v -1.701055 -0.377864 1.459371
v -1.581905 -0.261976 1.490812
v -1.440433 -0.188549 1.526582
v -1.281760 -0.154659 1.565521
v -1.111328 -0.149615 1.606584
v -1.757222 -1.403306 1.420931
v -1.832140 -1.240782 1.406889
v -1.874031 -1.063227 1.401146
v -1.815398 -1.060099 1.232037
v -1.776909 -1.237836 1.247591
v -1.707515 -1.400655 1.277567
v -1.099665 -0.148993 1.572946
v -1.258883 -0.153439 1.499538
v -1.407220 -0.186777 1.430789
v -1.539633 -0.259721 1.368891
v -1.651349 -0.375212 1.316008
v -1.737963 -0.526797 1.274246
v -1.795544 -0.697615 1.245625
v -1.821691 -0.877689 1.231373
v -1.609280 -1.531264 1.321225
v -1.485866 -1.622630 1.376964
v -1.342332 -1.676987 1.442425
v -1.184851 -1.704238 1.514645
v -1.020290 -1.718229 1.590288
v -1.166860 -1.704072 1.483917
v -1.307041 -1.676660 1.382150
v -1.434631 -1.622157 1.289458
v -1.544070 -1.530661 1.209852
v -1.729470 -0.876836 1.073867
v -1.705096 -0.696779 1.091146
v -1.652763 -0.526009 1.128729
v -1.574671 -0.374503 1.185046
v -1.474424 -0.259118 1.257518
v -1.355985 -0.186303 1.343283
v -1.223592 -0.153112 1.439263
v -1.081674 -0.148826 1.542218
v -1.630837 -1.399945 1.146606
v -1.691709 -1.237047 1.102075
v -1.724950 -1.059263 1.077558
v -1.606162 -1.060749 0.943644
v -1.579813 -1.238447 0.975931
v -1.530134 -1.401205 1.033079
v -1.058046 -0.149122 1.515581
v -1.177243 -0.153692 1.387013
v -1.288697 -0.187145 1.267427
v -1.388783 -0.260189 1.160971
v -1.473967 -0.375763 1.071520
v -1.540868 -0.527409 1.002586
v -1.586308 -0.698265 0.957232
v -1.608356 -0.878352 0.937330
v -1.458429 -1.531732 1.113305
v -1.367343 -1.622998 1.213602
v -1.260692 -1.677240 1.329900
v -1.143232 -1.704367 1.457280
v -1.114874 -1.705114 1.435757
v -1.205067 -1.678705 1.287682
v -1.286588 -1.625124 1.152311
v -1.355647 -1.534438 1.035297
v -1.463000 -0.882178 0.827009
v -1.443746 -0.702017 0.849031
v -1.406577 -0.530944 0.900662
v -1.353109 -0.378944 0.979791
v -1.286001 -0.262895 1.082963
v -1.207942 -0.189270 1.206137
v -1.121618 -0.155156 1.344795
v -1.029688 -0.149868 1.494058
v -1.409276 -1.404387 0.941351
v -1.445523 -1.241982 0.874008
v -1.463600 -1.064501 0.835443
v -1.302742 -1.070376 0.757112
v -1.293998 -1.247516 0.800222
v -1.272907 -1.409366 0.874946
v -0.997692 -0.151037 1.478477
v -1.058854 -0.157448 1.314232
v -1.116823 -0.192598 1.161766
v -1.170029 -0.267130 1.026489
v -1.216740 -0.383924 0.913386
v -1.255052 -0.536478 0.826876
v -1.282888 -0.707892 0.770700
v -1.298991 -0.888167 0.747144
v -1.239675 -1.538673 0.978824
v -1.195470 -1.628452 1.107940
v -1.142304 -1.680997 1.257119
v -1.082878 -1.706282 1.420176
v -1.048471 -1.707828 1.411135
v -1.074813 -1.684028 1.239385
v -1.097489 -1.632853 1.082195
v -1.114969 -1.544275 0.946056
v -1.122630 -0.896090 0.700804
v -1.109915 -0.715662 0.725251
v -1.092115 -0.543797 0.784064
v -1.070101 -0.390512 0.874855
v -1.045323 -0.272732 0.993722
v -1.018842 -0.197000 1.136021
v -0.991364 -0.160480 1.296498
v -0.963285 -0.152582 1.469437
v -1.126268 -1.415954 0.836415
v -1.131061 -1.254835 0.757409
v -1.129770 -1.078146 0.711662
v -0.951330 -1.087514 0.700840
v -0.962975 -1.263660 0.747215
v -0.974994 -1.423896 0.827240
v -0.927792 -0.154446 1.467284
v -0.921740 -0.164135 1.292275
v -0.917765 -0.202306 1.129890
v -0.916675 -0.279486 0.985919
v -0.918827 -0.398453 0.865680
v -0.924029 -0.552621 0.773869
v -0.931476 -0.725030 0.714428
v -0.940694 -0.905641 0.689769
v -0.986321 -1.551029 0.938254
v -0.996411 -1.638160 1.076065
v -1.005189 -1.687684 1.235162
v -1.012977 -1.709691 1.408983
v -0.977760 -1.711801 1.413800
v -0.936108 -1.691822 1.244613
v -0.896120 -1.644167 1.089785
v -0.858676 -1.558675 0.955716
v -0.760176 -0.916454 0.714464
v -0.754427 -0.735636 0.738649
v -0.757252 -0.562612 0.796685
v -0.768732 -0.407444 0.886214
v -0.789029 -0.287132 1.003381
v -0.817474 -0.208314 1.143610
v -0.852659 -0.168273 1.301726
v -0.892574 -0.156555 1.472102
v -0.824899 -1.432887 0.847773
v -0.796198 -1.273650 0.770030
v -0.774281 -1.098119 0.725060
v -0.605426 -1.109555 0.783394
v -0.637140 -1.284422 0.824979
v -0.681751 -1.442581 0.897226
v -0.858987 -0.158830 1.483705
v -0.786775 -0.172735 1.324486
v -0.721826 -0.214791 1.176653
v -0.667292 -0.295377 1.045437
v -0.625584 -0.417139 0.935666
v -0.598194 -0.573384 0.851633
v -0.585572 -0.747071 0.796982
v -0.588013 -0.928114 0.773940
v -0.736938 -1.566920 0.997772
v -0.800472 -1.650645 1.122828
v -0.870224 -1.696284 1.267374
v -0.944173 -1.714076 1.425404
v -0.913506 -1.716428 1.443347
v -0.810069 -1.700898 1.302569
v -0.713140 -1.657344 1.173924
v -0.625786 -1.575446 1.062805
v -0.430821 -0.940171 0.865911
v -0.431400 -0.758897 0.887186
v -0.452968 -0.584523 0.936603
v -0.494883 -0.427164 1.012137
v -0.556140 -0.303903 1.110471
v -0.634494 -0.221490 1.227750
v -0.726620 -0.177349 1.359682
v -0.828320 -0.161182 1.501647
v -0.551050 -1.452607 0.973697
v -0.491913 -1.295561 0.909949
v -0.451254 -1.121381 0.873597
v -0.317690 -1.133143 0.992206
v -0.366099 -1.306641 1.021676
v -0.437820 -1.462578 1.074248
v -0.801753 -0.163522 1.525240
v -0.674506 -0.181939 1.405961
v -0.558836 -0.228153 1.294936
v -0.459846 -0.312382 1.195982
v -0.381653 -0.437135 1.112688
v -0.327153 -0.595603 1.048330
v -0.297836 -0.770659 1.005794
v -0.294640 -0.952164 0.986843
v -0.529492 -1.583925 1.148316
v -0.637482 -1.664006 1.241110
v -0.757955 -1.705487 1.348848
v -0.886938 -1.718768 1.466939
v -0.865491 -1.721004 1.495275
v -0.715885 -1.709875 1.404431
v -0.576405 -1.670377 1.321804
v -0.451756 -1.592033 1.251020
v -0.184705 -0.963630 1.132088
v -0.190013 -0.781905 1.148248
v -0.225586 -0.606196 1.182519
v -0.290245 -0.446669 1.233455
v -0.382110 -0.320490 1.298686
v -0.497759 -0.234523 1.375629
v -0.632435 -0.186326 1.461544
v -0.780305 -0.165759 1.553576
v -0.346412 -1.472112 1.195015
v -0.264532 -1.317234 1.155864
v -0.209867 -1.144389 1.134660
v -0.131928 -1.154686 1.295486
v -0.191115 -1.326935 1.307359
v -0.280338 -1.480842 1.331357
v -0.764802 -0.167807 1.585567
v -0.602025 -0.190345 1.524295
v -0.453611 -0.240356 1.466730
v -0.325919 -0.327914 1.414635
v -0.224172 -0.455399 1.369797
v -0.152169 -0.615896 1.334014
v -0.112074 -0.792202 1.309074
v -0.105239 -0.974129 1.296065
v -0.395565 -1.599458 1.366969
v -0.532257 -1.676210 1.412905
v -0.685475 -1.713893 1.467182
v -0.849988 -1.723053 1.527266
v -0.841025 -1.724834 1.561681
v -0.667893 -1.717387 1.534690
v -0.506732 -1.681282 1.510911
v -0.363079 -1.605913 1.491708
v -0.059297 -0.983259 1.472472
v -0.067014 -0.801156 1.482091
v -0.109724 -0.624331 1.496992
v -0.185972 -0.462990 1.516474
v -0.293433 -0.334370 1.539374
v -0.428086 -0.245428 1.564737
v -0.584444 -0.193838 1.591803
v -0.755840 -0.169588 1.619982
v -0.242139 -1.488432 1.478034
v -0.148670 -1.335369 1.470338
v -0.086869 -1.163640 1.468503
v -0.076420 -1.170906 1.647063
v -0.138828 -1.342213 1.638538
v -0.233281 -1.494592 1.629409
v -0.753761 -0.171034 1.655500
v -0.580367 -0.196673 1.661473
v -0.422168 -0.249544 1.665883
v -0.285900 -0.339608 1.668108
v -0.177114 -0.469150 1.667850
v -0.099882 -0.631175 1.665192
v -0.056566 -0.808422 1.660651
v -0.048644 -0.990667 1.654530
v -0.355546 -1.611151 1.620443
v -0.500814 -1.685398 1.612057
v -0.663816 -1.720222 1.604361
v -0.838947 -1.726279 1.597199
v -0.843833 -1.727333 1.632454
v -0.673401 -1.722289 1.673516
v -0.514728 -1.688399 1.712456
v -0.373256 -1.614972 1.748225
v -0.073689 -0.996069 1.835242
v -0.081130 -0.813721 1.837891
v -0.123021 -0.636166 1.832149
v -0.197939 -0.473642 1.818107
v -0.303610 -0.343428 1.795892
v -0.436082 -0.252545 1.766281
v -0.589952 -0.198741 1.730629
v -0.758647 -0.172088 1.690755
v -0.934871 -0.158719 1.648749
v -0.254106 -1.499084 1.779666
v -0.161967 -1.347204 1.805494
v -0.100985 -1.176205 1.824303
v -0.159617 -1.179333 1.993412
v -0.217198 -1.350151 1.964792
v -0.303812 -1.501736 1.923030
v -0.770310 -0.172710 1.724393
v -0.612829 -0.199961 1.796613
v -0.469295 -0.254317 1.862074
v -0.345882 -0.345683 1.917813
v -0.247645 -0.476293 1.961471
v -0.178252 -0.639113 1.991446
v -0.139763 -0.816849 2.007001
v -0.133471 -0.999259 2.007665
v -0.415528 -1.617227 1.870147
v -0.547941 -1.690171 1.808249
v -0.696278 -1.723510 1.739500
v -0.855496 -1.727955 1.666092
v -0.873487 -1.728122 1.696820
v -0.731569 -1.723836 1.799775
v -0.599176 -1.690645 1.895754
v -0.480737 -1.617830 1.981520
v -0.225691 -1.000112 2.165171
v -0.230211 -0.817685 2.161480
v -0.263452 -0.639901 2.136963
v -0.324324 -0.477003 2.092432
v -0.411091 -0.346287 2.029186
v -0.520530 -0.254791 1.949580
v -0.648120 -0.200287 1.856887
v -0.788301 -0.172876 1.755121
v -0.380490 -1.502445 2.053992
v -0.302398 -1.350939 2.110309
v -0.250066 -1.180169 2.147892
v -0.368853 -1.178683 2.281806
v -0.414293 -1.349539 2.236452
v -0.481194 -1.501185 2.167518
v -0.811930 -0.172580 1.781758
v -0.694469 -0.199707 1.909138
v -0.587818 -0.253949 2.025435
v -0.496732 -0.345215 2.125733
v -0.425027 -0.475743 2.205959
v -0.375348 -0.638501 2.263107
v -0.348999 -0.816199 2.295394
v -0.346806 -0.998596 2.301708
v -0.566379 -1.616758 2.078067
v -0.666464 -1.689803 1.971610
v -0.777918 -1.723256 1.852025
v -0.897115 -1.727826 1.723457
v -0.925473 -1.727080 1.744980
v -0.833543 -1.721792 1.894243
v -0.747219 -1.687677 2.032901
v -0.669160 -1.614053 2.156075
v -0.492161 -0.994770 2.412029
v -0.491561 -0.812447 2.403595
v -0.509638 -0.634966 2.365030
v -0.545886 -0.472561 2.297687
v -0.599514 -0.342510 2.203741
v -0.668573 -0.251824 2.086727
v -0.750094 -0.198243 1.951356
v -0.840287 -0.171834 1.803280
v -0.602052 -1.498004 2.259247
v -0.548584 -1.346004 2.338376
v -0.511415 -1.174931 2.390007
v -0.672274 -1.169056 2.468338
v -0.700109 -1.340471 2.412161
v -0.738421 -1.493024 2.325652
v -0.872284 -0.170666 1.818861
v -0.812858 -0.195951 1.981919
v -0.759692 -0.248496 2.131097
v -0.715486 -0.338274 2.260214
v -0.682255 -0.467581 2.364093
v -0.661164 -0.629433 2.438816
v -0.652419 -0.806572 2.481926
v -0.656171 -0.988781 2.491894
v -0.785133 -1.609818 2.212548
v -0.838338 -1.684350 2.077272
v -0.896307 -1.719500 1.924806
v -0.957469 -1.725911 1.760561
v -1.036334 -1.478495 2.373358
v -0.991876 -1.724365 1.769601
v -0.963798 -1.716468 1.942540
v -0.936319 -1.679948 2.103018
v -0.909839 -1.604216 2.245316
v -0.832532 -0.980858 2.538234
v -0.825392 -0.798802 2.527376
v -0.824100 -0.622113 2.481628
v -0.828894 -0.460994 2.402623
v -0.840192 -0.332672 2.292982
v -0.857673 -0.244094 2.156843
v -0.880348 -0.192919 1.999653
v -0.906690 -0.169120 1.827902
v -0.885060 -1.486436 2.364183
v -0.863046 -1.333151 2.454974
v -0.845246 -1.161286 2.513788
v -0.942184 -0.167257 1.830055
v -0.949972 -0.189264 2.003875
v -0.958751 -0.238788 2.162973
v -0.968840 -0.325918 2.300784
v -0.980167 -0.453052 2.411798
v -0.992187 -0.613288 2.491823
v -1.003831 -0.789434 2.538198
v -1.014467 -0.971307 2.549269
v -1.038486 -1.597462 2.253119
v -0.764714 -0.633700 -3.574048
v -0.948938 -0.797696 1.069418
v -0.741196 -0.637358 -3.573244
v -0.925420 -0.801349 1.070222
v -0.718837 -0.645533 -3.572645
v -0.903061 -0.809515 1.070821
v -0.698497 -0.657911 -3.572275
v -0.882720 -0.821888 1.071191
v -0.680956 -0.674017 -3.572148
v -0.865179 -0.837994 1.071318
v -0.666889 -0.693232 -3.572269
v -0.851112 -0.857209 1.071197
v -0.656837 -0.714818 -3.572632
v -0.841060 -0.878794 1.070834
v -0.651185 -0.737943 -3.573225
v -0.835408 -0.901920 1.070241
v -0.650152 -0.761721 -3.574023
v -0.834375 -0.925698 1.069443
v -0.653776 -0.785238 -3.574998
v -0.837999 -0.949215 1.068468
v -0.661918 -0.807589 -3.576110
v -0.846141 -0.971566 1.067356
v -0.674266 -0.827915 -3.577317
v -0.858489 -0.991892 1.066149
v -0.690345 -0.845436 -3.578574
v -0.874568 -1.009413 1.064892
v -0.709537 -0.859479 -3.579832
v -0.893760 -1.023456 1.063634
v -0.731105 -0.869503 -3.581041
v -0.915328 -1.033475 1.062425
v -0.754219 -0.875123 -3.582157
v -0.938442 -1.039085 1.061310
v -0.777992 -0.876123 -3.583135
v -0.962214 -1.040081 1.060332
v -0.801510 -0.872466 -3.583939
v -0.985732 -1.036428 1.059528
v -0.823868 -0.864291 -3.584537
v -1.008091 -1.028263 1.058929
v -0.844209 -0.851912 -3.584907
v -1.028432 -1.015889 1.058559
v -0.861750 -0.835806 -3.585034
v -1.045973 -0.999783 1.058432
v -0.875816 -0.816591 -3.584914
v -1.060040 -0.980568 1.058552
v -0.885869 -0.795006 -3.584550
v -1.070092 -0.958983 1.058916
v -0.891520 -0.771880 -3.583958
v -1.075743 -0.935857 1.059508
v -0.892554 -0.748102 -3.583159
v -1.076777 -0.912079 1.060307
v -0.888930 -0.724585 -3.582185
v -1.073153 -0.888562 1.061281
v -0.880787 -0.702235 -3.581073
v -1.065010 -0.866212 1.062393
v -0.868439 -0.681908 -3.579865
v -1.052662 -0.845885 1.063601
v -0.852360 -0.664387 -3.578609
v -1.036583 -0.828364 1.064857
v -0.833168 -0.650345 -3.577351
v -1.017391 -0.814322 1.066115
v -0.811601 -0.640321 -3.576142
v -0.995824 -0.804303 1.067324
v -0.788486 -0.634701 -3.575026
v -0.972710 -0.798692 1.068439
v -1.037397 -1.674642 2.109148
v -1.033421 -1.712813 1.946763
v -1.027370 -1.722502 1.771754
v -1.157813 -0.443520 2.506847
v -0.984689 -0.453890 2.530532
v -1.041223 -1.486034 2.491840
v -1.214346 -1.475663 2.468156
v -1.033527 -1.326458 2.525533
v -1.212024 -1.315766 2.501114
v -0.994581 -0.615420 2.552187
v -1.173078 -0.604728 2.527768
v -1.379458 -1.464481 2.411116
v -1.382260 -1.304237 2.442304
v -1.343314 -0.593199 2.468958
v -1.322924 -0.432338 2.449808
v -1.498746 -0.581277 2.378017
v -1.537692 -1.292315 2.351362
v -1.530211 -1.452918 2.322912
v -1.473677 -0.420774 2.361604
v -1.660814 -1.441417 2.206934
v -1.672348 -1.280457 2.231784
v -1.633402 -0.569418 2.258439
v -1.604280 -0.409273 2.245625
v -1.709713 -0.398277 2.106329
v -1.742107 -0.558081 2.114820
v -1.781053 -1.269119 2.088166
v -1.766246 -1.430420 2.067638
v -1.842457 -1.420351 1.910378
v -1.859629 -1.258737 1.926024
v -1.820683 -0.547699 1.952679
v -1.785923 -0.388207 1.949069
v -1.829984 -0.379452 1.779888
v -1.866111 -0.538671 1.778246
v -1.905057 -1.249710 1.751592
v -1.886518 -1.411595 1.741197
v -1.896734 -1.404490 1.566596
v -1.915591 -1.242384 1.571572
v -1.876645 -0.531346 1.598227
v -1.840200 -0.372347 1.605288
v -1.816181 -0.367166 1.431977
v -1.851880 -0.526004 1.419537
v -1.890826 -1.237042 1.392883
v -1.872715 -1.399309 1.393286
v -1.758848 -0.364107 1.266618
v -1.815382 -1.396251 1.227926
v -1.792768 -0.522851 1.249045
v -1.831713 -1.233889 1.222391
v -1.670406 -0.363289 1.115563
v -1.701580 -0.522007 1.093302
v -1.740526 -1.233045 1.066648
v -1.726939 -1.395433 1.076871
v -1.554252 -0.364743 0.984619
v -1.610785 -1.396886 0.945927
v -1.620767 -1.234544 0.931639
v -1.581821 -0.523506 0.958294
v -1.414850 -0.368412 0.878817
v -1.438093 -0.527289 0.849208
v -1.477039 -1.238327 0.822554
v -1.471384 -1.400555 0.840125
v -1.275920 -0.533211 0.770237
v -1.257559 -0.374156 0.802223
v -1.314092 -1.406299 0.763531
v -1.314865 -1.244249 0.743583
v -1.088421 -0.381754 0.757781
v -1.101533 -0.541045 0.724416
v -1.144955 -1.413898 0.719089
v -1.140478 -1.252084 0.697761
v -0.960580 -1.261528 0.686850
v -0.921634 -0.550490 0.713505
v -0.913938 -0.390914 0.747198
v -0.970472 -1.423058 0.708506
v -0.740815 -0.401285 0.770881
v -0.743137 -0.561182 0.737923
v -0.797348 -1.433428 0.732190
v -0.782083 -1.272220 0.711269
v -0.611847 -1.283749 0.770079
v -0.572901 -0.572711 0.796734
v -0.575703 -0.412466 0.827921
v -0.632237 -1.444610 0.789230
v -0.481483 -1.456174 0.877433
v -0.424950 -0.424030 0.916125
v -0.456415 -1.295672 0.861021
v -0.417469 -0.584634 0.887675
v -0.350881 -1.467675 0.993412
v -0.321759 -1.307530 0.980598
v -0.282813 -0.596492 1.007253
v -0.294347 -0.435531 1.032103
v -0.245448 -1.478671 1.132707
v -0.188915 -0.446528 1.171399
v -0.213054 -1.318868 1.124218
v -0.174108 -0.607829 1.150872
v -0.169237 -1.488741 1.289968
v -0.134478 -1.329250 1.286359
v -0.095532 -0.618211 1.313014
v -0.112704 -0.456597 1.328660
v -0.125177 -1.497496 1.459149
v -0.089050 -1.338277 1.460791
v -0.050104 -0.627239 1.487446
v -0.068643 -0.465353 1.497841
v -0.039570 -0.634564 1.667465
v -0.058426 -0.472457 1.672442
v -0.114960 -1.504601 1.633750
v -0.078516 -1.345602 1.640811
v -0.082446 -0.477639 1.845752
v -0.064335 -0.639906 1.846155
v -0.138980 -1.509782 1.807060
v -0.103281 -1.350944 1.819500
v -0.162393 -1.354097 1.989992
v -0.123448 -0.643059 2.016647
v -0.139779 -0.480697 2.011112
v -0.196313 -1.512841 1.972420
v -0.228222 -0.481515 2.162167
v -0.214635 -0.643903 2.172390
v -0.284755 -1.513659 2.123475
v -0.253581 -1.354941 2.145735
v -0.373340 -1.353442 2.280743
v -0.334394 -0.642404 2.307398
v -0.344376 -0.480062 2.293111
v -0.400909 -1.512205 2.254420
v -0.483777 -0.476393 2.398913
v -0.478122 -0.638621 2.416484
v -0.517068 -1.349659 2.389830
v -0.540311 -1.508536 2.360221
v -0.640296 -0.632699 2.495455
v -0.641069 -0.470649 2.475507
v -0.697603 -1.502792 2.436815
v -0.679242 -1.343737 2.468801
v -0.810206 -0.463050 2.519949
v -0.814683 -0.624865 2.541276
v -0.866740 -1.495194 2.481258
v -0.853629 -1.335903 2.514622
vt 0.781250 0.937500
vt 0.765625 1.000000
vt 0.750000 0.937500
vt 1.000000 0.875000
vt 1.000000 0.937500
vt 0.968750 0.937500
vt 0.968750 0.875000
vt 0.156250 0.625000
vt 0.187500 0.625000
vt 0.187500 0.625000
vt 0.156250 0.625000
vt 0.781250 0.562500
vt 0.781250 0.625000
vt 0.750000 0.625000
vt 0.750000 0.562500
vt 0.781250 0.500000
vt 0.750000 0.500000
vt 0.812500 0.687500
vt 0.781250 0.687500
vt 0.781250 0.687500
vt 0.812500 0.687500
vt 0.765625 0.000000
vt 0.781250 0.062500
vt 0.750000 0.062500
vt 0.781250 0.750000
vt 0.750000 0.750000
vt 0.750000 0.687500
vt 0.781250 0.375000
vt 0.781250 0.437500
vt 0.750000 0.437500
vt 0.750000 0.375000
vt 0.781250 0.250000
vt 0.781250 0.312500
vt 0.750000 0.312500
vt 0.750000 0.250000
vt 0.781250 0.812500
vt 0.781250 0.875000
vt 0.750000 0.875000
vt 0.750000 0.812500
vt 0.281250 0.625000
vt 0.312500 0.625000
vt 0.312500 0.625000
vt 0.281250 0.625000
vt 0.812500 0.437500
vt 0.812500 0.500000
vt 0.031250 0.375000
vt 0.000000 0.375000
vt 0.000000 0.375000
vt 0.031250 0.375000
vt 0.375000 0.812500
vt 0.343750 0.812500
vt 0.343750 0.750000
vt 0.375000 0.750000
vt 0.843750 0.437500
vt 0.843750 0.500000
vt 0.812500 0.812500
vt 0.812500 0.750000
vt 0.187500 0.687500
vt 0.156250 0.687500
vt 0.156250 0.687500
vt 0.187500 0.687500
vt 0.812500 0.062500
vt 0.812500 0.125000
vt 0.781250 0.125000
vt 0.843750 0.937500
vt 0.828125 1.000000
vt 0.812500 0.937500
vt 0.843750 0.250000
vt 0.843750 0.312500
vt 0.812500 0.312500
vt 0.812500 0.250000
vt 0.796875 0.000000
vt 0.406250 0.375000
vt 0.375000 0.375000
vt 0.375000 0.375000
vt 0.406250 0.375000
vt 0.812500 0.562500
vt 0.812500 0.375000
vt 0.812500 0.875000
vt 0.875000 0.437500
vt 0.875000 0.500000
vt 0.812500 0.625000
vt 0.875000 0.937500
vt 0.859375 1.000000
vt 0.875000 0.687500
vt 0.875000 0.750000
vt 0.843750 0.750000
vt 0.843750 0.687500
vt 0.859375 0.000000
vt 0.875000 0.062500
vt 0.843750 0.062500
vt 0.796875 1.000000
vt 0.218750 0.312500
vt 0.250000 0.312500
vt 0.250000 0.312500
vt 0.218750 0.312500
vt 0.875000 0.562500
vt 0.843750 0.562500
vt 0.843750 0.875000
vt 0.843750 0.125000
vt 0.843750 0.625000
vt 0.875000 0.125000
vt 0.843750 0.812500
vt 0.875000 0.375000
vt 0.843750 0.375000
vt 0.875000 0.812500
vt 0.875000 0.875000
vt 0.875000 0.625000
vt 0.000000 0.312500
vt 0.031250 0.312500
vt 0.031250 0.312500
vt 0.000000 0.312500
vt 0.437500 0.625000
vt 0.468750 0.625000
vt 0.468750 0.625000
vt 0.437500 0.625000
vt 0.828125 0.000000
vt 0.875000 0.250000
vt 0.875000 0.312500
vt 0.906250 0.937500
vt 0.890625 1.000000
vt 0.625000 0.687500
vt 0.593750 0.687500
vt 0.593750 0.687500
vt 0.625000 0.687500
vt 0.906250 0.500000
vt 0.906250 0.562500
vt 0.906250 0.250000
vt 0.906250 0.312500
vt 0.937500 0.812500
vt 0.937500 0.875000
vt 0.906250 0.875000
vt 0.906250 0.812500
vt 0.750000 0.375000
vt 0.781250 0.375000
vt 0.906250 0.437500
vt 0.906250 0.625000
vt 0.937500 0.562500
vt 0.937500 0.625000
vt 0.953125 1.000000
vt 0.937500 0.937500
vt 0.906250 0.375000
vt 0.250000 0.375000
vt 0.218750 0.375000
vt 0.218750 0.375000
vt 0.250000 0.375000
vt 0.890625 0.000000
vt 0.906250 0.062500
vt 0.968750 0.687500
vt 0.937500 0.687500
vt 0.937500 0.687500
vt 0.968750 0.687500
vt 0.906250 0.687500
vt 0.906250 0.750000
vt 0.968750 0.562500
vt 0.968750 0.625000
vt 0.906250 0.125000
vt 0.937500 0.375000
vt 0.937500 0.437500
vt 0.968750 0.250000
vt 0.968750 0.312500
vt 0.937500 0.312500
vt 0.937500 0.250000
vt 0.968750 0.375000
vt 0.968750 0.437500
vt 0.968750 0.500000
vt 0.937500 0.500000
vt 0.781250 0.625000
vt 0.750000 0.625000
vt 0.953125 0.000000
vt 0.968750 0.062500
vt 0.937500 0.062500
vt 0.921875 1.000000
vt 0.125000 0.812500
vt 0.093750 0.812500
vt 0.093750 0.750000
vt 0.125000 0.750000
vt 0.968750 0.812500
vt 0.968750 0.750000
vt 0.937500 0.750000
vt 0.968750 0.125000
vt 0.937500 0.125000
vt 0.921875 0.000000
vt 0.687500 0.812500
vt 0.656250 0.812500
vt 0.656250 0.750000
vt 0.687500 0.750000
vt 0.968750 0.625000
vt 0.937500 0.625000
vt 1.000000 0.250000
vt 1.000000 0.312500
vt 0.984375 1.000000
vt 0.984375 0.000000
vt 1.000000 0.062500
vt 0.031250 0.062500
vt 0.031250 0.125000
vt 0.000000 0.125000
vt 0.000000 0.062500
vt 0.625000 0.812500
vt 0.625000 0.750000
vt 1.000000 0.562500
vt 1.000000 0.625000
vt 1.000000 0.437500
vt 1.000000 0.500000
vt 0.031250 0.437500
vt 0.031250 0.500000
vt 0.000000 0.500000
vt 0.000000 0.437500
vt 0.062500 0.875000
vt 0.062500 0.937500
vt 0.031250 0.937500
vt 0.031250 0.875000
vt 1.000000 0.125000
vt 0.062500 0.250000
vt 0.062500 0.312500
vt 0.031250 0.250000
vt 1.000000 0.687500
vt 1.000000 0.750000
vt 0.000000 0.937500
vt 0.000000 0.875000
vt 0.125000 0.375000
vt 0.093750 0.375000
vt 0.093750 0.375000
vt 0.125000 0.375000
vt 0.750000 0.687500
vt 1.000000 0.375000
vt 1.000000 0.812500
vt 0.218750 0.625000
vt 0.250000 0.625000
vt 0.250000 0.625000
vt 0.218750 0.625000
vt 0.046875 1.000000
vt 0.062500 0.062500
vt 0.062500 0.125000
vt 0.062500 0.687500
vt 0.062500 0.750000
vt 0.031250 0.750000
vt 0.031250 0.687500
vt 0.046875 0.000000
vt 0.015625 1.000000
vt 0.375000 0.625000
vt 0.406250 0.625000
vt 0.406250 0.625000
vt 0.375000 0.625000
vt 0.000000 0.250000
vt 0.000000 0.750000
vt 0.000000 0.687500
vt 0.468750 0.687500
vt 0.437500 0.687500
vt 0.437500 0.687500
vt 0.468750 0.687500
vt 0.062500 0.437500
vt 0.062500 0.500000
vt 0.031250 0.562500
vt 0.031250 0.625000
vt 0.000000 0.625000
vt 0.000000 0.562500
vt 0.062500 0.562500
vt 0.031250 0.812500
vt 0.000000 0.812500
vt 0.062500 0.375000
vt 0.062500 0.812500
vt 0.062500 0.625000
vt 0.937500 0.375000
vt 0.968750 0.375000
vt 0.015625 0.000000
vt 0.093750 0.937500
vt 0.078125 1.000000
vt 0.375000 0.312500
vt 0.406250 0.312500
vt 0.406250 0.312500
vt 0.375000 0.312500
vt 0.093750 0.500000
vt 0.093750 0.562500
vt 0.093750 0.250000
vt 0.093750 0.312500
vt 0.125000 0.437500
vt 0.093750 0.437500
vt 0.093750 0.875000
vt 0.093750 0.625000
vt 0.156250 0.437500
vt 0.156250 0.500000
vt 0.125000 0.500000
vt 0.156250 0.937500
vt 0.140625 1.000000
vt 0.125000 0.937500
vt 0.109375 1.000000
vt 0.656250 0.312500
vt 0.687500 0.312500
vt 0.687500 0.312500
vt 0.656250 0.312500
vt 0.593750 0.812500
vt 0.593750 0.750000
vt 0.156250 0.875000
vt 0.125000 0.875000
vt 0.078125 0.000000
vt 0.093750 0.062500
vt 0.968750 0.312500
vt 0.937500 0.312500
vt 0.093750 0.687500
vt 0.156250 0.562500
vt 0.125000 0.625000
vt 0.125000 0.562500
vt 0.093750 0.125000
vt 0.156250 0.250000
vt 0.156250 0.312500
vt 0.125000 0.312500
vt 0.125000 0.250000
vt 0.156250 0.375000
vt 0.125000 0.625000
vt 0.093750 0.625000
vt 0.687500 0.375000
vt 0.656250 0.375000
vt 0.656250 0.375000
vt 0.687500 0.375000
vt 0.140625 0.000000
vt 0.156250 0.062500
vt 0.125000 0.062500
vt 0.187500 0.312500
vt 0.187500 0.312500
vt 0.156250 0.312500
vt 0.156250 0.812500
vt 0.156250 0.750000
vt 0.125000 0.687500
vt 0.156250 0.125000
vt 0.125000 0.125000
vt 0.187500 0.500000
vt 0.187500 0.562500
vt 0.187500 0.375000
vt 0.187500 0.437500
vt 0.187500 0.812500
vt 0.187500 0.875000
vt 0.109375 0.000000
vt 0.187500 0.937500
vt 0.187500 0.250000
vt 0.343750 0.375000
vt 0.312500 0.375000
vt 0.312500 0.375000
vt 0.343750 0.375000
vt 0.250000 0.500000
vt 0.250000 0.562500
vt 0.218750 0.562500
vt 0.218750 0.500000
vt 0.250000 0.812500
vt 0.250000 0.875000
vt 0.218750 0.875000
vt 0.218750 0.812500
vt 0.171875 1.000000
vt 0.187500 0.750000
vt 0.250000 0.437500
vt 0.218750 0.437500
vt 0.093750 0.687500
vt 0.125000 0.687500
vt 0.250000 0.937500
vt 0.218750 0.937500
vt 0.187500 0.062500
vt 0.187500 0.125000
vt 0.234375 1.000000
vt 0.171875 0.000000
vt 0.843750 0.312500
vt 0.812500 0.312500
vt 0.218750 0.687500
vt 0.218750 0.750000
vt 0.218750 0.062500
vt 0.218750 0.125000
vt 0.250000 0.250000
vt 0.218750 0.250000
vt 0.250000 0.062500
vt 0.250000 0.125000
vt 0.250000 0.687500
vt 0.250000 0.750000
vt 0.234375 0.000000
vt 0.203125 1.000000
vt 0.203125 0.000000
vt 0.562500 0.687500
vt 0.531250 0.687500
vt 0.531250 0.687500
vt 0.562500 0.687500
vt 0.265625 0.000000
vt 0.281250 0.062500
vt 0.281250 0.687500
vt 0.281250 0.750000
vt 0.281250 0.125000
vt 0.281250 0.437500
vt 0.281250 0.500000
vt 0.156250 0.375000
vt 0.187500 0.375000
vt 0.312500 0.812500
vt 0.312500 0.750000
vt 0.281250 0.250000
vt 0.281250 0.312500
vt 0.281250 0.562500
vt 0.875000 0.687500
vt 0.906250 0.687500
vt 0.312500 0.875000
vt 0.281250 0.875000
vt 0.281250 0.812500
vt 0.281250 0.937500
vt 0.265625 1.000000
vt 0.906250 0.625000
vt 0.875000 0.625000
vt 0.343750 0.687500
vt 0.312500 0.687500
vt 0.343750 0.062500
vt 0.343750 0.125000
vt 0.312500 0.125000
vt 0.312500 0.062500
vt 0.312500 0.437500
vt 0.281250 0.375000
vt 0.593750 0.312500
vt 0.625000 0.312500
vt 0.625000 0.312500
vt 0.593750 0.312500
vt 0.343750 0.250000
vt 0.343750 0.312500
vt 0.312500 0.312500
vt 0.312500 0.250000
vt 0.343750 0.875000
vt 0.343750 0.937500
vt 0.312500 0.937500
vt 0.296875 1.000000
vt 0.343750 0.437500
vt 0.343750 0.500000
vt 0.312500 0.500000
vt 0.328125 1.000000
vt 0.296875 0.000000
vt 0.343750 0.625000
vt 0.343750 0.625000
vt 0.343750 0.562500
vt 0.312500 0.562500
vt 0.062500 0.625000
vt 0.031250 0.625000
vt 0.375000 0.500000
vt 0.375000 0.562500
vt 0.781250 0.312500
vt 0.750000 0.312500
vt 0.375000 0.437500
vt 0.375000 0.875000
vt 0.328125 0.000000
vt 0.359375 0.000000
vt 0.375000 0.062500
vt 0.875000 0.375000
vt 0.906250 0.375000
vt 0.375000 0.937500
vt 0.375000 0.250000
vt 0.359375 1.000000
vt 0.375000 0.687500
vt 0.343750 0.312500
vt 0.312500 0.312500
vt 0.406250 0.437500
vt 0.406250 0.500000
vt 0.375000 0.125000
vt 0.437500 0.875000
vt 0.437500 0.937500
vt 0.406250 0.937500
vt 0.406250 0.875000
vt 0.421874 1.000000
vt 0.406250 0.562500
vt 0.406250 0.250000
vt 0.390625 0.000000
vt 0.406250 0.062500
vt 0.437500 0.250000
vt 0.437500 0.312500
vt 0.406250 0.687500
vt 0.406250 0.750000
vt 0.406250 0.125000
vt 0.437500 0.062500
vt 0.437500 0.125000
vt 0.468750 0.812500
vt 0.468750 0.875000
vt 0.437500 0.812500
vt 0.562500 0.812500
vt 0.562500 0.750000
vt 0.468750 0.062500
vt 0.468750 0.125000
vt 0.468750 0.375000
vt 0.468750 0.437500
vt 0.437500 0.437500
vt 0.437500 0.375000
vt 0.390625 1.000000
vt 0.468750 0.250000
vt 0.468750 0.312500
vt 0.437500 0.500000
vt 0.625000 0.375000
vt 0.593750 0.375000
vt 0.593750 0.375000
vt 0.625000 0.375000
vt 0.375000 0.687500
vt 0.406250 0.687500
vt 0.468750 0.750000
vt 0.437500 0.750000
vt 0.406250 0.812500
vt 0.468750 0.500000
vt 0.250000 0.687500
vt 0.281250 0.687500
vt 0.421875 0.000000
vt 0.906250 0.312500
vt 0.875000 0.312500
vt 0.468750 0.562500
vt 0.437500 0.562500
vt 0.468750 0.937500
vt 0.453124 1.000000
vt 0.453125 0.000000
vt 0.062500 0.375000
vt 0.500000 0.812500
vt 0.500000 0.875000
vt 0.500000 0.250000
vt 0.500000 0.312500
vt 0.500000 0.500000
vt 0.500000 0.562500
vt 0.531250 0.562500
vt 0.531250 0.625000
vt 0.500000 0.625000
vt 0.531250 0.375000
vt 0.531250 0.437500
vt 0.500000 0.437500
vt 0.500000 0.375000
vt 0.531250 0.812500
vt 0.531250 0.875000
vt 0.593750 0.625000
vt 0.625000 0.625000
vt 0.625000 0.625000
vt 0.593750 0.625000
vt 0.500000 0.625000
vt 0.515625 0.000000
vt 0.531250 0.062500
vt 0.500000 0.062500
vt 0.500000 0.937500
vt 0.531250 0.125000
vt 0.500000 0.125000
vt 0.484374 1.000000
vt 0.531250 0.500000
vt 0.562500 0.500000
vt 0.562500 0.562500
vt 0.562500 0.375000
vt 0.562500 0.437500
vt 0.562500 0.875000
vt 0.562500 0.062500
vt 0.562500 0.125000
vt 0.500000 0.687500
vt 0.500000 0.687500
vt 0.125000 0.312500
vt 0.093750 0.312500
vt 0.500000 0.750000
vt 0.562500 0.937500
vt 0.531250 0.937500
vt 0.484375 0.000000
vt 0.562500 0.250000
vt 0.562500 0.312500
vt 0.531250 0.312500
vt 0.531250 0.250000
vt 0.281250 0.375000
vt 0.546875 1.000000
vt 0.531250 0.750000
vt 1.000000 0.312500
vt 0.562500 0.625000
vt 0.515625 1.000000
vt 0.546875 0.000000
vt 0.578125 0.000000
vt 0.593750 0.062500
vt 0.593750 0.437500
vt 0.593750 0.500000
vt 0.593750 0.937500
vt 0.578125 1.000000
vt 0.625000 0.437500
vt 0.625000 0.500000
vt 0.593750 0.125000
vt 0.593750 0.875000
vt 0.656250 0.437500
vt 0.656250 0.500000
vt 0.625000 0.562500
vt 0.593750 0.562500
vt 0.593750 0.250000
vt 0.625000 0.062500
vt 0.625000 0.125000
vt 0.687500 0.625000
vt 0.718750 0.625000
vt 0.718750 0.625000
vt 0.687500 0.625000
vt 0.656250 0.937500
vt 0.640625 1.000000
vt 0.625000 0.937500
vt 0.656250 0.062500
vt 0.656250 0.125000
vt 0.656250 0.875000
vt 0.625000 0.875000
vt 0.031250 0.687500
vt 0.062500 0.687500
vt 0.843750 0.687500
vt 0.656250 0.562500
vt 0.656250 0.625000
vt 0.609375 0.000000
vt 1.000000 0.375000
vt 0.656250 0.250000
vt 0.625000 0.250000
vt 0.750000 0.125000
vt 0.734375 0.000000
vt 0.718750 0.062500
vt 0.562500 0.312500
vt 0.531250 0.312500
vt 0.718750 0.687500
vt 0.687500 0.687500
vt 0.687500 0.687500
vt 0.718750 0.687500
vt 0.640625 0.000000
vt 0.609375 1.000000
vt 0.656250 0.687500
vt 0.687500 0.500000
vt 0.687500 0.562500
vt 0.687500 0.937500
vt 0.671875 1.000000
vt 0.687500 0.437500
vt 0.718750 0.375000
vt 0.718750 0.437500
vt 0.843750 0.625000
vt 0.812500 0.625000
vt 0.687500 0.875000
vt 0.687500 0.062500
vt 0.687500 0.125000
vt 0.312500 0.687500
vt 0.343750 0.687500
vt 0.718750 0.500000
vt 0.718750 0.562500
vt 0.687500 0.250000
vt 0.703125 0.000000
vt 0.718750 0.812500
vt 0.718750 0.875000
vt 0.671875 0.000000
vt 0.718750 0.125000
vt 0.281250 0.312500
vt 0.718750 0.937500
vt 0.718750 0.750000
vt 0.703125 1.000000
vt 0.718750 0.250000
vt 0.718750 0.312500
vt 1.000000 0.625000
vt 1.000000 0.500000
vt 1.000000 1.000000
vt 0.968750 1.000000
vt 0.968750 0.500000
vt 0.937500 1.000000
vt 0.937500 0.500000
vt 0.906250 1.000000
vt 0.906250 0.500000
vt 0.875000 1.000000
vt 0.875000 0.500000
vt 0.843750 1.000000
vt 0.843750 0.500000
vt 0.812500 1.000000
vt 0.812500 0.500000
vt 0.781250 1.000000
vt 0.781250 0.500000
vt 0.750000 1.000000
vt 0.750000 0.500000
vt 0.718750 1.000000
vt 0.718750 0.500000
vt 0.687500 1.000000
vt 0.687500 0.500000
vt 0.656250 1.000000
vt 0.656250 0.500000
vt 0.625000 1.000000
vt 0.625000 0.500000
vt 0.593750 1.000000
vt 0.593750 0.500000
vt 0.562500 1.000000
vt 0.562500 0.500000
vt 0.531250 1.000000
vt 0.531250 0.500000
vt 0.500000 1.000000
vt 0.500000 0.500000
vt 0.468750 1.000000
vt 0.468750 0.500000
vt 0.437500 1.000000
vt 0.437500 0.500000
vt 0.406250 1.000000
vt 0.406250 0.500000
vt 0.375000 1.000000
vt 0.375000 0.500000
vt 0.343750 1.000000
vt 0.343750 0.500000
vt 0.312500 1.000000
vt 0.312500 0.500000
vt 0.281250 1.000000
vt 0.281250 0.500000
vt 0.250000 1.000000
vt 0.250000 0.500000
vt 0.218750 1.000000
vt 0.218750 0.500000
vt 0.187500 1.000000
vt 0.187500 0.500000
vt 0.156250 1.000000
vt 0.156250 0.500000
vt 0.125000 1.000000
vt 0.125000 0.500000
vt 0.093750 1.000000
vt 0.093750 0.500000
vt 0.062500 1.000000
vt 0.062500 0.500000
vt 0.296822 0.485388
vt 0.250000 0.490000
vt 0.203179 0.485389
vt 0.158156 0.471731
vt 0.116663 0.449553
vt 0.080295 0.419706
vt 0.050447 0.383337
vt 0.028269 0.341844
vt 0.014612 0.296822
vt 0.010000 0.250000
vt 0.014611 0.203179
vt 0.028269 0.158156
vt 0.050447 0.116663
vt 0.080294 0.080294
vt 0.116663 0.050447
vt 0.158156 0.028269
vt 0.203178 0.014612
vt 0.250000 0.010000
vt 0.296822 0.014612
vt 0.341844 0.028269
vt 0.383337 0.050447
vt 0.419706 0.080294
vt 0.449553 0.116663
vt 0.471731 0.158156
vt 0.485388 0.203178
vt 0.490000 0.250000
vt 0.485388 0.296822
vt 0.471731 0.341844
vt 0.449553 0.383337
vt 0.419706 0.419706
vt 0.383337 0.449553
vt 0.341844 0.471731
vt 0.031250 1.000000
vt 0.031250 0.500000
vt 0.000000 1.000000
vt 0.000000 0.500000
vt 0.750000 0.490000
vt 0.796822 0.485388
vt 0.841844 0.471731
vt 0.883337 0.449553
vt 0.919706 0.419706
vt 0.949553 0.383337
vt 0.971731 0.341844
vt 0.985388 0.296822
vt 0.990000 0.250000
vt 0.985388 0.203178
vt 0.971731 0.158156
vt 0.949553 0.116663
vt 0.919706 0.080294
vt 0.883337 0.050447
vt 0.841844 0.028269
vt 0.796822 0.014612
vt 0.750000 0.010000
vt 0.703178 0.014612
vt 0.658156 0.028269
vt 0.616663 0.050447
vt 0.580294 0.080294
vt 0.550447 0.116663
vt 0.528269 0.158156
vt 0.514611 0.203179
vt 0.510000 0.250000
vt 0.514612 0.296822
vt 0.528269 0.341844
vt 0.550447 0.383337
vt 0.580295 0.419706
vt 0.616663 0.449553
vt 0.658156 0.471731
vt 0.703179 0.485389
vt 0.531250 0.375000
vt 0.562500 0.375000
vt 0.734375 1.000000
vt 0.812500 0.375000
vt 0.843750 0.375000
vt 1.000000 0.687500
vt 0.062500 0.312500
vt 0.000000 0.687500
vt 0.000000 0.625000
vt 0.218750 0.687500
vt 0.437500 0.312500
vt 0.437500 0.375000
vt 0.468750 0.312500
vt 0.468750 0.375000
vt 0.531250 0.625000
vt 0.500000 0.312500
vt 0.500000 0.375000
vt 0.562500 0.625000
vt 0.656250 0.625000
vt 0.656250 0.687500
vt 0.718750 0.312500
vt 0.718750 0.375000
vt 0.781250 0.187500
vt 0.750000 0.187500
vt 0.812500 0.187500
vt 0.843750 0.187500
vt 0.875000 0.187500
vt 0.968750 0.187500
vt 0.937500 0.187500
vt 0.906250 0.187500
vt 1.000000 0.187500
vt 0.031250 0.187500
vt 0.000000 0.187500
vt 0.062500 0.187500
vt 0.093750 0.187500
vt 0.156250 0.187500
vt 0.125000 0.187500
vt 0.187500 0.187500
vt 0.250000 0.187500
vt 0.218750 0.187500
vt 0.312500 0.187500
vt 0.281250 0.187500
vt 0.343750 0.187500
vt 0.375000 0.187500
vt 0.437500 0.187500
vt 0.406250 0.187500
vt 0.468750 0.187500
vt 0.500000 0.187500
vt 0.531250 0.187500
vt 0.562500 0.187500
vt 0.593750 0.187500
vt 0.625000 0.187500
vt 0.656250 0.187500
vt 0.718750 0.187500
vt 0.687500 0.187500
vn -0.0563 -0.9981 -0.0257
vn -0.1451 -0.9889 -0.0318
vn 0.0547 0.9978 0.0374
vn -0.1472 -0.3167 0.9370
vn -0.1419 -0.1268 0.9817
vn -0.0453 -0.9969 -0.0642
vn 0.0530 0.9974 0.0491
vn -0.1376 -0.7029 0.6979
vn -0.1156 0.2600 0.9587
vn -0.1312 0.0679 0.9890
vn -0.0630 0.6596 0.7490
vn -0.0890 -0.9701 0.2259
vn -0.0669 -0.9964 0.0528
vn -0.3206 0.0799 0.9438
vn -0.0547 -0.9978 -0.0374
vn 0.2885 -0.8649 -0.4107
vn -0.4975 0.0927 0.8625
vn -0.2128 -0.8696 0.4456
vn -0.0423 -0.9990 -0.0119
vn 0.0246 0.9921 0.1232
vn -0.0606 -0.9978 -0.0272
vn -0.2766 -0.6940 0.6647
vn -0.3319 0.6778 0.6561
vn 0.0508 0.9975 0.0486
vn -0.3313 -0.1147 0.9365
vn -0.2978 0.2716 0.9152
vn -0.1394 -0.9669 0.2138
vn -0.6551 0.1056 0.7481
vn -0.3294 -0.3051 0.8936
vn -0.0625 -0.9976 -0.0286
vn -0.0842 -0.9953 0.0487
vn -0.5222 -0.6752 0.5210
vn -0.2020 0.6685 0.7158
vn 0.0468 0.9978 0.0462
vn -0.0585 -0.9979 -0.0262
vn 0.0563 0.9962 0.0657
vn -0.6657 -0.0891 0.7409
vn -0.1004 -0.9941 0.0413
vn 0.0084 0.9932 0.1158
vn -0.4995 -0.2928 0.8153
vn -0.0060 0.9944 0.1053
vn -0.1864 -0.9635 0.1922
vn -0.6195 0.2963 0.7270
vn -0.4679 0.2839 0.8369
vn -0.2282 -0.9601 0.1618
vn -0.5082 -0.1020 0.8552
vn -0.6510 -0.2804 0.7053
vn 0.0827 0.9957 0.0412
vn 0.0487 0.9977 0.0476
vn -0.1148 -0.9929 0.0308
vn -0.4065 -0.6847 0.6050
vn -0.4475 0.6873 0.5721
vn -0.0641 -0.9975 -0.0303
vn -0.0758 -0.9955 -0.0562
vn -0.7979 -0.0765 0.5979
vn -0.5446 0.6966 0.4672
vn -0.2904 -0.9536 0.0797
vn -0.1269 -0.9918 0.0178
vn -0.7873 0.1182 0.6052
vn -0.7782 -0.2683 0.5678
vn -0.8760 -0.2570 0.4081
vn -0.2634 -0.9567 0.1238
vn -0.0661 -0.9972 -0.0344
vn -0.7466 0.3084 0.5894
vn -0.1362 -0.9907 0.0026
vn -0.1424 -0.9897 -0.0141
vn 0.0452 0.9980 0.0445
vn -0.0272 -0.9986 -0.0446
vn -0.6192 -0.6659 0.4161
vn -0.9408 -0.2468 0.2322
vn -0.0180 0.9956 0.0923
vn -0.8444 0.3198 0.4297
vn -0.6687 0.7130 0.2110
vn -0.9092 0.3299 0.2539
vn -0.9670 -0.0541 0.2490
vn -0.6193 0.7052 0.3453
vn 0.0432 0.9982 0.0404
vn -0.0653 -0.9973 -0.0322
vn -0.8996 -0.0647 0.4318
vn -0.4246 -0.8275 -0.3674
vn -0.3083 -0.9508 0.0311
vn -0.7433 -0.6495 0.1600
vn -0.8890 0.1300 0.4391
vn -0.0335 0.9976 0.0604
vn -0.0273 0.9967 0.0771
vn -0.9563 0.1405 0.2563
vn -0.6939 -0.6573 0.2942
vn 0.0440 0.9981 0.0426
vn 0.1731 -0.8898 0.4222
vn -0.6910 0.7195 0.0697
vn -0.0664 -0.9971 -0.0367
vn 0.0429 0.9984 0.0381
vn -0.0356 0.9991 0.0249
vn 0.2575 -0.8925 0.3703
vn -0.9701 -0.2383 0.0471
vn -0.9867 0.1494 0.0638
vn -0.9790 0.1563 -0.1310
vn -0.1403 -0.9879 -0.0669
vn -0.0363 0.9984 0.0428
vn -0.6519 0.7279 -0.2126
vn -0.7656 -0.6430 0.0186
vn -0.1444 -0.9883 -0.0496
vn -0.0507 -0.9966 -0.0655
vn -0.9974 -0.0453 0.0565
vn -0.9385 0.3385 0.0687
vn -0.3164 -0.9484 -0.0201
vn -0.0658 -0.9970 -0.0413
vn -0.0314 0.9995 0.0076
vn -0.7265 -0.6346 -0.2636
vn 0.0435 0.9985 0.0336
vn -0.0663 -0.9970 -0.0390
vn -0.6853 0.7245 -0.0733
vn -0.7600 -0.6380 -0.1244
vn -0.0821 -0.9962 -0.0302
vn -0.9334 0.1609 -0.3207
vn -0.9626 -0.2317 -0.1403
vn -0.9441 -0.0338 -0.3280
vn -0.3144 -0.9466 -0.0719
vn -0.8872 0.3495 -0.3011
vn -0.9310 0.3451 -0.1187
vn -0.3022 -0.9454 -0.1223
vn -0.9896 -0.0384 -0.1383
vn -0.9188 -0.2272 -0.3228
vn 0.0430 0.9984 0.0358
vn -0.0648 -0.9970 -0.0434
vn 0.0320 0.9980 0.0546
vn -0.8625 -0.0316 -0.5051
vn -0.5920 0.7295 -0.3426
vn -0.6985 0.3513 -0.6235
vn -0.1328 -0.9877 -0.0831
vn -0.8518 0.1631 -0.4978
vn -0.8403 -0.2251 -0.4932
vn -0.5941 0.1599 -0.7883
vn -0.2805 -0.9448 -0.1694
vn -0.0618 -0.9970 -0.0468
vn -0.8087 0.3516 -0.4716
vn -0.0635 -0.9970 -0.0452
vn 0.0423 0.9990 0.0119
vn 0.3303 -0.8940 0.3029
vn -0.1092 -0.9879 -0.1097
vn 0.0445 0.9985 0.0314
vn 0.0821 0.9962 0.0302
vn -0.6666 -0.6330 -0.3937
vn -0.5924 -0.2282 -0.7726
vn -0.0239 0.9997 -0.0086
vn -0.7479 -0.0319 -0.6631
vn -0.2501 -0.9449 -0.2114
vn -0.4028 0.7271 -0.5559
vn -0.5608 0.3485 -0.7510
vn -0.7301 -0.2255 -0.6451
vn -0.6048 -0.0348 -0.7956
vn -0.1223 -0.9877 -0.0975
vn 0.0475 0.9985 0.0280
vn -0.5078 0.7292 -0.4586
vn 0.0670 0.9958 0.0629
vn -0.2120 -0.9456 -0.2466
vn -0.4774 -0.6353 -0.6070
vn -0.0004 0.9994 -0.0352
vn -0.7372 0.1627 -0.6558
vn -0.4386 -0.0401 -0.8978
vn -0.0135 0.9996 -0.0230
vn -0.4010 0.3434 -0.8493
vn -0.5825 -0.6332 -0.5097
vn -0.1679 -0.9470 -0.2737
vn 0.0458 0.9985 0.0296
vn -0.4326 -0.2333 -0.8709
vn -0.0940 -0.9884 -0.1190
vn -0.2808 0.7233 -0.6309
vn -0.0634 -0.0569 -0.9964
vn -0.0681 -0.9515 -0.2999
vn -0.0598 -0.9971 -0.0480
vn -0.3554 -0.6392 -0.6820
vn -0.0401 0.3272 -0.9441
vn -0.0334 -0.9993 -0.0186
vn -0.0597 -0.9900 -0.1280
vn -0.4280 0.1546 -0.8905
vn -0.2452 0.1471 -0.9583
vn 0.0148 0.9989 -0.0445
vn -0.0717 -0.2495 -0.9657
vn -0.0553 -0.9973 -0.0492
vn 0.0495 0.9984 0.0268
vn 0.0690 0.9975 0.0129
vn -0.5514 -0.8343 -0.0017
vn -0.2212 -0.6447 -0.7317
vn -0.0773 -0.9891 -0.1252
vn 0.0315 0.9982 -0.0507
vn -0.0053 0.7109 -0.7033
vn -0.0528 0.1377 -0.9891
vn 0.0491 0.9974 -0.0535
vn -0.5474 -0.8308 -0.1007
vn -0.0800 -0.6516 -0.7544
vn 0.0540 0.9982 0.0256
vn -0.0576 -0.9971 -0.0488
vn 0.0517 0.9983 0.0260
vn -0.1466 0.7178 -0.6807
vn -0.0814 -0.9956 -0.0466
vn 0.0563 0.9981 0.0257
vn -0.2568 -0.2405 -0.9361
vn 0.0629 -0.6596 -0.7490
vn -0.1193 -0.9490 -0.2918
vn 0.0669 0.9964 -0.0528
vn -0.2252 0.3363 -0.9145
vn 0.1419 0.1268 -0.9817
vn -0.2558 -0.0476 -0.9655
vn 0.2084 -0.8584 -0.4688
vn 0.1376 0.7029 -0.6979
vn 0.1156 -0.2600 -0.9587
vn -0.0320 -0.9980 -0.0546
vn 0.0339 -0.9576 -0.2860
vn -0.0530 -0.9974 -0.0491
vn 0.1312 -0.0679 -0.9890
vn 0.3319 -0.6778 -0.6561
vn 0.1004 0.9941 -0.0413
vn -0.0419 -0.9910 -0.1273
vn 0.3294 0.3051 -0.8936
vn 0.0334 0.9993 0.0186
vn 0.4065 0.6847 -0.6050
vn -0.0164 -0.9544 -0.2980
vn -0.0084 -0.9932 -0.1158
vn 0.1472 0.3167 -0.9370
vn -0.0508 -0.9975 -0.0486
vn 0.5082 0.1020 -0.8552
vn -0.0487 -0.9977 -0.0476
vn 0.0810 -0.9610 -0.2644
vn 0.0585 0.9979 0.0262
vn 0.4995 0.2928 -0.8153
vn 0.4975 -0.0927 -0.8625
vn 0.3206 -0.0799 -0.9438
vn 0.4679 -0.2839 -0.8369
vn 0.2978 -0.2716 -0.9152
vn 0.6551 -0.1056 -0.7481
vn 0.0585 0.9982 0.0093
vn 0.6511 0.2804 -0.7053
vn -0.0246 -0.9921 -0.1232
vn 0.1228 -0.9645 -0.2340
vn 0.2766 0.6940 -0.6647
vn 0.0606 0.9978 0.0272
vn 0.0625 0.9976 0.0286
vn 0.0060 -0.9944 -0.1053
vn 0.3313 0.1147 -0.9365
vn 0.5222 0.6752 -0.5210
vn 0.0842 0.9953 -0.0487
vn -0.0468 -0.9978 -0.0462
vn 0.2020 -0.6685 -0.7158
vn 0.4475 -0.6873 -0.5721
vn 0.1185 -0.8519 -0.5101
vn 0.6657 0.0891 -0.7408
vn 0.0403 0.9973 0.0619
vn 0.7979 0.0765 -0.5979
vn 0.1148 0.9929 -0.0308
vn 0.0273 -0.9967 -0.0771
vn -0.0440 -0.9981 -0.0426
vn 0.7873 -0.1182 -0.6052
vn 0.6192 0.6659 -0.4161
vn 0.0641 0.9975 0.0303
vn 0.6939 0.6573 -0.2942
vn -0.5243 -0.8284 -0.1971
vn 0.5446 -0.6966 -0.4672
vn 0.1269 0.9918 -0.0178
vn 0.1362 0.9907 -0.0026
vn 0.2029 -0.9737 -0.1032
vn 0.3885 -0.8941 0.2226
vn 0.1424 0.9897 0.0141
vn 0.9408 0.2468 -0.2322
vn -0.0452 -0.9980 -0.0446
vn 0.7433 0.6495 -0.1600
vn 0.0180 -0.9956 -0.0923
vn 0.8996 0.0647 -0.4318
vn -0.0772 -0.9968 -0.0202
vn 0.7466 -0.3084 -0.5895
vn 0.6687 -0.7130 -0.2110
vn 0.1580 -0.9678 -0.1960
vn 0.9670 0.0541 -0.2490
vn 0.7782 0.2683 -0.5678
vn -0.0585 -0.9982 -0.0093
vn 0.6193 -0.7052 -0.3453
vn 0.0653 0.9973 0.0322
vn 0.0772 0.9968 0.0202
vn 0.9092 -0.3299 -0.2539
vn 0.8890 -0.1300 -0.4391
vn -0.0432 -0.9982 -0.0404
vn 0.8760 0.2570 -0.4081
vn 0.9563 -0.1405 -0.2563
vn 0.1850 -0.9709 -0.1518
vn 0.0661 0.9972 0.0344
vn 0.8444 -0.3198 -0.4297
vn 0.0335 -0.9976 -0.0604
vn 0.2110 -0.9761 -0.0521
vn 0.7656 0.6430 -0.0186
vn 0.9867 -0.1494 -0.0638
vn 0.9310 -0.3451 0.1187
vn 0.9626 0.2317 0.1403
vn 0.9701 0.2383 -0.0471
vn 0.9974 0.0453 -0.0565
vn 0.9385 -0.3385 -0.0687
vn 0.2089 -0.9779 -0.0003
vn 0.0663 0.9970 0.0390
vn 0.0363 -0.9984 -0.0428
vn 0.1444 0.9883 0.0496
vn -0.0429 -0.9984 -0.0381
vn 0.9790 -0.1563 0.1310
vn 0.9334 -0.1609 0.3207
vn 0.9188 0.2272 0.3228
vn 0.1968 -0.9792 0.0501
vn 0.1403 0.9879 0.0669
vn 0.1451 0.9889 0.0317
vn -0.0829 -0.9959 -0.0357
vn 0.0758 0.9955 0.0562
vn 0.6910 -0.7195 -0.0697
vn 0.0314 -0.9995 -0.0076
vn 0.0664 0.9971 0.0367
vn 0.7265 0.6346 0.2636
vn -0.0435 -0.9985 -0.0335
vn 0.6853 -0.7245 0.0733
vn 0.0829 0.9959 0.0357
vn 0.9896 0.0384 0.1383
vn 0.8872 -0.3495 0.3011
vn 0.6195 -0.2963 -0.7270
vn 0.0223 -0.8458 -0.5331
vn -0.0430 -0.9984 -0.0358
vn 0.9441 0.0338 0.3280
vn 0.7600 0.6379 0.1244
vn 0.6519 -0.7279 0.2126
vn 0.0356 -0.9991 -0.0249
vn 0.0658 0.9970 0.0413
vn 0.0648 0.9970 0.0434
vn 0.8625 0.0316 0.5051
vn -0.0445 -0.9985 -0.0314
vn 0.5920 -0.7295 0.3426
vn 0.7479 0.0319 0.6631
vn 0.1328 0.9877 0.0831
vn 0.1751 -0.9797 0.0972
vn 0.5078 -0.7292 0.4586
vn 0.4300 -0.8930 0.1326
vn 0.6048 0.0348 0.7956
vn 0.7372 -0.1627 0.6558
vn 0.6666 0.6330 0.3937
vn 0.1223 0.9877 0.0975
vn -0.5017 -0.8441 0.1891
vn 0.0239 -0.9997 0.0086
vn -0.0475 -0.9985 -0.0280
vn 0.8087 -0.3516 0.4716
vn 0.1092 0.9879 0.1097
vn 0.8403 0.2251 0.4932
vn 0.0004 -0.9994 0.0352
vn 0.8518 -0.1631 0.4978
vn -0.0278 -0.9992 -0.0281
vn -0.0403 -0.9973 -0.0619
vn 0.5608 -0.3485 0.7510
vn 0.0635 0.9970 0.0452
vn 0.1066 -0.9789 0.1744
vn 0.7301 0.2255 0.6451
vn 0.4774 0.6353 0.6070
vn 0.0419 0.9910 0.1273
vn 0.1447 -0.9796 0.1392
vn 0.0553 0.9973 0.0492
vn 0.6985 -0.3513 0.6235
vn 0.5924 0.2282 0.7726
vn 0.0278 0.9992 0.0281
vn 0.5941 -0.1599 0.7883
vn 0.0135 -0.9996 0.0230
vn -0.0618 -0.9960 -0.0648
vn 0.5825 0.6332 0.5097
vn 0.0618 0.9970 0.0468
vn -0.0458 -0.9985 -0.0296
vn 0.4028 -0.7271 0.5559
vn 0.4280 -0.1546 0.8905
vn 0.4010 -0.3434 0.8493
vn -0.0495 -0.9984 -0.0268
vn 0.4326 0.2333 0.8709
vn 0.2568 0.2405 0.9361
vn 0.0625 -0.9775 0.2016
vn 0.0940 0.9884 0.1190
vn -0.0690 -0.9975 -0.0129
vn 0.2452 -0.1471 0.9583
vn -0.0148 -0.9989 0.0445
vn 0.0528 -0.1377 0.9891
vn 0.3554 0.6392 0.6820
vn 0.2558 0.0476 0.9655
vn 0.0576 0.9971 0.0488
vn 0.0634 0.0569 0.9964
vn -0.5359 -0.8388 0.0962
vn 0.4386 0.0401 0.8978
vn 0.0139 -0.9755 0.2196
vn 0.2808 -0.7233 0.6309
vn 0.0401 -0.3272 0.9441
vn 0.0598 0.9971 0.0480
vn 0.0597 0.9900 0.1280
vn 0.0507 0.9966 0.0655
vn -0.0491 -0.9974 0.0535
vn 0.1466 -0.7178 0.6807
vn 0.0053 -0.7109 0.7033
vn 0.0773 0.9891 0.1252
vn 0.2252 -0.3363 0.9145
vn -0.0373 -0.9730 0.2278
vn -0.0517 -0.9983 -0.0260
vn 0.2212 0.6447 0.7317
vn -0.0315 -0.9982 0.0507
vn 0.1521 0.9875 0.0409
vn 0.3417 0.9386 0.0467
vn 0.5184 0.8536 0.0507
vn 0.6752 0.7358 0.0528
vn 0.8059 0.5897 0.0528
vn 0.9057 0.4209 0.0508
vn 0.9706 0.2360 0.0468
vn 0.9983 0.0420 0.0411
vn 0.9876 -0.1536 0.0338
vn 0.9389 -0.3433 0.0251
vn 0.8541 -0.5198 0.0155
vn 0.7366 -0.6763 0.0053
vn 0.5907 -0.8069 -0.0051
vn 0.4220 -0.9064 -0.0153
vn 0.2371 -0.9712 -0.0249
vn 0.0433 -0.9985 -0.0335
vn -0.1521 -0.9875 -0.0409
vn -0.3417 -0.9386 -0.0467
vn -0.5184 -0.8536 -0.0507
vn -0.6752 -0.7358 -0.0528
vn -0.8059 -0.5897 -0.0528
vn -0.9057 -0.4209 -0.0508
vn -0.9706 -0.2360 -0.0468
vn -0.9983 -0.0420 -0.0411
vn -0.9876 0.1536 -0.0338
vn -0.9389 0.3433 -0.0251
vn -0.8541 0.5198 -0.0155
vn -0.7366 0.6763 -0.0053
vn -0.5907 0.8069 0.0051
vn -0.4220 0.9064 0.0153
vn -0.0396 -0.0353 0.9986
vn -0.2371 0.9712 0.0249
vn -0.0433 0.9985 0.0335
vn 0.0396 0.0353 -0.9986
vn 0.0800 0.6516 0.7544
vn 0.0717 0.2495 0.9657
vn -0.0540 -0.9982 -0.0256
vn -0.1260 0.1394 0.9822
vn -0.1445 -0.1977 0.9695
vn -0.4199 0.2253 -0.8792
vn -0.3321 -0.1858 0.9248
vn -0.3136 0.1513 0.9374
vn -0.4888 0.1640 0.8569
vn -0.6633 -0.1604 0.7310
vn -0.5072 -0.1732 0.8442
vn -0.6448 0.1768 0.7436
vn -0.7757 0.1892 0.6021
vn -0.8764 0.2009 0.4376
vn -0.7942 -0.1479 0.5894
vn -0.9431 0.2114 0.2566
vn -0.9616 -0.1258 0.2439
vn -0.8949 -0.1362 0.4250
vn -0.9917 -0.1170 0.0533
vn -0.9205 0.2315 -0.3149
vn -0.9732 0.2202 0.0659
vn -0.9389 -0.1056 -0.3275
vn -0.9656 0.2270 -0.1270
vn -0.9840 -0.1102 -0.1397
vn -0.8396 0.2337 -0.4903
vn -0.8581 -0.1035 -0.5030
vn -0.5844 0.2305 -0.7780
vn -0.7262 0.2333 -0.6467
vn -0.6029 -0.1067 -0.7907
vn -0.7446 -0.1038 -0.6594
vn -0.0668 -0.1286 -0.9895
vn -0.0483 0.2086 -0.9768
vn -0.4384 -0.1119 -0.8918
vn -0.2389 0.2179 -0.9463
vn -0.2573 -0.1193 -0.9589
vn 0.1260 -0.1394 -0.9822
vn 0.1445 0.1977 -0.9695
vn 0.4888 -0.1640 -0.8569
vn 0.3136 -0.1513 -0.9374
vn 0.6448 -0.1768 -0.7436
vn 0.3321 0.1858 -0.9248
vn 0.5072 0.1732 -0.8442
vn 0.6633 0.1604 -0.7310
vn 0.7757 -0.1892 -0.6021
vn 0.9431 -0.2114 -0.2566
vn 0.7942 0.1479 -0.5894
vn 0.8949 0.1362 -0.4250
vn 0.8764 -0.2009 -0.4376
vn 0.9616 0.1258 -0.2439
vn 0.9656 -0.2270 0.1270
vn 0.9917 0.1170 -0.0533
vn 0.9205 -0.2315 0.3149
vn 0.9389 0.1056 0.3275
vn 0.9732 -0.2201 -0.0659
vn 0.9840 0.1102 0.1397
vn 0.8581 0.1035 0.5030
vn 0.6029 0.1066 0.7907
vn 0.8396 -0.2337 0.4903
vn 0.7262 -0.2333 0.6467
vn 0.7446 0.1038 0.6594
vn 0.5844 -0.2305 0.7780
vn 0.2389 -0.2179 0.9463
vn 0.4384 0.1119 0.8918
vn 0.0483 -0.2086 0.9768
vn 0.4199 -0.2253 0.8792
vn 0.2573 0.1193 0.9589
vn 0.0668 0.1286 0.9895
vn -0.0670 -0.9958 -0.0629
vn 0.0265 0.9991 0.0335
vn -0.0563 -0.9962 -0.0657
vn -0.0265 -0.9991 -0.0335
vn 0.0453 0.9969 0.0642
vn 0.0791 0.9955 0.0517
vn 0.0272 0.9986 0.0446
vn -0.0530 -0.9986 -0.0091
vn -0.0735 -0.9972 -0.0161
vn 0.0530 0.9986 0.0091
vn -0.0358 -0.9976 -0.0586
vn 0.0639 0.9979 0.0106
vn -0.0827 -0.9957 -0.0412
vn 0.0302 0.9993 0.0231
vn -0.0302 -0.9993 -0.0231
vn 0.0358 0.9976 0.0586
vn 0.0717 0.9956 0.0600
vn -0.0639 -0.9979 -0.0106
vn -0.0801 -0.9965 -0.0250
vn 0.0375 0.9992 0.0148
vn -0.0291 -0.9983 -0.0498
vn 0.0735 0.9972 0.0161
vn -0.0791 -0.9955 -0.0517
vn 0.0291 0.9983 0.0498
vn 0.0618 0.9960 0.0648
vn -0.0375 -0.9992 -0.0148
vn 0.0801 0.9965 0.0250
vn 0.0263 0.9989 0.0391
vn 0.0475 0.9988 0.0099
vn -0.0263 -0.9989 -0.0391
vn -0.0717 -0.9956 -0.0600
vn 0.0814 0.9956 0.0466
vn -0.0475 -0.9988 -0.0099
vn -0.3518 -0.8290 -0.4348
vn 0.3557 -0.8713 -0.3380
vn 0.0802 -0.8860 0.4566
vn -0.4828 -0.8273 -0.2872
vn -0.3027 -0.8631 0.4043
vn -0.2674 -0.8316 -0.4867
vn 0.4571 -0.8872 -0.0628
vn -0.0176 -0.8813 0.4723
vn -0.3828 -0.8565 0.3461
vn -0.4500 -0.8501 0.2735
vn 0.4416 -0.8827 -0.1607
vn 0.4074 -0.8773 -0.2536
vn -0.1745 -0.8354 -0.5212
vn 0.4531 -0.8907 0.0362
vn -0.1166 -0.8757 0.4686
vn -0.0767 -0.8402 -0.5368
vn 0.0164 0.9544 0.2980
vn -0.0223 0.8458 0.5331
vn -0.0339 0.9576 0.2860
vn -0.0810 0.9610 0.2644
vn -0.2084 0.8584 0.4688
vn -0.1228 0.9645 0.2340
vn -0.2885 0.8649 0.4107
vn -0.1185 0.8519 0.5101
vn -0.4416 0.8827 0.1607
vn -0.4074 0.8773 0.2536
vn -0.1580 0.9678 0.1960
vn -0.3557 0.8713 0.3380
vn -0.1850 0.9709 0.1518
vn -0.2029 0.9737 0.1032
vn -0.2110 0.9761 0.0521
vn -0.4571 0.8872 0.0628
vn -0.2089 0.9779 0.0003
vn -0.4300 0.8930 -0.1326
vn -0.1968 0.9792 -0.0501
vn -0.3885 0.8942 -0.2226
vn -0.4531 0.8907 -0.0362
vn -0.1751 0.9797 -0.0972
vn -0.1066 0.9789 -0.1744
vn -0.2575 0.8925 -0.3703
vn -0.3303 0.8940 -0.3029
vn -0.1447 0.9796 -0.1392
vn -0.1731 0.8898 -0.4222
vn -0.0625 0.9775 -0.2016
vn 0.0176 0.8813 -0.4723
vn -0.0139 0.9755 -0.2196
vn -0.0802 0.8860 -0.4566
vn 0.0373 0.9730 -0.2278
vn 0.2128 0.8696 -0.4456
vn 0.0890 0.9701 -0.2259
vn 0.1166 0.8757 -0.4686
vn 0.1864 0.9635 -0.1922
vn 0.3828 0.8565 -0.3461
vn 0.3027 0.8631 -0.4043
vn 0.1394 0.9669 -0.2138
vn 0.2282 0.9601 -0.1618
vn 0.2904 0.9536 -0.0797
vn 0.2634 0.9567 -0.1238
vn 0.5017 0.8441 -0.1891
vn 0.4500 0.8501 -0.2735
vn 0.5359 0.8388 -0.0962
vn 0.3083 0.9508 -0.0311
vn 0.5514 0.8343 0.0017
vn 0.3164 0.9484 0.0201
vn 0.3143 0.9466 0.0719
vn 0.5243 0.8284 0.1971
vn 0.5474 0.8308 0.1007
vn 0.3022 0.9454 0.1223
vn 0.2805 0.9448 0.1694
vn 0.2501 0.9449 0.2114
vn 0.4828 0.8273 0.2872
vn 0.3518 0.8290 0.4348
vn 0.2120 0.9456 0.2466
vn 0.4246 0.8275 0.3674
vn 0.0767 0.8402 0.5368
vn 0.2674 0.8316 0.4867
vn 0.1679 0.9470 0.2737
vn 0.0681 0.9515 0.2999
vn 0.1193 0.9490 0.2918
vn 0.1745 0.8354 0.5212
usemtl Color_2
s off
f 514/633/550 664/634/550 1057/635/550
f 632/636/551 633/637/551 604/638/551 605/639/551
f 708/640/552 711/641/552 1117/642/552 1112/643/552
f 528/644/553 527/645/553 512/646/553 513/647/553
f 518/648/554 528/644/554 513/647/554 989/649/554
f 531/650/555 526/651/555 1061/652/555 1066/653/555
f 887/654/556 525/655/556 982/656/556
f 526/651/557 517/657/557 990/658/557 966/659/557
f 520/660/558 519/661/558 988/662/558 987/663/558
f 519/661/559 518/648/559 989/649/559 988/662/559
f 522/664/560 521/665/560 986/666/560 985/667/560
f 516/668/561 515/669/561 1056/670/561 1055/671/561
f 768/672/552 771/673/552 1130/674/552 1129/675/552
f 515/669/562 514/633/562 1057/635/562 1056/670/562
f 538/676/563 539/677/563 518/648/563 519/661/563
f 640/678/564 627/679/564 1092/680/564 1095/681/564
f 812/682/565 787/683/565 788/684/565 811/685/565
f 549/686/566 548/687/566 539/677/566 538/676/566
f 541/688/567 516/668/567 517/657/567 540/689/567
f 712/690/568 707/691/568 1113/692/568 1116/693/568
f 532/694/569 533/695/569 524/696/569 525/655/569
f 544/697/570 664/698/570 543/699/570
f 531/650/571 540/689/571 517/657/571 526/651/571
f 552/700/572 551/701/572 536/702/572 535/703/572
f 887/704/573 532/694/573 525/655/573
f 821/705/564 808/706/564 1140/707/564 1145/708/564
f 539/677/574 529/709/574 528/644/574 518/648/574
f 537/710/575 538/676/575 519/661/575 520/660/575
f 541/688/576 542/711/576 515/669/576 516/668/576
f 568/712/577 569/713/577 548/687/577 549/686/577
f 529/709/578 530/714/578 527/645/578 528/644/578
f 573/715/579 664/716/579 544/697/579
f 542/711/580 543/699/580 514/633/580 515/669/580
f 561/717/581 570/718/581 547/719/581 556/720/581
f 535/703/582 536/702/582 521/665/582 522/664/582
f 887/721/583 562/722/583 555/723/583
f 543/699/584 664/724/584 514/633/584
f 732/725/585 747/726/585 1124/727/585 1118/728/585
f 569/713/586 559/729/586 558/730/586 548/687/586
f 545/731/587 544/697/587 543/699/587 542/711/587
f 555/723/588 554/732/588 533/695/588 532/694/588
f 558/730/589 557/733/589 530/714/589 529/709/589
f 562/722/590 563/734/590 554/732/590 555/723/590
f 546/735/591 545/731/591 542/711/591 541/688/591
f 567/736/592 568/712/592 549/686/592 550/737/592
f 550/737/593 549/686/593 538/676/593 537/710/593
f 571/738/594 572/739/594 545/731/594 546/735/594
f 548/687/595 558/730/595 529/709/595 539/677/595
f 559/729/596 560/740/596 557/733/596 558/730/596
f 626/741/597 641/742/597 1094/743/597 1093/744/597
f 831/745/552 858/746/552 1151/747/552 1147/748/552
f 887/749/598 555/723/598 532/694/598
f 572/739/599 573/715/599 544/697/599 545/731/599
f 556/720/600 547/719/600 540/689/600 531/650/600
f 565/750/601 566/751/601 551/701/601 552/700/601
f 574/752/602 664/753/602 573/715/602
f 923/754/603 918/755/603 1168/756/603 1173/757/603
f 578/758/604 588/759/604 559/729/604 569/713/604
f 582/760/605 581/761/605 566/751/605 565/750/605
f 601/762/606 602/763/606 575/764/606 576/765/606
f 520/660/564 987/663/564 1064/766/564 1065/767/564
f 575/764/607 574/752/607 573/715/607 572/739/607
f 579/768/608 578/758/608 569/713/608 568/712/608
f 588/759/609 587/769/609 560/740/609 559/729/609
f 589/770/610 590/771/610 587/769/610 588/759/610
f 576/765/611 575/764/611 572/739/611 571/738/611
f 604/638/612 664/772/612 603/773/612
f 580/774/613 579/768/613 568/712/613 567/736/613
f 748/775/564 731/776/564 1119/777/564 1123/778/564
f 602/763/614 603/773/614 574/752/614 575/764/614
f 605/639/615 604/638/615 603/773/615 602/763/615
f 887/779/616 585/780/616 562/722/616
f 616/781/617 591/782/617 1082/783/617 1089/784/617
f 586/785/618 577/786/618 570/718/618 561/717/618
f 618/787/619 617/788/619 590/771/619 589/770/619
f 585/780/620 584/789/620 563/734/620 562/722/620
f 597/790/621 598/791/621 579/768/621 580/774/621
f 612/792/622 611/793/622 596/794/622 595/795/622
f 610/796/623 609/797/623 598/791/623 597/790/623
f 608/798/624 618/787/624 589/770/624 599/799/624
f 512/646/552 527/645/552 1063/800/552 1062/801/552
f 595/795/625 596/794/625 581/761/625 582/760/625
f 887/802/626 615/803/626 592/804/626
f 603/773/627 664/805/627 574/752/627
f 599/799/628 589/770/628 588/759/628 578/758/628
f 692/806/629 667/807/629 668/808/629 691/809/629
f 606/810/630 605/639/630 602/763/630 601/762/630
f 616/781/631 607/811/631 600/812/631 591/782/631
f 598/791/632 599/799/632 578/758/632 579/768/632
f 615/803/633 614/813/633 593/814/633 592/804/633
f 592/804/634 593/814/634 584/789/634 585/780/634
f 609/797/635 608/798/635 599/799/635 598/791/635
f 591/782/636 600/812/636 577/786/636 586/785/636
f 887/815/637 592/804/637 585/780/637
f 963/816/638 938/817/638 939/818/638 962/819/638
f 590/771/552 617/788/552 1088/820/552 1083/821/552
f 625/822/639 626/823/639 611/793/639 612/792/639
f 633/637/640 664/824/640 604/638/640
f 887/825/641 622/826/641 615/803/641
f 645/827/642 644/828/642 623/829/642 622/830/642
f 938/817/643 933/831/643 932/832/643 939/818/643
f 619/833/644 620/834/644 617/788/644 618/787/644
f 628/835/645 629/836/645 608/798/645 609/797/645
f 639/837/646 638/838/646 629/839/646 628/840/646
f 662/841/647 663/842/647 634/843/647 635/844/647
f 622/826/648 623/845/648 614/813/648 615/803/648
f 655/846/649 656/847/649 641/742/649 642/848/649
f 621/849/650 630/850/650 607/811/650 616/781/650
f 635/844/651 634/843/651 633/851/651 632/852/651
f 688/853/564 671/854/564 1103/855/564 1109/856/564
f 526/651/652 966/659/652 1060/857/652 1061/652/652
f 629/836/653 619/833/653 618/787/653 608/798/653
f 627/858/654 628/835/654 609/797/654 610/796/654
f 631/859/655 632/636/655 605/639/655 606/810/655
f 738/860/552 741/861/552 1122/862/552 1121/863/552
f 663/842/656 664/864/656 634/843/656
f 652/865/657 653/866/657 644/828/657 645/827/657
f 651/867/658 660/868/658 637/869/658 646/870/658
f 887/871/659 652/865/659 645/827/659
f 634/843/660 664/872/660 633/851/660
f 801/873/552 828/874/552 1144/875/552 1139/876/552
f 642/848/661 641/742/661 626/741/661 625/877/661
f 646/870/662 637/869/662 630/878/662 621/879/662
f 857/880/663 832/881/663 1146/882/663 1150/883/663
f 658/884/664 659/885/664 638/838/664 639/837/664
f 648/886/665 647/887/665 620/888/665 619/889/665
f 659/885/666 649/890/666 648/886/666 638/838/666
f 636/891/667 635/844/667 632/852/667 631/892/667
f 657/893/668 658/884/668 639/837/668 640/678/668
f 640/678/669 639/837/669 628/840/669 627/679/669
f 661/894/670 662/841/670 635/844/670 636/891/670
f 638/838/671 648/886/671 619/889/671 629/839/671
f 649/890/672 650/895/672 647/887/672 648/886/672
f 610/796/564 597/790/564 1084/896/564 1087/897/564
f 887/898/673 645/827/673 622/830/673
f 665/899/674 664/900/674 663/842/674
f 807/901/675 822/902/675 1143/903/675 1141/904/675
f 669/905/676 679/906/676 649/890/676 659/885/676
f 673/907/677 672/908/677 656/847/677 655/846/677
f 688/853/678 689/909/678 670/910/678 671/854/678
f 666/911/679 665/899/679 663/842/679 662/841/679
f 670/910/680 669/905/680 659/885/680 658/884/680
f 679/906/681 678/912/681 650/895/681 649/890/681
f 700/913/682 699/914/682 690/915/682 689/909/682
f 667/807/683 666/911/683 662/841/683 661/894/683
f 695/916/684 664/917/684 694/918/684
f 671/854/685 670/910/685 658/884/685 657/893/685
f 694/918/686 664/919/686 665/899/686
f 943/920/687 958/921/687 1179/922/687 1174/923/687
f 933/831/688 908/924/688 909/925/688 932/832/688
f 696/926/689 695/916/689 694/918/689 693/927/689
f 887/928/690 676/929/690 652/865/690
f 596/794/691 611/793/691 1086/930/691 1085/931/691
f 677/932/692 668/808/692 660/868/692 651/867/692
f 709/933/693 708/640/693 681/934/693 680/935/693
f 676/929/694 675/936/694 653/866/694 652/865/694
f 690/915/695 680/935/695 679/906/695 669/905/695
f 692/806/696 693/927/696 666/911/696 667/807/696
f 703/937/697 702/938/697 687/939/697 686/940/697
f 701/941/698 700/913/698 689/909/698 688/853/698
f 680/935/699 681/934/699 678/912/699 679/906/699
f 699/914/700 709/933/700 680/935/700 690/915/700
f 678/912/552 681/934/552 1108/942/552 1104/943/552
f 959/944/564 942/945/564 1175/946/564 1178/947/564
f 693/927/701 694/918/701 665/899/701 666/911/701
f 887/948/702 706/949/702 683/950/702
f 686/940/703 687/939/703 672/908/703 673/907/703
f 702/938/704 717/951/704 1115/952/704 1110/953/704
f 697/954/705 696/926/705 693/927/705 692/806/705
f 707/691/706 698/955/706 691/809/706 682/956/706
f 706/949/707 705/957/707 684/958/707 683/950/707
f 689/909/708 690/915/708 669/905/708 670/910/708
f 720/959/709 710/960/709 709/933/709 699/914/709
f 683/950/710 684/958/710 675/936/710 676/929/710
f 718/961/711 719/962/711 700/913/711 701/941/711
f 682/956/712 691/809/712 668/808/712 677/932/712
f 722/963/713 723/964/713 696/926/713 697/954/713
f 887/965/714 683/950/714 676/929/714
f 710/960/715 711/641/715 708/640/715 709/933/715
f 723/964/716 724/966/716 695/916/716 696/926/716
f 716/967/717 717/951/717 702/938/717 703/937/717
f 791/968/564 778/969/564 1131/970/564 1137/971/564
f 750/972/718 740/973/718 739/974/718 729/975/718
f 752/976/719 753/977/719 726/978/719 727/979/719
f 724/966/720 664/980/720 695/916/720
f 712/690/721 721/981/721 698/955/721 707/691/721
f 748/775/722 749/982/722 730/983/722 731/776/722
f 682/956/723 677/932/723 1105/984/723 1107/985/723
f 753/977/724 754/986/724 725/987/724 726/978/724
f 719/962/725 720/959/725 699/914/725 700/913/725
f 730/983/726 729/975/726 720/959/726 719/962/726
f 713/988/727 714/989/727 705/957/727 706/949/727
f 740/973/728 741/861/728 738/860/728 739/974/728
f 754/986/729 664/990/729 725/987/729
f 887/991/730 713/988/730 706/949/730
f 536/702/731 551/701/731 1073/992/731 1069/993/731
f 631/859/732 606/810/732 607/811/732 630/850/732
f 737/994/733 728/995/733 721/981/733 712/690/733
f 726/978/734 725/987/734 724/966/734 723/964/734
f 736/996/735 735/997/735 714/989/735 713/988/735
f 746/998/736 747/726/736 732/725/736 733/999/736
f 749/982/737 750/972/737 729/975/737 730/983/737
f 743/1000/738 744/1001/738 735/997/738 736/996/738
f 636/891/739 631/892/739 630/878/739 637/869/739
f 742/1002/740 751/1003/740 728/995/740 737/994/740
f 887/1004/741 743/1000/741 736/996/741
f 725/987/742 664/1005/742 724/966/742
f 887/1006/743 736/996/743 713/988/743
f 733/999/744 732/725/744 717/951/744 716/967/744
f 893/1007/745 888/1008/745 1160/1009/745 1165/1010/745
f 887/1011/746 766/1012/746 743/1000/746
f 739/974/747 738/860/747 711/641/747 710/960/747
f 767/1013/748 758/1014/748 751/1003/748 742/1002/748
f 727/979/749 726/978/749 723/964/749 722/963/749
f 766/1012/750 765/1015/750 744/1001/750 743/1000/750
f 731/776/751 730/983/751 719/962/751 718/961/751
f 760/1016/752 759/1017/752 750/972/752 749/982/752
f 729/975/753 739/974/753 710/960/753 720/959/753
f 718/961/564 701/941/564 1111/1018/564 1114/1019/564
f 787/683/754 782/1020/754 781/1021/754 788/684/754
f 763/1022/755 762/1023/755 747/726/755 746/998/755
f 769/1024/756 768/672/756 741/861/756 740/973/756
f 586/785/757 561/717/757 1074/1025/757 1081/1026/757
f 782/1020/758 783/1027/758 756/1028/758 757/1029/758
f 755/1030/759 664/1031/759 754/986/759
f 560/740/552 587/769/552 1080/1032/552 1075/1033/552
f 759/1017/760 769/1024/760 740/973/760 750/972/760
f 797/1034/761 788/684/761 781/1021/761 772/1035/761
f 796/1036/762 795/1037/762 774/1038/762 773/1039/762
f 756/1028/763 755/1030/763 754/986/763 753/977/763
f 778/969/764 779/1040/764 760/1016/764 761/1041/764
f 913/1042/765 928/1043/765 1172/1044/765 1166/1045/765
f 793/1046/766 792/1047/766 777/1048/766 776/1049/766
f 757/1029/767 756/1028/767 753/977/767 752/976/767
f 786/1050/768 785/1051/768 784/1052/768 783/1027/768
f 761/1041/769 760/1016/769 749/982/769 748/775/769
f 784/1052/770 664/1053/770 755/1030/770
f 790/1054/771 789/1055/771 780/1056/771 779/1040/771
f 785/1051/772 664/1057/772 784/1052/772
f 787/683/773 786/1050/773 783/1027/773 782/1020/773
f 887/1058/774 773/1039/774 766/1012/774
f 791/968/775 790/1054/775 779/1040/775 778/969/775
f 771/673/552 798/1059/552 1136/1060/552 1130/674/552
f 789/1055/776 799/1061/776 770/1062/776 780/1056/776
f 780/1056/777 770/1062/777 769/1024/777 759/1017/777
f 799/1061/778 798/1059/778 771/673/778 770/1062/778
f 647/887/552 650/895/552 1101/1063/552 1096/1064/552
f 770/1062/779 771/673/779 768/672/779 769/1024/779
f 810/1065/780 800/1066/780 799/1061/780 789/1055/780
f 986/666/781 521/665/781 1058/1067/781 1059/1068/781
f 808/706/782 809/1069/782 790/1054/782 791/968/782
f 783/1027/783 784/1052/783 755/1030/783 756/1028/783
f 812/682/784 813/1070/784 786/1050/784 787/683/784
f 776/1049/785 777/1048/785 762/1023/785 763/1022/785
f 887/1071/786 796/1036/786 773/1039/786
f 741/861/552 768/672/552 1129/675/552 1122/862/552
f 887/1072/787 803/1073/787 796/1036/787
f 580/774/564 567/736/564 1076/1074/564 1079/1075/564
f 813/1070/788 814/1076/788 785/1051/788 786/1050/788
f 779/1040/789 780/1056/789 759/1017/789 760/1016/789
f 806/1077/790 807/901/790 792/1047/790 793/1046/790
f 773/1039/791 774/1038/791 765/1015/791 766/1012/791
f 814/1076/792 664/1078/792 785/1051/792
f 772/1035/793 781/1021/793 758/1014/793 767/1013/793
f 802/1079/794 811/685/794 788/684/794 797/1034/794
f 782/1020/795 757/1029/795 758/1014/795 781/1021/795
f 809/1069/796 810/1065/796 789/1055/796 790/1054/796
f 777/1048/797 792/1047/797 1135/1080/797 1132/1081/797
f 820/1082/798 819/1083/798 810/1065/798 809/1069/798
f 803/1073/799 804/1084/799 795/1037/799 796/1036/799
f 843/1085/800 844/1086/800 815/1087/800 816/1088/800
f 844/1086/801 664/1089/801 815/1087/801
f 819/1083/802 829/1090/802 800/1066/802 810/1065/802
f 823/1091/803 822/902/803 807/901/803 806/1077/803
f 887/1092/804 826/1093/804 803/1073/804
f 836/1094/805 837/1095/805 822/902/805 823/1091/805
f 661/894/806 636/891/806 637/869/806 660/868/806
f 827/1096/807 818/1097/807 811/685/807 802/1079/807
f 826/1093/808 825/1098/808 804/1084/808 803/1073/808
f 833/1099/809 834/1100/809 825/1098/809 826/1093/809
f 847/1101/810 846/1102/810 843/1085/810 842/1103/810
f 908/924/811 903/1104/811 902/1105/811 909/925/811
f 856/1106/812 855/1107/812 834/1100/812 833/1099/812
f 851/1108/813 850/1109/813 839/1110/813 838/1111/813
f 815/1087/814 664/1112/814 814/1076/814
f 853/1113/815 852/1114/815 837/1095/815 836/1094/815
f 816/1088/816 815/1087/816 814/1076/816 813/1070/816
f 839/1110/817 840/1115/817 819/1083/817 820/1082/817
f 929/1116/564 912/1117/564 1167/1118/564 1171/1119/564
f 827/1096/818 802/1079/818 1138/1120/818 1142/1121/818
f 829/1090/819 828/874/819 801/873/819 800/1066/819
f 857/880/820 848/1122/820 841/1123/820 832/881/820
f 817/1124/821 816/1088/821 813/1070/821 812/682/821
f 850/1109/822 849/1125/822 840/1115/822 839/1110/822
f 821/705/823 820/1082/823 809/1069/823 808/706/823
f 767/1013/824 742/1002/824 1125/1126/824 1128/1127/824
f 832/881/825 841/1123/825 818/1097/825 827/1096/825
f 887/1128/826 833/1099/826 826/1093/826
f 566/751/827 581/761/827 1078/1129/827 1077/1130/827
f 859/1131/828 858/746/828 831/745/828 830/1132/828
f 840/1115/829 830/1132/829 829/1090/829 819/1083/829
f 845/1133/830 664/1134/830 844/1086/830
f 838/1111/831 839/1110/831 820/1082/831 821/705/831
f 849/1125/832 859/1131/832 830/1132/832 840/1115/832
f 842/1103/833 843/1085/833 816/1088/833 817/1124/833
f 887/1135/834 856/1106/834 833/1099/834
f 830/1132/835 831/745/835 828/874/835 829/1090/835
f 846/1102/836 845/1133/836 844/1086/836 843/1085/836
f 657/893/564 640/678/564 1095/681/564 1100/1136/564
f 872/1137/837 873/1138/837 846/1102/837 847/1101/837
f 866/1139/838 867/1140/838 852/1114/838 853/1113/838
f 870/1141/839 860/1142/839 859/1131/839 849/1125/839
f 890/1143/840 889/1144/840 861/1145/840 860/1142/840
f 881/1146/841 880/1147/841 869/1148/841 868/1149/841
f 868/1149/842 869/1148/842 850/1109/842 851/1108/842
f 869/1148/843 870/1141/843 849/1125/843 850/1109/843
f 860/1142/844 861/1145/844 858/746/844 859/1131/844
f 877/1150/845 876/1151/845 873/1138/845 872/1137/845
f 919/1152/552 922/1153/552 1170/1154/552 1169/1155/552
f 858/746/552 861/1145/552 1157/1156/552 1151/747/552
f 887/1157/846 886/1158/846 863/1159/846
f 873/1138/847 874/1160/847 845/1133/847 846/1102/847
f 886/1158/848 885/1161/848 864/1162/848 863/1159/848
f 874/1160/849 664/1163/849 845/1133/849
f 879/1164/850 890/1143/850 860/1142/850 870/1141/850
f 901/1165/851 891/1166/851 890/1143/851 879/1164/851
f 899/1167/852 900/1168/852 880/1147/852 881/1146/852
f 903/1104/853 904/1169/853 876/1151/853 877/1150/853
f 894/1170/854 895/1171/854 885/1161/854 886/1158/854
f 863/1159/855 864/1162/855 855/1107/855 856/1106/855
f 862/1172/856 857/880/856 1150/883/856 1156/1173/856
f 672/908/857 687/939/857 1106/1174/857 1102/1175/857
f 862/1172/858 871/1176/858 848/1122/858 857/880/858
f 904/1169/859 905/1177/859 875/1178/859 876/1151/859
f 887/1179/860 863/1159/860 856/1106/860
f 897/1180/861 898/1181/861 882/1182/861 883/1183/861
f 761/1041/564 748/775/564 1123/778/564 1127/1184/564
f 905/1177/862 664/1185/862 875/1178/862
f 888/1008/863 878/1186/863 871/1176/863 862/1172/863
f 611/793/864 626/823/864 1093/1187/864 1086/930/864
f 880/1147/865 879/1164/865 870/1141/865 869/1148/865
f 891/1166/866 892/1188/866 889/1144/866 890/1143/866
f 800/1066/867 801/873/867 798/1059/867 799/1061/867
f 757/1029/868 752/976/868 751/1003/868 758/1014/868
f 875/1178/869 664/1189/869 874/1160/869
f 900/1168/870 901/1165/870 879/1164/870 880/1147/870
f 883/1183/871 882/1182/871 867/1140/871 866/1139/871
f 893/1007/872 902/1105/872 878/1186/872 888/1008/872
f 876/1151/873 875/1178/873 874/1160/873 873/1138/873
f 887/1190/874 894/1170/874 886/1158/874
f 887/1191/875 917/1192/875 894/1170/875
f 911/1193/876 910/1194/876 901/1165/876 900/1168/876
f 906/1195/877 664/1196/877 905/1177/877
f 918/755/878 909/925/878 902/1105/878 893/1007/878
f 930/1197/879 931/1198/879 910/1194/879 911/1193/879
f 917/1192/880 916/1199/880 895/1171/880 894/1170/880
f 908/924/881 907/1200/881 904/1169/881 903/1104/881
f 923/754/882 932/832/882 909/925/882 918/755/882
f 903/1104/883 877/1150/883 878/1186/883 902/1105/883
f 941/1201/884 940/1202/884 931/1198/884 930/1197/884
f 931/1198/885 921/1203/885 920/1204/885 910/1194/885
f 914/1205/886 913/1042/886 898/1181/886 897/1180/886
f 924/1206/887 925/1207/887 916/1199/887 917/1192/887
f 601/762/888 576/765/888 577/786/888 600/812/888
f 907/1200/889 906/1195/889 905/1177/889 904/1169/889
f 952/1208/552 980/1209/552 1185/1210/552 1181/1211/552
f 936/1212/890 664/1213/890 935/1214/890
f 920/1204/891 919/1152/891 892/1188/891 891/1166/891
f 947/1215/892 946/1216/892 925/1207/892 924/1206/892
f 912/1117/893 911/1193/893 900/1168/893 899/1167/893
f 937/1217/894 936/1212/894 935/1214/894 934/1218/894
f 910/1194/895 920/1204/895 891/1166/895 901/1165/895
f 651/867/896 646/870/896 1097/1219/896 1099/1220/896
f 556/720/897 531/650/897 1066/653/897 1072/1221/897
f 950/1222/898 949/1223/898 922/1153/898 921/1203/898
f 887/1224/899 924/1206/899 917/1192/899
f 938/817/900 937/1217/900 934/1218/900 933/831/900
f 627/858/564 610/796/564 1087/897/564 1092/1225/564
f 929/1116/901 930/1197/901 911/1193/901 912/1117/901
f 944/1226/902 943/920/902 928/1043/902 927/1227/902
f 525/655/903 524/696/903 983/1228/903 982/656/903
f 933/831/904 934/1218/904 907/1200/904 908/924/904
f 887/1229/905 982/656/905 978/1230/905
f 921/1203/906 922/1153/906 919/1152/906 920/1204/906
f 942/945/907 941/1201/907 930/1197/907 929/1116/907
f 882/1182/908 898/1181/908 1164/1231/908 1158/1232/908
f 940/1202/909 950/1222/909 921/1203/909 931/1198/909
f 934/1218/910 935/1214/910 906/1195/910 907/1200/910
f 979/1233/911 953/1234/911 1180/1235/911 1184/1236/911
f 927/1227/912 928/1043/912 913/1042/912 914/1205/912
f 887/1237/913 947/1215/913 924/1206/913
f 935/1214/914 664/1238/914 906/1195/914
f 948/1239/915 939/818/915 932/832/915 923/754/915
f 961/1240/916 951/1241/916 950/1222/916 940/1202/916
f 951/1241/917 952/1208/917 949/1223/917 950/1222/917
f 965/1242/918 664/1243/918 936/1212/918
f 959/944/919 960/1244/919 941/1201/919 942/945/919
f 973/1245/920 972/1246/920 960/1244/920 959/944/920
f 530/714/552 557/733/552 1071/1247/552 1067/1248/552
f 963/816/921 964/1249/921 937/1217/921 938/817/921
f 954/1250/922 955/1251/922 946/1216/922 947/1215/922
f 797/1034/923 772/1035/923 1133/1252/923 1134/1253/923
f 971/1254/924 981/1255/924 951/1241/924 961/1240/924
f 964/1249/925 965/1242/925 936/1212/925 937/1217/925
f 989/649/926 513/647/926 981/1255/926 971/1254/926
f 957/1256/927 958/921/927 943/920/927 944/1226/927
f 972/1246/928 971/1254/928 961/1240/928 960/1244/928
f 887/1257/929 978/1230/929 954/1250/929
f 988/662/930 989/649/930 971/1254/930 972/1246/930
f 606/810/931 601/762/931 600/812/931 607/811/931
f 711/641/552 738/860/552 1121/863/552 1117/642/552
f 960/1244/932 961/1240/932 940/1202/932 941/1201/932
f 969/1258/933 968/1259/933 964/1249/933 963/816/933
f 953/1234/934 962/819/934 939/818/934 948/1239/934
f 513/647/935 512/646/935 980/1209/935 981/1255/935
f 887/1260/936 954/1250/936 947/1215/936
f 982/656/937 983/1228/937 977/1261/937 978/1230/937
f 747/726/938 762/1023/938 1126/1262/938 1124/727/938
f 1056/670/939 1057/635/939 967/1263/939 968/1259/939
f 979/1233/940 970/1264/940 962/819/940 953/1234/940
f 966/659/941 990/658/941 970/1264/941 979/1233/941
f 978/1230/942 977/1261/942 955/1251/942 954/1250/942
f 981/1255/943 980/1209/943 952/1208/943 951/1241/943
f 1055/671/944 1056/670/944 968/1259/944 969/1258/944
f 967/1263/945 664/1265/945 965/1242/945
f 975/1266/946 974/1267/946 958/921/946 957/1256/946
f 968/1259/947 967/1263/947 965/1242/947 964/1249/947
f 617/788/552 620/834/552 1091/1268/552 1088/820/552
f 991/1269/948 992/1270/948 994/1271/948 993/1272/948
f 993/1272/949 994/1271/949 996/1273/949 995/1274/949
f 995/1274/950 996/1273/950 998/1275/950 997/1276/950
f 997/1276/951 998/1275/951 1000/1277/951 999/1278/951
f 999/1278/952 1000/1277/952 1002/1279/952 1001/1280/952
f 1001/1280/953 1002/1279/953 1004/1281/953 1003/1282/953
f 1003/1282/954 1004/1281/954 1006/1283/954 1005/1284/954
f 1005/1284/955 1006/1283/955 1008/1285/955 1007/1286/955
f 1007/1286/956 1008/1285/956 1010/1287/956 1009/1288/956
f 1009/1288/957 1010/1287/957 1012/1289/957 1011/1290/957
f 1011/1290/958 1012/1289/958 1014/1291/958 1013/1292/958
f 1013/1292/959 1014/1291/959 1016/1293/959 1015/1294/959
f 1015/1294/960 1016/1293/960 1018/1295/960 1017/1296/960
f 1017/1296/961 1018/1295/961 1020/1297/961 1019/1298/961
f 1019/1298/962 1020/1297/962 1022/1299/962 1021/1300/962
f 1021/1300/963 1022/1299/963 1024/1301/963 1023/1302/963
f 1023/1302/964 1024/1301/964 1026/1303/964 1025/1304/964
f 1025/1304/965 1026/1303/965 1028/1305/965 1027/1306/965
f 1027/1306/966 1028/1305/966 1030/1307/966 1029/1308/966
f 1029/1308/967 1030/1307/967 1032/1309/967 1031/1310/967
f 1031/1310/968 1032/1309/968 1034/1311/968 1033/1312/968
f 1033/1312/969 1034/1311/969 1036/1313/969 1035/1314/969
f 1035/1314/970 1036/1313/970 1038/1315/970 1037/1316/970
f 1037/1316/971 1038/1315/971 1040/1317/971 1039/1318/971
f 1039/1318/972 1040/1317/972 1042/1319/972 1041/1320/972
f 1041/1320/973 1042/1319/973 1044/1321/973 1043/1322/973
f 1043/1322/974 1044/1321/974 1046/1323/974 1045/1324/974
f 1045/1324/975 1046/1323/975 1048/1325/975 1047/1326/975
f 1047/1326/976 1048/1325/976 1050/1327/976 1049/1328/976
f 1049/1328/977 1050/1327/977 1052/1329/977 1051/1330/977
f 994/1331/978 992/1332/978 1054/1333/978 1052/1334/978 1050/1335/978 1048/1336/978 1046/1337/978 1044/1338/978 1042/1339/978 1040/1340/978 1038/1341/978 1036/1342/978 1034/1343/978 1032/1344/978 1030/1345/978 1028/1346/978 1026/1347/978 1024/1348/978 1022/1349/978 1020/1350/978 1018/1351/978 1016/1352/978 1014/1353/978 1012/1354/978 1010/1355/978 1008/1356/978 1006/1357/978 1004/1358/978 1002/1359/978 1000/1360/978 998/1361/978 996/1362/978
f 1051/1330/979 1052/1329/979 1054/1363/979 1053/1364/979
f 1053/1364/980 1054/1363/980 992/1365/980 991/1366/980
f 991/1367/981 993/1368/981 995/1369/981 997/1370/981 999/1371/981 1001/1372/981 1003/1373/981 1005/1374/981 1007/1375/981 1009/1376/981 1011/1377/981 1013/1378/981 1015/1379/981 1017/1380/981 1019/1381/981 1021/1382/981 1023/1383/981 1025/1384/981 1027/1385/981 1029/1386/981 1031/1387/981 1033/1388/981 1035/1389/981 1037/1390/981 1039/1391/981 1041/1392/981 1043/1393/981 1045/1394/981 1047/1395/981 1049/1396/981 1051/1397/981 1053/1398/981
f 985/667/982 986/666/982 974/1267/982 975/1266/982
f 899/1167/564 881/1146/564 1159/1399/564 1163/1400/564
f 987/663/983 988/662/983 972/1246/983 973/1245/983
f 1057/635/984 664/1401/984 967/1263/984
f 1058/1067/985 1065/767/985 1064/766/985 1059/1068/985
f 1063/800/986 1061/652/986 1060/857/986 1062/801/986
f 1115/952/987 1114/1019/987 1111/1018/987 1110/953/987
f 1067/1248/988 1066/653/988 1061/652/988 1063/800/988
f 1069/993/989 1068/1402/989 1065/767/989 1058/1067/989
f 1073/992/990 1070/1403/990 1068/1402/990 1069/993/990
f 1075/1033/991 1074/1025/991 1072/1221/991 1071/1247/991
f 1071/1247/992 1072/1221/992 1066/653/992 1067/1248/992
f 1077/1130/993 1076/1074/993 1070/1403/993 1073/992/993
f 1078/1129/994 1079/1075/994 1076/1074/994 1077/1130/994
f 1085/931/995 1084/896/995 1079/1075/995 1078/1129/995
f 1080/1032/996 1081/1026/996 1074/1025/996 1075/1033/996
f 1086/930/997 1087/897/997 1084/896/997 1085/931/997
f 1088/820/998 1089/784/998 1082/783/998 1083/821/998
f 1083/821/999 1082/783/999 1081/1026/999 1080/1032/999
f 1091/1268/1000 1090/1404/1000 1089/784/1000 1088/820/1000
f 1098/1405/1001 1100/1136/1001 1095/681/1001 1094/743/1001
f 1093/1187/1002 1092/1225/1002 1087/897/1002 1086/930/1002
f 1101/1063/1003 1099/1220/1003 1097/1219/1003 1096/1064/1003
f 1094/743/1004 1095/681/1004 1092/680/1004 1093/744/1004
f 1096/1064/1005 1097/1219/1005 1090/1406/1005 1091/1407/1005
f 1102/1175/1006 1103/855/1006 1100/1136/1006 1098/1405/1006
f 1104/943/1007 1105/984/1007 1099/1220/1007 1101/1063/1007
f 1110/953/1008 1111/1018/1008 1109/856/1008 1106/1174/1008
f 1106/1174/1009 1109/856/1009 1103/855/1009 1102/1175/1009
f 1112/643/1010 1113/692/1010 1107/985/1010 1108/942/1010
f 1108/942/1011 1107/985/1011 1105/984/1011 1104/943/1011
f 1122/862/1012 1125/1126/1012 1120/1408/1012 1121/863/1012
f 1124/727/1013 1123/778/1013 1119/777/1013 1118/728/1013
f 1117/642/1014 1116/693/1014 1113/692/1014 1112/643/1014
f 1118/728/1015 1119/777/1015 1114/1019/1015 1115/952/1015
f 1121/863/1016 1120/1408/1016 1116/693/1016 1117/642/1016
f 1129/675/1017 1128/1127/1017 1125/1126/1017 1122/862/1017
f 1126/1262/1018 1127/1184/1018 1123/778/1018 1124/727/1018
f 1136/1060/1019 1134/1253/1019 1133/1252/1019 1130/674/1019
f 1130/674/1020 1133/1252/1020 1128/1127/1020 1129/675/1020
f 1139/876/1021 1138/1120/1021 1134/1253/1021 1136/1060/1021
f 1132/1081/1022 1131/970/1022 1127/1184/1022 1126/1262/1022
f 1135/1080/1023 1137/971/1023 1131/970/1023 1132/1081/1023
f 1141/904/1024 1140/707/1024 1137/971/1024 1135/1080/1024
f 1144/875/1025 1142/1121/1025 1138/1120/1025 1139/876/1025
f 1151/747/1026 1150/883/1026 1146/882/1026 1147/748/1026
f 1143/903/1027 1145/708/1027 1140/707/1027 1141/904/1027
f 1149/1409/1028 1148/1410/1028 1145/708/1028 1143/903/1028
f 1147/748/1029 1146/882/1029 1142/1121/1029 1144/875/1029
f 1153/1411/1030 1152/1412/1030 1148/1410/1030 1149/1409/1030
f 1161/1413/1031 1160/1009/1031 1156/1173/1031 1157/1156/1031
f 1155/1414/1032 1154/1415/1032 1152/1412/1032 1153/1411/1032
f 1162/1416/1033 1165/1010/1033 1160/1009/1033 1161/1413/1033
f 1164/1231/1034 1163/1400/1034 1159/1399/1034 1158/1232/1034
f 1157/1156/1035 1156/1173/1035 1150/883/1035 1151/747/1035
f 1158/1232/1036 1159/1399/1036 1154/1415/1036 1155/1414/1036
f 1166/1045/1037 1167/1118/1037 1163/1400/1037 1164/1231/1037
f 1174/923/1038 1175/946/1038 1171/1119/1038 1172/1044/1038
f 1169/1155/1039 1168/756/1039 1165/1010/1039 1162/1416/1039
f 1170/1154/1040 1173/757/1040 1168/756/1040 1169/1155/1040
f 1172/1044/1041 1171/1119/1041 1167/1118/1041 1166/1045/1041
f 1176/1417/1042 1177/1418/1042 1173/757/1042 1170/1154/1042
f 1185/1210/1043 1184/1236/1043 1180/1235/1043 1181/1211/1043
f 1179/922/1044 1178/947/1044 1175/946/1044 1174/923/1044
f 1062/801/1045 1060/857/1045 1184/1236/1045 1185/1210/1045
f 1181/1211/1046 1180/1235/1046 1177/1418/1046 1176/1417/1046
f 1182/1419/1047 1183/1420/1047 1178/947/1047 1179/922/1047
f 1059/1068/1048 1064/766/1048 1183/1420/1048 1182/1419/1048
f 620/888/552 647/887/552 1096/1064/552 1091/1407/552
f 778/969/564 761/1041/564 1127/1184/564 1131/970/564
f 953/1234/1049 948/1239/1049 1177/1418/1049 1180/1235/1049
f 867/1140/1050 882/1182/1050 1158/1232/1050 1155/1414/1050
f 966/659/1051 979/1233/1051 1184/1236/1051 1060/857/1051
f 949/1223/552 952/1208/552 1181/1211/552 1176/1417/552
f 980/1209/552 512/646/552 1062/801/552 1185/1210/552
f 851/1108/564 838/1111/564 1148/1410/564 1152/1412/564
f 646/870/1052 621/879/1052 1090/1406/1052 1097/1219/1052
f 762/1023/1053 777/1048/1053 1132/1081/1053 1126/1262/1053
f 656/847/1054 672/908/1054 1102/1175/1054 1098/1405/1054
f 527/645/552 530/714/552 1067/1248/552 1063/800/552
f 837/1095/1055 852/1114/1055 1153/1411/1055 1149/1409/1055
f 742/1002/1056 737/994/1056 1120/1408/1056 1125/1126/1056
f 881/1146/564 868/1149/564 1154/1415/564 1159/1399/564
f 802/1079/1057 797/1034/1057 1134/1253/1057 1138/1120/1057
f 537/710/564 520/660/564 1065/767/564 1068/1402/564
f 987/663/564 973/1245/564 1183/1420/564 1064/766/564
f 798/1059/552 801/873/552 1139/876/552 1136/1060/552
f 671/854/564 657/893/564 1100/1136/564 1103/855/564
f 974/1267/1058 986/666/1058 1059/1068/1058 1182/1419/1058
f 561/717/1059 556/720/1059 1072/1221/1059 1074/1025/1059
f 521/665/1060 536/702/1060 1069/993/1060 1058/1067/1060
f 888/1008/1061 862/1172/1061 1156/1173/1061 1160/1009/1061
f 808/706/564 791/968/564 1137/971/564 1140/707/564
f 650/895/552 678/912/552 1104/943/552 1101/1063/552
f 861/1145/552 889/1144/552 1161/1413/552 1157/1156/552
f 898/1181/1062 913/1042/1062 1166/1045/1062 1164/1231/1062
f 677/932/1063 651/867/1063 1099/1220/1063 1105/984/1063
f 792/1047/1064 807/901/1064 1141/904/1064 1135/1080/1064
f 557/733/552 560/740/552 1075/1033/552 1071/1247/552
f 687/939/1065 702/938/1065 1110/953/1065 1106/1174/1065
f 772/1035/1066 767/1013/1066 1128/1127/1066 1133/1252/1066
f 567/736/564 550/737/564 1070/1403/564 1076/1074/564
f 832/881/1067 827/1096/1067 1142/1121/1067 1146/882/1067
f 928/1043/1068 943/920/1068 1174/923/1068 1172/1044/1068
f 912/1117/564 899/1167/564 1163/1400/564 1167/1118/564
f 828/874/552 831/745/552 1147/748/552 1144/875/552
f 591/782/1069 586/785/1069 1081/1026/1069 1082/783/1069
f 551/701/1070 566/751/1070 1077/1130/1070 1073/992/1070
f 701/941/564 688/853/564 1109/856/564 1111/1018/564
f 838/1111/564 821/705/564 1145/708/564 1148/1410/564
f 918/755/1071 893/1007/1071 1165/1010/1071 1168/756/1071
f 942/945/564 929/1116/564 1171/1119/564 1175/946/564
f 892/1188/552 919/1152/552 1169/1155/552 1162/1416/552
f 681/934/552 708/640/552 1112/643/552 1108/942/552
f 822/902/1072 837/1095/1072 1149/1409/1072 1143/903/1072
f 587/769/552 590/771/552 1083/821/552 1080/1032/552
f 717/951/1073 732/725/1073 1118/728/1073 1115/952/1073
f 868/1149/564 851/1108/564 1152/1412/564 1154/1415/564
f 707/691/1074 682/956/1074 1107/985/1074 1113/692/1074
f 922/1153/552 949/1223/552 1176/1417/552 1170/1154/552
f 597/790/564 580/774/564 1079/1075/564 1084/896/564
f 581/761/1075 596/794/1075 1085/931/1075 1078/1129/1075
f 852/1114/1076 867/1140/1076 1155/1414/1076 1153/1411/1076
f 958/921/1077 974/1267/1077 1182/1419/1077 1179/922/1077
f 621/849/1078 616/781/1078 1089/784/1078 1090/1404/1078
f 948/1239/1079 923/754/1079 1173/757/1079 1177/1418/1079
f 641/742/1080 656/847/1080 1098/1405/1080 1094/743/1080
f 731/776/564 718/961/564 1114/1019/564 1119/777/564
f 889/1144/552 892/1188/552 1162/1416/552 1161/1413/552
f 973/1245/564 959/944/564 1178/947/564 1183/1420/564
f 550/737/564 537/710/564 1068/1402/564 1070/1403/564
f 737/994/1081 712/690/1081 1116/693/1081 1120/1408/1081
f 697/954/1082 692/806/1082 691/809/1082 698/955/1082
f 817/1124/1083 812/682/1083 811/685/1083 818/1097/1083
f 969/1258/1084 963/816/1084 962/819/1084 970/1264/1084
f 667/807/1085 661/894/1085 660/868/1085 668/808/1085
f 546/735/1086 541/688/1086 540/689/1086 547/719/1086
f 722/963/1087 697/954/1087 698/955/1087 721/981/1087
f 872/1137/1088 847/1101/1088 848/1122/1088 871/1176/1088
f 1055/671/1089 969/1258/1089 970/1264/1089 990/658/1089
f 571/738/1090 546/735/1090 547/719/1090 570/718/1090
f 576/765/1091 571/738/1091 570/718/1091 577/786/1091
f 847/1101/1092 842/1103/1092 841/1123/1092 848/1122/1092
f 842/1103/1093 817/1124/1093 818/1097/1093 841/1123/1093
f 727/979/1094 722/963/1094 721/981/1094 728/995/1094
f 877/1150/1095 872/1137/1095 871/1176/1095 878/1186/1095
f 516/668/1096 1055/671/1096 990/658/1096 517/657/1096
f 752/976/1097 727/979/1097 728/995/1097 751/1003/1097
usemtl Color_3
f 524/696/1098 523/1421/1098 984/1422/1098 983/1228/1098
f 523/1421/1099 522/664/1099 985/667/1099 984/1422/1099
f 533/695/1100 534/1423/1100 523/1421/1100 524/696/1100
f 554/732/1101 553/1424/1101 534/1423/1101 533/695/1101
f 553/1424/1102 552/700/1102 535/703/1102 534/1423/1102
f 563/734/1103 564/1425/1103 553/1424/1103 554/732/1103
f 564/1425/1104 565/750/1104 552/700/1104 553/1424/1104
f 534/1423/1105 535/703/1105 522/664/1105 523/1421/1105
f 613/1426/1106 612/792/1106 595/795/1106 594/1427/1106
f 594/1427/1107 595/795/1107 582/760/1107 583/1428/1107
f 584/789/1108 583/1428/1108 564/1425/1108 563/734/1108
f 583/1428/1109 582/760/1109 565/750/1109 564/1425/1109
f 593/814/1110 594/1427/1110 583/1428/1110 584/789/1110
f 614/813/1111 613/1426/1111 594/1427/1111 593/814/1111
f 623/845/1112 624/1429/1112 613/1426/1112 614/813/1112
f 624/1429/1113 625/822/1113 612/792/1113 613/1426/1113
f 644/828/1114 643/1430/1114 624/1431/1114 623/829/1114
f 654/1432/1115 655/846/1115 642/848/1115 643/1430/1115
f 653/866/1116 654/1432/1116 643/1430/1116 644/828/1116
f 674/1433/1117 673/907/1117 655/846/1117 654/1432/1117
f 643/1430/1118 642/848/1118 625/877/1118 624/1431/1118
f 675/936/1119 674/1433/1119 654/1432/1119 653/866/1119
f 705/957/1120 704/1434/1120 685/1435/1120 684/958/1120
f 704/1434/1121 703/937/1121 686/940/1121 685/1435/1121
f 685/1435/1122 686/940/1122 673/907/1122 674/1433/1122
f 684/958/1123 685/1435/1123 674/1433/1123 675/936/1123
f 715/1436/1124 716/967/1124 703/937/1124 704/1434/1124
f 714/989/1125 715/1436/1125 704/1434/1125 705/957/1125
f 745/1437/1126 746/998/1126 733/999/1126 734/1438/1126
f 735/997/1127 734/1438/1127 715/1436/1127 714/989/1127
f 734/1438/1128 733/999/1128 716/967/1128 715/1436/1128
f 744/1001/1129 745/1437/1129 734/1438/1129 735/997/1129
f 775/1439/1130 776/1049/1130 763/1022/1130 764/1440/1130
f 765/1015/1131 764/1440/1131 745/1437/1131 744/1001/1131
f 764/1440/1132 763/1022/1132 746/998/1132 745/1437/1132
f 795/1037/1133 794/1441/1133 775/1439/1133 774/1038/1133
f 805/1442/1134 806/1077/1134 793/1046/1134 794/1441/1134
f 794/1441/1135 793/1046/1135 776/1049/1135 775/1439/1135
f 774/1038/1136 775/1439/1136 764/1440/1136 765/1015/1136
f 804/1084/1137 805/1442/1137 794/1441/1137 795/1037/1137
f 834/1100/1138 835/1443/1138 824/1444/1138 825/1098/1138
f 825/1098/1139 824/1444/1139 805/1442/1139 804/1084/1139
f 835/1443/1140 836/1094/1140 823/1091/1140 824/1444/1140
f 824/1444/1141 823/1091/1141 806/1077/1141 805/1442/1141
f 854/1445/1142 853/1113/1142 836/1094/1142 835/1443/1142
f 855/1107/1143 854/1445/1143 835/1443/1143 834/1100/1143
f 865/1446/1144 866/1139/1144 853/1113/1144 854/1445/1144
f 864/1162/1145 865/1446/1145 854/1445/1145 855/1107/1145
f 885/1161/1146 884/1447/1146 865/1446/1146 864/1162/1146
f 896/1448/1147 897/1180/1147 883/1183/1147 884/1447/1147
f 884/1447/1148 883/1183/1148 866/1139/1148 865/1446/1148
f 895/1171/1149 896/1448/1149 884/1447/1149 885/1161/1149
f 916/1199/1150 915/1449/1150 896/1448/1150 895/1171/1150
f 925/1207/1151 926/1450/1151 915/1449/1151 916/1199/1151
f 915/1449/1152 914/1205/1152 897/1180/1152 896/1448/1152
f 945/1451/1153 944/1226/1153 927/1227/1153 926/1450/1153
f 946/1216/1154 945/1451/1154 926/1450/1154 925/1207/1154
f 926/1450/1155 927/1227/1155 914/1205/1155 915/1449/1155
f 984/1422/1156 985/667/1156 975/1266/1156 976/1452/1156
f 956/1453/1157 957/1256/1157 944/1226/1157 945/1451/1157
f 955/1251/1158 956/1453/1158 945/1451/1158 946/1216/1158
f 983/1228/1159 984/1422/1159 976/1452/1159 977/1261/1159
f 977/1261/1160 976/1452/1160 956/1453/1160 955/1251/1160
f 976/1452/1161 975/1266/1161 957/1256/1161 956/1453/1161
o Plane.002_Plane
v 1.599999 -3.600899 0.067534
v 0.999999 -3.600899 0.068303
v 1.599999 -2.000899 0.067534
v 0.999999 -2.000899 0.068303
v 3.999997 -4.200899 0.064457
v 0.899999 -4.200899 0.068432
v 3.999997 -1.900898 0.064457
v 0.899999 -1.900898 0.068432
v 1.699998 -2.000899 0.067406
v 2.299998 -2.000899 0.066637
v 1.699998 -3.600899 0.067406
v 2.299998 -3.600899 0.066637
v 3.199997 -3.600899 0.065483
v 2.599998 -3.600899 0.066252
v 3.199997 -2.000899 0.065483
v 2.599998 -2.000899 0.066252
v 3.299997 -2.000899 0.065355
v 3.899997 -2.000899 0.064586
v 3.299997 -3.600899 0.065355
v 3.899997 -3.600899 0.064586
v 1.156200 -4.059535 0.068103
v 1.126427 -4.059535 0.068141
v 0.999999 -3.763530 0.068303
v 1.043149 -3.763530 0.068248
v 1.080257 -3.850260 0.068200
v 1.205390 -3.850260 0.068040
v 1.244656 -3.763530 0.067990
v 1.287805 -3.763530 0.067934
v 1.140666 -3.994810 0.068123
v 1.188130 -3.888231 0.068062
v 1.096654 -3.888231 0.068179
v 1.317578 -3.957270 0.067896
v 1.317578 -3.763530 0.067896
v 1.355981 -3.763530 0.067847
v 1.355981 -3.864931 0.067847
v 1.356404 -3.873082 0.067846
v 1.357637 -3.880878 0.067845
v 1.359629 -3.888252 0.067842
v 1.362326 -3.895135 0.067839
v 1.365676 -3.901462 0.067835
v 1.369627 -3.907163 0.067830
v 1.374127 -3.912172 0.067824
v 1.379122 -3.916422 0.067817
v 1.384561 -3.919845 0.067810
v 1.390391 -3.922373 0.067803
v 1.396559 -3.923940 0.067795
v 1.403014 -3.924477 0.067787
v 1.405400 -3.924317 0.067784
v 1.408004 -3.923850 0.067780
v 1.410794 -3.923088 0.067777
v 1.413738 -3.922048 0.067773
v 1.416800 -3.920744 0.067769
v 1.419950 -3.919191 0.067765
v 1.423154 -3.917405 0.067761
v 1.426379 -3.915400 0.067757
v 1.429592 -3.913190 0.067753
v 1.432759 -3.910793 0.067749
v 1.435849 -3.908221 0.067745
v 1.438828 -3.905491 0.067741
v 1.459108 -3.938716 0.067715
v 1.455143 -3.942330 0.067720
v 1.451224 -3.945622 0.067725
v 1.447343 -3.948593 0.067730
v 1.443495 -3.951245 0.067735
v 1.439670 -3.953580 0.067740
v 1.435862 -3.955598 0.067745
v 1.432062 -3.957302 0.067749
v 1.428264 -3.958693 0.067754
v 1.424461 -3.959772 0.067759
v 1.420643 -3.960541 0.067764
v 1.416805 -3.961001 0.067769
v 1.412939 -3.961154 0.067774
v 1.408399 -3.960854 0.067780
v 1.403839 -3.959941 0.067786
v 1.399259 -3.958396 0.067792
v 1.394656 -3.956200 0.067797
v 1.390029 -3.953332 0.067803
v 1.385377 -3.949773 0.067809
v 1.380697 -3.945504 0.067815
v 1.375990 -3.940506 0.067821
v 1.371252 -3.934758 0.067827
v 1.366483 -3.928242 0.067834
v 1.361681 -3.920938 0.067840
v 1.356844 -3.912827 0.067846
v 1.355981 -3.912827 0.067847
v 1.355981 -3.957270 0.067847
v 1.484135 -3.957270 0.067683
v 1.484135 -3.763530 0.067683
v 1.522538 -3.763530 0.067633
v 1.522538 -3.904197 0.067633
v 1.526472 -3.908578 0.067628
v 1.530313 -3.912461 0.067623
v 1.534094 -3.915867 0.067619
v 1.537848 -3.918819 0.067614
v 1.541608 -3.921340 0.067609
v 1.545407 -3.923452 0.067604
v 1.549278 -3.925177 0.067599
v 1.553254 -3.926538 0.067594
v 1.557368 -3.927558 0.067589
v 1.561652 -3.928258 0.067583
v 1.566140 -3.928662 0.067578
v 1.570865 -3.928792 0.067572
v 1.575541 -3.928510 0.067566
v 1.580046 -3.927655 0.067560
v 1.584336 -3.926209 0.067554
v 1.588365 -3.924157 0.067549
v 1.592088 -3.921482 0.067544
v 1.595460 -3.918166 0.067540
v 1.598437 -3.914195 0.067536
v 1.600974 -3.909550 0.067533
v 1.603025 -3.904217 0.067530
v 1.604546 -3.898178 0.067528
v 1.605491 -3.891416 0.067527
v 1.605816 -3.883916 0.067527
v 1.605816 -3.763530 0.067527
v 1.644219 -3.763530 0.067477
v 1.644219 -3.904197 0.067477
v 1.647730 -3.907680 0.067473
v 1.651341 -3.910993 0.067468
v 1.655027 -3.914107 0.067464
v 1.658762 -3.916997 0.067459
v 1.662521 -3.919636 0.067454
v 1.666279 -3.921996 0.067449
v 1.670010 -3.924050 0.067444
v 1.673689 -3.925771 0.067440
v 1.677289 -3.927133 0.067435
v 1.680786 -3.928108 0.067431
v 1.684155 -3.928670 0.067426
v 1.687369 -3.928792 0.067422
v 1.692781 -3.928461 0.067415
v 1.697982 -3.927473 0.067409
v 1.702922 -3.925839 0.067402
v 1.707553 -3.923566 0.067396
v 1.711823 -3.920664 0.067391
v 1.715685 -3.917141 0.067386
v 1.719088 -3.913008 0.067381
v 1.721984 -3.908272 0.067378
v 1.724322 -3.902943 0.067375
v 1.726053 -3.897029 0.067373
v 1.727128 -3.890540 0.067371
v 1.727497 -3.883485 0.067371
v 1.727497 -3.763530 0.067371
v 1.765900 -3.763530 0.067321
v 1.765900 -3.885211 0.067321
v 1.765385 -3.896313 0.067322
v 1.763865 -3.906718 0.067324
v 1.761376 -3.916373 0.067327
v 1.757958 -3.925228 0.067332
v 1.753646 -3.933232 0.067337
v 1.748479 -3.940334 0.067344
v 1.742494 -3.946484 0.067351
v 1.735728 -3.951629 0.067360
v 1.728219 -3.955720 0.067370
v 1.720004 -3.958705 0.067380
v 1.711121 -3.960533 0.067392
v 1.701608 -3.961154 0.067404
v 1.694854 -3.960829 0.067413
v 1.688393 -3.959883 0.067421
v 1.682211 -3.958363 0.067429
v 1.676293 -3.956311 0.067436
v 1.670628 -3.953775 0.067444
v 1.665200 -3.950798 0.067451
v 1.659998 -3.947425 0.067457
v 1.655006 -3.943702 0.067464
v 1.650213 -3.939673 0.067470
v 1.645603 -3.935384 0.067476
v 1.641165 -3.930879 0.067481
v 1.636884 -3.926203 0.067487
v 1.633496 -3.931695 0.067491
v 1.629814 -3.936732 0.067496
v 1.625847 -3.941312 0.067501
v 1.621606 -3.945428 0.067506
v 1.617101 -3.949077 0.067512
v 1.612342 -3.952254 0.067518
v 1.607342 -3.954955 0.067525
v 1.602108 -3.957174 0.067531
v 1.596654 -3.958909 0.067538
v 1.590988 -3.960153 0.067546
v 1.585121 -3.960903 0.067553
v 1.579064 -3.961154 0.067561
v 1.574523 -3.960956 0.067567
v 1.569962 -3.960359 0.067573
v 1.565377 -3.959360 0.067579
v 1.560765 -3.957958 0.067584
v 1.556123 -3.956147 0.067590
v 1.551448 -3.953926 0.067596
v 1.546737 -3.951292 0.067602
v 1.541987 -3.948241 0.067609
v 1.537195 -3.944770 0.067615
v 1.532358 -3.940877 0.067621
v 1.527474 -3.936559 0.067627
v 1.522538 -3.931812 0.067633
v 1.522538 -3.957270 0.067633
v 1.986394 -4.057808 0.067039
v 1.944107 -4.057808 0.067093
v 1.944107 -3.763530 0.067093
v 1.986394 -3.763530 0.067039
v 2.142163 -3.918436 0.066839
v 2.270316 -4.057808 0.066675
v 2.217674 -4.057808 0.066742
v 2.093836 -3.923182 0.066901
v 2.093836 -4.057808 0.066901
v 2.051549 -4.057808 0.066955
v 2.051549 -3.763530 0.066955
v 2.093836 -3.763530 0.066901
v 2.093836 -3.908943 0.066901
v 2.243564 -3.763530 0.066709
v 2.301815 -3.763530 0.066634
v 2.686011 -4.104584 0.066142
v 2.637004 -4.104584 0.066205
v 2.637004 -3.763529 0.066205
v 2.840036 -3.763529 0.065944
v 2.840036 -3.807537 0.065944
v 2.686011 -3.807537 0.066142
v 3.064072 -3.828540 0.065657
v 3.057580 -3.824437 0.065666
v 3.051102 -3.820636 0.065674
v 3.044631 -3.817147 0.065682
v 3.038160 -3.813982 0.065690
v 3.031682 -3.811150 0.065699
v 3.025191 -3.808662 0.065707
v 3.018678 -3.806528 0.065715
v 3.012137 -3.804758 0.065724
v 3.005562 -3.803364 0.065732
v 2.998946 -3.802355 0.065741
v 2.992280 -3.801742 0.065749
v 2.985559 -3.801536 0.065758
v 2.975173 -3.802014 0.065771
v 2.965519 -3.803446 0.065784
v 2.956602 -3.805825 0.065795
v 2.948424 -3.809148 0.065805
v 2.940989 -3.813408 0.065815
v 2.934301 -3.818601 0.065824
v 2.928363 -3.824721 0.065831
v 2.923179 -3.831763 0.065838
v 2.918752 -3.839721 0.065843
v 2.915085 -3.848592 0.065848
v 2.912182 -3.858368 0.065852
v 2.910047 -3.869046 0.065855
v 3.068072 -3.869046 0.065652
v 3.067290 -3.888915 0.065653
v 3.064982 -3.907020 0.065656
v 3.061204 -3.923368 0.065661
v 3.056015 -3.937965 0.065668
v 3.049471 -3.950819 0.065676
v 3.041631 -3.961936 0.065686
v 3.032550 -3.971324 0.065698
v 3.022287 -3.978990 0.065711
v 3.010899 -3.984940 0.065725
v 2.998443 -3.989181 0.065741
v 2.984977 -3.991721 0.065759
v 2.970557 -3.992566 0.065777
v 2.955464 -3.991621 0.065796
v 2.941247 -3.988843 0.065815
v 2.927988 -3.984315 0.065832
v 2.915771 -3.978119 0.065847
v 2.904678 -3.970340 0.065862
v 2.894795 -3.961061 0.065874
v 2.886203 -3.950365 0.065885
v 2.878987 -3.938335 0.065894
v 2.873229 -3.925055 0.065902
v 2.869013 -3.910609 0.065907
v 2.866422 -3.895078 0.065911
v 2.865540 -3.878548 0.065912
v 2.866348 -3.863170 0.065911
v 2.868753 -3.848163 0.065908
v 2.872729 -3.833713 0.065902
v 2.878246 -3.820002 0.065895
v 2.885277 -3.807214 0.065886
v 2.893795 -3.795535 0.065875
v 2.903771 -3.785147 0.065863
v 2.915178 -3.776235 0.065848
v 2.927988 -3.768983 0.065832
v 2.942173 -3.763576 0.065813
v 2.957705 -3.760196 0.065794
v 2.974557 -3.759029 0.065772
v 2.983787 -3.759206 0.065760
v 2.992509 -3.759742 0.065749
v 3.000780 -3.760638 0.065738
v 3.008656 -3.761899 0.065728
v 3.016190 -3.763529 0.065719
v 3.023440 -3.765530 0.065709
v 3.030461 -3.767906 0.065700
v 3.037308 -3.770660 0.065692
v 3.044037 -3.773797 0.065683
v 3.050704 -3.777319 0.065674
v 3.057364 -3.781229 0.065666
v 3.064072 -3.785533 0.065657
v 2.911047 -3.898551 0.065853
v 2.912849 -3.907102 0.065851
v 2.915252 -3.914991 0.065848
v 2.918252 -3.922203 0.065844
v 2.921845 -3.928723 0.065840
v 2.926030 -3.934533 0.065834
v 2.930800 -3.939620 0.065828
v 2.936155 -3.943967 0.065821
v 2.942090 -3.947559 0.065814
v 2.948600 -3.950380 0.065805
v 2.955684 -3.952414 0.065796
v 2.963337 -3.953646 0.065786
v 2.971557 -3.954060 0.065776
v 2.979180 -3.953617 0.065766
v 2.986282 -3.952310 0.065757
v 2.992841 -3.950169 0.065749
v 2.998839 -3.947226 0.065741
v 3.004253 -3.943511 0.065734
v 3.009063 -3.939058 0.065728
v 3.013248 -3.933895 0.065722
v 3.016786 -3.928056 0.065718
v 3.019658 -3.921570 0.065714
v 3.021843 -3.914470 0.065711
v 3.023319 -3.906787 0.065709
v 3.024065 -3.898551 0.065708
v 3.295109 -3.988065 0.065361
v 3.202594 -3.988065 0.065480
v 3.187954 -3.987457 0.065498
v 3.174323 -3.985658 0.065516
v 3.161751 -3.982705 0.065532
v 3.150289 -3.978638 0.065547
v 3.139987 -3.973494 0.065560
v 3.130895 -3.967312 0.065572
v 3.123063 -3.960130 0.065582
v 3.116543 -3.951985 0.065590
v 3.111384 -3.942918 0.065597
v 3.107636 -3.932964 0.065601
v 3.105351 -3.922163 0.065604
v 3.104578 -3.910553 0.065605
v 3.104661 -3.906479 0.065605
v 3.104912 -3.902510 0.065605
v 3.105328 -3.898645 0.065604
v 3.105912 -3.894884 0.065604
v 3.106662 -3.891227 0.065603
v 3.107579 -3.887674 0.065601
v 3.108662 -3.884226 0.065600
v 3.109912 -3.880882 0.065598
v 3.111329 -3.877641 0.065597
v 3.112913 -3.874506 0.065595
v 3.114663 -3.871474 0.065592
v 3.116580 -3.868546 0.065590
v 3.118789 -3.865598 0.065587
v 3.121164 -3.862754 0.065584
v 3.123706 -3.860013 0.065581
v 3.126415 -3.857378 0.065577
v 3.129291 -3.854846 0.065574
v 3.132333 -3.852419 0.065570
v 3.135541 -3.850095 0.065566
v 3.138917 -3.847876 0.065561
v 3.142459 -3.845761 0.065557
v 3.146168 -3.843750 0.065552
v 3.150043 -3.841844 0.065547
v 3.154086 -3.840042 0.065542
v 3.154086 -3.839042 0.065542
v 3.148870 -3.837638 0.065548
v 3.143990 -3.835942 0.065555
v 3.139466 -3.833971 0.065561
v 3.135324 -3.831744 0.065566
v 3.131584 -3.829282 0.065571
v 3.128270 -3.826602 0.065575
v 3.125403 -3.823725 0.065579
v 3.123007 -3.820668 0.065582
v 3.121104 -3.817452 0.065584
v 3.119717 -3.814095 0.065586
v 3.118868 -3.810617 0.065587
v 3.118580 -3.807036 0.065587
v 3.118727 -3.804556 0.065587
v 3.119171 -3.802112 0.065587
v 3.119916 -3.799699 0.065586
v 3.120970 -3.797313 0.065584
v 3.122335 -3.794947 0.065582
v 3.124019 -3.792597 0.065580
v 3.126025 -3.790257 0.065578
v 3.128360 -3.787922 0.065575
v 3.131028 -3.785588 0.065571
v 3.134034 -3.783248 0.065568
v 3.137384 -3.780898 0.065563
v 3.141084 -3.778532 0.065558
v 3.131778 -3.775946 0.065570
v 3.123354 -3.772931 0.065581
v 3.115798 -3.769476 0.065591
v 3.109097 -3.765567 0.065599
v 3.103236 -3.761193 0.065607
v 3.098202 -3.756341 0.065613
v 3.093981 -3.750999 0.065619
v 3.090557 -3.745156 0.065623
v 3.087919 -3.738799 0.065627
v 3.086052 -3.731915 0.065629
v 3.084942 -3.724494 0.065630
v 3.084575 -3.716522 0.065631
v 3.085456 -3.706885 0.065630
v 3.088041 -3.697767 0.065626
v 3.092240 -3.689229 0.065621
v 3.097966 -3.681331 0.065614
v 3.105129 -3.674135 0.065605
v 3.113642 -3.667702 0.065594
v 3.123415 -3.662091 0.065581
v 3.134360 -3.657364 0.065567
v 3.146389 -3.653582 0.065552
v 3.159413 -3.650805 0.065535
v 3.173343 -3.649095 0.065517
v 3.188092 -3.648511 0.065498
v 3.204149 -3.649068 0.065478
v 3.219038 -3.650717 0.065459
v 3.232716 -3.653426 0.065441
v 3.245138 -3.657161 0.065425
v 3.256260 -3.661889 0.065411
v 3.266041 -3.667577 0.065398
v 3.274436 -3.674192 0.065388
v 3.281403 -3.681702 0.065379
v 3.286896 -3.690072 0.065372
v 3.290874 -3.699271 0.065366
v 3.293292 -3.709266 0.065363
v 3.294108 -3.720022 0.065362
v 3.293746 -3.727059 0.065363
v 3.292627 -3.733891 0.065364
v 3.290702 -3.740479 0.065367
v 3.287922 -3.746786 0.065370
v 3.284240 -3.752774 0.065375
v 3.279606 -3.758404 0.065381
v 3.273972 -3.763638 0.065388
v 3.267289 -3.768438 0.065397
v 3.259509 -3.772765 0.065407
v 3.250583 -3.776582 0.065418
v 3.240462 -3.779851 0.065431
v 3.229098 -3.782532 0.065446
v 3.218296 -3.784755 0.065459
v 3.208395 -3.786938 0.065472
v 3.199406 -3.789104 0.065484
v 3.191333 -3.791275 0.065494
v 3.184184 -3.793473 0.065503
v 3.177965 -3.795722 0.065511
v 3.172684 -3.798044 0.065518
v 3.168347 -3.800461 0.065524
v 3.164963 -3.802997 0.065528
v 3.162537 -3.805673 0.065531
v 3.161076 -3.808512 0.065533
v 3.160587 -3.811537 0.065533
v 3.161805 -3.817330 0.065532
v 3.165245 -3.821666 0.065527
v 3.170588 -3.824860 0.065521
v 3.177516 -3.827225 0.065512
v 3.185707 -3.829076 0.065501
v 3.194842 -3.830728 0.065490
v 3.204603 -3.832494 0.065477
v 3.214670 -3.834689 0.065464
v 3.224722 -3.837627 0.065451
v 3.234442 -3.841623 0.065439
v 3.243508 -3.846991 0.065427
v 3.251602 -3.854044 0.065417
v 3.254221 -3.856890 0.065413
v 3.256804 -3.860147 0.065410
v 3.259314 -3.863764 0.065407
v 3.261714 -3.867694 0.065404
v 3.263969 -3.871888 0.065401
v 3.266041 -3.876297 0.065398
v 3.267895 -3.880873 0.065396
v 3.269493 -3.885568 0.065394
v 3.270800 -3.890331 0.065392
v 3.271778 -3.895115 0.065391
v 3.272392 -3.899872 0.065390
v 3.272605 -3.904552 0.065390
v 3.272477 -3.909174 0.065390
v 3.272079 -3.913565 0.065391
v 3.271394 -3.917765 0.065391
v 3.270401 -3.921814 0.065393
v 3.269081 -3.925752 0.065394
v 3.267416 -3.929619 0.065396
v 3.265387 -3.933454 0.065399
v 3.262974 -3.937298 0.065402
v 3.260157 -3.941191 0.065406
v 3.256919 -3.945172 0.065410
v 3.253241 -3.949282 0.065415
v 3.249101 -3.953560 0.065420
v 3.295109 -3.953560 0.065361
v 3.232599 -3.910053 0.065441
v 3.232230 -3.904079 0.065442
v 3.231149 -3.898433 0.065443
v 3.229395 -3.893152 0.065445
v 3.227005 -3.888272 0.065448
v 3.224018 -3.883829 0.065452
v 3.220471 -3.879861 0.065457
v 3.216404 -3.876403 0.065462
v 3.211854 -3.873492 0.065468
v 3.206860 -3.871164 0.065474
v 3.201459 -3.869456 0.065481
v 3.195690 -3.868405 0.065488
v 3.189592 -3.868046 0.065496
v 3.183033 -3.868385 0.065505
v 3.176881 -3.869382 0.065513
v 3.171167 -3.871007 0.065520
v 3.165921 -3.873232 0.065527
v 3.161176 -3.876026 0.065533
v 3.156961 -3.879360 0.065538
v 3.153310 -3.883205 0.065543
v 3.150252 -3.887531 0.065547
v 3.147820 -3.892308 0.065550
v 3.146043 -3.897507 0.065552
v 3.144954 -3.903098 0.065553
v 3.144584 -3.909053 0.065554
v 3.144992 -3.914472 0.065553
v 3.146180 -3.919693 0.065552
v 3.148093 -3.924664 0.065549
v 3.150678 -3.929334 0.065546
v 3.153881 -3.933649 0.065542
v 3.157649 -3.937557 0.065537
v 3.161927 -3.941008 0.065532
v 3.166662 -3.943947 0.065526
v 3.171800 -3.946324 0.065519
v 3.177287 -3.948087 0.065512
v 3.183068 -3.949183 0.065505
v 3.189092 -3.949559 0.065497
v 3.194885 -3.949193 0.065489
v 3.200475 -3.948126 0.065482
v 3.205805 -3.946410 0.065475
v 3.210817 -3.944095 0.065469
v 3.215454 -3.941232 0.065463
v 3.219659 -3.937870 0.065458
v 3.223374 -3.934060 0.065453
v 3.226542 -3.929852 0.065449
v 3.229106 -3.925297 0.065446
v 3.231008 -3.920446 0.065443
v 3.232191 -3.915348 0.065442
v 3.251101 -3.716522 0.065417
v 3.250626 -3.711575 0.065418
v 3.249217 -3.706995 0.065420
v 3.246898 -3.702793 0.065423
v 3.243693 -3.698982 0.065427
v 3.239627 -3.695574 0.065432
v 3.234724 -3.692581 0.065438
v 3.229008 -3.690014 0.065446
v 3.222505 -3.687888 0.065454
v 3.215237 -3.686212 0.065463
v 3.207229 -3.685001 0.065474
v 3.198506 -3.684265 0.065485
v 3.189092 -3.684017 0.065497
v 3.179352 -3.684266 0.065509
v 3.170396 -3.685010 0.065521
v 3.162236 -3.686244 0.065531
v 3.154882 -3.687962 0.065541
v 3.148349 -3.690159 0.065549
v 3.142647 -3.692831 0.065556
v 3.137789 -3.695971 0.065563
v 3.133787 -3.699575 0.065568
v 3.130652 -3.703637 0.065572
v 3.128399 -3.708153 0.065575
v 3.127038 -3.713116 0.065576
v 3.126582 -3.718522 0.065577
v 3.127012 -3.723393 0.065577
v 3.128276 -3.727987 0.065575
v 3.130332 -3.732275 0.065572
v 3.133138 -3.736229 0.065569
v 3.136652 -3.739822 0.065564
v 3.140834 -3.743026 0.065559
v 3.145640 -3.745814 0.065553
v 3.151030 -3.748157 0.065546
v 3.156961 -3.750027 0.065538
v 3.163393 -3.751398 0.065530
v 3.170283 -3.752241 0.065521
v 3.177590 -3.752528 0.065512
v 3.184814 -3.752364 0.065502
v 3.192585 -3.751840 0.065492
v 3.200679 -3.750910 0.065482
v 3.208872 -3.749527 0.065472
v 3.216941 -3.747644 0.065461
v 3.224660 -3.745214 0.065451
v 3.231806 -3.742190 0.065442
v 3.238155 -3.738525 0.065434
v 3.243483 -3.734173 0.065427
v 3.247566 -3.729086 0.065422
v 3.250180 -3.723218 0.065419
v 3.524145 -4.104584 0.065067
v 3.475137 -4.104584 0.065130
v 3.475137 -3.763529 0.065130
v 3.524145 -3.763529 0.065067
v 3.704674 -3.943058 0.064836
v 3.853197 -4.104584 0.064645
v 3.792188 -4.104584 0.064724
v 3.648665 -3.948559 0.064908
v 3.648665 -4.104584 0.064908
v 3.599657 -4.104584 0.064971
v 3.599657 -3.763529 0.064971
v 3.648665 -3.763529 0.064908
v 3.648665 -3.932056 0.064908
v 3.822193 -3.763529 0.064685
v 3.889703 -3.763529 0.064599
l 1186 1187
l 1188 1186
l 1189 1188
l 1187 1189
l 1190 1191
l 1192 1190
l 1193 1192
l 1191 1193
l 1194 1196
l 1195 1194
l 1197 1195
l 1196 1197
l 1199 1198
l 1198 1200
l 1200 1201
l 1201 1199
l 1202 1204
l 1203 1202
l 1205 1203
l 1204 1205
l 1206 1207
l 1207 1208
l 1208 1209
l 1209 1210
l 1210 1211
l 1211 1212
l 1212 1213
l 1213 1206
l 1214 1215
l 1215 1216
l 1216 1214
l 1217 1218
l 1218 1219
l 1219 1220
l 1220 1221
l 1221 1222
l 1222 1223
l 1223 1224
l 1224 1225
l 1225 1226
l 1226 1227
l 1227 1228
l 1228 1229
l 1229 1230
l 1230 1231
l 1231 1232
l 1232 1233
l 1233 1234
l 1234 1235
l 1235 1236
l 1236 1237
l 1237 1238
l 1238 1239
l 1239 1240
l 1240 1241
l 1241 1242
l 1242 1243
l 1243 1244
l 1244 1245
l 1245 1246
l 1246 1247
l 1247 1248
l 1248 1249
l 1249 1250
l 1250 1251
l 1251 1252
l 1252 1253
l 1253 1254
l 1254 1255
l 1255 1256
l 1256 1257
l 1257 1258
l 1258 1259
l 1259 1260
l 1260 1261
l 1261 1262
l 1262 1263
l 1263 1264
l 1264 1265
l 1265 1266
l 1266 1267
l 1267 1268
l 1268 1269
l 1269 1270
l 1270 1271
l 1271 1217
l 1272 1273
l 1273 1274
l 1274 1275
l 1275 1276
l 1276 1277
l 1277 1278
l 1278 1279
l 1279 1280
l 1280 1281
l 1281 1282
l 1282 1283
l 1283 1284
l 1284 1285
l 1285 1286
l 1286 1287
l 1287 1288
l 1288 1289
l 1289 1290
l 1290 1291
l 1291 1292
l 1292 1293
l 1293 1294
l 1294 1295
l 1295 1296
l 1296 1297
l 1297 1298
l 1298 1299
l 1299 1300
l 1300 1301
l 1301 1302
l 1302 1303
l 1303 1304
l 1304 1305
l 1305 1306
l 1306 1307
l 1307 1308
l 1308 1309
l 1309 1310
l 1310 1311
l 1311 1312
l 1312 1313
l 1313 1314
l 1314 1315
l 1315 1316
l 1316 1317
l 1317 1318
l 1318 1319
l 1319 1320
l 1320 1321
l 1321 1322
l 1322 1323
l 1323 1324
l 1324 1325
l 1325 1326
l 1326 1327
l 1327 1328
l 1328 1329
l 1329 1330
l 1330 1331
l 1331 1332
l 1332 1333
l 1333 1334
l 1334 1335
l 1335 1336
l 1336 1337
l 1337 1338
l 1338 1339
l 1339 1340
l 1340 1341
l 1341 1342
l 1342 1343
l 1343 1344
l 1344 1345
l 1345 1346
l 1346 1347
l 1347 1348
l 1348 1349
l 1349 1350
l 1350 1351
l 1351 1352
l 1352 1353
l 1353 1354
l 1354 1355
l 1355 1356
l 1356 1357
l 1357 1358
l 1358 1359
l 1359 1360
l 1360 1361
l 1361 1362
l 1362 1363
l 1363 1364
l 1364 1365
l 1365 1366
l 1366 1367
l 1367 1368
l 1368 1369
l 1369 1370
l 1370 1371
l 1371 1372
l 1372 1373
l 1373 1374
l 1374 1375
l 1375 1376
l 1376 1377
l 1377 1378
l 1378 1272
l 1379 1380
l 1380 1381
l 1381 1382
l 1382 1379
l 1383 1384
l 1384 1385
l 1385 1386
l 1386 1387
l 1387 1388
l 1388 1389
l 1389 1390
l 1390 1391
l 1391 1392
l 1392 1393
l 1393 1383
l 1394 1395
l 1395 1396
l 1396 1397
l 1397 1398
l 1398 1399
l 1399 1394
l 1400 1401
l 1401 1402
l 1402 1403
l 1403 1404
l 1404 1405
l 1405 1406
l 1406 1407
l 1407 1408
l 1408 1409
l 1409 1410
l 1410 1411
l 1411 1412
l 1412 1413
l 1413 1414
l 1414 1415
l 1415 1416
l 1416 1417
l 1417 1418
l 1418 1419
l 1419 1420
l 1420 1421
l 1421 1422
l 1422 1423
l 1423 1424
l 1424 1425
l 1425 1426
l 1426 1427
l 1427 1428
l 1428 1429
l 1429 1430
l 1430 1431
l 1431 1432
l 1432 1433
l 1433 1434
l 1434 1435
l 1435 1436
l 1436 1437
l 1437 1438
l 1438 1439
l 1439 1440
l 1440 1441
l 1441 1442
l 1442 1443
l 1443 1444
l 1444 1445
l 1445 1446
l 1446 1447
l 1447 1448
l 1448 1449
l 1449 1450
l 1450 1451
l 1451 1452
l 1452 1453
l 1453 1454
l 1454 1455
l 1455 1456
l 1456 1457
l 1457 1458
l 1458 1459
l 1459 1460
l 1460 1461
l 1461 1462
l 1462 1463
l 1463 1464
l 1464 1465
l 1465 1466
l 1466 1467
l 1467 1468
l 1468 1469
l 1469 1470
l 1470 1471
l 1471 1472
l 1472 1473
l 1473 1400
l 1474 1475
l 1475 1476
l 1476 1477
l 1477 1478
l 1478 1479
l 1479 1480
l 1480 1481
l 1481 1482
l 1482 1483
l 1483 1484
l 1484 1485
l 1485 1486
l 1486 1487
l 1487 1488
l 1488 1489
l 1489 1490
l 1490 1491
l 1491 1492
l 1492 1493
l 1493 1494
l 1494 1495
l 1495 1496
l 1496 1497
l 1497 1498
l 1498 1474
l 1499 1500
l 1500 1501
l 1501 1502
l 1502 1503
l 1503 1504
l 1504 1505
l 1505 1506
l 1506 1507
l 1507 1508
l 1508 1509
l 1509 1510
l 1510 1511
l 1511 1512
l 1512 1513
l 1513 1514
l 1514 1515
l 1515 1516
l 1516 1517
l 1517 1518
l 1518 1519
l 1519 1520
l 1520 1521
l 1521 1522
l 1522 1523
l 1523 1524
l 1524 1525
l 1525 1526
l 1526 1527
l 1527 1528
l 1528 1529
l 1529 1530
l 1530 1531
l 1531 1532
l 1532 1533
l 1533 1534
l 1534 1535
l 1535 1536
l 1536 1537
l 1537 1538
l 1538 1539
l 1539 1540
l 1540 1541
l 1541 1542
l 1542 1543
l 1543 1544
l 1544 1545
l 1545 1546
l 1546 1547
l 1547 1548
l 1548 1549
l 1549 1550
l 1550 1551
l 1551 1552
l 1552 1553
l 1553 1554
l 1554 1555
l 1555 1556
l 1556 1557
l 1557 1558
l 1558 1559
l 1559 1560
l 1560 1561
l 1561 1562
l 1562 1563
l 1563 1564
l 1564 1565
l 1565 1566
l 1566 1567
l 1567 1568
l 1568 1569
l 1569 1570
l 1570 1571
l 1571 1572
l 1572 1573
l 1573 1574
l 1574 1575
l 1575 1576
l 1576 1577
l 1577 1578
l 1578 1579
l 1579 1580
l 1580 1581
l 1581 1582
l 1582 1583
l 1583 1584
l 1584 1585
l 1585 1586
l 1586 1587
l 1587 1588
l 1588 1589
l 1589 1590
l 1590 1591
l 1591 1592
l 1592 1593
l 1593 1594
l 1594 1595
l 1595 1596
l 1596 1597
l 1597 1598
l 1598 1599
l 1599 1600
l 1600 1601
l 1601 1602
l 1602 1603
l 1603 1604
l 1604 1605
l 1605 1606
l 1606 1607
l 1607 1608
l 1608 1609
l 1609 1610
l 1610 1611
l 1611 1612
l 1612 1613
l 1613 1614
l 1614 1615
l 1615 1616
l 1616 1617
l 1617 1618
l 1618 1619
l 1619 1620
l 1620 1621
l 1621 1622
l 1622 1623
l 1623 1624
l 1624 1625
l 1625 1626
l 1626 1627
l 1627 1628
l 1628 1629
l 1629 1630
l 1630 1631
l 1631 1632
l 1632 1633
l 1633 1634
l 1634 1635
l 1635 1636
l 1636 1637
l 1637 1638
l 1638 1639
l 1639 1640
l 1640 1641
l 1641 1642
l 1642 1643
l 1643 1644
l 1644 1645
l 1645 1646
l 1646 1647
l 1647 1648
l 1648 1649
l 1649 1650
l 1650 1651
l 1651 1652
l 1652 1653
l 1653 1654
l 1654 1655
l 1655 1656
l 1656 1657
l 1657 1658
l 1658 1499
l 1659 1660
l 1660 1661
l 1661 1662
l 1662 1663
l 1663 1664
l 1664 1665
l 1665 1666
l 1666 1667
l 1667 1668
l 1668 1669
l 1669 1670
l 1670 1671
l 1671 1672
l 1672 1673
l 1673 1674
l 1674 1675
l 1675 1676
l 1676 1677
l 1677 1678
l 1678 1679
l 1679 1680
l 1680 1681
l 1681 1682
l 1682 1683
l 1683 1684
l 1684 1685
l 1685 1686
l 1686 1687
l 1687 1688
l 1688 1689
l 1689 1690
l 1690 1691
l 1691 1692
l 1692 1693
l 1693 1694
l 1694 1695
l 1695 1696
l 1696 1697
l 1697 1698
l 1698 1699
l 1699 1700
l 1700 1701
l 1701 1702
l 1702 1703
l 1703 1704
l 1704 1705
l 1705 1706
l 1706 1659
l 1707 1708
l 1708 1709
l 1709 1710
l 1710 1711
l 1711 1712
l 1712 1713
l 1713 1714
l 1714 1715
l 1715 1716
l 1716 1717
l 1717 1718
l 1718 1719
l 1719 1720
l 1720 1721
l 1721 1722
l 1722 1723
l 1723 1724
l 1724 1725
l 1725 1726
l 1726 1727
l 1727 1728
l 1728 1729
l 1729 1730
l 1730 1731
l 1731 1732
l 1732 1733
l 1733 1734
l 1734 1735
l 1735 1736
l 1736 1737
l 1737 1738
l 1738 1739
l 1739 1740
l 1740 1741
l 1741 1742
l 1742 1743
l 1743 1744
l 1744 1745
l 1745 1746
l 1746 1747
l 1747 1748
l 1748 1749
l 1749 1750
l 1750 1751
l 1751 1752
l 1752 1753
l 1753 1754
l 1754 1707
l 1755 1756
l 1756 1757
l 1757 1758
l 1758 1755
l 1759 1760
l 1760 1761
l 1761 1762
l 1762 1763
l 1763 1764
l 1764 1765
l 1765 1766
l 1766 1767
l 1767 1768
l 1768 1769
l 1769 1759
o Hitbox_1_Icosphere.002
v -0.237194 1.503675 -4.996597
v -0.237194 1.503675 -4.996597
v -0.237194 1.503675 -4.996597
v -0.237194 1.503675 -4.996597
v -0.237194 1.503675 -4.996597
v -0.237194 1.503675 -4.996597
v -0.237194 1.503675 -4.996597
v -0.237194 1.503675 -4.996597
v -0.237194 1.503675 -4.996597
v -0.237194 1.503675 -4.996597
v -0.237194 1.503675 -4.996597
v -0.237194 1.503675 -4.996597
v -0.237194 1.503675 -4.996597
v -0.237194 1.503675 -4.996597
v -0.237194 1.503675 -4.996597
v -0.237194 1.503675 -4.996597
v -0.237194 1.503675 -4.996597
v -0.237194 1.503675 -4.996597
v -0.237194 1.503675 -4.996597
v -0.237194 1.503675 -4.996597
v -0.237194 1.503675 -4.996597
v -0.237194 1.503675 -4.996597
v -0.237194 1.503675 -4.996597
v -0.237194 1.503675 -4.996597
v -0.237194 1.503675 -4.996597
v -0.237194 1.503675 -4.996597
v -0.237194 1.503675 -4.996597
v -0.237194 1.503675 -4.996597
v -0.237194 1.503675 -4.996597
v -0.237194 1.503675 -4.996597
v -0.237194 1.503675 -4.996597
v -0.237194 1.503675 -4.996597
v -0.237194 1.503675 -4.996597
v -0.237194 1.503675 -4.996597
v -0.237194 1.503675 -4.996597
v -0.237194 1.503675 -4.996597
v -0.237194 1.503675 -4.996597
v -0.237194 1.503675 -4.996597
v -0.237194 1.503675 -4.996597
v -0.237194 1.503675 -4.996597
v -0.237194 1.503675 -4.996597
v -0.237194 1.503675 -4.996597
l 1782 1770
l 1783 1771
l 1784 1772
l 1785 1771
l 1786 1775
l 1787 1770
l 1788 1773
l 1789 1770
l 1790 1774
l 1791 1775
l 1792 1771
l 1793 1780
l 1794 1772
l 1795 1776
l 1796 1773
l 1797 1777
l 1798 1774
l 1799 1778
l 1800 1775
l 1801 1779
l 1802 1776
l 1803 1777
l 1804 1778
l 1805 1779
l 1806 1780
l 1807 1776
l 1808 1781
l 1809 1777
l 1810 1778
l 1811 1779
l 1772 1782
l 1770 1783
l 1771 1784
l 1775 1785
l 1770 1786
l 1773 1787
l 1772 1788
l 1774 1789
l 1773 1790
l 1774 1791
l 1780 1792
l 1775 1793
l 1776 1794
l 1771 1795
l 1777 1796
l 1772 1797
l 1778 1798
l 1773 1799
l 1779 1800
l 1774 1801
l 1780 1802
l 1776 1803
l 1777 1804
l 1778 1805
l 1779 1806
l 1781 1807
l 1780 1808
l 1781 1809
l 1781 1810
l 1781 1811
l 1808 1811
l 1808 1806
l 1811 1806
l 1811 1810
l 1811 1805
l 1810 1805
l 1810 1809
l 1810 1804
l 1809 1804
l 1809 1807
l 1809 1803
l 1807 1803
l 1807 1808
l 1807 1802
l 1808 1802
l 1793 1806
l 1793 1800
l 1806 1800
l 1801 1805
l 1801 1798
l 1805 1798
l 1799 1804
l 1799 1796
l 1804 1796
l 1797 1803
l 1797 1794
l 1803 1794
l 1795 1802
l 1795 1792
l 1802 1792
l 1800 1801
l 1800 1791
l 1801 1791
l 1798 1799
l 1798 1790
l 1799 1790
l 1796 1797
l 1796 1788
l 1797 1788
l 1794 1795
l 1794 1784
l 1795 1784
l 1792 1793
l 1792 1785
l 1793 1785
l 1786 1791
l 1786 1789
l 1791 1789
l 1789 1790
l 1789 1787
l 1790 1787
l 1787 1788
l 1787 1782
l 1788 1782
l 1785 1786
l 1785 1783
l 1786 1783
l 1782 1784
l 1782 1783
l 1784 1783
o Hitbox_Direction_1_Icosphere.003
v -0.237194 1.503675 -4.996597
v -0.237194 1.503675 -4.996597
v -0.237194 1.503675 -4.996597
v -0.237194 1.503675 -4.996597
v -0.237194 1.503675 -4.996597
v -0.237194 1.503675 -4.996597
v -0.237194 1.503675 -4.996597
v -0.237194 1.503675 -4.996597
v -0.237194 1.503675 -4.996597
v -0.237194 1.503675 -4.996597
v -0.237194 1.503675 -4.996597
v -0.237194 1.503675 -4.996597
v -0.237194 1.503675 -4.996597
v -0.237194 1.503675 -4.996597
v -0.237194 1.503675 -4.996597
v -0.237194 1.503675 -4.996597
v -0.237194 1.503675 -4.996597
v -0.237194 1.503675 -4.996597
v -0.237194 1.503675 -4.996597
v -0.237194 1.503675 -4.996597
v -0.237194 1.503675 -4.996597
v -0.237194 1.503675 -4.996597
v -0.237194 1.503675 -4.996597
v -0.237194 1.503675 -4.996597
v -0.237194 1.503675 -4.996597
v -0.237194 1.503675 -4.996597
v -0.237194 1.503675 -4.996597
v -0.237194 1.503675 -4.996597
v -0.237194 1.503675 -4.996597
v -0.237194 1.503675 -4.996597
v -0.237194 1.503675 -4.996597
v -0.237194 1.503675 -4.996597
v -0.237194 1.503675 -4.996597
v -0.237194 1.503675 -4.996597
v -0.237194 1.503675 -4.996597
v -0.237194 1.503675 -4.996597
v -0.237194 1.503675 -4.996597
v -0.237194 1.503675 -4.996597
v -0.237194 1.503675 -4.996597
v -0.237194 1.503675 -4.996597
v -0.237194 1.503675 -4.996597
v -0.237194 1.503675 -4.996597
l 1824 1812
l 1825 1813
l 1826 1814
l 1827 1813
l 1828 1817
l 1829 1812
l 1830 1815
l 1831 1812
l 1832 1816
l 1833 1817
l 1834 1813
l 1835 1822
l 1836 1814
l 1837 1818
l 1838 1815
l 1839 1819
l 1840 1816
l 1841 1820
l 1842 1817
l 1843 1821
l 1844 1818
l 1845 1819
l 1846 1820
l 1847 1821
l 1848 1822
l 1849 1818
l 1850 1823
l 1851 1819
l 1852 1820
l 1853 1821
l 1814 1824
l 1812 1825
l 1813 1826
l 1817 1827
l 1812 1828
l 1815 1829
l 1814 1830
l 1816 1831
l 1815 1832
l 1816 1833
l 1822 1834
l 1817 1835
l 1818 1836
l 1813 1837
l 1819 1838
l 1814 1839
l 1820 1840
l 1815 1841
l 1821 1842
l 1816 1843
l 1822 1844
l 1818 1845
l 1819 1846
l 1820 1847
l 1821 1848
l 1823 1849
l 1822 1850
l 1823 1851
l 1823 1852
l 1823 1853
l 1850 1853
l 1850 1848
l 1853 1848
l 1853 1852
l 1853 1847
l 1852 1847
l 1852 1851
l 1852 1846
l 1851 1846
l 1851 1849
l 1851 1845
l 1849 1845
l 1849 1850
l 1849 1844
l 1850 1844
l 1835 1848
l 1835 1842
l 1848 1842
l 1843 1847
l 1843 1840
l 1847 1840
l 1841 1846
l 1841 1838
l 1846 1838
l 1839 1845
l 1839 1836
l 1845 1836
l 1837 1844
l 1837 1834
l 1844 1834
l 1842 1843
l 1842 1833
l 1843 1833
l 1840 1841
l 1840 1832
l 1841 1832
l 1838 1839
l 1838 1830
l 1839 1830
l 1836 1837
l 1836 1826
l 1837 1826
l 1834 1835
l 1834 1827
l 1835 1827
l 1828 1833
l 1828 1831
l 1833 1831
l 1831 1832
l 1831 1829
l 1832 1829
l 1829 1830
l 1829 1824
l 1830 1824
l 1827 1828
l 1827 1825
l 1828 1825
l 1824 1826
l 1824 1825
l 1826 1825
o Circle.001
v -0.000000 -0.366598 0.138180
v -0.071520 -0.359554 0.138180
v -0.140291 -0.338693 0.138180
v -0.203671 -0.304815 0.138180
v -0.259224 -0.259224 0.138180
v -0.304816 -0.203671 0.138180
v -0.338693 -0.140291 0.138180
v -0.359554 -0.071520 0.138180
v -0.366599 0.000000 0.138180
v -0.359555 0.071520 0.138180
v -0.338693 0.140291 0.138180
v -0.304816 0.203671 0.138180
v -0.259224 0.259224 0.138180
v -0.203671 0.304816 0.138180
v -0.140291 0.338693 0.138180
v -0.071520 0.359555 0.138180
v 0.000000 0.366599 0.138180
v 0.071520 0.359555 0.138180
v 0.140291 0.338693 0.138180
v 0.203671 0.304816 0.138180
v 0.259224 0.259224 0.138180
v 0.304816 0.203671 0.138180
v 0.338693 0.140291 0.138180
v 0.359554 0.071520 0.138180
v 0.366598 -0.000000 0.138180
v 0.359554 -0.071520 0.138180
v 0.338693 -0.140291 0.138180
v 0.304815 -0.203672 0.138180
v 0.259224 -0.259225 0.138180
v 0.203671 -0.304816 0.138180
v 0.140291 -0.338693 0.138180
v 0.071519 -0.359554 0.138180
l 1855 1854
l 1856 1855
l 1857 1856
l 1858 1857
l 1859 1858
l 1860 1859
l 1861 1860
l 1862 1861
l 1863 1862
l 1864 1863
l 1865 1864
l 1866 1865
l 1867 1866
l 1868 1867
l 1869 1868
l 1870 1869
l 1871 1870
l 1872 1871
l 1873 1872
l 1874 1873
l 1875 1874
l 1876 1875
l 1877 1876
l 1878 1877
l 1879 1878
l 1880 1879
l 1881 1880
l 1882 1881
l 1883 1882
l 1884 1883
l 1885 1884
l 1854 1885
o Cube.001_Cube.006
v 0.313071 -0.539570 0.973374
v -0.272767 -0.539570 0.973374
v 0.313071 -0.539570 0.712451
v -0.272767 -0.539570 0.712451
v 0.313071 0.539570 0.973374
v -0.272767 0.539570 0.973374
v 0.313071 0.539570 0.712451
v -0.272767 0.539570 0.712451
l 1888 1886
l 1886 1887
l 1889 1888
l 1889 1893
l 1893 1892
l 1890 1892
l 1891 1890
l 1891 1887
o Plane.001_Plane.002
v -0.561603 0.447706 0.130313
v 0.561603 0.447706 0.130313
v -0.561603 -0.447706 0.130313
v 0.561603 -0.447706 0.130313
l 1896 1894
l 1894 1895
l 1895 1897
l 1897 1896
o Plane_Plane.001
v -0.200394 0.200394 0.291510
v 0.200394 0.200394 0.291510
v -0.200394 -0.200394 0.291510
v 0.200394 -0.200394 0.291510
v -0.200394 0.200394 0.509250
v 0.200394 0.200394 0.509250
v -0.200394 -0.200394 0.509250
v 0.200394 -0.200394 0.509250
l 1900 1898
l 1898 1899
l 1899 1901
l 1901 1900
l 1904 1902
l 1902 1903
l 1903 1905
l 1905 1904
o Circle
v -0.000000 -0.939668 0.000000
v -0.183320 -0.921613 0.000000
v -0.359596 -0.868140 0.000000
v -0.522052 -0.781306 0.000001
v -0.664446 -0.664446 0.000001
v -0.781306 -0.522052 0.000001
v -0.868141 -0.359595 0.000001
v -0.921613 -0.183320 0.000001
v -0.939669 0.000000 0.000001
v -0.921613 0.183320 0.000001
v -0.868141 0.359596 0.000001
v -0.781306 0.522052 0.000001
v -0.664446 0.664446 0.000001
v -0.522052 0.781306 0.000001
v -0.359596 0.868141 0.000001
v -0.183320 0.921614 0.000001
v 0.000000 0.939669 0.000001
v 0.183321 0.921614 0.000001
v 0.359596 0.868141 0.000001
v 0.522052 0.781306 0.000001
v 0.664446 0.664446 0.000001
v 0.781306 0.522052 0.000001
v 0.868141 0.359595 0.000001
v 0.921613 0.183320 0.000001
v 0.939669 -0.000001 0.000001
v 0.921613 -0.183321 0.000001
v 0.868140 -0.359596 0.000001
v 0.781305 -0.522053 0.000001
v 0.664445 -0.664447 0.000001
v 0.522051 -0.781307 0.000001
v 0.359594 -0.868141 0.000000
v 0.183319 -0.921613 0.000000
l 1907 1906
l 1908 1907
l 1909 1908
l 1910 1909
l 1911 1910
l 1912 1911
l 1913 1912
l 1914 1913
l 1915 1914
l 1916 1915
l 1917 1916
l 1918 1917
l 1919 1918
l 1920 1919
l 1921 1920
l 1922 1921
l 1923 1922
l 1924 1923
l 1925 1924
l 1926 1925
l 1927 1926
l 1928 1927
l 1929 1928
l 1930 1929
l 1931 1930
l 1932 1931
l 1933 1932
l 1934 1933
l 1935 1934
l 1936 1935
l 1937 1936
l 1906 1937
o Plane.003_Plane.004
v 0.200000 0.000000 0.200000
v -0.200000 0.000000 0.200000
v 0.200000 0.000000 -0.200000
v -0.200000 0.000000 -0.200000
l 1940 1938
l 1938 1939
l 1939 1941
l 1941 1940
