# Blender v2.83.5 OBJ File: 'character.blend'
# www.blender.org
mtllib character_000019.mtl
o character
v 0.760137 1.458482 -0.211457
v 0.757353 1.374931 -0.047116
v 0.753580 1.292834 0.119848
v 0.897682 0.823151 0.086694
v 0.862207 0.809751 -0.083541
v 0.832402 0.798303 -0.251945
v 0.921985 0.334467 -0.205130
v 0.821222 0.299267 -0.322520
v 0.727679 0.266751 -0.431176
v 0.456765 2.371767 2.562898
v 0.158582 2.369068 2.580289
v 0.084409 1.662460 0.114369
v 0.621041 1.678455 0.165207
v 0.044288 1.594350 0.031965
v 0.697828 1.627286 -0.084944
v 0.051285 1.650525 -0.165022
v 0.692315 1.533233 0.050447
v 0.038156 1.531718 0.217076
v 0.686982 1.439972 0.185358
v 0.440945 2.512799 0.796439
v 0.063753 2.497917 0.775623
v 0.460021 2.575168 0.950809
v 0.033746 2.570468 0.973880
v 0.444122 2.586593 0.850014
v 0.042175 2.579427 0.858053
v 0.331987 0.303399 -0.498863
v 0.566987 0.319271 0.308816
v 0.428524 -0.200377 0.115431
v 0.348683 -0.200722 -0.134848
v 0.280019 -0.200722 -0.343351
v 0.491732 0.572094 0.393815
v 0.414554 0.601401 -0.483860
v 0.398273 -0.336909 0.189514
v 0.363449 -0.336909 -0.059108
v 0.337422 -0.336909 -0.284574
v 0.546857 -0.421187 0.323802
v 0.527378 -0.421187 -0.031376
v 0.508986 -0.421187 -0.380534
v 0.531073 -0.925854 0.361593
v 0.534667 -0.925854 0.006015
v 0.537659 -0.925854 -0.351591
v 0.413700 -1.181433 0.228747
v 0.419393 -1.181433 0.010963
v 0.425086 -1.181433 -0.206821
v -0.784206 -0.489913 -1.907476
v -0.910777 -0.318589 -1.831370
v 0.695654 0.198681 -0.422610
v 1.053043 -0.064618 -0.457450
v 0.943343 -0.125252 -0.487574
v 0.895337 0.311183 -0.347194
v 0.827984 -0.198240 -0.494421
v 0.782216 0.252468 -0.388011
v 0.731770 -0.217066 -0.299304
v 0.663963 -0.233527 -0.437017
v 0.819235 -0.195925 -0.149281
v 0.641841 0.189769 -0.454794
v 0.930180 -0.106168 -0.552562
v 0.812607 -0.184463 -0.548338
v 1.050801 -0.036457 -0.539275
v 0.866548 0.327695 -0.429188
v 0.743822 0.257830 -0.442203
v 0.904784 -0.085580 -0.628595
v 0.704484 0.266186 -0.494151
v 0.468145 0.178959 -1.856656
v 0.254953 0.487413 -1.725805
v 0.384603 0.527916 -1.670999
v 0.572044 0.231550 -1.778723
v 0.541056 0.231719 -1.848701
v 0.338475 0.531273 -1.726071
v -0.016433 1.539683 0.383282
v -0.009049 0.322157 -0.493873
v 0.024205 0.839467 -0.490434
v -0.013658 0.301737 0.507082
v -0.028026 0.830535 0.506407
v -0.770920 1.280483 -0.080739
v -0.770603 1.387971 0.065216
v -0.776777 1.477951 0.204362
v 0.022592 -0.212244 0.287244
v 0.000000 -0.200722 0.000000
v 0.003685 -0.195045 -0.296841
v -0.007176 1.533667 0.237038
v -0.000133 1.525745 -0.005081
v 0.006774 1.504145 -0.252489
v -0.917530 0.699298 0.135130
v -0.892039 0.684624 -0.052623
v -0.881292 0.688167 -0.221330
v -0.915922 0.124029 0.097844
v -0.877089 0.080250 -0.079964
v -0.847477 0.052939 -0.244693
v -0.456376 4.029393 -1.362673
v -0.157933 4.041246 -1.366551
v -0.088751 1.623100 -0.162280
v -0.626505 1.642371 -0.193005
v -0.046214 1.579455 -0.060384
v -0.696932 1.411435 -0.153834
v -0.046263 1.490542 -0.228191
v -0.693661 1.530376 -0.044293
v -0.047295 1.667803 0.117666
v -0.690636 1.648238 0.066165
v -0.469416 2.261078 -1.039162
v -0.091662 2.244753 -1.030663
v -0.464214 2.394461 -0.915785
v -0.488569 2.421770 -1.132730
v -0.061898 2.437443 -1.137439
v -0.474537 2.318789 -1.115834
v -0.072181 2.323434 -1.116694
v -0.471625 2.395831 -0.943668
v -0.024568 0.563774 0.509485
v 0.002604 0.575238 -0.497075
v -0.457797 0.241484 -0.422689
v -0.549644 0.193901 0.430405
v -0.376889 -0.282666 0.187452
v -0.347934 -0.261726 -0.064466
v -0.326516 -0.224445 -0.300392
v -0.526651 0.506681 0.434949
v -0.454140 0.521570 -0.364158
v 0.005842 -0.340674 0.293298
v 0.000000 -0.336909 0.000000
v 0.007175 -0.333786 -0.299049
v -0.370257 -0.374508 0.207245
v -0.351016 -0.364301 -0.042807
v -0.341017 -0.346184 -0.282499
v 0.001013 -0.424427 0.427270
v 0.000000 -0.421187 0.000000
v 0.009798 -0.419702 -0.432059
v -0.537088 -0.447823 0.322477
v -0.519859 -0.439311 -0.035329
v -0.504775 -0.428373 -0.390312
v -0.011298 -0.925854 0.432180
v 0.000000 -0.925854 0.000000
v 0.011298 -0.925854 -0.432180
v -0.539741 -0.930882 0.336841
v -0.529692 -0.928541 -0.019868
v -0.517907 -0.926826 -0.378079
v -0.006880 -1.181433 0.263191
v 0.000000 -1.181433 0.000000
v 0.006880 -1.181433 -0.263191
v -0.425086 -1.181433 0.206821
v -0.419393 -1.181433 -0.010963
v -0.413700 -1.181433 -0.228747
v -0.773600 -0.641436 -1.416912
v -0.552774 -0.602034 -1.387806
v -0.803151 -0.054636 -0.275902
v -1.126027 -0.136608 -0.079414
v -1.106734 -0.195361 -0.195218
v -0.861005 0.072875 -0.041758
v -1.067054 -0.287484 -0.303081
v -0.813727 0.000221 -0.162484
v -0.756839 -0.356835 -0.118456
v -0.753995 -0.355451 -0.284574
v -0.789176 -0.356990 0.061008
v -0.756838 -0.068473 -0.315885
v -1.124292 -0.142657 -0.244095
v -1.085968 -0.242664 -0.347140
v -1.154712 -0.067901 -0.132772
v -0.826423 0.097910 -0.098507
v -0.777098 0.012590 -0.210681
v -1.136444 -0.077817 -0.302832
v -0.746257 0.040844 -0.260449
v -1.213826 0.706012 -1.279656
v -0.828939 0.789766 -1.230693
v -0.869722 0.870676 -1.181708
v -1.220966 0.768483 -1.208816
v -1.229652 0.795529 -1.267353
v -0.860442 0.882281 -1.225575
v 0.918475 0.323172 -0.273799
v 0.810093 0.273983 -0.349076
v 0.717158 0.229166 -0.418123
v 0.900808 -0.177639 -0.368518
v 0.799875 -0.225251 -0.436899
v 0.992279 -0.132597 -0.288004
v -0.892465 0.093174 0.032152
v -0.849093 0.031824 -0.115918
v -0.827962 -0.010463 -0.254660
v -0.984859 -0.310400 -0.126346
v -0.957737 -0.357273 -0.264469
v -1.002574 -0.271620 0.014842
v 0.019518 1.192364 -0.430619
v -0.022123 1.203650 0.447574
v 0.825240 1.073785 0.075446
v 0.803274 1.096278 -0.093969
v 0.786116 1.120544 -0.260788
v -0.841467 1.070381 0.225612
v -0.821635 1.021440 0.057334
v -0.815377 0.982961 -0.109151
v 0.769254 0.802337 -0.418987
v 0.795076 0.794721 -0.389529
v 0.655329 0.203763 -0.543506
v 0.633612 0.265977 -0.559159
v 0.666701 0.262442 -0.540252
v 0.901329 0.831600 0.239511
v 0.868691 0.832890 0.293635
v 0.998386 0.308409 -0.069649
v 0.977318 0.346272 -0.061424
v 0.960918 0.344112 0.008616
v 0.724694 1.460873 -0.384345
v 0.711239 1.561573 -0.345795
v 0.761330 1.511457 -0.345824
v 0.623061 -0.180836 -0.528836
v 0.596262 -0.214059 -0.528545
v 0.558482 -0.172778 -0.541368
v 0.752296 1.244729 0.264081
v 0.711253 1.254423 0.310757
v 0.891604 -0.177052 -0.009016
v 0.957880 -0.117757 -0.026903
v 0.881307 -0.136268 0.049114
v 0.421136 2.242827 2.513305
v 0.456992 2.274045 2.551697
v 0.190784 2.512382 2.557296
v 0.158354 2.466684 2.591478
v 0.420498 2.513514 2.543937
v 0.456537 2.469356 2.574084
v 0.191451 2.240048 2.526599
v 0.158810 2.271274 2.569080
v 0.111135 1.544452 0.378176
v 0.081864 1.504537 0.353833
v 0.589470 1.483665 0.365891
v 0.614157 1.530706 0.353409
v 0.571269 1.541767 0.395982
v 0.606687 1.824585 -0.098485
v 0.587842 1.881015 -0.042572
v 0.628533 1.829449 -0.027652
v 0.122790 1.780601 -0.217150
v 0.095420 1.806428 -0.148348
v 0.130906 1.854868 -0.151543
v 0.415784 2.621059 0.634151
v 0.408455 2.692052 0.702710
v 0.444555 2.617881 0.690447
v 0.105315 2.626396 0.594218
v 0.068234 2.624976 0.646074
v 0.095853 2.696865 0.671987
v 0.093345 2.331577 0.894545
v 0.086064 2.375070 0.910754
v 0.058229 2.377011 0.898423
v 0.405648 2.359238 0.898416
v 0.436628 2.412143 0.898137
v 0.400402 2.404107 0.908764
v 0.423574 2.782865 0.998687
v 0.459591 2.749023 0.961112
v 0.418747 2.785343 0.912564
v 0.070972 2.805882 1.013374
v 0.071493 2.805662 0.914413
v 0.033127 2.777213 0.980659
v 0.071212 2.338841 0.991719
v 0.033346 2.369854 0.960282
v 0.070334 2.357885 0.938257
v 0.423680 2.368369 0.975233
v 0.417655 2.388286 0.923908
v 0.459711 2.406573 0.940358
v 0.413692 2.776464 0.855340
v 0.445495 2.730405 0.819890
v 0.408581 2.736477 0.758210
v 0.075911 2.791087 0.842755
v 0.086968 2.742115 0.731689
v 0.044490 2.744061 0.799983
v 0.072893 2.373028 0.917892
v 0.040488 2.406740 0.895530
v 0.079686 2.383575 0.904442
v 0.411211 2.403179 0.905999
v 0.402904 2.413471 0.898150
v 0.442700 2.443519 0.883036
v 0.492096 -0.127362 0.309049
v 0.475658 -0.169790 0.275007
v 0.237937 -0.132270 -0.517576
v 0.239231 -0.173167 -0.487898
v -0.741085 -0.459500 -1.793993
v -0.765233 -0.499764 -1.842657
v -0.824781 -0.346050 -1.743747
v -0.888520 -0.332888 -1.768542
v -0.765181 -0.389386 -1.992008
v -0.780631 -0.456193 -1.966393
v -0.848862 -0.275963 -1.941712
v -0.903928 -0.289309 -1.892242
v 0.637833 0.120075 -0.491040
v 0.661822 0.152770 -0.507765
v 0.670062 0.176279 -0.473806
v 1.019964 0.298181 -0.170540
v 1.023815 0.313366 -0.284887
v 0.987870 0.325743 -0.252875
v 1.094573 -0.040028 -0.253648
v 1.105096 -0.055267 -0.350080
v 1.128442 0.003248 -0.368061
v 0.700023 -0.186676 -0.517983
v 0.745963 -0.216614 -0.499573
v 0.709918 -0.191000 -0.491606
v 1.001878 0.355454 -0.422384
v 0.971672 0.388527 -0.537243
v 0.926379 0.417831 -0.482765
v 1.140295 0.062415 -0.513787
v 1.140313 0.032935 -0.617491
v 1.126844 0.105946 -0.633250
v 0.503771 0.147337 -0.486282
v 0.511156 0.094055 -0.538160
v 0.561217 0.093393 -0.494206
v 0.675639 -0.180355 -0.559743
v 0.653609 -0.164072 -0.619605
v 0.705037 -0.215092 -0.602548
v 0.249780 0.525292 -1.951236
v 0.256750 0.559095 -1.906006
v 0.339399 0.570203 -1.926852
v 0.413244 0.289242 -2.053133
v 0.501494 0.334531 -2.026515
v 0.461659 0.262261 -2.034311
v 0.258190 0.356949 -1.547740
v 0.295005 0.388622 -1.569400
v 0.265146 0.413833 -1.556151
v 0.473450 0.117878 -1.681565
v 0.458640 0.153247 -1.667510
v 0.423742 0.121397 -1.647712
v 0.255980 0.423794 -1.631073
v 0.276509 0.392816 -1.629164
v 0.265542 0.370478 -1.602805
v 0.407293 0.144287 -1.688093
v 0.424893 0.165737 -1.717566
v 0.435407 0.138758 -1.738645
v 0.581667 0.611414 -1.703701
v 0.512978 0.615502 -1.802672
v 0.519554 0.625778 -1.717026
v 0.705953 0.341978 -1.817318
v 0.664361 0.389021 -1.888098
v 0.729587 0.384948 -1.782624
v 0.392196 0.611488 -1.849911
v 0.484488 0.612076 -1.832254
v 0.368836 0.581202 -1.913492
v 0.528759 0.347134 -2.011425
v 0.637780 0.384292 -1.920494
v 0.586657 0.322396 -1.968796
v 0.292212 0.444867 -1.608116
v 0.298354 0.394289 -1.581605
v 0.286710 0.397910 -1.622252
v 0.438063 0.169704 -1.712333
v 0.459824 0.160494 -1.677922
v 0.489835 0.156535 -1.724172
v -0.854742 0.692529 -0.384552
v -0.816357 0.702338 -0.423436
v -0.832514 0.014871 -0.404964
v -0.836236 0.077245 -0.382664
v -0.807595 0.095974 -0.413943
v -0.887593 0.724617 0.341996
v -0.920197 0.715831 0.293391
v -0.951929 0.104034 0.255194
v -0.921302 0.151309 0.311217
v -0.943354 0.147639 0.256852
v -0.732995 1.178352 -0.257871
v -0.769970 1.206114 -0.212629
v -0.715206 1.228367 -0.252977
v -0.795482 -0.313604 -0.414548
v -0.710322 -0.284227 -0.432301
v -0.738851 -0.328388 -0.406412
v -0.746879 1.522078 0.349677
v -0.786150 1.519952 0.323468
v -0.794815 -0.312933 0.277992
v -0.879334 -0.298214 0.241677
v -0.812024 -0.354601 0.222583
v 0.034901 -0.151562 0.490371
v 0.036723 -0.191754 0.453729
v 0.064695 1.564552 -0.359834
v 0.015336 1.480072 -0.389661
v -0.040686 1.483989 -0.365206
v 0.012339 1.509000 -0.347583
v -0.017267 -0.156150 -0.461631
v -0.024003 -0.112627 -0.494485
v -0.420193 4.015399 -1.225076
v -0.455693 4.044417 -1.265082
v -0.192174 3.982563 -1.498194
v -0.158613 4.026297 -1.463661
v -0.422071 3.973648 -1.494323
v -0.457055 4.014448 -1.459755
v -0.190303 4.024632 -1.227364
v -0.157251 4.056269 -1.268969
v -0.122129 1.854691 0.061204
v -0.093071 1.802266 0.137683
v -0.597669 1.838592 0.033933
v -0.615631 1.878126 -0.042187
v -0.610301 1.404604 -0.343325
v -0.633234 1.453473 -0.341026
v -0.592978 1.446544 -0.393149
v -0.117947 1.428840 -0.355290
v -0.130777 1.447245 -0.393139
v -0.094617 1.443004 -0.347045
v -0.443643 2.095361 -1.140592
v -0.473144 2.148925 -1.141369
v -0.438437 2.152154 -1.213739
v -0.132587 2.063123 -1.148030
v -0.125310 2.123016 -1.224190
v -0.096258 2.107945 -1.154334
v -0.086325 2.375926 -0.910734
v -0.121178 2.398946 -0.889708
v -0.453509 2.415346 -1.348083
v -0.449833 2.334048 -1.331026
v -0.489764 2.387646 -1.304929
v -0.100873 2.418498 -1.377912
v -0.063241 2.392692 -1.341632
v -0.102486 2.327669 -1.357469
v -0.096961 2.515786 -0.914249
v -0.097577 2.457173 -0.913914
v -0.059834 2.476416 -0.936892
v -0.449957 2.498478 -0.936102
v -0.481357 2.435314 -0.953476
v -0.445163 2.282649 -1.311694
v -0.439667 2.198346 -1.259963
v -0.476862 2.258652 -1.258287
v -0.107144 2.266034 -1.332035
v -0.075422 2.235422 -1.279264
v -0.117528 2.172188 -1.271694
v -0.104624 2.409733 -0.917874
v -0.069356 2.396784 -0.945499
v -0.390522 -0.271051 0.359445
v -0.407079 -0.233484 0.399651
v -0.327934 -0.191570 -0.446834
v -0.340541 -0.152849 -0.472963
v -0.760738 -0.586027 -1.303542
v -0.779830 -0.635090 -1.349241
v -0.614649 -0.559779 -1.284388
v -0.564738 -0.596713 -1.320905
v -0.739324 -0.553084 -1.510844
v -0.766337 -0.614896 -1.479072
v -0.593250 -0.526857 -1.491630
v -0.551224 -0.576519 -1.450704
v -0.829974 -0.058226 -0.357832
v -0.840100 -0.061402 -0.393924
v -0.823843 -0.113026 -0.400810
v -0.966600 0.080350 0.169363
v -0.936098 0.096250 0.083323
v -0.957334 0.098043 0.086634
v -1.059964 -0.192966 0.110248
v -1.116002 -0.112030 0.047415
v -1.103528 -0.173550 0.037110
v -0.985904 -0.312784 -0.414510
v -0.959878 -0.336831 -0.388251
v -1.017861 -0.331228 -0.372234
v -0.913959 0.164563 0.002107
v -0.820622 0.213919 -0.061510
v -0.888521 0.235631 -0.079554
v -1.156203 0.015536 -0.031090
v -1.172886 0.118867 -0.109661
v -1.212804 0.058421 -0.103928
v -0.768871 -0.149087 -0.436931
v -0.741813 -0.126885 -0.486099
v -0.688348 -0.120355 -0.438958
v -0.998092 -0.278757 -0.454964
v -1.061811 -0.260092 -0.466960
v -1.007110 -0.225228 -0.504359
v -0.850686 0.811187 -1.437374
v -0.880757 0.900242 -1.386251
v -0.822493 0.839351 -1.401183
v -1.146056 0.748138 -1.476666
v -1.193472 0.759706 -1.451231
v -1.174231 0.835475 -1.422640
v -0.881312 0.709933 -1.052091
v -0.849417 0.752610 -1.066209
v -0.891456 0.767879 -1.092958
v -1.177451 0.648057 -1.087667
v -1.185491 0.703840 -1.126451
v -1.221667 0.674979 -1.110456
v -0.864985 0.699100 -1.258487
v -0.878826 0.761934 -1.238511
v -0.836028 0.750510 -1.264844
v -1.132315 0.622409 -1.283648
v -1.174340 0.653364 -1.296936
v -1.153399 0.690024 -1.265396
v -0.913994 0.992325 -1.102138
v -0.942026 1.004433 -1.182597
v -0.959060 0.986924 -1.062546
v -1.229315 0.910929 -1.076524
v -1.217708 0.933995 -1.203840
v -1.254870 0.898358 -1.120730
v -0.891843 0.925055 -1.360802
v -0.932831 0.995984 -1.226606
v -0.873562 0.957125 -1.294216
v -1.182212 0.859446 -1.395716
v -1.229236 0.872834 -1.335638
v -1.211561 0.927007 -1.251019
v -0.884495 0.775894 -1.212728
v -0.892483 0.777968 -1.115514
v -0.858570 0.809711 -1.160419
v -1.162497 0.705874 -1.240690
v -1.215420 0.727183 -1.196256
v -1.183416 0.713055 -1.147456
v 0.655208 0.201607 -0.544607
v 0.672194 0.214578 -0.496100
v 0.663256 0.154349 -0.504765
v 0.667271 -0.188140 -0.502301
v 0.699948 -0.192496 -0.489445
v 0.717471 -0.226472 -0.478452
v 0.991843 0.337478 -0.157592
v 1.001319 0.308428 -0.071177
v 1.016829 0.297312 -0.169499
v 1.064904 -0.063630 -0.180589
v 1.011396 -0.093558 -0.094491
v 1.034333 -0.115485 -0.173652
v -0.833373 0.012010 -0.407276
v -0.839481 -0.059755 -0.389468
v -0.835205 -0.001055 -0.363878
v -0.860786 -0.335549 -0.393278
v -0.918314 -0.368141 -0.357872
v -0.923851 -0.344800 -0.385129
v -0.964544 0.079636 0.168562
v -0.953836 0.103513 0.255034
v -0.943538 0.118910 0.172457
v -1.013085 -0.229412 0.156548
v -0.984906 -0.276478 0.143325
v -0.943334 -0.269444 0.205975
v 0.793125 1.059570 0.275861
v 0.829380 1.056563 0.223478
v 0.768309 1.142655 -0.398872
v 0.734606 1.148722 -0.423516
v -0.851395 1.110154 0.363546
v -0.816849 1.122321 0.399217
v -0.767240 0.972205 -0.299456
v -0.805507 0.962875 -0.256545
vt 0.618418 0.750000
vt 0.547996 0.750000
vt 0.547994 0.750000
vt 0.618285 0.750000
vt 0.541667 0.562500
vt 0.541667 0.512151
vt 0.541667 0.513846
vt 0.541667 0.562500
vt 0.541667 0.625000
vt 0.541667 0.518437
vt 0.541667 0.544499
vt 0.541667 0.625000
vt 0.416667 0.755722
vt 0.458333 0.755033
vt 0.458333 0.875000
vt 0.416667 0.875000
vt 0.500000 0.812500
vt 0.541667 0.812500
vt 0.541667 0.875000
vt 0.500000 0.875000
vt 0.616899 0.750000
vt 0.549754 0.750000
vt 0.554884 0.750000
vt 0.611756 0.750000
vt 0.687500 0.687500
vt 0.750000 0.687500
vt 0.750000 0.739236
vt 0.687500 0.738904
vt 0.416667 0.511914
vt 0.458333 0.511937
vt 0.458333 0.562500
vt 0.416667 0.562500
vt 0.541667 0.755032
vt 0.618846 0.812500
vt 0.618844 0.875000
vt 0.687500 0.625000
vt 0.687500 0.562500
vt 0.687500 0.562500
vt 0.687500 0.625000
vt 0.547615 0.500000
vt 0.618777 0.500000
vt 0.618665 0.500000
vt 0.547612 0.500000
vt 0.458333 0.625000
vt 0.416667 0.625000
vt 0.458333 0.687500
vt 0.416667 0.687500
vt 0.541667 0.625000
vt 0.541667 0.511263
vt 0.541667 0.519595
vt 0.541667 0.625000
vt 0.541667 0.734463
vt 0.541667 0.687500
vt 0.541667 0.687500
vt 0.541667 0.738768
vt 0.416667 0.375000
vt 0.458333 0.375000
vt 0.458333 0.494978
vt 0.416667 0.494291
vt 0.500000 0.437500
vt 0.500000 0.375000
vt 0.541667 0.625000
vt 0.323100 0.437553
vt 0.369848 0.494495
vt 0.360884 0.499526
vt 0.265660 0.498923
vt 0.541667 0.687500
vt 0.541667 0.737844
vt 0.458333 0.738057
vt 0.375000 0.756799
vt 0.375000 0.868512
vt 0.375000 0.867265
vt 0.375000 0.757723
vt 0.375000 0.625000
vt 0.375000 0.733574
vt 0.375000 0.725966
vt 0.375000 0.625000
vt 0.375000 0.625000
vt 0.375000 0.728629
vt 0.375000 0.716275
vt 0.375000 0.625000
vt 0.375000 0.727386
vt 0.375000 0.625000
vt 0.000000 0.000000
vt 0.000000 0.000000
vt 0.000000 0.000000
vt 0.000000 0.000000
vt 0.111084 0.230305
vt 0.250000 0.533533
vt 0.250000 0.625000
vt 0.111084 0.277711
vt 0.369848 0.755505
vt 0.323101 0.812448
vt 0.265659 0.751075
vt 0.360883 0.750473
vt 0.380988 0.756170
vt 0.379291 0.875000
vt 0.000000 0.000000
vt 0.000000 0.000000
vt 0.000000 0.000000
vt 0.000000 0.000000
vt 0.250000 0.716302
vt 0.000000 0.000000
vt 0.000000 0.000000
vt 0.375000 0.375000
vt 0.375000 0.493405
vt 0.375000 0.492227
vt 0.375000 0.378402
vt 0.375000 0.625000
vt 0.375000 0.687500
vt 0.375000 0.687500
vt 0.375000 0.625000
vt -0.002465 -0.006174
vt 0.091560 0.190487
vt 0.091560 0.228899
vt 0.375000 0.516410
vt 0.375000 0.524000
vt 0.375000 0.562500
vt 0.375000 0.562500
vt 0.111084 0.325064
vt 0.091560 0.267227
vt 0.625000 0.565471
vt 0.625000 0.511656
vt 0.687500 0.511100
vt 0.375000 0.521311
vt 0.375000 0.533599
vt 0.373837 0.384699
vt 0.374632 0.491827
vt 0.371300 0.492421
vt 0.334470 0.426803
vt 0.000000 0.000000
vt 0.374633 0.758175
vt 0.373835 0.865298
vt 0.334475 0.823202
vt 0.371302 0.757582
vt 0.375000 0.522568
vt 0.101322 0.210413
vt 0.101322 0.253305
vt 0.327389 0.433478
vt 0.370451 0.493735
vt 0.370413 0.493926
vt 0.325607 0.435106
vt 0.101322 0.296131
vt 0.541667 0.375000
vt 0.618805 0.375000
vt 0.618808 0.437500
vt 0.541667 0.437500
vt 0.370451 0.756264
vt 0.327389 0.816522
vt 0.325608 0.814894
vt 0.370413 0.756074
vt 0.370617 0.757104
vt 0.332104 0.820561
vt 0.330328 0.818958
vt 0.370574 0.756888
vt 0.332104 0.429439
vt 0.370617 0.492896
vt 0.370574 0.493112
vt 0.330328 0.431042
vt 0.541667 0.494979
vt 0.625000 0.687500
vt 0.625000 0.625000
vt 0.541667 0.687500
vt 0.541667 0.736149
vt 0.625000 0.513053
vt 0.625000 0.563986
vt 0.416667 0.738079
vt 0.750000 0.510770
vt 0.750000 0.562500
vt 0.750000 0.562500
vt 0.750000 0.562500
vt 0.687500 0.562500
vt 0.687500 0.687500
vt 0.750000 0.687500
vt 0.687500 0.625000
vt 0.687500 0.562500
vt 0.687500 0.625000
vt 0.687500 0.687500
vt 0.750000 0.687500
vt 0.687500 0.687500
vt 0.687500 0.625000
vt 0.687500 0.687500
vt 0.750000 0.687500
vt 0.750000 0.562500
vt 0.687500 0.562500
vt 0.750000 0.562500
vt 0.750000 0.625000
vt 0.750000 0.687500
vt 0.541667 0.705829
vt 0.541667 0.731548
vt 0.625000 0.731504
vt 0.625000 0.705847
vt 0.625000 0.625000
vt 0.625000 0.625000
vt 0.541667 0.730388
vt 0.541667 0.738990
vt 0.541667 0.625000
vt 0.541667 0.625000
vt 0.548527 0.500000
vt 0.618284 0.500000
vt 0.618143 0.500000
vt 0.548480 0.500000
vt 0.541667 0.562500
vt 0.541667 0.625000
vt 0.541667 0.562500
vt 0.541667 0.511195
vt 0.617446 0.750000
vt 0.549213 0.750000
vt 0.549253 0.750000
vt 0.617406 0.750000
vt 0.548728 0.500000
vt 0.617930 0.500000
vt 0.617896 0.500000
vt 0.548762 0.500000
vt 0.541667 0.515532
vt 0.625000 0.625000
vt 0.625000 0.687500
vt 0.625000 0.687500
vt 0.625000 0.625000
vt 0.625000 0.737706
vt 0.625000 0.735758
vt 0.625000 0.733698
vt 0.625000 0.735940
vt 0.625000 0.687500
vt 0.617871 0.750000
vt 0.549053 0.750000
vt 0.548979 0.750000
vt 0.617712 0.750000
vt 0.625000 0.625000
vt 0.625000 0.562500
vt 0.625000 0.562500
vt 0.625000 0.514892
vt 0.541667 0.511496
vt 0.625000 0.544481
vt 0.625000 0.519632
vt 0.625000 0.511013
vt 0.625000 0.625000
vt 0.625000 0.625000
vt 0.625000 0.518487
vt 0.549708 0.500000
vt 0.617007 0.500000
vt 0.617051 0.500000
vt 0.549663 0.500000
vt 0.625000 0.738246
vt 0.625000 0.730357
vt 0.617007 0.750000
vt 0.549707 0.750000
vt 0.549663 0.750000
vt 0.617051 0.750000
vt 0.625000 0.730945
vt 0.625000 0.625000
vt 0.549754 0.500000
vt 0.616900 0.500000
vt 0.611755 0.500000
vt 0.554886 0.500000
vt 0.541667 0.625000
vt 0.541666 0.730980
vt 0.625000 0.519046
vt 0.541667 0.519004
vt 0.625000 0.510886
vt 0.548907 0.500000
vt 0.617755 0.500000
vt 0.616650 0.500000
vt 0.550011 0.500000
vt 0.625000 0.737978
vt 0.541667 0.739083
vt 0.617302 0.750000
vt 0.549363 0.750000
vt 0.550060 0.750000
vt 0.616604 0.750000
vt 0.458333 0.755033
vt 0.500000 0.812500
vt 0.550035 0.500000
vt 0.616680 0.500000
vt 0.616728 0.500000
vt 0.549987 0.500000
vt 0.616680 0.750000
vt 0.550035 0.750000
vt 0.549987 0.750000
vt 0.616728 0.750000
vt 0.416667 0.755722
vt 0.541667 0.562500
vt 0.541667 0.562500
vt 0.541667 0.513990
vt 0.541667 0.512312
vt 0.541667 0.625000
vt 0.541667 0.625000
vt 0.541667 0.544499
vt 0.541667 0.518437
vt 0.458333 0.687500
vt 0.458333 0.738057
vt 0.541667 0.737844
vt 0.541667 0.687500
vt 0.541667 0.812500
vt 0.375000 0.533246
vt 0.250000 0.533254
vt 0.250000 0.625000
vt 0.375000 0.625000
vt 0.687500 0.687500
vt 0.687500 0.738904
vt 0.500000 0.437500
vt 0.458333 0.494978
vt 0.541667 0.755032
vt 0.000000 0.000000
vt 0.000000 0.000000
vt 0.000000 0.000000
vt 0.000000 0.000000
vt 0.000000 0.000000
vt 0.000000 0.000000
vt 0.687500 0.625000
vt 0.687500 0.625000
vt 0.687500 0.562500
vt 0.687500 0.562500
vt 0.547615 0.500000
vt 0.547612 0.500000
vt 0.618665 0.500000
vt 0.618777 0.500000
vt 0.416667 0.562500
vt 0.416667 0.625000
vt 0.458333 0.625000
vt 0.458333 0.562500
vt 0.416667 0.687500
vt 0.541667 0.625000
vt 0.541667 0.625000
vt 0.541667 0.519595
vt 0.541667 0.511358
vt 0.541667 0.734463
vt 0.541667 0.738768
vt 0.541667 0.687500
vt 0.541667 0.687500
vt 0.416667 0.494291
vt 0.541667 0.494979
vt 0.541667 0.437500
vt 0.541667 0.625000
vt 0.323100 0.437553
vt 0.265660 0.498923
vt 0.360884 0.499526
vt 0.369848 0.494495
vt 0.618418 0.750000
vt 0.618284 0.750000
vt 0.547994 0.750000
vt 0.547996 0.750000
vt 0.375000 0.756799
vt 0.375000 0.757723
vt 0.375000 0.867265
vt 0.375000 0.868512
vt 0.375000 0.625000
vt 0.375000 0.625000
vt 0.375000 0.725966
vt 0.375000 0.733574
vt 0.375000 0.625000
vt 0.375000 0.716275
vt 0.375000 0.728629
vt 0.375000 0.625000
vt 0.375000 0.727386
vt 0.618846 0.812500
vt 0.111084 0.230250
vt 0.111084 0.277711
vt 0.369848 0.755505
vt 0.360883 0.750473
vt 0.265659 0.751075
vt 0.323101 0.812448
vt 0.380988 0.756170
vt 0.000000 0.000000
vt 0.000000 0.000000
vt 0.250000 0.716302
vt 0.000000 0.000000
vt 0.375000 0.378401
vt 0.375000 0.492227
vt 0.375000 0.493405
vt 0.375000 0.625000
vt 0.375000 0.625000
vt 0.375000 0.687500
vt 0.375000 0.687500
vt -0.002467 -0.006178
vt 0.000000 0.000000
vt 0.091560 0.228899
vt 0.091560 0.190450
vt 0.373838 0.384736
vt 0.333549 0.428270
vt 0.375000 0.500000
vt 0.375015 0.500192
vt 0.375000 0.562500
vt 0.375000 0.562500
vt 0.111084 0.325064
vt 0.374633 0.758175
vt 0.371302 0.757582
vt 0.334475 0.823202
vt 0.373835 0.865298
vt 0.687500 0.511100
vt 0.625000 0.511656
vt 0.625000 0.565471
vt 0.375000 0.511374
vt 0.375000 0.500124
vt 0.375000 0.500381
vt 0.091560 0.267227
vt 0.375000 0.500000
vt 0.375000 0.509421
vt 0.101322 0.210368
vt 0.101322 0.253305
vt 0.328843 0.432270
vt 0.325598 0.435093
vt 0.375175 0.500236
vt 0.101322 0.296131
vt 0.616899 0.750000
vt 0.611756 0.750000
vt 0.554884 0.750000
vt 0.549754 0.750000
vt 0.370617 0.757104
vt 0.370574 0.756888
vt 0.330328 0.818958
vt 0.332104 0.820560
vt 0.416667 0.512140
vt 0.458333 0.512122
vt 0.370451 0.756264
vt 0.370413 0.756074
vt 0.325608 0.814894
vt 0.327389 0.816522
vt 0.625000 0.625000
vt 0.625000 0.687500
vt 0.541667 0.736149
vt 0.541667 0.687500
vt 0.625000 0.513053
vt 0.625000 0.563986
vt 0.416667 0.738079
vt 0.000000 0.000000
vt 0.000000 0.000000
vt 0.000000 0.000000
vt 0.687500 0.562500
vt 0.687500 0.687500
vt 0.000000 0.000000
vt 0.687500 0.625000
vt 0.687500 0.625000
vt 0.687500 0.562500
vt 0.000000 0.000000
vt 0.000000 0.000000
vt 0.000000 0.000000
vt 0.687500 0.687500
vt 0.687500 0.687500
vt 0.687500 0.687500
vt 0.687500 0.625000
vt 0.000000 0.000000
vt 0.000000 0.000000
vt 0.000000 0.000000
vt 0.687500 0.562500
vt 0.000000 0.000000
vt 0.541667 0.731548
vt 0.541667 0.705829
vt 0.625000 0.731504
vt 0.625000 0.625000
vt 0.625000 0.625000
vt 0.625000 0.705847
vt 0.541667 0.738990
vt 0.541667 0.730388
vt 0.541667 0.625000
vt 0.541667 0.625000
vt 0.548527 0.500000
vt 0.548480 0.500000
vt 0.618143 0.500000
vt 0.618284 0.500000
vt 0.541667 0.562500
vt 0.541667 0.625000
vt 0.541667 0.511289
vt 0.541667 0.562500
vt 0.617871 0.750000
vt 0.617712 0.750000
vt 0.548979 0.750000
vt 0.549053 0.750000
vt 0.541667 0.511592
vt 0.541667 0.515667
vt 0.548728 0.500000
vt 0.548762 0.500000
vt 0.617896 0.500000
vt 0.617930 0.500000
vt 0.625000 0.625000
vt 0.618808 0.437500
vt 0.625000 0.687500
vt 0.625000 0.625000
vt 0.625000 0.687500
vt 0.625000 0.737706
vt 0.625000 0.735758
vt 0.625000 0.687500
vt 0.625000 0.735940
vt 0.625000 0.733698
vt 0.625000 0.625000
vt 0.625000 0.562500
vt 0.625000 0.562500
vt 0.617446 0.750000
vt 0.617406 0.750000
vt 0.549253 0.750000
vt 0.549213 0.750000
vt 0.625000 0.514892
vt 0.625000 0.544481
vt 0.625000 0.519632
vt 0.625000 0.625000
vt 0.625000 0.625000
vt 0.625000 0.511013
vt 0.625000 0.518487
vt 0.549708 0.500000
vt 0.549663 0.500000
vt 0.617051 0.500000
vt 0.617007 0.500000
vt 0.625000 0.738246
vt 0.625000 0.730357
vt 0.617007 0.750000
vt 0.617051 0.750000
vt 0.549663 0.750000
vt 0.549707 0.750000
vt 0.625000 0.730945
vt 0.625000 0.625000
vt 0.549754 0.500000
vt 0.554886 0.500000
vt 0.611755 0.500000
vt 0.616900 0.500000
vt 0.541666 0.730980
vt 0.541667 0.625000
vt 0.625000 0.519046
vt 0.541667 0.519004
vt 0.625000 0.510886
vt 0.548907 0.500000
vt 0.550011 0.500000
vt 0.616650 0.500000
vt 0.617755 0.500000
vt 0.625000 0.737978
vt 0.541667 0.739083
vt 0.617302 0.750000
vt 0.616604 0.750000
vt 0.550060 0.750000
vt 0.549363 0.750000
vt 0.550035 0.500000
vt 0.549987 0.500000
vt 0.616728 0.500000
vt 0.616680 0.500000
vt 0.616680 0.750000
vt 0.616728 0.750000
vt 0.549987 0.750000
vt 0.550035 0.750000
vt 0.625000 0.511271
vt 0.619191 0.494352
vt 0.375000 0.738143
vt 0.618885 0.755688
vt 0.625000 0.511271
vt 0.619191 0.494352
vt 0.375000 0.738143
vt 0.618885 0.755688
vt 0.375000 0.512132
vt 0.375000 0.498819
vt 0.375000 0.735890
vt 0.375000 0.514096
vt 0.375000 0.511848
vt 0.375000 0.735890
vt 0.625000 0.750000
vt 0.620585 0.750000
vt 0.625000 0.500000
vt 0.625000 0.500000
vt 0.375000 0.874047
vt 0.375000 0.866239
vt 0.329602 0.828559
vt 0.332973 0.822727
vt 0.332973 0.427273
vt 0.329598 0.421433
vt 0.324755 0.812834
vt 0.319824 0.819000
vt 0.319821 0.430997
vt 0.324755 0.437166
vt 0.329462 0.816822
vt 0.324713 0.823790
vt 0.324710 0.426205
vt 0.329462 0.433178
vt 0.620585 0.750000
vt 0.625000 0.750000
vt 0.616300 0.500000
vt 0.625000 0.500000
vt 0.375000 0.873556
vt 0.375000 0.875000
vt 0.375000 0.875000
vt 0.375000 0.866239
vt 0.375000 0.874047
vt 0.332973 0.822727
vt 0.329602 0.828559
vt 0.319824 0.819000
vt 0.324755 0.812834
vt 0.324745 0.437154
vt 0.319819 0.430994
vt 0.324713 0.823790
vt 0.329462 0.816822
vt 0.629735 0.500000
vt 0.687147 0.500000
vt 0.750000 0.750000
vt 0.687500 0.750000
vt 0.247006 0.741018
vt 0.114206 0.342618
vt 0.250000 0.500000
vt 0.319366 0.430634
vt 0.000000 0.000000
vt 0.000000 0.000000
vt 0.088666 0.265998
vt 0.003288 0.009865
vt 0.329220 0.420780
vt 0.375000 0.375000
vt 0.107610 0.322829
vt 0.103972 0.311916
vt 0.319607 0.430393
vt 0.324339 0.425661
vt 0.097846 0.293538
vt 0.094208 0.282625
vt 0.324488 0.425512
vt 0.687500 0.500000
vt 0.750000 0.500000
vt 0.686624 0.750000
vt 0.629252 0.750000
vt 0.625000 0.438490
vt 0.625000 0.874105
vt 0.625000 0.812500
vt 0.250000 0.750000
vt 0.319338 0.819338
vt 0.247002 0.494004
vt 0.114206 0.228411
vt 0.375000 0.875000
vt 0.329220 0.829220
vt 0.374845 0.874845
vt 0.091560 0.183119
vt 0.003289 0.006578
vt 0.319608 0.819608
vt 0.324339 0.824339
vt 0.107611 0.215221
vt 0.101322 0.202644
vt 0.324489 0.824489
vt 0.100910 0.201820
vt 0.625000 0.437500
vt 0.625000 0.375896
vt 0.625000 0.811240
vn 0.4858 -0.0767 -0.8707
vn 0.0378 0.9922 -0.1184
vn -0.5602 0.7710 0.3028
vn 0.0581 0.0819 -0.9949
vn 0.0107 0.0196 -0.9998
vn 0.0619 -0.3569 0.9321
vn -0.0685 -0.9781 -0.1964
vn 0.9570 0.2896 -0.0163
vn -0.0413 0.1931 -0.9803
vn -0.0447 0.0278 -0.9986
vn 0.9595 -0.1756 -0.2204
vn 0.7768 -0.0138 0.6296
vn 0.9609 0.2287 -0.1564
vn 0.9776 0.1648 -0.1307
vn -0.5238 0.7925 0.3123
vn 0.0173 -0.8031 0.5956
vn 0.2284 0.1494 0.9620
vn 0.2261 0.0305 0.9736
vn 0.8657 0.2235 -0.4478
vn 0.0514 -0.9959 -0.0747
vn 0.9262 -0.0893 -0.3663
vn 0.0675 0.6338 -0.7705
vn 0.9850 0.1113 0.1319
vn 1.0000 0.0022 0.0023
vn 0.9998 -0.0208 -0.0014
vn -0.9450 0.3118 0.0987
vn -0.9970 -0.0058 0.0771
vn 0.0455 0.9831 0.1774
vn 0.0145 0.1327 -0.9910
vn 0.2628 0.9640 0.0401
vn 0.0589 -0.1135 0.9918
vn -0.9242 0.3819 0.0008
vn 0.0165 -0.1292 0.9915
vn -0.6043 0.7924 0.0828
vn 0.9521 0.2508 0.1750
vn -0.9996 -0.0066 -0.0274
vn 0.9844 0.1128 0.1347
vn 0.9341 0.2958 0.2000
vn -0.9971 -0.0073 0.0763
vn -0.9993 0.0036 -0.0370
vn 0.0845 -0.9880 0.1293
vn 1.0000 -0.0005 0.0018
vn -0.0063 -0.5365 0.8439
vn -0.8446 0.4819 0.2331
vn -0.9577 0.2872 -0.0183
vn 0.1201 0.6886 -0.7151
vn 0.9297 0.2775 0.2422
vn 0.9361 0.2631 0.2335
vn 0.9775 -0.0206 -0.2098
vn -0.9963 0.0001 -0.0859
vn 0.0455 -0.7836 -0.6196
vn -0.9978 -0.0046 -0.0662
vn 0.3443 -0.0273 0.9385
vn 0.0529 0.9824 -0.1790
vn 0.0680 0.7898 -0.6096
vn -0.9495 -0.1321 -0.2847
vn 0.9924 -0.0106 -0.1227
vn -0.0534 0.6806 0.7307
vn -0.9887 -0.0640 -0.1353
vn 0.5226 -0.2832 0.8042
vn 0.9956 -0.0620 -0.0698
vn -0.0423 -0.9970 0.0641
vn 0.2758 -0.1158 0.9542
vn 0.8322 -0.3414 -0.4369
vn 0.3478 -0.9373 -0.0238
vn 0.9768 0.1014 -0.1885
vn 0.0961 -0.9860 0.1364
vn 0.9107 0.0378 -0.4114
vn 0.1014 0.8667 0.4885
vn 0.9657 0.1518 -0.2107
vn -0.0546 -0.2128 -0.9756
vn 0.3142 0.2233 0.9227
vn 0.9997 -0.0101 -0.0223
vn 0.4431 0.8958 -0.0343
vn 0.4919 0.8695 -0.0442
vn 0.0500 0.8194 -0.5710
vn 0.9148 -0.4037 0.0138
vn 0.1277 -0.0245 -0.9915
vn 0.1577 0.0375 0.9868
vn 0.9992 0.0342 -0.0218
vn 0.0000 -1.0000 -0.0000
vn 0.9087 -0.4173 0.0147
vn 0.1208 -0.5392 -0.8334
vn 0.0925 -0.5214 0.8483
vn -0.5524 0.7513 0.3611
vn 0.4582 -0.8387 -0.2943
vn -0.5018 0.8076 0.3099
vn -0.7690 -0.6259 0.1300
vn 0.2082 0.5029 -0.8389
vn 0.8973 0.0995 0.4301
vn -0.3965 0.9134 -0.0923
vn -0.4797 0.6860 0.5471
vn -0.3509 -0.2505 0.9023
vn 0.9325 0.3492 0.0917
vn 0.0056 0.9901 -0.1401
vn 0.3069 -0.9511 0.0349
vn 0.5237 -0.8355 -0.1662
vn 0.0117 -0.9987 0.0487
vn 0.0135 -0.9885 -0.1508
vn -0.5449 0.6278 0.5558
vn 0.3034 -0.9317 -0.1997
vn 0.1958 -0.9345 -0.2972
vn -0.5153 -0.1021 -0.8509
vn -0.5083 0.7752 0.3752
vn 0.5147 -0.7866 -0.3409
vn 0.5118 -0.8007 -0.3114
vn 0.8520 -0.3847 -0.3552
vn 0.5165 -0.8482 -0.1180
vn -0.5883 0.6956 0.4125
vn -0.8246 -0.4680 -0.3179
vn 0.4700 -0.8026 -0.3673
vn 0.4429 -0.8014 -0.4019
vn 0.2134 0.4995 -0.8396
vn 0.4641 -0.8094 -0.3598
vn 0.8232 0.4060 0.3968
vn 0.6515 -0.7232 -0.2291
vn -0.2027 0.2669 -0.9422
vn -0.2326 0.7382 0.6332
vn 0.5596 -0.7455 -0.3621
vn -0.4493 0.8293 0.3323
vn 0.4621 -0.8361 -0.2956
vn 0.8226 0.5453 -0.1615
vn 0.4691 -0.7774 -0.4190
vn -0.4191 0.6630 0.6203
vn -0.8529 -0.5192 0.0544
vn -0.1193 -0.2062 -0.9712
vn -0.3665 0.8318 0.4168
vn -0.4453 0.8184 0.3634
vn 0.5680 -0.7587 -0.3190
vn 0.5599 0.5957 -0.5759
vn 0.6948 -0.7165 0.0618
vn 0.2452 0.4895 -0.8369
vn -0.1782 0.2902 -0.9402
vn -0.8678 0.4009 -0.2937
vn 0.9785 0.1840 0.0927
vn -0.9910 -0.0393 -0.1281
vn -0.2337 0.1070 -0.9664
vn -0.0412 0.9876 -0.1517
vn 0.0939 -0.9686 -0.2301
vn -0.1795 0.0596 0.9820
vn 0.0734 0.0555 -0.9958
vn -0.4545 0.8866 -0.0860
vn 0.9998 0.0125 0.0184
vn -0.9944 -0.0390 -0.0979
vn -0.5147 -0.1237 0.8484
vn -0.9555 0.2445 -0.1653
vn -0.9692 0.2351 -0.0737
vn 0.9548 0.2728 0.1181
vn -0.2502 -0.9462 0.2052
vn -0.1292 0.0149 0.9915
vn -0.2825 -0.0202 0.9590
vn -0.9850 -0.0044 -0.1726
vn -0.0417 0.1941 0.9801
vn -0.2719 -0.0102 -0.9623
vn 0.0463 -0.5600 -0.8272
vn -0.9884 0.1158 -0.0980
vn -0.9998 0.0204 0.0032
vn -0.9993 -0.0133 0.0341
vn -0.1272 0.0451 -0.9909
vn 0.9982 0.0572 -0.0196
vn -0.0558 -0.0860 -0.9947
vn -0.2234 0.1739 -0.9591
vn 0.9467 0.3190 0.0439
vn 0.4253 0.8763 -0.2262
vn -0.0686 0.6988 0.7120
vn 0.9287 0.3651 -0.0657
vn -0.9078 0.3202 -0.2710
vn 1.0000 -0.0032 -0.0000
vn -0.0575 0.8652 0.4981
vn -0.9255 0.2853 -0.2492
vn 0.9982 0.0571 -0.0180
vn -0.0373 -0.7627 -0.6457
vn 0.1675 -0.9841 0.0596
vn -0.9994 0.0224 0.0262
vn 0.9115 0.3632 -0.1930
vn -0.9881 0.1172 -0.0999
vn 0.8281 0.4388 -0.3487
vn -0.9364 0.2426 -0.2536
vn -0.9471 0.2140 -0.2392
vn 0.9997 -0.0174 -0.0161
vn -0.9861 -0.1518 0.0675
vn 0.9948 -0.1007 0.0173
vn -0.0896 0.0641 0.9939
vn 0.9969 -0.0777 0.0157
vn -0.0816 -0.1972 0.9770
vn -0.9943 -0.0719 0.0785
vn -0.0854 -0.6954 -0.7135
vn 0.9704 -0.2096 0.1201
vn -0.9937 -0.1038 0.0422
vn -0.0403 0.9778 0.2055
vn 0.9900 -0.1227 0.0693
vn -0.9762 0.2015 -0.0798
vn -0.0756 -0.3672 -0.9271
vn 0.2635 -0.9616 -0.0766
vn -0.1427 -0.0090 0.9897
vn -0.9887 -0.1456 -0.0358
vn -0.3857 -0.9225 -0.0147
vn -0.9604 0.2489 -0.1252
vn 0.1562 -0.9833 0.0930
vn -0.9925 -0.0342 -0.1177
vn 0.9993 -0.0366 -0.0099
vn -0.1493 0.8797 0.4516
vn -0.9960 0.0679 -0.0579
vn -0.0155 -0.0594 -0.9981
vn 0.9967 -0.0642 -0.0505
vn -0.2470 0.1241 0.9610
vn -0.9992 0.0117 -0.0380
vn 0.9997 0.0015 0.0244
vn -0.4335 0.9008 0.0257
vn 0.9997 -0.0027 0.0232
vn -0.4029 0.9152 0.0040
vn -0.0573 0.8362 -0.5454
vn -0.9174 -0.3968 -0.0290
vn 0.9997 0.0000 0.0261
vn -0.0913 -0.0109 -0.9958
vn -0.1849 0.0220 0.9825
vn 0.9999 -0.0122 0.0119
vn -0.9991 0.0222 -0.0372
vn -0.9151 -0.4024 -0.0267
vn -0.0777 -0.5386 -0.8390
vn -0.1318 -0.5270 0.8396
vn 0.9715 0.1747 0.1602
vn -0.9491 -0.3026 -0.0879
vn 0.9676 0.2386 0.0821
vn 0.1610 -0.9812 0.1068
vn -0.6808 -0.7082 0.1872
vn -0.6518 0.0666 0.7554
vn 0.2577 -0.8272 0.4993
vn 0.8566 -0.1746 0.4856
vn 0.1875 -0.0858 -0.9785
vn 0.8444 -0.1707 0.5078
vn -0.5841 0.5277 0.6168
vn -0.2932 -0.9536 0.0691
vn -0.1519 -0.0860 0.9847
vn -0.6694 -0.7098 0.2193
vn 0.2059 -0.9784 -0.0186
vn 0.0989 -0.9939 -0.0497
vn 0.5218 -0.6895 0.5023
vn -0.8032 -0.5828 -0.1231
vn -0.4634 -0.8850 0.0447
vn -0.9400 -0.3024 0.1583
vn 0.8420 -0.2146 0.4949
vn -0.9319 -0.3624 -0.0146
vn -0.9354 -0.3536 0.0031
vn 0.5873 -0.7310 0.3475
vn -0.6977 -0.7164 -0.0078
vn -0.2990 0.9028 -0.3092
vn 0.2098 -0.9078 -0.3631
vn -0.9598 -0.2394 -0.1468
vn -0.9354 -0.2854 -0.2085
vn -0.0751 0.7159 -0.6942
vn -0.9537 -0.2585 -0.1537
vn -0.2396 0.8897 0.3885
vn -0.9977 -0.0683 -0.0017
vn 0.1186 0.0630 -0.9909
vn -0.9834 -0.1811 -0.0035
vn -0.9758 -0.1451 -0.1637
vn 0.9445 0.3014 0.1304
vn -0.9316 -0.3547 -0.0794
vn -0.3042 0.7372 0.6033
vn -0.9571 -0.2574 -0.1327
vn 0.7973 -0.3326 0.5037
vn 0.2674 -0.6335 -0.7261
vn 0.8815 0.3942 0.2598
vn 0.9480 0.2673 0.1730
vn -0.9862 -0.1535 -0.0620
vn -0.2235 0.9541 -0.1991
vn 0.8674 0.2477 0.4315
vn -0.1597 0.8289 -0.5361
vn 0.1858 -0.9711 0.1498
vn 0.5088 -0.8300 -0.2285
vn 0.5265 -0.8350 -0.1598
vn 0.5815 -0.0613 0.8112
vn 0.9975 0.0532 -0.0462
vn 0.9531 0.2228 -0.2048
vn 0.1775 0.0798 0.9809
vn -0.0540 0.9349 -0.3508
vn -0.1306 0.0263 -0.9911
vn 0.7068 -0.0928 -0.7013
vn -0.0979 -0.9856 0.1377
vn -0.9145 -0.4038 0.0244
vn -0.7504 -0.6466 0.1373
vn -0.2766 -0.1516 0.9490
vn -0.9832 0.1577 -0.0914
vn -0.9949 0.0250 -0.0976
vn -0.0633 0.1589 0.9853
vn -0.8725 -0.4844 -0.0638
vn -0.0923 0.0625 -0.9938
vn -0.9283 -0.3650 -0.0715
vn 0.2866 -0.9380 -0.1949
vn -0.9854 0.1465 -0.0872
vn -0.9785 0.1437 -0.1477
vn -0.9434 0.2369 -0.2321
vn -0.9818 0.1470 -0.1205
vn -0.8973 0.3823 -0.2205
vn -0.1230 -0.9826 -0.1392
vn 0.9932 0.1166 -0.0051
vn 0.9738 0.2268 0.0178
vn 0.9131 0.3724 0.1659
vn 0.9416 0.3304 0.0647
vn 0.9525 0.2859 0.1049
vn 0.4918 -0.0471 -0.8695
vn 0.8722 0.4380 0.2177
vn 0.3744 0.3747 -0.8482
vn 0.1708 -0.1463 -0.9744
vn 0.6454 -0.5669 0.5120
vn 0.6738 -0.1623 0.7209
vn 0.7912 0.5430 -0.2813
vn -0.7243 0.4992 -0.4755
vn 0.8033 0.4546 -0.3849
vn -0.7272 0.4623 -0.5074
vn -0.3969 -0.3781 0.8364
vn 0.3132 -0.1785 0.9328
vn 0.6754 0.7373 -0.0166
vn -0.6011 0.7991 -0.0050
vn -0.4480 -0.8445 -0.2935
vn 0.4876 -0.7931 -0.3650
vn 0.6471 0.6924 -0.3191
vn -0.5738 0.7268 -0.3776
vn -0.2567 -0.6933 -0.6734
vn 0.1009 -0.5505 -0.8287
vn 0.8334 -0.5280 0.1633
vn 0.4266 0.8946 0.1332
vn 0.9331 -0.3252 0.1532
vn -0.5660 -0.8207 0.0778
vn 0.6008 0.7962 0.0713
vn 0.9841 0.1711 -0.0485
vn -0.5152 -0.6335 0.5773
vn -0.7146 -0.6956 0.0738
vn -0.2468 0.7941 -0.5554
vn 0.3238 -0.0768 -0.9430
vn 0.4568 0.0752 0.8864
vn 0.5557 -0.0955 0.8259
vn -0.6212 -0.4511 -0.6408
vn -0.8711 0.0427 -0.4892
vn 0.2505 0.9588 -0.1343
vn 0.8490 -0.0417 -0.5267
vn 0.0810 0.8880 -0.4527
vn 0.6172 0.0994 -0.7805
vn 0.9602 -0.0289 -0.2777
vn 0.2647 0.9602 0.0896
vn -0.7755 0.1710 -0.6077
vn -0.9176 0.1667 0.3609
vn -0.6417 0.2974 -0.7069
vn -0.0069 -0.5024 -0.8646
vn -0.3874 -0.6750 0.6279
vn -0.5046 0.6943 -0.5132
vn -0.7669 -0.3341 -0.5479
vn 0.5711 -0.6453 -0.5074
vn -0.7991 -0.4460 -0.4031
vn 0.6782 -0.6078 -0.4132
vn -0.6943 -0.1777 -0.6974
vn 0.6141 -0.1837 -0.7676
vn 0.5202 -0.0006 0.8540
vn -0.6916 -0.4100 -0.5947
vn 0.6025 -0.4777 -0.6393
vn -0.9037 -0.3222 0.2819
vn 0.1161 0.9685 0.2202
vn -0.8597 -0.2490 0.4460
vn -0.2249 -0.8193 -0.5274
vn 0.0608 0.7435 0.6660
vn -0.5653 0.4395 0.6981
vn 0.3212 -0.9168 -0.2372
vn -0.0628 -0.6825 -0.7282
vn 0.3905 0.5540 -0.7353
vn -0.3525 0.4074 -0.8425
vn -0.3243 0.5066 0.7989
vn -0.0831 0.5608 0.8238
vn -0.4841 0.1665 -0.8590
vn 0.5165 0.3696 -0.7725
vn 0.0094 0.9893 0.1456
vn -0.5684 0.8171 0.0962
vn 0.0720 0.8907 -0.4488
vn -0.3457 0.8214 -0.4536
vn -0.7323 0.6768 -0.0746
vn 0.3844 0.9231 0.0151
vn 0.9472 -0.0966 -0.3059
vn 0.3495 -0.1204 -0.9292
vn 0.8567 0.5100 0.0775
vn 0.8240 -0.4376 0.3600
vn -0.9966 0.0804 -0.0179
vn 0.0266 -0.7566 -0.6533
vn -0.8807 0.4732 -0.0216
vn -0.6702 -0.5433 0.5057
vn 0.2566 -0.0715 -0.9639
vn 0.3926 -0.6955 0.6018
vn 0.7837 0.2100 0.5846
vn 0.6200 0.1204 -0.7753
vn 0.8004 -0.0512 0.5973
vn -0.1178 -0.5983 -0.7926
vn 0.7350 0.6678 0.1175
vn -0.7125 0.6769 0.1849
vn -0.6614 -0.7500 0.0046
vn 0.6950 -0.7167 -0.0576
vn 0.6322 0.1036 0.7679
vn 0.7145 0.6155 -0.3325
vn -0.6964 0.5205 -0.4941
vn 0.7774 0.5131 -0.3638
vn -0.7153 0.4738 -0.5137
vn -0.2990 -0.5193 0.8006
vn 0.6056 -0.3253 0.7262
vn 0.7528 0.6382 -0.1611
vn -0.7493 0.6406 -0.1680
vn -0.4752 -0.7256 -0.4977
vn 0.4677 -0.6529 -0.5957
vn 0.7868 0.4684 -0.4020
vn -0.7491 0.4648 -0.4720
vn -0.2842 0.0512 0.9574
vn 0.0212 0.5305 0.8474
vn 0.9286 -0.0600 0.3663
vn 0.6394 0.0508 -0.7672
vn 0.3122 -0.6489 0.6939
vn 0.0190 0.3431 -0.9391
vn -0.1418 -0.5071 -0.8502
vn 0.0431 0.5827 0.8115
vn 0.0437 -0.7916 0.6095
vn 0.1238 0.6811 -0.7216
vn -0.0387 -0.4818 0.8754
vn 0.0229 -0.2848 0.9583
vn 0.0896 0.7212 -0.6869
vn 0.0645 -0.9340 -0.3515
vn 0.0621 0.9980 0.0107
vn 0.0514 0.9189 -0.3912
vn 0.0454 -0.7124 -0.7003
vn -0.3957 -0.6004 0.6949
vn -0.6427 -0.1402 -0.7532
vn 0.9413 -0.1564 -0.2992
vn -0.5355 0.7274 -0.4291
vn 0.1670 -0.3736 -0.9124
vn 0.3967 -0.1743 -0.9012
vn -0.0112 -0.2251 0.9743
vn 0.7993 0.5964 -0.0742
vn 0.8523 -0.4919 0.1778
vn -0.5917 -0.7741 0.2250
vn -0.2305 -0.0552 0.9715
vn 0.9547 0.2098 0.2110
vn 0.5134 0.8371 0.1891
vn 0.9631 -0.2688 0.0138
vn -0.9671 -0.1910 0.1682
vn -0.6034 -0.7916 -0.0966
vn -0.7529 -0.4862 0.4435
vn 0.8886 0.4584 -0.0157
vn -0.2037 0.9141 -0.3507
vn 0.5306 -0.1972 -0.8244
vn -0.2996 0.1994 0.9330
vn 0.3270 -0.7891 0.5200
vn 0.5063 -0.0088 0.8623
vn 0.0470 0.4198 -0.9064
vn 0.4365 0.2210 -0.8721
vn 0.0141 0.6470 -0.7624
vn 0.3883 0.9208 0.0364
vn 0.9402 -0.0270 -0.3396
vn 0.6791 0.6014 -0.4208
vn -0.7616 -0.2600 -0.5936
vn 0.0150 0.9923 -0.1226
vn 0.7811 -0.1910 -0.5945
vn 0.6949 0.4308 0.5758
vn 0.8469 0.2298 0.4796
vn 0.3907 0.5596 -0.7309
vn 0.7587 0.6080 -0.2337
vn -0.2309 -0.0054 -0.9730
vn -0.0488 -0.7689 0.6375
vn -0.6521 0.1902 0.7339
vn -0.7141 0.2363 -0.6589
vn -0.5848 -0.1771 0.7916
vn 0.0227 -0.5791 -0.8149
vn -0.7404 -0.0485 -0.6704
vn 0.7067 -0.0123 -0.7074
vn 0.6742 0.1907 0.7135
vn -0.6865 0.1489 0.7117
vn -0.4445 0.7320 0.5162
vn -0.5136 -0.1438 -0.8459
vn -0.5133 0.8060 0.2946
vn -0.7456 -0.4221 -0.5157
vn 0.6155 -0.6088 -0.5005
vn 0.5171 0.7462 0.4192
vn -0.7624 -0.2865 -0.5802
vn 0.7342 -0.3006 -0.6087
vn 0.5718 -0.1542 0.8058
vn -0.7879 -0.4570 -0.4128
vn 0.7321 -0.5328 -0.4244
vn 0.6529 0.4776 0.5879
vn -0.8840 0.0165 0.4672
vn -0.7183 -0.0225 -0.6954
vn -0.0201 -0.7052 0.7087
vn -0.2748 0.3019 -0.9129
vn 0.0998 -0.5426 -0.8340
vn -0.0362 0.6321 -0.7740
vn -0.0250 0.8020 0.5968
vn 0.0144 -0.8240 -0.5664
vn -0.0590 0.8469 0.5285
vn -0.0945 -0.7806 -0.6179
vn -0.0762 -0.1185 0.9900
vn -0.0793 -0.2131 -0.9738
vn -0.0754 -0.5295 -0.8450
vn 0.0271 -0.6857 0.7274
vn 0.2019 -0.5158 -0.8326
vn -0.9973 -0.0167 -0.0718
vn 0.7518 0.1684 -0.6376
vn -0.5378 -0.1484 -0.8299
vn -0.0396 -0.6757 -0.7361
vn 0.1949 -0.5662 0.8009
vn -0.8379 0.5155 -0.1792
vn -0.7645 -0.5619 0.3161
vn -0.1782 -0.8111 -0.5570
vn 0.8462 -0.5048 0.1706
vn -0.8132 0.3259 0.4821
vn 0.0684 0.7542 0.6530
vn -0.8745 -0.0705 0.4799
vn 0.6349 -0.4736 -0.6104
vn -0.1519 -0.6778 -0.7193
vn 0.3898 -0.7633 -0.5152
vn -0.3986 0.6313 0.6653
vn 0.5688 0.6790 -0.4641
vn -0.6784 0.4143 -0.6068
vn 0.5281 -0.0465 0.8479
vn -0.6340 -0.3382 0.6954
vn -0.2103 0.5380 0.8163
vn -0.0007 0.5119 -0.8591
vn -0.0902 0.8598 -0.5026
vn -0.2619 0.7323 -0.6285
vn 0.2234 0.7862 0.5762
vn -0.7737 0.4699 0.4250
vn -0.2646 0.9561 0.1262
vn 0.0140 0.2846 -0.9585
vn 0.5092 0.8591 -0.0518
vn -0.8404 0.5159 -0.1659
vn -0.0670 0.8623 0.5020
vn -0.3859 0.8124 0.4371
vn -0.1563 0.8684 -0.4706
vn -0.2219 0.9717 -0.0809
vn 0.9830 -0.1433 -0.1146
vn -0.3889 -0.3920 -0.8337
vn 0.8519 0.5129 0.1062
vn 0.6908 -0.6327 0.3501
vn 0.9333 0.0551 0.3549
vn 0.7936 0.0049 -0.6085
vn -0.9546 -0.0670 0.2901
vn -0.1932 -0.8032 -0.5634
vn -0.9708 0.2330 -0.0566
vn -0.5326 -0.7417 0.4078
vn -0.8604 0.0023 0.5097
vn -0.3949 0.0432 -0.9177
vn 0.8061 0.3014 0.5093
vn 0.6776 0.0453 -0.7341
vn -0.7862 0.0394 0.6167
vn -0.7139 0.3985 -0.5758
vn 0.0735 0.0932 -0.9929
usemtl Color_1
s off
f 199/1/1 188/2/1 480/3/1 483/4/1
f 7/5/2 194/6/2 486/7/2 166/8/2
f 65/9/3 299/10/3 273/11/3 46/12/3
f 507/13/4 186/14/4 72/15/4 178/16/4
f 32/17/5 26/18/5 71/19/5 109/20/5
f 309/21/6 304/22/6 268/23/6 266/24/6
f 30/25/7 80/26/7 361/27/7 265/28/7
f 505/29/8 191/30/8 4/31/8 180/32/8
f 32/17/9 186/14/9 189/33/9 26/18/9
f 26/18/10 264/34/10 362/35/10 71/19/10
f 29/36/11 28/37/11 33/38/11 34/39/11
f 193/40/12 205/41/12 490/42/12 487/43/12
f 180/32/13 4/31/13 5/44/13 181/45/13
f 181/45/14 5/44/14 6/46/14 182/47/14
f 63/48/15 288/49/15 318/50/15 66/51/15
f 276/52/16 47/53/16 56/54/16 292/55/16
f 179/56/17 74/57/17 192/58/17 504/59/17
f 31/60/18 192/58/18 74/57/18 108/61/18
f 4/31/19 7/5/19 8/62/19 5/44/19
f 244/63/20 247/64/20 207/65/20 213/66/20
f 6/46/21 9/67/21 190/68/21 187/69/21
f 197/70/22 357/71/22 223/72/22 220/73/22
f 13/74/23 222/75/23 228/76/23 20/77/23
f 22/78/24 239/79/24 212/80/24 10/81/24
f 20/77/25 228/76/25 251/82/25 24/83/25
f 224/84/26 16/85/26 14/86/26 12/87/26
f 245/88/27 214/89/27 11/90/27 23/91/27
f 238/92/28 241/93/28 209/94/28 211/95/28
f 196/96/29 507/13/29 178/16/29 358/97/29
f 216/98/30 18/99/30 81/100/30 70/101/30
f 11/90/31 10/81/31 212/80/31 210/102/31
f 83/103/32 82/104/32 14/86/32 16/85/32
f 70/105/33 203/106/33 217/107/33 216/108/33
f 82/104/34 81/100/34 18/99/34 14/86/34
f 2/109/35 1/110/35 15/111/35 17/112/35
f 216/113/36 234/114/36 21/115/36 12/87/36
f 218/116/37 13/74/37 20/77/37 236/117/37
f 3/118/38 2/109/38 17/112/38 19/119/38
f 243/120/39 23/91/39 11/90/39 210/102/39
f 224/84/40 12/87/40 21/115/40 230/121/40
f 28/37/41 55/122/41 204/123/41 263/124/41
f 249/125/42 22/78/42 10/81/42 208/126/42
f 215/127/43 219/128/43 235/129/43 232/130/43
f 18/99/44 216/98/44 12/87/44 14/86/44
f 16/85/45 224/84/45 360/131/45 83/103/45
f 221/132/46 225/133/46 229/134/46 226/135/46
f 218/116/47 19/119/47 17/112/47 13/74/47
f 222/75/48 13/74/48 17/112/48 15/111/48
f 261/136/49 24/83/49 22/78/49 249/125/49
f 257/137/50 245/88/50 23/91/50 25/138/50
f 256/139/51 259/140/51 248/141/51 246/142/51
f 255/143/52 25/138/52 23/91/52 243/120/52
f 73/144/53 355/145/53 262/146/53 27/147/53
f 250/148/54 253/149/54 242/150/54 240/151/54
f 227/152/55 231/153/55 254/154/55 252/155/55
f 234/114/56 257/137/56 25/138/56 21/115/56
f 24/83/57 251/82/57 239/79/57 22/78/57
f 233/156/58 237/157/58 260/158/58 258/159/58
f 230/121/59 21/115/59 25/138/59 255/143/59
f 192/58/60 31/60/60 27/147/60 195/160/60
f 236/117/61 20/77/61 24/83/61 261/136/61
f 30/25/62 54/161/62 53/162/62 29/36/62
f 108/61/63 73/144/63 27/147/63 31/60/63
f 190/68/64 9/67/64 168/163/64 481/164/64
f 491/165/65 204/123/65 55/122/65 171/166/65
f 182/47/66 6/46/66 187/69/66 506/167/66
f 263/124/67 356/168/67 78/169/67 28/37/67
f 5/44/68 8/62/68 9/67/68 6/46/68
f 33/38/69 117/170/69 123/171/69 36/172/69
f 30/25/70 29/36/70 34/39/70 35/173/70
f 80/26/71 30/25/71 35/173/71 119/174/71
f 28/37/72 78/169/72 117/170/72 33/38/72
f 37/175/73 36/172/73 39/176/73 40/177/73
f 35/173/74 34/39/74 37/175/74 38/178/74
f 34/39/75 33/38/75 36/172/75 37/175/75
f 119/174/76 35/173/76 38/178/76 125/179/76
f 41/180/77 40/177/77 43/181/77 44/182/77
f 125/179/78 38/178/78 41/180/78 131/183/78
f 36/172/79 123/171/79 129/184/79 39/176/79
f 38/178/80 37/175/80 40/177/80 41/180/80
f 42/185/81 135/186/81 136/187/81 43/181/81
f 43/181/81 136/187/81 137/188/81 44/182/81
f 40/177/82 39/176/82 42/185/82 43/181/82
f 131/183/83 41/180/83 44/182/83 137/188/83
f 39/176/84 129/184/84 135/186/84 42/185/84
f 65/9/85 46/12/85 269/189/85 306/190/85
f 307/191/86 267/192/86 45/193/86 64/194/86
f 63/48/87 66/51/87 310/195/87 292/196/87
f 46/12/88 45/193/88 267/192/88 269/189/88
f 168/163/89 167/197/89 52/198/89 47/53/89
f 488/199/90 489/200/90 280/201/90 277/202/90
f 167/197/91 166/8/91 50/203/91 52/198/91
f 61/204/92 60/205/92 288/206/92 63/48/92
f 283/207/93 274/208/93 294/209/93 295/210/93
f 278/211/94 282/212/94 289/213/94 286/214/94
f 166/8/95 486/7/95 279/215/95 50/203/95
f 171/166/96 55/122/96 53/162/96 169/216/96
f 208/126/31 10/81/31 11/90/31 214/89/31
f 170/217/97 51/218/97 49/219/97 169/216/97
f 29/36/98 53/162/98 55/122/98 28/37/98
f 200/220/99 485/221/99 170/217/99 54/161/99
f 47/53/100 52/198/100 61/204/100 56/54/100
f 51/218/101 284/222/101 297/223/101 58/224/101
f 485/221/102 284/222/102 51/218/102 170/217/102
f 484/225/103 482/226/103 275/227/103 285/228/103
f 52/198/104 50/203/104 60/205/104 61/204/104
f 49/219/105 51/218/105 58/224/105 57/229/105
f 48/230/106 49/219/106 57/229/106 59/231/106
f 481/164/107 168/163/107 47/53/107 276/52/107
f 281/232/108 491/165/108 171/166/108 48/230/108
f 50/203/109 279/215/109 288/233/109 60/205/109
f 271/234/110 45/193/110 46/12/110 273/11/110
f 319/235/111 290/236/111 62/237/111 67/238/111
f 271/234/112 303/239/112 64/194/112 45/193/112
f 324/240/113 325/241/113 302/242/113 300/243/113
f 297/244/114 315/245/114 67/238/114 62/237/114
f 332/246/115 329/247/115 305/248/115 308/249/115
f 333/250/116 307/191/116 64/194/116 68/251/116
f 298/252/117 301/253/117 270/254/117 272/255/117
f 66/51/118 69/256/118 328/257/118 310/195/118
f 303/239/119 327/258/119 68/251/119 64/194/119
f 69/256/120 322/259/120 299/10/120 65/9/120
f 290/260/121 59/231/121 57/229/121 62/237/121
f 287/261/122 291/262/122 321/263/122 316/264/122
f 58/224/123 297/265/123 62/237/123 57/229/123
f 56/54/124 61/204/124 63/48/124 292/266/124
f 296/267/125 293/268/125 312/269/125 313/270/125
f 335/271/126 72/15/126 109/20/126 116/272/126
f 69/256/127 65/9/127 306/190/127 328/257/127
f 66/51/128 318/50/128 322/259/128 69/256/128
f 327/258/129 319/235/129 67/238/129 68/251/129
f 317/273/130 320/274/130 326/275/130 323/276/130
f 315/245/131 333/250/131 68/251/131 67/238/131
f 314/277/132 311/278/132 330/279/132 331/280/132
f 510/281/133 178/16/133 72/15/133 335/271/133
f 87/282/134 172/283/134 500/284/134 343/285/134
f 161/286/135 142/287/135 419/288/135 446/289/135
f 86/290/136 334/291/136 337/292/136 89/293/136
f 116/272/137 109/20/137 71/19/137 110/294/137
f 364/295/138 370/296/138 91/297/138 90/298/138
f 114/299/139 410/300/139 361/27/139 80/26/139
f 115/301/140 108/61/140 74/57/140 339/302/140
f 116/272/141 110/294/141 338/303/141 335/271/141
f 96/304/142 83/103/142 360/131/142 380/305/142
f 79/306/143 118/307/143 119/308/143 80/309/143
f 113/310/144 121/311/144 120/312/144 112/313/144
f 341/314/145 499/315/145 503/316/145 353/317/145
f 183/318/146 184/319/146 85/320/146 84/321/146
f 184/319/147 185/322/147 86/290/147 85/320/147
f 159/323/148 162/324/148 462/325/148 433/326/148
f 420/327/149 440/328/149 152/329/149 143/330/149
f 179/56/150 509/331/150 339/302/150 74/57/150
f 339/302/151 342/332/151 111/333/151 115/301/151
f 84/321/152 85/320/152 88/334/152 87/282/152
f 395/335/153 369/336/153 363/337/153 398/338/153
f 347/339/154 495/340/154 492/341/154 336/342/154
f 346/343/155 375/344/155 378/345/155 359/346/155
f 93/347/156 100/348/156 382/349/156 376/350/156
f 103/351/157 90/298/157 368/352/157 391/353/157
f 100/348/158 105/354/158 402/355/158 382/349/158
f 110/294/159 71/19/159 362/35/159 411/356/159
f 397/357/160 104/358/160 91/297/160 370/296/160
f 389/359/161 367/360/161 365/361/161 392/362/161
f 344/363/162 358/97/162 178/16/162 510/281/162
f 372/364/163 70/101/163 81/100/163 98/365/163
f 91/297/138 366/366/138 368/352/138 90/298/138
f 83/103/164 96/304/164 94/367/164 82/104/164
f 70/105/165 372/368/165 373/369/165 350/370/165
f 82/104/166 94/367/166 98/365/166 81/100/166
f 76/371/167 97/372/167 95/373/167 75/374/167
f 372/375/168 92/376/168 101/377/168 387/378/168
f 371/379/169 388/380/169 102/381/169 374/382/169
f 77/383/170 99/384/170 97/372/170 76/371/170
f 393/385/171 366/366/171 91/297/171 104/358/171
f 377/386/172 381/387/172 384/388/172 379/389/172
f 112/313/173 408/390/173 354/391/173 151/392/173
f 399/393/174 364/295/174 90/298/174 103/351/174
f 98/365/175 94/367/175 92/376/175 372/364/175
f 374/394/176 102/381/176 100/348/176 93/347/176
f 380/305/177 92/376/177 94/367/177 96/304/177
f 376/350/178 95/373/178 97/372/178 93/347/178
f 374/395/179 93/347/179 97/372/179 99/384/179
f 380/305/180 386/396/180 101/377/180 92/376/180
f 107/397/181 399/398/181 103/351/181 105/354/181
f 407/399/182 106/400/182 104/358/182 397/357/182
f 406/401/183 396/402/183 399/403/183 107/397/183
f 404/404/184 393/385/184 104/358/184 106/400/184
f 453/405/185 412/406/185 414/407/185 450/408/185
f 102/381/186 107/397/186 105/354/186 100/348/186
f 383/409/187 401/410/187 405/411/187 385/412/187
f 387/378/188 101/377/188 106/400/188 407/399/188
f 105/354/189 103/351/189 391/353/189 402/355/189
f 388/380/190 406/401/190 107/397/190 102/381/190
f 386/396/191 404/404/191 106/400/191 101/377/191
f 508/413/192 183/318/192 84/321/192 340/414/192
f 400/415/193 390/416/193 394/417/193 403/418/193
f 114/299/194 113/310/194 149/419/194 150/420/194
f 108/61/195 115/301/195 111/333/195 73/144/195
f 337/292/196 494/421/196 174/422/196 89/293/196
f 502/423/197 177/424/197 151/392/197 354/391/197
f 185/322/198 511/425/198 334/291/198 86/290/198
f 408/390/199 112/313/199 78/169/199 356/168/199
f 85/320/200 86/290/200 89/293/200 88/334/200
f 117/426/201 123/427/201 124/428/201 118/307/201
f 120/312/202 126/429/202 123/171/202 117/170/202
f 114/299/203 122/430/203 121/311/203 113/310/203
f 80/26/204 119/174/204 122/430/204 114/299/204
f 78/431/205 117/426/205 118/307/205 79/306/205
f 112/313/206 120/312/206 117/170/206 78/169/206
f 127/432/207 133/433/207 132/434/207 126/429/207
f 124/428/208 130/435/208 131/436/208 125/437/208
f 122/430/209 128/438/209 127/432/209 121/311/209
f 118/307/210 124/428/210 125/437/210 119/308/210
f 121/311/211 127/432/211 126/429/211 120/312/211
f 119/174/212 125/179/212 128/438/212 122/430/212
f 134/439/213 140/440/213 139/441/213 133/433/213
f 129/442/214 135/443/214 136/444/214 130/435/214
f 125/179/215 131/183/215 134/439/215 128/438/215
f 126/429/216 132/434/216 129/184/216 123/171/216
f 123/427/217 129/442/217 130/435/217 124/428/217
f 128/438/218 134/439/218 133/433/218 127/432/218
f 138/445/81 139/441/81 136/187/81 135/186/81
f 139/441/81 140/440/81 137/188/81 136/187/81
f 130/435/214 136/444/214 137/446/214 131/436/214
f 133/433/219 139/441/219 138/445/219 132/434/219
f 131/183/220 137/188/220 140/440/220 134/439/220
f 132/434/221 138/445/221 135/186/221 129/184/221
f 161/286/222 451/447/222 415/448/222 142/287/222
f 455/449/223 160/450/223 141/451/223 413/452/223
f 159/323/224 440/453/224 458/454/224 162/324/224
f 142/287/225 415/448/225 413/452/225 141/451/225
f 174/422/226 143/330/226 148/455/226 173/456/226
f 498/457/227 423/458/227 426/459/227 501/460/227
f 173/456/228 148/455/228 146/461/228 172/283/228
f 157/462/229 159/323/229 433/463/229 156/464/229
f 497/465/230 430/466/230 421/467/230 493/468/230
f 146/461/231 156/464/231 433/469/231 424/470/231
f 425/471/232 432/472/232 435/473/232 427/474/232
f 177/424/233 175/475/233 149/419/233 151/392/233
f 73/144/234 111/333/234 409/476/234 355/145/234
f 176/477/235 175/475/235 145/478/235 147/479/235
f 113/310/236 112/313/236 151/392/236 149/419/236
f 349/480/237 150/420/237 176/477/237 496/481/237
f 143/330/238 152/329/238 157/462/238 148/455/238
f 147/479/239 154/482/239 442/483/239 431/484/239
f 496/481/240 176/477/240 147/479/240 431/484/240
f 494/421/241 420/327/241 143/330/241 174/422/241
f 148/455/242 157/462/242 156/464/242 146/461/242
f 145/478/243 153/485/243 154/482/243 147/479/243
f 144/486/244 155/487/244 153/485/244 145/478/244
f 429/488/245 441/489/245 438/490/245 422/491/245
f 428/492/246 144/486/246 177/424/246 502/423/246
f 172/283/247 146/461/247 424/470/247 500/284/247
f 417/493/248 419/288/248 142/287/248 141/451/248
f 467/494/249 163/495/249 158/496/249 437/497/249
f 417/493/250 141/451/250 160/450/250 448/498/250
f 468/499/251 445/500/251 449/501/251 471/502/251
f 442/503/252 158/496/252 163/495/252 460/504/252
f 479/505/253 454/506/253 452/507/253 475/508/253
f 478/509/254 164/510/254 160/450/254 455/449/254
f 444/511/255 418/512/255 416/513/255 447/514/255
f 162/324/256 458/454/256 476/515/256 165/516/256
f 448/498/257 160/450/257 164/510/257 472/517/257
f 165/516/258 161/286/258 446/289/258 470/518/258
f 437/519/259 158/496/259 153/485/259 155/487/259
f 434/520/260 464/521/260 465/522/260 436/523/260
f 154/482/261 153/485/261 158/496/261 442/524/261
f 152/329/262 440/525/262 159/323/262 157/462/262
f 443/526/263 459/527/263 456/528/263 439/529/263
f 165/516/264 476/515/264 451/447/264 161/286/264
f 162/324/265 165/516/265 470/518/265 462/325/265
f 472/517/266 164/510/266 163/495/266 467/494/266
f 463/530/267 469/531/267 473/532/267 466/533/267
f 460/504/268 163/495/268 164/510/268 478/509/268
f 461/534/269 477/535/269 474/536/269 457/537/269
f 54/161/270 170/217/270 169/216/270 53/162/270
f 281/232/271 48/230/271 59/231/271 290/538/271
f 48/230/272 171/166/272 169/216/272 49/219/272
f 27/147/273 262/146/273 206/539/273 195/160/273
f 1/110/274 182/47/274 506/167/274 198/540/274
f 191/30/275 194/6/275 7/5/275 4/31/275
f 70/105/276 179/56/276 504/59/276 203/106/276
f 8/62/277 7/5/277 166/8/277 167/197/277
f 189/33/278 201/541/278 264/34/278 26/18/278
f 9/67/279 8/62/279 167/197/279 168/163/279
f 150/420/280 149/419/280 175/475/280 176/477/280
f 428/492/281 437/542/281 155/487/281 144/486/281
f 144/486/282 145/478/282 175/475/282 177/424/282
f 111/333/283 342/332/283 352/543/283 409/476/283
f 75/374/284 345/544/284 511/425/284 185/322/284
f 340/414/285 84/321/285 87/282/285 343/285/285
f 70/105/286 350/370/286 509/331/286 179/56/286
f 88/334/287 173/456/287 172/283/287 87/282/287
f 338/303/288 110/294/288 411/356/288 348/545/288
f 89/293/289 174/422/289 173/456/289 88/334/289
f 349/480/290 410/300/290 114/299/290 150/420/290
f 76/371/291 75/374/291 185/322/291 184/319/291
f 77/383/292 76/371/292 184/319/292 183/318/292
f 99/384/293 77/383/293 351/546/293 374/547/293
f 351/546/294 77/383/294 183/318/294 508/413/294
f 376/548/295 345/544/295 75/374/295 95/373/295
f 200/220/296 54/161/296 30/25/296 265/28/296
f 2/109/297 181/45/297 182/47/297 1/110/297
f 3/118/298 180/32/298 181/45/298 2/109/298
f 19/119/299 218/549/299 202/550/299 3/118/299
f 202/550/300 505/29/300 180/32/300 3/118/300
f 222/551/301 15/111/301 1/110/301 198/540/301
f 188/2/302 189/33/302 190/68/302
f 193/40/303 194/6/303 195/160/303
f 196/96/304 197/70/304 198/540/304
f 199/1/305 200/552/305 201/553/305
f 204/123/306 205/554/306 206/555/306
f 217/107/307 218/116/307 219/128/307
f 220/73/308 221/132/308 222/551/308
f 223/72/309 224/556/309 225/557/309
f 226/135/310 227/152/310 228/76/310
f 229/134/311 230/558/311 231/559/311
f 232/130/312 233/560/312 234/561/312
f 235/129/313 236/117/313 237/157/313
f 238/92/314 239/79/314 240/151/314
f 241/93/315 242/562/315 243/563/315
f 244/63/316 245/564/316 246/565/316
f 247/64/317 248/141/317 249/125/317
f 250/148/318 251/82/318 252/155/318
f 253/149/319 254/566/319 255/567/319
f 256/139/320 257/568/320 258/569/320
f 259/140/321 260/158/321 261/136/321
f 274/208/322 275/227/322 276/52/322
f 277/202/323 278/211/323 279/215/323
f 280/201/324 281/232/324 282/212/324
f 283/207/325 284/222/325 285/228/325
f 286/214/326 287/261/326 288/233/326
f 289/213/327 290/236/327 291/262/327
f 292/196/328 293/268/328 294/209/328
f 295/210/329 296/267/329 297/223/329
f 298/252/330 299/10/330 300/243/330
f 301/253/331 302/242/331 303/239/331
f 304/22/332 305/248/332 306/190/332
f 307/191/333 308/249/333 309/21/333
f 310/195/334 311/278/334 312/269/334
f 313/270/335 314/277/335 315/245/335
f 316/264/336 317/273/336 318/50/336
f 319/235/337 320/274/337 321/263/337
f 322/259/338 323/276/338 324/240/338
f 325/241/339 326/275/339 327/258/339
f 328/257/340 329/247/340 330/279/340
f 331/280/341 332/246/341 333/250/341
f 336/342/342 337/292/342 338/303/342
f 341/314/343 342/332/343 343/285/343
f 344/363/344 345/544/344 346/343/344
f 347/339/345 348/570/345 349/571/345
f 352/543/346 353/572/346 354/573/346
f 357/71/347 358/574/347 359/575/347 360/576/347
f 375/344/348 376/350/348 377/386/348
f 378/345/349 379/577/349 380/578/349
f 381/387/350 382/349/350 383/409/350
f 384/388/351 385/579/351 386/580/351
f 389/359/352 390/416/352 391/353/352
f 392/362/353 393/581/353 394/582/353
f 395/335/354 396/583/354 397/584/354
f 400/415/355 401/410/355 402/355/355
f 403/418/356 404/585/356 405/586/356
f 420/327/357 421/467/357 422/491/357
f 423/458/358 424/470/358 425/471/358
f 426/459/359 427/474/359 428/492/359
f 429/488/360 430/466/360 431/484/360
f 432/472/361 433/326/361 434/520/361
f 435/473/362 436/523/362 437/542/362
f 438/490/363 439/529/363 440/328/363
f 441/489/364 442/503/364 443/526/364
f 444/511/365 445/500/365 446/289/365
f 447/514/366 448/498/366 449/501/366
f 450/408/367 451/447/367 452/507/367
f 453/405/368 454/506/368 455/449/368
f 456/528/369 457/537/369 458/454/369
f 459/527/370 460/504/370 461/534/370
f 462/325/371 463/530/371 464/521/371
f 465/522/372 466/533/372 467/494/372
f 468/499/373 469/531/373 470/518/373
f 471/502/374 472/517/374 473/532/374
f 474/536/375 475/508/375 476/515/375
f 477/535/376 478/509/376 479/505/376
f 480/3/377 481/164/377 482/226/377
f 483/4/378 484/225/378 485/221/378
f 486/7/379 487/43/379 488/199/379
f 489/200/380 490/42/380 491/165/380
f 492/341/381 493/468/381 494/421/381
f 495/340/382 496/481/382 497/465/382
f 498/457/383 499/315/383 500/284/383
f 501/460/384 502/423/384 503/316/384
f 201/541/385 189/33/385 188/2/385 199/1/385
f 263/124/386 204/123/386 206/587/386 262/588/386
f 505/29/387 202/550/387 203/106/387 504/59/387
f 507/13/388 196/96/388 198/540/388 506/167/388
f 205/41/389 193/40/389 195/160/389 206/539/389
f 265/28/390 361/27/390 362/589/390 264/590/390
f 238/92/391 211/95/391 212/80/391 239/79/391
f 243/120/392 210/102/392 209/591/392 241/592/392
f 244/63/393 213/66/393 214/593/393 245/594/393
f 249/125/394 208/126/394 207/65/394 247/64/394
f 202/550/395 218/549/395 217/107/395 203/106/395
f 197/70/396 220/73/396 222/551/396 198/540/396
f 360/131/397 224/84/397 223/595/397 357/596/397
f 221/132/398 226/135/398 228/76/398 222/75/398
f 224/84/399 230/121/399 229/597/399 225/598/399
f 215/127/400 232/130/400 234/599/400 216/600/400
f 218/116/401 236/117/401 235/129/401 219/128/401
f 250/148/402 240/151/402 239/79/402 251/82/402
f 255/143/403 243/120/403 242/601/403 253/602/403
f 256/139/404 246/142/404 245/603/404 257/604/404
f 261/136/405 249/125/405 248/141/405 259/140/405
f 227/152/406 252/155/406 251/82/406 228/76/406
f 230/121/407 255/143/407 254/605/407 231/606/407
f 233/156/408 258/159/408 257/607/408 234/599/408
f 236/117/409 261/136/409 260/158/409 237/157/409
f 194/6/410 191/30/410 192/58/410 195/160/410
f 189/33/411 186/14/411 187/69/411 190/68/411
f 356/168/412 263/124/412 262/608/412 355/609/412
f 357/71/413 197/70/413 196/96/413 358/97/413
f 200/220/414 265/28/414 264/610/414 201/611/414
f 210/102/415 212/80/415 211/95/415 209/94/415
f 208/126/416 214/89/416 213/66/416 207/65/416
f 225/133/417 221/132/417 220/73/417 223/72/417
f 219/128/418 215/127/418 216/108/418 217/107/418
f 237/157/419 233/156/419 232/130/419 235/129/419
f 231/153/420 227/152/420 226/135/420 229/134/420
f 247/64/421 244/63/421 246/142/421 248/141/421
f 241/93/422 238/92/422 240/151/422 242/150/422
f 253/149/423 250/148/423 252/155/423 254/154/423
f 259/140/424 256/139/424 258/159/424 260/158/424
f 266/24/425 268/23/425 269/189/425 267/192/425
f 271/234/426 273/11/426 272/255/426 270/254/426
f 480/3/427 188/2/427 190/68/427 481/164/427
f 298/252/428 272/255/428 273/11/428 299/10/428
f 303/239/429 271/234/429 270/254/429 301/253/429
f 485/221/430 200/220/430 199/1/430 483/4/430
f 294/209/431 274/208/431 276/52/431 292/55/431
f 488/199/432 277/202/432 279/215/432 486/7/432
f 491/165/433 281/232/433 280/201/433 489/200/433
f 297/223/434 284/222/434 283/207/434 295/210/434
f 274/208/435 283/207/435 285/228/435 275/227/435
f 282/212/436 278/211/436 277/202/436 280/201/436
f 278/211/437 286/214/437 288/233/437 279/215/437
f 281/232/438 290/538/438 289/213/438 282/212/438
f 312/269/439 293/268/439 292/196/439 310/195/439
f 315/245/440 297/244/440 296/267/440 313/270/440
f 293/268/441 296/267/441 295/210/441 294/209/441
f 291/262/442 287/261/442 286/214/442 289/213/442
f 324/240/443 300/243/443 299/10/443 322/259/443
f 327/258/444 303/239/444 302/242/444 325/241/444
f 268/23/445 304/22/445 306/190/445 269/189/445
f 267/192/446 307/191/446 309/21/446 266/24/446
f 304/22/447 309/21/447 308/249/447 305/248/447
f 301/253/448 298/252/448 300/243/448 302/242/448
f 330/279/449 311/278/449 310/195/449 328/257/449
f 333/250/450 315/245/450 314/277/450 331/280/450
f 287/261/451 316/264/451 318/50/451 288/49/451
f 290/236/452 319/235/452 321/263/452 291/262/452
f 320/274/453 317/273/453 316/264/453 321/263/453
f 311/278/454 314/277/454 313/270/454 312/269/454
f 317/273/455 323/276/455 322/259/455 318/50/455
f 319/235/456 327/258/456 326/275/456 320/274/456
f 305/248/457 329/247/457 328/257/457 306/190/457
f 307/191/458 333/250/458 332/246/458 308/249/458
f 325/241/459 324/240/459 323/276/459 326/275/459
f 329/247/460 332/246/460 331/280/460 330/279/460
f 347/339/461 336/342/461 338/303/461 348/545/461
f 409/476/462 352/543/462 354/573/462 408/612/462
f 509/331/463 350/370/463 351/546/463 508/413/463
f 511/425/464 345/544/464 344/363/464 510/281/464
f 352/543/465 342/332/465 341/314/465 353/317/465
f 411/356/466 362/35/466 361/613/466 410/614/466
f 391/353/467 368/352/467 367/360/467 389/359/467
f 392/362/468 365/361/468 366/615/468 393/616/468
f 397/357/469 370/296/469 369/617/469 395/618/469
f 398/338/470 363/337/470 364/295/470 399/393/470
f 350/370/471 373/369/471 374/547/471 351/546/471
f 345/544/472 376/548/472 375/344/472 346/343/472
f 359/346/473 378/345/473 380/619/473 360/576/473
f 376/350/474 382/349/474 381/387/474 377/386/474
f 379/389/475 384/388/475 386/620/475 380/621/475
f 372/375/476 387/378/476 388/622/476 371/623/476
f 402/355/477 391/353/477 390/416/477 400/415/477
f 403/418/478 394/417/478 393/624/478 404/625/478
f 407/399/479 397/357/479 396/626/479 406/627/479
f 382/349/480 402/355/480 401/410/480 383/409/480
f 385/412/481 405/411/481 404/628/481 386/620/481
f 387/378/482 407/399/482 406/629/482 388/622/482
f 342/332/483 339/302/483 340/414/483 343/285/483
f 337/292/484 334/291/484 335/271/484 338/303/484
f 355/145/485 409/476/485 408/630/485 356/631/485
f 358/97/486 344/363/486 346/343/486 359/346/486
f 348/545/487 411/356/487 410/632/487 349/571/487
f 365/361/488 367/360/488 368/352/488 366/366/488
f 363/337/489 369/336/489 370/296/489 364/295/489
f 378/345/490 375/344/490 377/386/490 379/389/490
f 373/369/491 372/368/491 371/379/491 374/382/491
f 384/388/492 381/387/492 383/409/492 385/412/492
f 399/403/493 396/402/493 395/335/493 398/338/493
f 394/417/494 390/416/494 389/359/494 392/362/494
f 405/411/495 401/410/495 400/415/495 403/418/495
f 413/452/496 415/448/496 414/407/496 412/406/496
f 416/513/497 418/512/497 419/288/497 417/493/497
f 494/421/498 337/292/498 336/342/498 492/341/498
f 446/289/499 419/288/499 418/512/499 444/511/499
f 447/514/500 416/513/500 417/493/500 448/498/500
f 495/340/501 347/339/501 349/480/501 496/481/501
f 440/328/502 420/327/502 422/491/502 438/490/502
f 500/284/503 424/470/503 423/458/503 498/457/503
f 501/460/504 426/459/504 428/492/504 502/423/504
f 441/489/505 429/488/505 431/484/505 442/483/505
f 421/467/506 430/466/506 429/488/506 422/491/506
f 426/459/507 423/458/507 425/471/507 427/474/507
f 424/470/508 433/469/508 432/472/508 425/471/508
f 427/474/509 435/473/509 437/542/509 428/492/509
f 458/454/510 440/453/510 439/529/510 456/528/510
f 459/527/511 443/526/511 442/503/511 460/504/511
f 438/490/512 441/489/512 443/526/512 439/529/512
f 435/473/513 432/472/513 434/520/513 436/523/513
f 470/518/514 446/289/514 445/500/514 468/499/514
f 471/502/515 449/501/515 448/498/515 472/517/515
f 415/448/516 451/447/516 450/408/516 414/407/516
f 412/406/517 453/405/517 455/449/517 413/452/517
f 452/507/518 454/506/518 453/405/518 450/408/518
f 449/501/519 445/500/519 444/511/519 447/514/519
f 476/515/520 458/454/520 457/537/520 474/536/520
f 477/535/521 461/534/521 460/504/521 478/509/521
f 433/326/522 462/325/522 464/521/522 434/520/522
f 436/523/523 465/522/523 467/494/523 437/497/523
f 465/522/524 464/521/524 463/530/524 466/533/524
f 456/528/525 459/527/525 461/534/525 457/537/525
f 462/325/526 470/518/526 469/531/526 463/530/526
f 466/533/527 473/532/527 472/517/527 467/494/527
f 451/447/528 476/515/528 475/508/528 452/507/528
f 454/506/529 479/505/529 478/509/529 455/449/529
f 473/532/530 469/531/530 468/499/530 471/502/530
f 474/536/531 477/535/531 479/505/531 475/508/531
f 275/227/532 482/226/532 481/164/532 276/52/532
f 284/222/533 485/221/533 484/225/533 285/228/533
f 193/40/534 487/43/534 486/7/534 194/6/534
f 204/123/535 491/165/535 490/42/535 205/41/535
f 489/200/536 488/199/536 487/43/536 490/42/536
f 482/226/537 484/225/537 483/4/537 480/3/537
f 420/327/538 494/421/538 493/468/538 421/467/538
f 430/466/539 497/465/539 496/481/539 431/484/539
f 343/285/540 500/284/540 499/315/540 341/314/540
f 353/317/541 503/316/541 502/423/541 354/391/541
f 498/457/542 501/460/542 503/316/542 499/315/542
f 497/465/543 493/468/543 492/341/543 495/340/543
f 191/30/544 505/29/544 504/59/544 192/58/544
f 186/14/545 507/13/545 506/167/545 187/69/545
f 339/302/546 509/331/546 508/413/546 340/414/546
f 334/291/547 511/425/547 510/281/547 335/271/547
f 186/14/548 32/17/548 109/20/548 72/15/548
o Icosphere
v -1.098470 -1.225220 2.153161
v -1.113358 -1.059515 2.228218
v -1.036973 -1.552512 1.422076
v -1.090375 -1.561357 1.588895
v -1.141115 -1.540497 1.746477
v -1.187870 -1.478831 1.890341
v -1.303111 -0.886389 2.231052
v -1.307177 -0.704047 2.237983
v -1.300317 -0.523678 2.210900
v -1.282616 -0.355600 2.150396
v -1.254178 -0.217222 2.057347
v -1.215992 -0.115861 1.935064
v -1.169825 -0.049712 1.789000
v -1.118076 -0.009417 1.626344
v -1.229141 -1.373031 2.015713
v -1.263238 -1.229161 2.117512
v -1.288274 -1.063699 2.190374
v -1.452627 -1.062945 2.119430
v -1.418055 -1.228451 2.050684
v -1.368472 -1.372393 1.955571
v -1.150768 -0.009267 1.612232
v -1.233953 -0.049418 1.761319
v -1.309091 -0.115435 1.894877
v -1.372670 -0.216679 2.006200
v -1.421947 -0.354962 2.090253
v -1.455134 -0.522969 2.144073
v -1.471530 -0.703294 2.167039
v -1.470684 -0.885621 2.158719
v -1.306362 -1.478288 1.839194
v -1.234214 -1.540070 1.706291
v -1.154502 -1.561064 1.561214
v -1.069665 -1.552362 1.407965
v -1.098999 -1.551236 1.387812
v -1.212044 -1.558855 1.521683
v -1.317751 -1.536864 1.648900
v -1.412684 -1.474207 1.766149
v -1.621047 -0.879850 2.055418
v -1.619004 -0.697633 2.065722
v -1.594052 -0.517636 2.048635
v -1.546970 -0.350163 2.004362
v -1.478993 -0.212598 1.933154
v -1.392628 -0.112228 1.837486
v -1.291494 -0.047210 1.721787
v -1.180102 -0.008141 1.592079
v -1.493495 -1.367594 1.869679
v -1.556972 -1.223119 1.955246
v -1.600101 -1.057285 2.018114
v -1.725028 -1.046934 1.890319
v -1.674651 -1.213369 1.834866
v -1.599403 -1.358819 1.761339
v -1.204952 -0.006082 1.566659
v -1.340238 -0.043171 1.671924
v -1.463393 -0.106365 1.765096
v -1.569060 -0.205136 1.841019
v -1.652878 -0.341388 1.896022
v -1.711730 -0.507886 1.928254
v -1.743931 -0.687282 1.937928
v -1.748421 -0.869296 1.925119
v -1.502752 -1.466744 1.674013
v -1.388516 -1.531000 1.576509
v -1.260788 -1.554816 1.471820
v -1.123849 -1.549177 1.362392
v -1.143259 -1.546264 1.332682
v -1.298861 -1.549103 1.413541
v -1.443791 -1.522705 1.491902
v -1.573102 -1.456187 1.566329
v -1.847913 -0.854366 1.772829
v -1.841510 -0.672639 1.788565
v -1.803648 -0.494092 1.787557
v -1.735601 -0.328974 1.769398
v -1.639411 -0.194578 1.733334
v -1.518668 -0.098070 1.680488
v -1.378312 -0.037457 1.613645
v -1.224362 -0.003170 1.536949
v -1.682126 -1.346405 1.634715
v -1.766569 -1.199575 1.694169
v -1.822608 -1.032291 1.740955
v -1.889089 -1.013918 1.575764
v -1.829193 -1.182268 1.538562
v -1.738487 -1.330829 1.494673
v -1.237586 0.000485 1.504090
v -1.404252 -0.030289 1.549191
v -1.556327 -0.087662 1.586915
v -1.687342 -0.181332 1.614238
v -1.791962 -0.313398 1.629356
v -1.866272 -0.476785 1.631950
v -1.907992 -0.654266 1.623373
v -1.915697 -0.835633 1.604402
v -1.621033 -1.442941 1.447233
v -1.481450 -1.512298 1.398329
v -1.324801 -1.541934 1.349086
v -1.156483 -1.542610 1.299823
v -1.163013 -1.538353 1.265079
v -1.337611 -1.533585 1.280933
v -1.500046 -1.500178 1.299385
v -1.644702 -1.427515 1.321302
v -1.949169 -0.813817 1.426309
v -1.940822 -0.632869 1.448702
v -1.897197 -0.456630 1.467414
v -1.819793 -0.295259 1.481277
v -1.711011 -0.165906 1.488308
v -1.574923 -0.075542 1.487972
v -1.417061 -0.021940 1.481038
v -1.244116 0.004741 1.469346
v -1.766318 -1.312690 1.346594
v -1.860118 -1.162113 1.374025
v -1.921919 -0.992521 1.401093
v -1.919834 -0.968923 1.223655
v -1.858154 -1.139884 1.206882
v -1.764551 -1.292684 1.196169
v -1.243701 0.009435 1.434051
v -1.416248 -0.012733 1.411805
v -1.573742 -0.062175 1.387461
v -1.709508 -0.148893 1.360382
v -1.818026 -0.275253 1.330852
v -1.895234 -0.434401 1.300271
v -1.938737 -0.609271 1.271264
v -1.947044 -0.789757 1.245394
v -1.643199 -1.410502 1.193376
v -1.498865 -1.486811 1.198875
v -1.336797 -1.524378 1.211700
v -1.162598 -1.533660 1.229784
v -1.155255 -1.528708 1.195295
v -1.322392 -1.514665 1.144048
v -1.477953 -1.472710 1.100659
v -1.616582 -1.392555 1.068371
v -1.909402 -0.764377 1.068611
v -1.901819 -0.584379 1.097878
v -1.860457 -0.410953 1.136944
v -1.786728 -0.254151 1.183862
v -1.682891 -0.130946 1.235377
v -1.552830 -0.048075 1.289246
v -1.401843 -0.003020 1.344153
v -1.236358 0.014386 1.399563
v -1.733253 -1.271581 1.049179
v -1.823378 -1.116436 1.043556
v -1.882916 -0.944031 1.050269
v -1.812582 -0.918800 0.887597
v -1.757125 -1.092669 0.890322
v -1.673627 -1.250192 0.911272
v -1.222368 0.019405 1.367206
v -1.374400 0.006824 1.280681
v -1.512989 -0.033783 1.197100
v -1.632183 -0.112756 1.118097
v -1.727102 -0.232761 1.045955
v -1.794204 -0.387186 0.983711
v -1.831485 -0.559148 0.935206
v -1.837691 -0.738652 0.902752
v -1.565875 -1.374365 0.951091
v -1.438112 -1.458418 1.008513
v -1.294950 -1.504821 1.080577
v -1.141264 -1.523690 1.162938
v -0.982185 -1.529075 1.250475
v -1.121165 -1.518797 1.133955
v -1.255524 -1.495223 1.023725
v -1.380874 -1.444484 0.925977
v -1.493025 -1.356630 0.846043
v -1.734665 -0.713571 0.754192
v -1.730439 -0.534550 0.789500
v -1.699021 -0.364015 0.846459
v -1.641440 -0.211907 0.922432
v -1.559333 -0.095022 1.013049
v -1.455751 -0.019849 1.114564
v -1.334974 0.016422 1.223830
v -1.202268 0.024298 1.338223
v -1.587965 -1.229338 0.787749
v -1.661942 -1.069498 0.753070
v -1.711536 -0.894201 0.741891
v -1.583661 -0.871180 0.618751
v -1.541486 -1.047812 0.637075
v -1.479558 -1.209821 0.683356
v -1.176832 0.028877 1.313729
v -1.285079 0.025405 1.175783
v -1.383316 -0.006808 1.044811
v -1.467140 -0.078424 0.924270
v -1.533033 -0.192391 0.818038
v -1.578565 -0.342329 0.730463
v -1.602564 -0.511528 0.666360
v -1.604285 -0.690099 0.628639
v -1.400832 -1.340033 0.757264
v -1.308439 -1.431443 0.856224
v -1.205629 -1.486240 0.975678
v -1.095729 -1.514217 1.109461
v -1.065934 -1.510128 1.090397
v -1.147184 -1.478218 0.938282
v -1.223589 -1.419797 0.801933
v -1.292839 -1.325210 0.688165
v -1.451561 -0.669136 0.530919
v -1.452774 -0.490968 0.570517
v -1.437466 -0.322962 0.640182
v -1.406047 -0.174961 0.736787
v -1.359148 -0.063601 0.855171
v -1.298466 0.004838 0.990520
v -1.226634 0.033427 1.138387
v -1.147037 0.032967 1.294665
v -1.352572 -1.192392 0.602104
v -1.400387 -1.028445 0.546793
v -1.433872 -0.850620 0.522908
v -1.267923 -0.833312 0.458046
v -1.244067 -1.012141 0.485695
v -1.211888 -1.177718 0.547118
v -1.114028 0.036410 1.281762
v -1.161884 0.040180 1.113079
v -1.204464 0.014643 0.953779
v -1.239506 -0.051123 0.808409
v -1.265363 -0.160288 0.681800
v -1.281146 -0.306658 0.579083
v -1.286826 -0.473660 0.505655
v -1.282361 -0.651489 0.464786
v -1.173197 -1.312731 0.641403
v -1.129587 -1.409993 0.765192
v -1.082434 -1.471465 0.912974
v -1.032925 -1.506685 1.077495
v -0.997970 -1.504021 1.071251
v -1.013868 -1.466240 0.900728
v -1.030044 -1.402408 0.747412
v -1.046503 -1.303077 0.618773
v -1.103188 -0.637835 0.432783
v -1.111096 -0.460269 0.474268
v -1.115612 -0.294044 0.549516
v -1.116386 -0.148935 0.655191
v -1.112811 -0.041468 0.785779
v -1.104921 0.022228 0.935999
v -1.093318 0.045405 1.100832
v -1.079073 0.039073 1.275519
v -1.062911 -1.166366 0.520508
v -1.078533 -0.999527 0.456128
v -1.092193 -0.819920 0.426659
v -0.913435 -0.810961 0.429950
v -0.910146 -0.991087 0.459229
v -0.911367 -1.158770 0.523298
v -1.043516 0.040856 1.276174
v -1.023570 0.048901 1.102116
v -1.003663 0.027303 0.937864
v -0.983934 -0.035009 0.788152
v -0.964842 -0.141339 0.657981
v -0.947226 -0.285604 0.552617
v -0.932338 -0.451309 0.477559
v -0.920928 -0.628700 0.436139
v -0.917625 -1.296617 0.621146
v -0.928786 -1.397332 0.749277
v -0.944120 -1.462744 0.902012
v -0.962413 -1.502239 1.071906
v -0.927620 -1.501407 1.079434
v -0.875871 -1.461112 0.916778
v -0.829703 -1.394962 0.770714
v -0.791517 -1.293601 0.648431
v -0.742585 -0.624434 0.474726
v -0.757421 -0.447125 0.515404
v -0.782458 -0.281663 0.588266
v -0.816555 -0.137793 0.690064
v -0.857826 -0.031992 0.815437
v -0.904581 0.029673 0.959301
v -0.955321 0.050534 1.116883
v -1.008723 0.041688 1.283702
v -0.763080 -1.155223 0.555381
v -0.745379 -0.987146 0.494878
v -0.738518 -0.806777 0.467795
v -0.574165 -0.807530 0.538739
v -0.590561 -0.987855 0.561705
v -0.623748 -1.155862 0.615525
v -0.976031 0.041538 1.297813
v -0.891194 0.050240 1.144564
v -0.811482 0.029247 0.999487
v -0.739334 -0.032535 0.866584
v -0.677223 -0.138431 0.750208
v -0.627641 -0.282372 0.655094
v -0.593068 -0.447878 0.586348
v -0.575011 -0.625202 0.547059
v -0.673025 -1.294144 0.699579
v -0.736605 -1.395389 0.810901
v -0.811743 -1.461405 0.944459
v -0.894928 -1.501557 1.093545
v -0.865593 -1.502683 1.113698
v -0.754202 -1.463614 0.983991
v -0.653067 -1.398596 0.868292
v -0.566703 -1.298225 0.772623
v -0.424649 -0.630974 0.650360
v -0.445594 -0.453539 0.687664
v -0.488723 -0.287705 0.750532
v -0.552201 -0.143230 0.836099
v -0.633011 -0.036616 0.939629
v -0.727945 0.026040 1.056878
v -0.833652 0.048031 1.184095
v -0.946697 0.040412 1.317966
v -0.498726 -1.160661 0.701417
v -0.451644 -0.993188 0.657143
v -0.426691 -0.813191 0.640055
v -0.301764 -0.823542 0.767850
v -0.333965 -1.002938 0.777524
v -0.392818 -1.169436 0.809756
v -0.921847 0.038353 1.343387
v -0.784908 0.043992 1.233959
v -0.657179 0.020177 1.129269
v -0.542944 -0.044079 1.031765
v -0.446293 -0.152005 0.944439
v -0.371045 -0.297455 0.870912
v -0.320667 -0.463890 0.815459
v -0.297274 -0.641527 0.780659
v -0.476635 -1.305688 0.864759
v -0.582302 -1.404459 0.940682
v -0.705458 -1.467653 1.033854
v -0.840744 -1.504741 1.139119
v -0.821334 -1.507654 1.168829
v -0.667384 -1.473366 1.092132
v -0.527028 -1.412754 1.025289
v -0.406285 -1.316245 0.972444
v -0.197783 -0.656458 0.932949
v -0.223088 -0.478533 0.964823
v -0.279127 -0.311249 1.011609
v -0.363569 -0.164419 1.071063
v -0.472593 -0.054636 1.139450
v -0.601905 0.011882 1.213876
v -0.746834 0.038279 1.292237
v -0.902437 0.035440 1.373097
v -0.310094 -1.181850 0.936380
v -0.242048 -1.016732 0.918221
v -0.204185 -0.838185 0.917214
v -0.137703 -0.856558 1.082405
v -0.179423 -1.034039 1.073828
v -0.253733 -1.197426 1.076422
v -0.889213 0.031786 1.405955
v -0.720894 0.031110 1.356692
v -0.564246 0.001475 1.307449
v -0.424662 -0.067882 1.258546
v -0.307208 -0.179995 1.211105
v -0.216502 -0.328556 1.167216
v -0.156606 -0.496906 1.130014
v -0.129999 -0.675191 1.101376
v -0.358354 -1.329491 1.091540
v -0.489369 -1.423161 1.118863
v -0.641444 -1.480535 1.156587
v -0.808110 -1.511309 1.201688
v -0.801580 -1.515565 1.236432
v -0.628635 -1.488884 1.224740
v -0.470772 -1.435281 1.217806
v -0.334685 -1.344917 1.217471
v -0.096526 -0.697006 1.279469
v -0.123777 -0.518303 1.304685
v -0.185578 -0.348711 1.331752
v -0.279377 -0.198134 1.359184
v -0.400994 -0.083308 1.384477
v -0.545650 -0.010646 1.406393
v -0.708085 0.022762 1.424845
v -0.882683 0.027530 1.440699
v -0.225902 -1.215565 1.224501
v -0.148498 -1.054194 1.238364
v -0.104874 -0.877955 1.257076
v -0.106958 -0.901553 1.434514
v -0.150462 -1.076423 1.405507
v -0.227669 -1.235570 1.374926
v -0.883098 0.022836 1.475994
v -0.708898 0.013554 1.494078
v -0.546830 -0.024013 1.506903
v -0.402497 -0.100322 1.512402
v -0.281144 -0.218140 1.509609
v -0.187541 -0.370940 1.498896
v -0.125861 -0.541901 1.482123
v -0.098651 -0.721067 1.460384
v -0.336188 -1.361930 1.345396
v -0.471953 -1.448649 1.318317
v -0.629448 -1.498091 1.293973
v -0.801994 -1.520259 1.271726
v -0.809338 -1.525210 1.306215
v -0.643853 -1.507804 1.361625
v -0.492866 -1.462749 1.416532
v -0.362805 -1.379877 1.470401
v -0.136293 -0.746447 1.637168
v -0.162780 -0.566793 1.655510
v -0.222318 -0.394388 1.662223
v -0.312442 -0.239242 1.656599
v -0.429113 -0.118268 1.637407
v -0.567743 -0.038113 1.605119
v -0.723303 0.003841 1.561730
v -0.890441 0.017884 1.510483
v -1.063511 0.018251 1.455303
v -0.258967 -1.256673 1.521917
v -0.185239 -1.099871 1.568834
v -0.143877 -0.926445 1.607901
v -0.214210 -0.951676 1.770573
v -0.251491 -1.123638 1.722068
v -0.318593 -1.278063 1.659824
v -0.904432 0.012866 1.542840
v -0.750746 -0.006003 1.625202
v -0.607584 -0.052405 1.697265
v -0.479821 -0.136458 1.754687
v -0.372068 -0.260632 1.794506
v -0.288571 -0.418155 1.815456
v -0.233113 -0.592024 1.818182
v -0.208005 -0.772172 1.803027
v -0.413512 -1.398067 1.587681
v -0.532707 -1.477041 1.508679
v -0.671296 -1.517648 1.425097
v -0.823328 -1.530229 1.338573
v -0.843427 -1.535122 1.367556
v -0.710722 -1.527246 1.481949
v -0.589945 -1.490975 1.591215
v -0.486363 -1.415802 1.692729
v -0.311030 -0.797252 1.951587
v -0.334159 -0.616622 1.963887
v -0.383754 -0.441326 1.952708
v -0.457731 -0.281485 1.918029
v -0.552671 -0.154193 1.859735
v -0.664822 -0.066339 1.779801
v -0.790172 -0.015601 1.682053
v -0.924531 0.007973 1.571823
v -0.404256 -1.298916 1.783347
v -0.346675 -1.146809 1.859320
v -0.315256 -0.976274 1.916278
v -0.443131 -0.999296 2.039419
v -0.467130 -1.168495 1.975315
v -0.512663 -1.318433 1.887740
v -0.949967 0.003394 1.596317
v -0.840067 -0.024583 1.730100
v -0.737257 -0.079380 1.849554
v -0.644864 -0.170791 1.948515
v -0.566138 -0.301002 2.022423
v -0.504210 -0.463012 2.068704
v -0.462034 -0.639644 2.087028
v -0.441411 -0.820725 2.077140
v -0.578555 -1.432400 1.781509
v -0.662380 -1.504016 1.660968
v -0.760616 -1.536229 1.529996
v -0.868863 -1.539701 1.392050
v -0.898659 -1.543791 1.411114
v -0.819061 -1.544251 1.567392
v -0.747229 -1.515662 1.715258
v -0.686548 -1.447222 1.850607
v -0.594135 -0.841688 2.174860
v -0.611824 -0.660204 2.182870
v -0.645309 -0.482379 2.158986
v -0.693124 -0.318432 2.103674
v -0.752857 -0.185614 2.017613
v -0.822106 -0.091026 1.903845
v -0.898512 -0.032606 1.767496
v -0.979762 -0.000696 1.615382
v -0.639649 -1.335863 1.968992
v -0.608230 -1.187862 2.065597
v -0.592921 -1.019856 2.135262
v -0.758870 -1.037164 2.200123
v -0.764550 -1.204166 2.126695
v -0.780333 -1.350536 2.023979
v -1.012771 -0.004139 1.628283
v -0.963262 -0.039359 1.792804
v -0.916109 -0.100830 1.940586
v -0.872499 -0.198092 2.064375
v -0.833808 -0.333105 2.158661
v -0.801629 -0.498683 2.220083
v -0.777773 -0.677512 2.247732
v -0.763335 -0.859335 2.240992
v -0.806190 -1.459701 1.897370
v -0.841232 -1.525466 1.752000
v -0.883811 -1.551004 1.592699
v -0.931668 -1.547234 1.424016
v -1.080854 -1.369484 2.047798
v -0.966623 -1.549897 1.430259
v -0.952378 -1.556229 1.604946
v -0.940775 -1.533052 1.769780
v -0.932885 -1.469355 1.919999
v -0.942508 -0.872988 2.272995
v -0.953503 -0.690904 2.279120
v -0.967163 -0.511297 2.249650
v -0.982785 -0.344458 2.185271
v -0.999193 -0.207747 2.087005
v -1.015652 -0.108416 1.958366
v -1.031828 -0.044584 1.805051
v -1.047726 -0.006803 1.634527
v -0.929310 -1.361889 2.050588
v -0.930084 -1.216780 2.156262
v -0.934600 -1.050555 2.231511
v -1.083283 -0.008585 1.633872
v -1.101576 -0.048080 1.803766
v -1.116910 -0.113491 1.956502
v -1.128071 -0.214206 2.084632
v -1.134329 -0.352054 2.182480
v -1.135550 -0.519737 2.246550
v -1.132261 -0.699863 2.275828
v -1.124768 -0.882124 2.269639
v -1.061762 -1.475815 1.917626
v -0.459347 0.073280 -3.756619
v -0.968367 -0.559577 0.821918
v -0.435701 0.071844 -3.754189
v -0.944721 -0.561009 0.824349
v -0.412721 0.065841 -3.752463
v -0.921742 -0.567003 0.826075
v -0.391290 0.055502 -3.751510
v -0.900311 -0.577337 0.827029
v -0.372231 0.041224 -3.751365
v -0.881252 -0.591614 0.827175
v -0.356277 0.023557 -3.752033
v -0.865298 -0.609282 0.826506
v -0.344041 0.003179 -3.753489
v -0.853062 -0.629660 0.825050
v -0.335994 -0.019127 -3.755677
v -0.845015 -0.651965 0.822862
v -0.332444 -0.042503 -3.758514
v -0.841465 -0.675342 0.820025
v -0.333527 -0.066051 -3.761889
v -0.842548 -0.698890 0.816650
v -0.339203 -0.088867 -3.765674
v -0.848225 -0.721706 0.812865
v -0.349254 -0.110073 -3.769722
v -0.858275 -0.742912 0.808817
v -0.363292 -0.128855 -3.773879
v -0.872313 -0.761694 0.804660
v -0.380778 -0.144491 -3.777984
v -0.889799 -0.777330 0.800555
v -0.401041 -0.156379 -3.781880
v -0.910063 -0.789213 0.796660
v -0.423302 -0.164063 -3.785417
v -0.932324 -0.796888 0.793124
v -0.446705 -0.167248 -3.788459
v -0.955727 -0.800068 0.790083
v -0.470351 -0.165812 -3.790889
v -0.979373 -0.798636 0.787652
v -0.493331 -0.159809 -3.792614
v -1.002353 -0.792643 0.785925
v -0.514763 -0.149470 -3.793568
v -1.023784 -0.782309 0.784971
v -0.533821 -0.135192 -3.793714
v -1.042843 -0.768031 0.784826
v -0.549775 -0.117525 -3.793045
v -1.058796 -0.750364 0.785494
v -0.562011 -0.097147 -3.791589
v -1.071032 -0.729986 0.786950
v -0.570059 -0.074841 -3.789401
v -1.079080 -0.707680 0.789139
v -0.573609 -0.051465 -3.786564
v -1.082630 -0.684304 0.791975
v -0.572525 -0.027916 -3.783189
v -1.081546 -0.660755 0.795350
v -0.566849 -0.005101 -3.779404
v -1.075870 -0.637940 0.799135
v -0.556799 0.016106 -3.775356
v -1.065820 -0.616733 0.803183
v -0.542760 0.034887 -3.771199
v -1.051782 -0.597952 0.807340
v -0.525274 0.050523 -3.767094
v -1.034295 -0.582316 0.811445
v -0.505011 0.062411 -3.763198
v -1.014032 -0.570433 0.815341
v -0.482750 0.070095 -3.759661
v -0.991770 -0.562758 0.818876
v -1.042033 -1.538127 1.767915
v -1.022126 -1.559725 1.603662
v -1.002180 -1.551679 1.429604
v -1.318543 -0.368985 2.262864
v -1.147506 -0.364894 2.299870
v -1.093681 -1.388973 2.164307
v -1.264719 -1.393064 2.127301
v -1.105087 -1.233447 2.212682
v -1.281434 -1.237665 2.174527
v -1.142167 -0.527964 2.306070
v -1.318513 -0.532182 2.267916
v -1.425428 -1.392328 2.057930
v -1.447131 -1.236905 2.103003
v -1.484210 -0.531422 2.196392
v -1.479253 -0.368248 2.193493
v -1.632890 -0.525716 2.094247
v -1.595811 -1.231199 2.000858
v -1.569632 -1.386793 1.958860
v -1.623456 -0.362713 2.094423
v -1.691789 -1.376671 1.833898
v -1.721759 -1.220763 1.872018
v -1.758839 -0.515280 1.965407
v -1.745614 -0.352592 1.969461
v -1.841029 -0.338273 1.823409
v -1.857216 -0.500517 1.814822
v -1.820137 -1.206000 1.721434
v -1.787205 -1.362352 1.687847
v -1.852213 -1.344387 1.526318
v -1.887162 -1.187477 1.554892
v -1.924241 -0.481994 1.648280
v -1.906037 -0.320307 1.661881
v -1.938139 -0.299385 1.491083
v -1.957339 -0.460422 1.472181
v -1.920260 -1.165905 1.378792
v -1.884315 -1.323465 1.355520
v -1.882276 -1.300390 1.182016
v -1.918158 -1.142114 1.199903
v -1.955237 -0.436631 1.293291
v -1.936101 -0.276310 1.317579
v -1.900001 -0.251970 1.148036
v -1.918017 -0.411535 1.118487
v -1.880938 -1.117018 1.025099
v -1.846176 -1.276049 1.012474
v -1.831227 -0.227299 0.988971
v -1.777402 -1.251378 0.853409
v -1.847108 -0.386098 0.954485
v -1.810029 -1.091581 0.861097
v -1.732421 -0.203246 0.846496
v -1.745236 -0.361299 0.807588
v -1.708157 -1.066781 0.714199
v -1.678596 -1.227325 0.710933
v -1.607381 -0.180734 0.726086
v -1.553557 -1.204814 0.590523
v -1.579236 -1.043571 0.590052
v -1.616315 -0.338089 0.683441
v -1.460912 -0.160630 0.632369
v -1.465301 -0.317360 0.586815
v -1.428221 -1.022843 0.493426
v -1.407088 -1.184710 0.496806
v -1.297995 -0.299911 0.521423
v -1.298643 -0.143706 0.568945
v -1.244819 -1.167785 0.433382
v -1.260916 -1.005394 0.428034
v -1.126810 -0.130611 0.538253
v -1.120828 -0.286410 0.489778
v -1.072985 -1.154691 0.402690
v -1.083749 -0.991893 0.396390
v -0.903529 -0.982860 0.399708
v -0.940609 -0.277377 0.493097
v -0.952015 -0.121850 0.541471
v -0.898190 -1.145930 0.405908
v -0.780977 -0.117760 0.578477
v -0.764262 -0.273159 0.531251
v -0.727152 -1.141839 0.442914
v -0.727182 -0.978642 0.437863
v -0.561485 -0.979401 0.509386
v -0.598565 -0.273919 0.602775
v -0.620267 -0.118496 0.647848
v -0.566443 -1.142575 0.512285
v -0.422239 -1.148111 0.611355
v -0.476063 -0.124031 0.746918
v -0.412806 -0.985108 0.611531
v -0.449885 -0.279626 0.704920
v -0.300082 -1.158232 0.736317
v -0.286857 -0.995544 0.740371
v -0.323936 -0.290061 0.833760
v -0.353906 -0.134152 0.871880
v -0.204666 -1.172551 0.882368
v -0.258490 -0.148471 1.017931
v -0.188480 -1.010307 0.890956
v -0.225559 -0.304824 0.984344
v -0.139658 -1.190516 1.043897
v -0.121454 -1.028830 1.057498
v -0.158534 -0.323347 1.150887
v -0.193482 -0.166437 1.179460
v -0.107556 -1.211439 1.214696
v -0.088357 -1.050402 1.233597
v -0.125436 -0.344919 1.326986
v -0.161381 -0.187359 1.350258
v -0.127538 -0.368710 1.505875
v -0.163419 -0.210434 1.523762
v -0.109595 -1.234513 1.388199
v -0.090458 -1.074193 1.412486
v -0.199519 -0.234774 1.693305
v -0.164758 -0.393806 1.680680
v -0.145695 -1.258854 1.557742
v -0.127679 -1.099289 1.587291
v -0.198587 -1.124726 1.751293
v -0.235667 -0.419243 1.844682
v -0.268293 -0.259445 1.852370
v -0.214469 -1.283525 1.716807
v -0.367099 -0.283499 1.994845
v -0.337539 -0.444043 1.991579
v -0.313275 -1.307578 1.859283
v -0.300459 -1.149525 1.898190
v -0.429380 -1.172735 2.022337
v -0.466460 -0.467252 2.115726
v -0.492139 -0.306010 2.115255
v -0.438314 -1.330090 1.979693
v -0.638608 -0.326114 2.208973
v -0.617474 -0.487981 2.212352
v -0.580395 -1.193464 2.118964
v -0.584783 -1.350194 2.073410
v -0.784780 -0.505430 2.277744
v -0.800877 -0.343039 2.272397
v -0.747053 -1.367118 2.136834
v -0.747701 -1.210913 2.184355
v -0.972711 -0.356133 2.303089
v -0.961947 -0.518931 2.309389
v -0.918886 -1.380212 2.167526
v -0.924868 -1.224414 2.216000
vt 0.781250 0.937500
vt 0.765625 1.000000
vt 0.750000 0.937500
vt 1.000000 0.875000
vt 1.000000 0.937500
vt 0.968750 0.937500
vt 0.968750 0.875000
vt 0.156250 0.625000
vt 0.187500 0.625000
vt 0.187500 0.625000
vt 0.156250 0.625000
vt 0.781250 0.562500
vt 0.781250 0.625000
vt 0.750000 0.625000
vt 0.750000 0.562500
vt 0.781250 0.500000
vt 0.750000 0.500000
vt 0.812500 0.687500
vt 0.781250 0.687500
vt 0.781250 0.687500
vt 0.812500 0.687500
vt 0.765625 0.000000
vt 0.781250 0.062500
vt 0.750000 0.062500
vt 0.781250 0.750000
vt 0.750000 0.750000
vt 0.750000 0.687500
vt 0.781250 0.375000
vt 0.781250 0.437500
vt 0.750000 0.437500
vt 0.750000 0.375000
vt 0.781250 0.250000
vt 0.781250 0.312500
vt 0.750000 0.312500
vt 0.750000 0.250000
vt 0.781250 0.812500
vt 0.781250 0.875000
vt 0.750000 0.875000
vt 0.750000 0.812500
vt 0.281250 0.625000
vt 0.312500 0.625000
vt 0.312500 0.625000
vt 0.281250 0.625000
vt 0.812500 0.437500
vt 0.812500 0.500000
vt 0.031250 0.375000
vt 0.000000 0.375000
vt 0.000000 0.375000
vt 0.031250 0.375000
vt 0.375000 0.812500
vt 0.343750 0.812500
vt 0.343750 0.750000
vt 0.375000 0.750000
vt 0.843750 0.437500
vt 0.843750 0.500000
vt 0.812500 0.812500
vt 0.812500 0.750000
vt 0.187500 0.687500
vt 0.156250 0.687500
vt 0.156250 0.687500
vt 0.187500 0.687500
vt 0.812500 0.062500
vt 0.812500 0.125000
vt 0.781250 0.125000
vt 0.843750 0.937500
vt 0.828125 1.000000
vt 0.812500 0.937500
vt 0.843750 0.250000
vt 0.843750 0.312500
vt 0.812500 0.312500
vt 0.812500 0.250000
vt 0.796875 0.000000
vt 0.406250 0.375000
vt 0.375000 0.375000
vt 0.375000 0.375000
vt 0.406250 0.375000
vt 0.812500 0.562500
vt 0.812500 0.375000
vt 0.812500 0.875000
vt 0.875000 0.437500
vt 0.875000 0.500000
vt 0.812500 0.625000
vt 0.875000 0.937500
vt 0.859375 1.000000
vt 0.875000 0.687500
vt 0.875000 0.750000
vt 0.843750 0.750000
vt 0.843750 0.687500
vt 0.859375 0.000000
vt 0.875000 0.062500
vt 0.843750 0.062500
vt 0.796875 1.000000
vt 0.218750 0.312500
vt 0.250000 0.312500
vt 0.250000 0.312500
vt 0.218750 0.312500
vt 0.875000 0.562500
vt 0.843750 0.562500
vt 0.843750 0.875000
vt 0.843750 0.125000
vt 0.843750 0.625000
vt 0.875000 0.125000
vt 0.843750 0.812500
vt 0.875000 0.375000
vt 0.843750 0.375000
vt 0.875000 0.812500
vt 0.875000 0.875000
vt 0.875000 0.625000
vt 0.000000 0.312500
vt 0.031250 0.312500
vt 0.031250 0.312500
vt 0.000000 0.312500
vt 0.437500 0.625000
vt 0.468750 0.625000
vt 0.468750 0.625000
vt 0.437500 0.625000
vt 0.828125 0.000000
vt 0.875000 0.250000
vt 0.875000 0.312500
vt 0.906250 0.937500
vt 0.890625 1.000000
vt 0.625000 0.687500
vt 0.593750 0.687500
vt 0.593750 0.687500
vt 0.625000 0.687500
vt 0.906250 0.500000
vt 0.906250 0.562500
vt 0.906250 0.250000
vt 0.906250 0.312500
vt 0.937500 0.812500
vt 0.937500 0.875000
vt 0.906250 0.875000
vt 0.906250 0.812500
vt 0.750000 0.375000
vt 0.781250 0.375000
vt 0.906250 0.437500
vt 0.906250 0.625000
vt 0.937500 0.562500
vt 0.937500 0.625000
vt 0.953125 1.000000
vt 0.937500 0.937500
vt 0.906250 0.375000
vt 0.250000 0.375000
vt 0.218750 0.375000
vt 0.218750 0.375000
vt 0.250000 0.375000
vt 0.890625 0.000000
vt 0.906250 0.062500
vt 0.968750 0.687500
vt 0.937500 0.687500
vt 0.937500 0.687500
vt 0.968750 0.687500
vt 0.906250 0.687500
vt 0.906250 0.750000
vt 0.968750 0.562500
vt 0.968750 0.625000
vt 0.906250 0.125000
vt 0.937500 0.375000
vt 0.937500 0.437500
vt 0.968750 0.250000
vt 0.968750 0.312500
vt 0.937500 0.312500
vt 0.937500 0.250000
vt 0.968750 0.375000
vt 0.968750 0.437500
vt 0.968750 0.500000
vt 0.937500 0.500000
vt 0.781250 0.625000
vt 0.750000 0.625000
vt 0.953125 0.000000
vt 0.968750 0.062500
vt 0.937500 0.062500
vt 0.921875 1.000000
vt 0.125000 0.812500
vt 0.093750 0.812500
vt 0.093750 0.750000
vt 0.125000 0.750000
vt 0.968750 0.812500
vt 0.968750 0.750000
vt 0.937500 0.750000
vt 0.968750 0.125000
vt 0.937500 0.125000
vt 0.921875 0.000000
vt 0.687500 0.812500
vt 0.656250 0.812500
vt 0.656250 0.750000
vt 0.687500 0.750000
vt 0.968750 0.625000
vt 0.937500 0.625000
vt 1.000000 0.250000
vt 1.000000 0.312500
vt 0.984375 1.000000
vt 0.984375 0.000000
vt 1.000000 0.062500
vt 0.031250 0.062500
vt 0.031250 0.125000
vt 0.000000 0.125000
vt 0.000000 0.062500
vt 0.625000 0.812500
vt 0.625000 0.750000
vt 1.000000 0.562500
vt 1.000000 0.625000
vt 1.000000 0.437500
vt 1.000000 0.500000
vt 0.031250 0.437500
vt 0.031250 0.500000
vt 0.000000 0.500000
vt 0.000000 0.437500
vt 0.062500 0.875000
vt 0.062500 0.937500
vt 0.031250 0.937500
vt 0.031250 0.875000
vt 1.000000 0.125000
vt 0.062500 0.250000
vt 0.062500 0.312500
vt 0.031250 0.250000
vt 1.000000 0.687500
vt 1.000000 0.750000
vt 0.000000 0.937500
vt 0.000000 0.875000
vt 0.125000 0.375000
vt 0.093750 0.375000
vt 0.093750 0.375000
vt 0.125000 0.375000
vt 0.750000 0.687500
vt 1.000000 0.375000
vt 1.000000 0.812500
vt 0.218750 0.625000
vt 0.250000 0.625000
vt 0.250000 0.625000
vt 0.218750 0.625000
vt 0.046875 1.000000
vt 0.062500 0.062500
vt 0.062500 0.125000
vt 0.062500 0.687500
vt 0.062500 0.750000
vt 0.031250 0.750000
vt 0.031250 0.687500
vt 0.046875 0.000000
vt 0.015625 1.000000
vt 0.375000 0.625000
vt 0.406250 0.625000
vt 0.406250 0.625000
vt 0.375000 0.625000
vt 0.000000 0.250000
vt 0.000000 0.750000
vt 0.000000 0.687500
vt 0.468750 0.687500
vt 0.437500 0.687500
vt 0.437500 0.687500
vt 0.468750 0.687500
vt 0.062500 0.437500
vt 0.062500 0.500000
vt 0.031250 0.562500
vt 0.031250 0.625000
vt 0.000000 0.625000
vt 0.000000 0.562500
vt 0.062500 0.562500
vt 0.031250 0.812500
vt 0.000000 0.812500
vt 0.062500 0.375000
vt 0.062500 0.812500
vt 0.062500 0.625000
vt 0.937500 0.375000
vt 0.968750 0.375000
vt 0.015625 0.000000
vt 0.093750 0.937500
vt 0.078125 1.000000
vt 0.375000 0.312500
vt 0.406250 0.312500
vt 0.406250 0.312500
vt 0.375000 0.312500
vt 0.093750 0.500000
vt 0.093750 0.562500
vt 0.093750 0.250000
vt 0.093750 0.312500
vt 0.125000 0.437500
vt 0.093750 0.437500
vt 0.093750 0.875000
vt 0.093750 0.625000
vt 0.156250 0.437500
vt 0.156250 0.500000
vt 0.125000 0.500000
vt 0.156250 0.937500
vt 0.140625 1.000000
vt 0.125000 0.937500
vt 0.109375 1.000000
vt 0.656250 0.312500
vt 0.687500 0.312500
vt 0.687500 0.312500
vt 0.656250 0.312500
vt 0.593750 0.812500
vt 0.593750 0.750000
vt 0.156250 0.875000
vt 0.125000 0.875000
vt 0.078125 0.000000
vt 0.093750 0.062500
vt 0.968750 0.312500
vt 0.937500 0.312500
vt 0.093750 0.687500
vt 0.156250 0.562500
vt 0.125000 0.625000
vt 0.125000 0.562500
vt 0.093750 0.125000
vt 0.156250 0.250000
vt 0.156250 0.312500
vt 0.125000 0.312500
vt 0.125000 0.250000
vt 0.156250 0.375000
vt 0.125000 0.625000
vt 0.093750 0.625000
vt 0.687500 0.375000
vt 0.656250 0.375000
vt 0.656250 0.375000
vt 0.687500 0.375000
vt 0.140625 0.000000
vt 0.156250 0.062500
vt 0.125000 0.062500
vt 0.187500 0.312500
vt 0.187500 0.312500
vt 0.156250 0.312500
vt 0.156250 0.812500
vt 0.156250 0.750000
vt 0.125000 0.687500
vt 0.156250 0.125000
vt 0.125000 0.125000
vt 0.187500 0.500000
vt 0.187500 0.562500
vt 0.187500 0.375000
vt 0.187500 0.437500
vt 0.187500 0.812500
vt 0.187500 0.875000
vt 0.109375 0.000000
vt 0.187500 0.937500
vt 0.187500 0.250000
vt 0.343750 0.375000
vt 0.312500 0.375000
vt 0.312500 0.375000
vt 0.343750 0.375000
vt 0.250000 0.500000
vt 0.250000 0.562500
vt 0.218750 0.562500
vt 0.218750 0.500000
vt 0.250000 0.812500
vt 0.250000 0.875000
vt 0.218750 0.875000
vt 0.218750 0.812500
vt 0.171875 1.000000
vt 0.187500 0.750000
vt 0.250000 0.437500
vt 0.218750 0.437500
vt 0.093750 0.687500
vt 0.125000 0.687500
vt 0.250000 0.937500
vt 0.218750 0.937500
vt 0.187500 0.062500
vt 0.187500 0.125000
vt 0.234375 1.000000
vt 0.171875 0.000000
vt 0.843750 0.312500
vt 0.812500 0.312500
vt 0.218750 0.687500
vt 0.218750 0.750000
vt 0.218750 0.062500
vt 0.218750 0.125000
vt 0.250000 0.250000
vt 0.218750 0.250000
vt 0.250000 0.062500
vt 0.250000 0.125000
vt 0.250000 0.687500
vt 0.250000 0.750000
vt 0.234375 0.000000
vt 0.203125 1.000000
vt 0.203125 0.000000
vt 0.562500 0.687500
vt 0.531250 0.687500
vt 0.531250 0.687500
vt 0.562500 0.687500
vt 0.265625 0.000000
vt 0.281250 0.062500
vt 0.281250 0.687500
vt 0.281250 0.750000
vt 0.281250 0.125000
vt 0.281250 0.437500
vt 0.281250 0.500000
vt 0.156250 0.375000
vt 0.187500 0.375000
vt 0.312500 0.812500
vt 0.312500 0.750000
vt 0.281250 0.250000
vt 0.281250 0.312500
vt 0.281250 0.562500
vt 0.875000 0.687500
vt 0.906250 0.687500
vt 0.312500 0.875000
vt 0.281250 0.875000
vt 0.281250 0.812500
vt 0.281250 0.937500
vt 0.265625 1.000000
vt 0.906250 0.625000
vt 0.875000 0.625000
vt 0.343750 0.687500
vt 0.312500 0.687500
vt 0.343750 0.062500
vt 0.343750 0.125000
vt 0.312500 0.125000
vt 0.312500 0.062500
vt 0.312500 0.437500
vt 0.281250 0.375000
vt 0.593750 0.312500
vt 0.625000 0.312500
vt 0.625000 0.312500
vt 0.593750 0.312500
vt 0.343750 0.250000
vt 0.343750 0.312500
vt 0.312500 0.312500
vt 0.312500 0.250000
vt 0.343750 0.875000
vt 0.343750 0.937500
vt 0.312500 0.937500
vt 0.296875 1.000000
vt 0.343750 0.437500
vt 0.343750 0.500000
vt 0.312500 0.500000
vt 0.328125 1.000000
vt 0.296875 0.000000
vt 0.343750 0.625000
vt 0.343750 0.625000
vt 0.343750 0.562500
vt 0.312500 0.562500
vt 0.062500 0.625000
vt 0.031250 0.625000
vt 0.375000 0.500000
vt 0.375000 0.562500
vt 0.781250 0.312500
vt 0.750000 0.312500
vt 0.375000 0.437500
vt 0.375000 0.875000
vt 0.328125 0.000000
vt 0.359375 0.000000
vt 0.375000 0.062500
vt 0.875000 0.375000
vt 0.906250 0.375000
vt 0.375000 0.937500
vt 0.375000 0.250000
vt 0.359375 1.000000
vt 0.375000 0.687500
vt 0.343750 0.312500
vt 0.312500 0.312500
vt 0.406250 0.437500
vt 0.406250 0.500000
vt 0.375000 0.125000
vt 0.437500 0.875000
vt 0.437500 0.937500
vt 0.406250 0.937500
vt 0.406250 0.875000
vt 0.421874 1.000000
vt 0.406250 0.562500
vt 0.406250 0.250000
vt 0.390625 0.000000
vt 0.406250 0.062500
vt 0.437500 0.250000
vt 0.437500 0.312500
vt 0.406250 0.687500
vt 0.406250 0.750000
vt 0.406250 0.125000
vt 0.437500 0.062500
vt 0.437500 0.125000
vt 0.468750 0.812500
vt 0.468750 0.875000
vt 0.437500 0.812500
vt 0.562500 0.812500
vt 0.562500 0.750000
vt 0.468750 0.062500
vt 0.468750 0.125000
vt 0.468750 0.375000
vt 0.468750 0.437500
vt 0.437500 0.437500
vt 0.437500 0.375000
vt 0.390625 1.000000
vt 0.468750 0.250000
vt 0.468750 0.312500
vt 0.437500 0.500000
vt 0.625000 0.375000
vt 0.593750 0.375000
vt 0.593750 0.375000
vt 0.625000 0.375000
vt 0.375000 0.687500
vt 0.406250 0.687500
vt 0.468750 0.750000
vt 0.437500 0.750000
vt 0.406250 0.812500
vt 0.468750 0.500000
vt 0.250000 0.687500
vt 0.281250 0.687500
vt 0.421875 0.000000
vt 0.906250 0.312500
vt 0.875000 0.312500
vt 0.468750 0.562500
vt 0.437500 0.562500
vt 0.468750 0.937500
vt 0.453124 1.000000
vt 0.453125 0.000000
vt 0.062500 0.375000
vt 0.500000 0.812500
vt 0.500000 0.875000
vt 0.500000 0.250000
vt 0.500000 0.312500
vt 0.500000 0.500000
vt 0.500000 0.562500
vt 0.531250 0.562500
vt 0.531250 0.625000
vt 0.500000 0.625000
vt 0.531250 0.375000
vt 0.531250 0.437500
vt 0.500000 0.437500
vt 0.500000 0.375000
vt 0.531250 0.812500
vt 0.531250 0.875000
vt 0.593750 0.625000
vt 0.625000 0.625000
vt 0.625000 0.625000
vt 0.593750 0.625000
vt 0.500000 0.625000
vt 0.515625 0.000000
vt 0.531250 0.062500
vt 0.500000 0.062500
vt 0.500000 0.937500
vt 0.531250 0.125000
vt 0.500000 0.125000
vt 0.484374 1.000000
vt 0.531250 0.500000
vt 0.562500 0.500000
vt 0.562500 0.562500
vt 0.562500 0.375000
vt 0.562500 0.437500
vt 0.562500 0.875000
vt 0.562500 0.062500
vt 0.562500 0.125000
vt 0.500000 0.687500
vt 0.500000 0.687500
vt 0.125000 0.312500
vt 0.093750 0.312500
vt 0.500000 0.750000
vt 0.562500 0.937500
vt 0.531250 0.937500
vt 0.484375 0.000000
vt 0.562500 0.250000
vt 0.562500 0.312500
vt 0.531250 0.312500
vt 0.531250 0.250000
vt 0.281250 0.375000
vt 0.546875 1.000000
vt 0.531250 0.750000
vt 1.000000 0.312500
vt 0.562500 0.625000
vt 0.515625 1.000000
vt 0.546875 0.000000
vt 0.578125 0.000000
vt 0.593750 0.062500
vt 0.593750 0.437500
vt 0.593750 0.500000
vt 0.593750 0.937500
vt 0.578125 1.000000
vt 0.625000 0.437500
vt 0.625000 0.500000
vt 0.593750 0.125000
vt 0.593750 0.875000
vt 0.656250 0.437500
vt 0.656250 0.500000
vt 0.625000 0.562500
vt 0.593750 0.562500
vt 0.593750 0.250000
vt 0.625000 0.062500
vt 0.625000 0.125000
vt 0.687500 0.625000
vt 0.718750 0.625000
vt 0.718750 0.625000
vt 0.687500 0.625000
vt 0.656250 0.937500
vt 0.640625 1.000000
vt 0.625000 0.937500
vt 0.656250 0.062500
vt 0.656250 0.125000
vt 0.656250 0.875000
vt 0.625000 0.875000
vt 0.031250 0.687500
vt 0.062500 0.687500
vt 0.843750 0.687500
vt 0.656250 0.562500
vt 0.656250 0.625000
vt 0.609375 0.000000
vt 1.000000 0.375000
vt 0.656250 0.250000
vt 0.625000 0.250000
vt 0.750000 0.125000
vt 0.734375 0.000000
vt 0.718750 0.062500
vt 0.562500 0.312500
vt 0.531250 0.312500
vt 0.718750 0.687500
vt 0.687500 0.687500
vt 0.687500 0.687500
vt 0.718750 0.687500
vt 0.640625 0.000000
vt 0.609375 1.000000
vt 0.656250 0.687500
vt 0.687500 0.500000
vt 0.687500 0.562500
vt 0.687500 0.937500
vt 0.671875 1.000000
vt 0.687500 0.437500
vt 0.718750 0.375000
vt 0.718750 0.437500
vt 0.843750 0.625000
vt 0.812500 0.625000
vt 0.687500 0.875000
vt 0.687500 0.062500
vt 0.687500 0.125000
vt 0.312500 0.687500
vt 0.343750 0.687500
vt 0.718750 0.500000
vt 0.718750 0.562500
vt 0.687500 0.250000
vt 0.703125 0.000000
vt 0.718750 0.812500
vt 0.718750 0.875000
vt 0.671875 0.000000
vt 0.718750 0.125000
vt 0.281250 0.312500
vt 0.718750 0.937500
vt 0.718750 0.750000
vt 0.703125 1.000000
vt 0.718750 0.250000
vt 0.718750 0.312500
vt 1.000000 0.625000
vt 1.000000 0.500000
vt 1.000000 1.000000
vt 0.968750 1.000000
vt 0.968750 0.500000
vt 0.937500 1.000000
vt 0.937500 0.500000
vt 0.906250 1.000000
vt 0.906250 0.500000
vt 0.875000 1.000000
vt 0.875000 0.500000
vt 0.843750 1.000000
vt 0.843750 0.500000
vt 0.812500 1.000000
vt 0.812500 0.500000
vt 0.781250 1.000000
vt 0.781250 0.500000
vt 0.750000 1.000000
vt 0.750000 0.500000
vt 0.718750 1.000000
vt 0.718750 0.500000
vt 0.687500 1.000000
vt 0.687500 0.500000
vt 0.656250 1.000000
vt 0.656250 0.500000
vt 0.625000 1.000000
vt 0.625000 0.500000
vt 0.593750 1.000000
vt 0.593750 0.500000
vt 0.562500 1.000000
vt 0.562500 0.500000
vt 0.531250 1.000000
vt 0.531250 0.500000
vt 0.500000 1.000000
vt 0.500000 0.500000
vt 0.468750 1.000000
vt 0.468750 0.500000
vt 0.437500 1.000000
vt 0.437500 0.500000
vt 0.406250 1.000000
vt 0.406250 0.500000
vt 0.375000 1.000000
vt 0.375000 0.500000
vt 0.343750 1.000000
vt 0.343750 0.500000
vt 0.312500 1.000000
vt 0.312500 0.500000
vt 0.281250 1.000000
vt 0.281250 0.500000
vt 0.250000 1.000000
vt 0.250000 0.500000
vt 0.218750 1.000000
vt 0.218750 0.500000
vt 0.187500 1.000000
vt 0.187500 0.500000
vt 0.156250 1.000000
vt 0.156250 0.500000
vt 0.125000 1.000000
vt 0.125000 0.500000
vt 0.093750 1.000000
vt 0.093750 0.500000
vt 0.062500 1.000000
vt 0.062500 0.500000
vt 0.296822 0.485388
vt 0.250000 0.490000
vt 0.203179 0.485389
vt 0.158156 0.471731
vt 0.116663 0.449553
vt 0.080295 0.419706
vt 0.050447 0.383337
vt 0.028269 0.341844
vt 0.014612 0.296822
vt 0.010000 0.250000
vt 0.014611 0.203179
vt 0.028269 0.158156
vt 0.050447 0.116663
vt 0.080294 0.080294
vt 0.116663 0.050447
vt 0.158156 0.028269
vt 0.203178 0.014612
vt 0.250000 0.010000
vt 0.296822 0.014612
vt 0.341844 0.028269
vt 0.383337 0.050447
vt 0.419706 0.080294
vt 0.449553 0.116663
vt 0.471731 0.158156
vt 0.485388 0.203178
vt 0.490000 0.250000
vt 0.485388 0.296822
vt 0.471731 0.341844
vt 0.449553 0.383337
vt 0.419706 0.419706
vt 0.383337 0.449553
vt 0.341844 0.471731
vt 0.031250 1.000000
vt 0.031250 0.500000
vt 0.000000 1.000000
vt 0.000000 0.500000
vt 0.750000 0.490000
vt 0.796822 0.485388
vt 0.841844 0.471731
vt 0.883337 0.449553
vt 0.919706 0.419706
vt 0.949553 0.383337
vt 0.971731 0.341844
vt 0.985388 0.296822
vt 0.990000 0.250000
vt 0.985388 0.203178
vt 0.971731 0.158156
vt 0.949553 0.116663
vt 0.919706 0.080294
vt 0.883337 0.050447
vt 0.841844 0.028269
vt 0.796822 0.014612
vt 0.750000 0.010000
vt 0.703178 0.014612
vt 0.658156 0.028269
vt 0.616663 0.050447
vt 0.580294 0.080294
vt 0.550447 0.116663
vt 0.528269 0.158156
vt 0.514611 0.203179
vt 0.510000 0.250000
vt 0.514612 0.296822
vt 0.528269 0.341844
vt 0.550447 0.383337
vt 0.580295 0.419706
vt 0.616663 0.449553
vt 0.658156 0.471731
vt 0.703179 0.485389
vt 0.531250 0.375000
vt 0.562500 0.375000
vt 0.734375 1.000000
vt 0.812500 0.375000
vt 0.843750 0.375000
vt 1.000000 0.687500
vt 0.062500 0.312500
vt 0.000000 0.687500
vt 0.000000 0.625000
vt 0.218750 0.687500
vt 0.437500 0.312500
vt 0.437500 0.375000
vt 0.468750 0.312500
vt 0.468750 0.375000
vt 0.531250 0.625000
vt 0.500000 0.312500
vt 0.500000 0.375000
vt 0.562500 0.625000
vt 0.656250 0.625000
vt 0.656250 0.687500
vt 0.718750 0.312500
vt 0.718750 0.375000
vt 0.781250 0.187500
vt 0.750000 0.187500
vt 0.812500 0.187500
vt 0.843750 0.187500
vt 0.875000 0.187500
vt 0.968750 0.187500
vt 0.937500 0.187500
vt 0.906250 0.187500
vt 1.000000 0.187500
vt 0.031250 0.187500
vt 0.000000 0.187500
vt 0.062500 0.187500
vt 0.093750 0.187500
vt 0.156250 0.187500
vt 0.125000 0.187500
vt 0.187500 0.187500
vt 0.250000 0.187500
vt 0.218750 0.187500
vt 0.312500 0.187500
vt 0.281250 0.187500
vt 0.343750 0.187500
vt 0.375000 0.187500
vt 0.437500 0.187500
vt 0.406250 0.187500
vt 0.468750 0.187500
vt 0.500000 0.187500
vt 0.531250 0.187500
vt 0.562500 0.187500
vt 0.593750 0.187500
vt 0.625000 0.187500
vt 0.656250 0.187500
vt 0.718750 0.187500
vt 0.687500 0.187500
vn 0.0496 -0.9916 -0.1196
vn -0.0391 -0.9905 -0.1322
vn -0.0520 0.9900 0.1311
vn -0.1824 -0.4192 0.8894
vn -0.2002 -0.2350 0.9512
vn 0.0632 -0.9856 -0.1568
vn -0.0545 0.9883 0.1425
vn -0.1152 -0.7775 0.6182
vn -0.2125 0.1530 0.9651
vn -0.2103 -0.0418 0.9767
vn -0.1862 0.5743 0.7972
vn -0.0044 -0.9915 0.1298
vn 0.0330 -0.9986 -0.0424
vn -0.3961 -0.0437 0.9172
vn 0.0520 -0.9900 -0.1311
vn 0.4062 -0.7890 -0.4610
vn -0.5668 -0.0402 0.8228
vn -0.1539 -0.9253 0.3466
vn 0.0626 -0.9925 -0.1048
vn -0.0876 0.9731 0.2132
vn 0.0454 -0.9916 -0.1214
vn -0.2516 -0.7789 0.5745
vn -0.4480 0.5755 0.6842
vn -0.0567 0.9883 0.1418
vn -0.3859 -0.2368 0.8916
vn -0.3912 0.1512 0.9078
vn -0.0538 -0.9920 0.1140
vn -0.7160 -0.0314 0.6974
vn -0.3611 -0.4210 0.8321
vn 0.0436 -0.9915 -0.1229
vn 0.0161 -0.9987 -0.0478
vn -0.4864 -0.7699 0.4131
vn -0.3226 0.5729 0.7534
vn -0.0605 0.9884 0.1392
vn 0.0474 -0.9916 -0.1203
vn -0.0523 0.9859 0.1591
vn -0.7059 -0.2246 0.6718
vn 0.0005 -0.9984 -0.0564
vn -0.1032 0.9734 0.2046
vn -0.5253 -0.4177 0.7413
vn -0.1168 0.9742 0.1931
vn -0.0991 -0.9911 0.0889
vn -0.6989 0.1630 0.6964
vn -0.5554 0.1546 0.8171
vn -0.1388 -0.9888 0.0556
vn -0.5567 -0.2333 0.7973
vn -0.6688 -0.4092 0.6207
vn -0.0243 0.9903 0.1370
vn -0.0587 0.9883 0.1407
vn -0.0132 -0.9976 -0.0679
vn -0.3769 -0.7763 0.5052
vn -0.5575 0.5819 0.5921
vn 0.0421 -0.9913 -0.1247
vn 0.0322 -0.9880 -0.1513
vn -0.8277 -0.2109 0.5201
vn -0.6469 0.5920 0.4807
vn -0.1951 -0.9803 -0.0305
vn -0.0243 -0.9964 -0.0818
vn -0.8378 -0.0177 0.5456
vn -0.7860 -0.3961 0.4747
vn -0.8724 -0.3787 0.3090
vn -0.1712 -0.9851 0.0153
vn 0.0404 -0.9908 -0.1290
vn -0.8161 0.1762 0.5504
vn -0.0325 -0.9947 -0.0975
vn -0.0375 -0.9927 -0.1146
vn -0.0619 0.9886 0.1374
vn 0.0799 -0.9875 -0.1360
vn -0.5759 -0.7598 0.3017
vn -0.9247 -0.3577 0.1300
vn -0.1280 0.9754 0.1792
vn -0.9025 0.1936 0.3847
vn -0.7528 0.6213 0.2176
vn -0.9548 0.2145 0.2057
vn -0.9719 -0.1710 0.1617
vn -0.7129 0.6053 0.3542
vn -0.0636 0.9891 0.1331
vn 0.0411 -0.9911 -0.1268
vn -0.9175 -0.1928 0.3478
vn -0.3081 -0.8248 -0.4742
vn -0.2095 -0.9745 -0.0800
vn -0.6817 -0.7306 0.0386
vn -0.9277 0.0004 0.3734
vn -0.1411 0.9791 0.1465
vn -0.1362 0.9771 0.1635
vn -0.9821 0.0221 0.1873
vn -0.6418 -0.7466 0.1753
vn -0.0630 0.9888 0.1353
vn 0.2327 -0.9059 0.3537
vn -0.7652 0.6393 0.0760
vn 0.0402 -0.9905 -0.1313
vn -0.0638 0.9893 0.1308
vn -0.1407 0.9838 0.1113
vn 0.3206 -0.8954 0.3090
vn -0.9409 -0.3340 -0.0555
vn -0.9989 0.0468 -0.0055
vn -0.9775 0.0733 -0.1976
vn -0.0317 -0.9855 -0.1666
vn -0.1427 0.9813 0.1288
vn -0.7064 0.6790 -0.2001
vn -0.6941 -0.7125 -0.1029
vn -0.0371 -0.9880 -0.1497
vn 0.0579 -0.9857 -0.1585
vn -0.9887 -0.1464 -0.0311
vn -0.9710 0.2382 0.0203
vn -0.2140 -0.9680 -0.1312
vn -0.0520 0.9900 0.1310
vn 0.0412 -0.9899 -0.1357
vn -0.1354 0.9863 0.0944
vn -0.6353 -0.6728 -0.3790
vn -0.0629 0.9900 0.1264
vn 0.0405 -0.9902 -0.1335
vn -0.7495 0.6588 -0.0650
vn -0.6784 -0.6930 -0.2439
vn 0.0241 -0.9917 -0.1260
vn -0.9188 0.1008 -0.3816
vn -0.9204 -0.3085 -0.2403
vn -0.9087 -0.0924 -0.4072
vn -0.2083 -0.9609 -0.1823
vn -0.8940 0.2901 -0.3415
vn -0.9505 0.2637 -0.1645
vn -0.1927 -0.9536 -0.2312
vn -0.9674 -0.1198 -0.2232
vn -0.8639 -0.2821 -0.4173
vn -0.0636 0.9897 0.1285
vn 0.0423 -0.9896 -0.1377
vn -0.0758 0.9863 0.1462
vn -0.8148 -0.0651 -0.5761
vn -0.6375 0.6990 -0.3241
vn -0.6831 0.3415 -0.6456
vn -0.0231 -0.9830 -0.1820
vn -0.8250 0.1280 -0.5505
vn -0.7736 -0.2558 -0.5797
vn -0.5476 0.1780 -0.8176
vn -0.1678 -0.9464 -0.2761
vn 0.0456 -0.9890 -0.1409
vn -0.8037 0.3164 -0.5039
vn 0.0438 -0.9893 -0.1395
vn -0.0626 0.9925 0.1048
vn 0.3979 -0.8833 0.2481
vn 0.0022 -0.9785 -0.2064
vn -0.0618 0.9903 0.1244
vn -0.0241 0.9917 0.1260
vn -0.5664 -0.6528 -0.5030
vn -0.5068 -0.2078 -0.8366
vn -0.1268 0.9888 0.0790
vn -0.6895 -0.0390 -0.7233
vn -0.1344 -0.9394 -0.3152
vn -0.4338 0.7357 -0.5202
vn -0.5369 0.3644 -0.7609
vn -0.6530 -0.2308 -0.7213
vn -0.5374 -0.0152 -0.8432
vn -0.0117 -0.9806 -0.1955
vn -0.0585 0.9909 0.1212
vn -0.5454 0.7182 -0.4321
vn -0.0415 0.9867 0.1572
vn -0.0940 -0.9331 -0.3471
vn -0.3628 -0.6161 -0.6991
vn -0.1014 0.9933 0.0546
vn -0.6996 0.1541 -0.6977
vn -0.3645 0.0056 -0.9312
vn -0.1153 0.9912 0.0655
vn -0.3706 0.3844 -0.8455
vn -0.4744 -0.6337 -0.6111
vn -0.0481 -0.9276 -0.3705
vn -0.0603 0.9906 0.1226
vn -0.3405 -0.1879 -0.9213
vn 0.0180 -0.9766 -0.2145
vn -0.3069 0.7509 -0.5848
vn 0.0167 0.0346 -0.9993
vn 0.0533 -0.9199 -0.3886
vn 0.0476 -0.9887 -0.1419
vn -0.2358 -0.6009 -0.7637
vn -0.0039 0.4123 -0.9110
vn 0.0718 -0.9913 -0.1107
vn 0.0529 -0.9739 -0.2207
vn -0.3747 0.1987 -0.9056
vn -0.1876 0.2155 -0.9583
vn -0.0856 0.9952 0.0465
vn 0.0262 -0.1599 -0.9868
vn 0.0522 -0.9884 -0.1428
vn -0.0564 0.9912 0.1201
vn -0.0360 0.9935 0.1079
vn -0.4602 -0.8793 -0.1223
vn -0.0985 -0.5886 -0.8024
vn 0.0351 -0.9750 -0.2193
vn -0.0685 0.9968 0.0417
vn -0.0270 0.7722 -0.6348
vn 0.0065 0.2278 -0.9737
vn -0.0508 0.9979 0.0403
vn -0.4494 -0.8658 -0.2200
vn 0.0440 -0.5796 -0.8137
vn -0.0519 0.9915 0.1193
vn 0.0499 -0.9885 -0.1426
vn -0.0542 0.9914 0.1195
vn -0.1695 0.7632 -0.6235
vn 0.0259 -0.9895 -0.1423
vn -0.0496 0.9916 0.1196
vn -0.1605 -0.1717 -0.9720
vn 0.1862 -0.5743 -0.7972
vn 0.0017 -0.9231 -0.3845
vn -0.0331 0.9986 0.0424
vn -0.1906 0.4005 -0.8962
vn 0.2002 0.2350 -0.9512
vn -0.1774 0.0224 -0.9839
vn 0.3304 -0.7845 -0.5248
vn 0.1152 0.7775 -0.6182
vn 0.2125 -0.1530 -0.9651
vn 0.0758 -0.9863 -0.1462
vn 0.1541 -0.9175 -0.3668
vn 0.0545 -0.9883 -0.1425
vn 0.2103 0.0418 -0.9767
vn 0.4480 -0.5755 -0.6842
vn -0.0005 0.9984 0.0564
vn 0.0706 -0.9732 -0.2186
vn 0.3611 0.4210 -0.8321
vn -0.0718 0.9913 0.1107
vn 0.3769 0.7763 -0.5052
vn 0.1047 -0.9180 -0.3826
vn 0.1032 -0.9734 -0.2046
vn 0.1824 0.4192 -0.8894
vn 0.0567 -0.9883 -0.1418
vn 0.5567 0.2333 -0.7973
vn 0.0587 -0.9883 -0.1407
vn 0.1995 -0.9184 -0.3417
vn -0.0474 0.9916 0.1203
vn 0.5253 0.4177 -0.7413
vn 0.5668 0.0402 -0.8228
vn 0.3961 0.0437 -0.9172
vn 0.5554 -0.1546 -0.8171
vn 0.3912 -0.1512 -0.9078
vn 0.7160 0.0314 -0.6974
vn -0.0462 0.9936 0.1035
vn 0.6688 0.4092 -0.6207
vn 0.0876 -0.9731 -0.2132
vn 0.2392 -0.9207 -0.3084
vn 0.2516 0.7789 -0.5745
vn -0.0454 0.9916 0.1214
vn -0.0436 0.9915 0.1229
vn 0.1168 -0.9742 -0.1931
vn 0.3859 0.2368 -0.8916
vn 0.4864 0.7699 -0.4131
vn -0.0161 0.9987 0.0478
vn 0.0605 -0.9884 -0.1392
vn 0.3226 -0.5729 -0.7534
vn 0.5575 -0.5819 -0.5921
vn 0.2436 -0.7827 -0.5727
vn 0.7059 0.2246 -0.6718
vn -0.0680 0.9857 0.1541
vn 0.8277 0.2109 -0.5201
vn 0.0132 0.9976 0.0679
vn 0.1362 -0.9771 -0.1635
vn 0.0630 -0.9888 -0.1353
vn 0.8378 0.0177 -0.5456
vn 0.5759 0.7598 -0.3017
vn -0.0421 0.9913 0.1247
vn 0.6418 0.7466 -0.1753
vn -0.4195 -0.8519 -0.3135
vn 0.6469 -0.5920 -0.4807
vn 0.0243 0.9964 0.0818
vn 0.0325 0.9947 0.0975
vn 0.3099 -0.9349 -0.1728
vn 0.4616 -0.8700 0.1732
vn 0.0375 0.9927 0.1146
vn 0.9247 0.3577 -0.1300
vn 0.0619 -0.9886 -0.1374
vn 0.6817 0.7306 -0.0386
vn 0.1280 -0.9754 -0.1792
vn 0.9175 0.1928 -0.3478
vn 0.0283 -0.9929 -0.1158
vn 0.8161 -0.1762 -0.5504
vn 0.7528 -0.6213 -0.2176
vn 0.2715 -0.9244 -0.2680
vn 0.9719 0.1710 -0.1617
vn 0.7860 0.3961 -0.4747
vn 0.0462 -0.9936 -0.1035
vn 0.7129 -0.6053 -0.3542
vn -0.0411 0.9911 0.1268
vn -0.0283 0.9929 0.1158
vn 0.9548 -0.2145 -0.2057
vn 0.9277 -0.0004 -0.3734
vn 0.0636 -0.9891 -0.1331
vn 0.8724 0.3787 -0.3090
vn 0.9821 -0.0221 -0.1873
vn 0.2954 -0.9292 -0.2222
vn -0.0404 0.9908 0.1290
vn 0.9025 -0.1936 -0.3847
vn 0.1411 -0.9791 -0.1465
vn 0.3143 -0.9415 -0.1215
vn 0.6941 0.7125 0.1029
vn 0.9989 -0.0468 0.0055
vn 0.9505 -0.2637 0.1645
vn 0.9204 0.3085 0.2403
vn 0.9409 0.3340 0.0555
vn 0.9887 0.1464 0.0311
vn 0.9710 -0.2382 -0.0203
vn 0.3087 -0.9486 -0.0705
vn -0.0405 0.9902 0.1335
vn 0.1427 -0.9813 -0.1288
vn 0.0371 0.9880 0.1497
vn 0.0638 -0.9893 -0.1308
vn 0.9775 -0.0733 0.1976
vn 0.9188 -0.1008 0.3816
vn 0.8639 0.2821 0.4173
vn 0.2931 -0.9559 -0.0215
vn 0.0317 0.9855 0.1666
vn 0.0391 0.9905 0.1322
vn 0.0237 -0.9910 -0.1315
vn -0.0322 0.9880 0.1513
vn 0.7652 -0.6393 -0.0760
vn 0.1354 -0.9863 -0.0944
vn -0.0402 0.9905 0.1313
vn 0.6353 0.6728 0.3790
vn 0.0629 -0.9900 -0.1264
vn 0.7495 -0.6588 0.0650
vn -0.0237 0.9910 0.1315
vn 0.9674 0.1198 0.2232
vn 0.8940 -0.2901 0.3415
vn 0.6989 -0.1630 -0.6964
vn 0.1492 -0.7837 -0.6030
vn 0.0636 -0.9897 -0.1285
vn 0.9087 0.0924 0.4072
vn 0.6784 0.6930 0.2439
vn 0.7064 -0.6790 0.2001
vn 0.1407 -0.9838 -0.1113
vn -0.0412 0.9899 0.1357
vn -0.0423 0.9896 0.1377
vn 0.8148 0.0651 0.5761
vn 0.0618 -0.9903 -0.1244
vn 0.6375 -0.6990 0.3241
vn 0.6895 0.0390 0.7233
vn 0.0231 0.9830 0.1820
vn 0.2681 -0.9631 0.0233
vn 0.5454 -0.7182 0.4321
vn 0.5093 -0.8561 0.0874
vn 0.5374 0.0152 0.8432
vn 0.6996 -0.1541 0.6977
vn 0.5664 0.6528 0.5030
vn 0.0117 0.9806 0.1955
vn -0.4240 -0.9029 0.0702
vn 0.1268 -0.9888 -0.0790
vn 0.0585 -0.9909 -0.1212
vn 0.8037 -0.3164 0.5039
vn -0.0022 0.9785 0.2064
vn 0.7736 0.2558 0.5797
vn 0.1014 -0.9933 -0.0546
vn 0.8250 -0.1280 0.5505
vn 0.0781 -0.9897 -0.1197
vn 0.0680 -0.9857 -0.1541
vn 0.5369 -0.3644 0.7609
vn -0.0438 0.9893 0.1395
vn 0.1944 -0.9764 0.0943
vn 0.6531 0.2308 0.7213
vn 0.3628 0.6161 0.6991
vn -0.0706 0.9732 0.2186
vn 0.2348 -0.9700 0.0625
vn -0.0522 0.9884 0.1428
vn 0.6831 -0.3415 0.6456
vn 0.5068 0.2078 0.8366
vn -0.0781 0.9897 0.1197
vn 0.5476 -0.1780 0.8176
vn 0.1153 -0.9912 -0.0655
vn 0.0468 -0.9862 -0.1587
vn 0.4744 0.6337 0.6111
vn -0.0456 0.9890 0.1409
vn 0.0603 -0.9906 -0.1226
vn 0.4338 -0.7357 0.5202
vn 0.3747 -0.1987 0.9056
vn 0.3706 -0.3844 0.8455
vn 0.0564 -0.9912 -0.1201
vn 0.3405 0.1879 0.9213
vn 0.1605 0.1717 0.9720
vn 0.1484 -0.9819 0.1177
vn -0.0180 0.9766 0.2145
vn 0.0360 -0.9935 -0.1079
vn 0.1876 -0.2155 0.9583
vn 0.0856 -0.9952 -0.0465
vn -0.0065 -0.2278 0.9737
vn 0.2358 0.6009 0.7637
vn 0.1774 -0.0224 0.9839
vn -0.0499 0.9885 0.1426
vn -0.0167 -0.0346 0.9993
vn -0.4517 -0.8918 -0.0244
vn 0.3645 -0.0056 0.9312
vn 0.0987 -0.9864 0.1317
vn 0.3069 -0.7509 0.5848
vn 0.0039 -0.4123 0.9110
vn -0.0476 0.9887 0.1420
vn -0.0529 0.9739 0.2207
vn -0.0579 0.9857 0.1585
vn 0.0508 -0.9979 -0.0403
vn 0.1695 -0.7632 0.6235
vn 0.0270 -0.7722 0.6348
vn -0.0351 0.9750 0.2193
vn 0.1906 -0.4005 0.8962
vn 0.0471 -0.9896 0.1358
vn 0.0542 -0.9914 -0.1195
vn 0.0985 0.5886 0.8024
vn 0.0685 -0.9968 -0.0417
vn 0.0454 0.9889 0.1417
vn 0.2382 0.9581 0.1589
vn 0.4219 0.8905 0.1700
vn 0.5895 0.7887 0.1745
vn 0.7343 0.6566 0.1724
vn 0.8509 0.4992 0.1636
vn 0.9348 0.3227 0.1485
vn 0.9827 0.1337 0.1277
vn 0.9929 -0.0603 0.1021
vn 0.9650 -0.2521 0.0724
vn 0.8999 -0.4342 0.0400
vn 0.8003 -0.5995 0.0061
vn 0.6699 -0.7419 -0.0281
vn 0.5137 -0.8558 -0.0612
vn 0.3378 -0.9367 -0.0919
vn 0.1490 -0.9816 -0.1191
vn -0.0454 -0.9889 -0.1417
vn -0.2382 -0.9581 -0.1589
vn -0.4220 -0.8905 -0.1700
vn -0.5895 -0.7887 -0.1745
vn -0.7343 -0.6566 -0.1724
vn -0.8509 -0.4992 -0.1636
vn -0.9348 -0.3227 -0.1485
vn -0.9827 -0.1337 -0.1277
vn -0.9929 0.0603 -0.1021
vn -0.9650 0.2521 -0.0724
vn -0.8999 0.4342 -0.0400
vn -0.8003 0.5995 -0.0061
vn -0.6699 0.7419 0.0281
vn -0.5137 0.8558 0.0612
vn -0.1095 -0.1361 0.9846
vn -0.3378 0.9367 0.0919
vn -0.1490 0.9816 0.1191
vn 0.1095 0.1361 -0.9846
vn -0.0440 0.5796 0.8137
vn -0.0262 0.1599 0.9868
vn 0.0519 -0.9915 -0.1193
vn -0.2121 0.0302 0.9768
vn -0.1945 -0.3043 0.9325
vn -0.3748 0.2684 -0.8874
vn -0.3785 -0.3062 0.8735
vn -0.3960 0.0283 0.9178
vn -0.5651 0.0318 0.8244
vn -0.6953 -0.2940 0.6559
vn -0.5476 -0.3027 0.7801
vn -0.7129 0.0405 0.7001
vn -0.8335 0.0541 0.5498
vn -0.9225 0.0720 0.3793
vn -0.8159 -0.2805 0.5056
vn -0.9763 0.0935 0.1950
vn -0.9588 -0.2410 0.1507
vn -0.9049 -0.2626 0.3350
vn -0.9754 -0.2166 -0.0403
vn -0.9137 0.1714 -0.3685
vn -0.9930 0.1179 0.0040
vn -0.8961 -0.1631 -0.4128
vn -0.9719 0.1442 -0.1862
vn -0.9543 -0.1903 -0.2305
vn -0.8208 0.1984 -0.5357
vn -0.8032 -0.1361 -0.5800
vn -0.5461 0.2479 -0.8002
vn -0.6966 0.2242 -0.6815
vn -0.5285 -0.0866 -0.8445
vn -0.6790 -0.1103 -0.7258
vn 0.0203 -0.0373 -0.9991
vn 0.0027 0.2972 -0.9548
vn -0.3573 -0.0661 -0.9317
vn -0.1895 0.2851 -0.9396
vn -0.1720 -0.0494 -0.9839
vn 0.2121 -0.0302 -0.9768
vn 0.1945 0.3043 -0.9325
vn 0.5651 -0.0318 -0.8244
vn 0.3960 -0.0283 -0.9178
vn 0.7129 -0.0405 -0.7001
vn 0.3785 0.3062 -0.8735
vn 0.5476 0.3027 -0.7801
vn 0.6953 0.2940 -0.6559
vn 0.8335 -0.0541 -0.5498
vn 0.9763 -0.0935 -0.1950
vn 0.8159 0.2805 -0.5056
vn 0.9049 0.2626 -0.3350
vn 0.9225 -0.0720 -0.3793
vn 0.9588 0.2410 -0.1507
vn 0.9719 -0.1442 0.1862
vn 0.9754 0.2166 0.0403
vn 0.9137 -0.1714 0.3685
vn 0.8961 0.1631 0.4127
vn 0.9930 -0.1179 -0.0040
vn 0.9543 0.1903 0.2305
vn 0.8032 0.1361 0.5800
vn 0.5285 0.0866 0.8445
vn 0.8208 -0.1984 0.5357
vn 0.6966 -0.2242 0.6815
vn 0.6790 0.1103 0.7258
vn 0.5461 -0.2479 0.8002
vn 0.1895 -0.2851 0.9396
vn 0.3573 0.0661 0.9317
vn -0.0027 -0.2972 0.9548
vn 0.3748 -0.2684 0.8874
vn 0.1720 0.0494 0.9839
vn -0.0203 0.0373 0.9991
vn 0.0415 -0.9867 -0.1572
vn -0.0798 0.9889 0.1250
vn 0.0523 -0.9859 -0.1591
vn 0.0798 -0.9889 -0.1250
vn -0.0632 0.9856 0.1568
vn -0.0286 0.9887 0.1471
vn -0.0799 0.9875 0.1360
vn 0.0517 -0.9934 -0.1029
vn 0.0317 -0.9933 -0.1115
vn -0.0517 0.9934 0.1029
vn 0.0723 -0.9860 -0.1505
vn -0.0409 0.9936 0.1052
vn 0.0243 -0.9903 -0.1370
vn -0.0754 0.9905 0.1149
vn 0.0754 -0.9905 -0.1149
vn -0.0723 0.9860 0.1505
vn -0.0365 0.9873 0.1547
vn 0.0409 -0.9936 -0.1052
vn 0.0257 -0.9924 -0.1207
vn -0.0675 0.9919 0.1073
vn 0.0783 -0.9869 -0.1413
vn -0.0317 0.9933 0.1115
vn 0.0286 -0.9887 -0.1471
vn -0.0783 0.9869 0.1413
vn -0.0468 0.9862 0.1587
vn 0.0675 -0.9919 -0.1073
vn -0.0257 0.9924 0.1207
vn -0.0804 0.9882 0.1305
vn -0.0572 0.9930 0.1033
vn 0.0804 -0.9882 -0.1305
vn 0.0365 -0.9873 -0.1547
vn -0.0259 0.9895 0.1423
vn 0.0572 -0.9930 -0.1033
vn -0.2308 -0.8126 -0.5351
vn 0.4682 -0.7959 -0.3839
vn 0.1377 -0.9145 0.3805
vn -0.3718 -0.8380 -0.3993
vn -0.2406 -0.9235 0.2987
vn -0.1430 -0.8021 -0.5798
vn 0.5500 -0.8287 -0.1037
vn 0.0390 -0.9207 0.3883
vn -0.3165 -0.9191 0.2349
vn -0.3784 -0.9121 0.1578
vn 0.5415 -0.8162 -0.2017
vn 0.5138 -0.8051 -0.2963
vn -0.0479 -0.7935 -0.6066
vn 0.5392 -0.8422 -0.0061
vn -0.0594 -0.9243 0.3769
vn 0.0508 -0.7873 -0.6144
vn -0.1047 0.9180 0.3826
vn -0.1492 0.7837 0.6030
vn -0.1541 0.9175 0.3668
vn -0.1995 0.9184 0.3417
vn -0.3304 0.7845 0.5248
vn -0.2392 0.9207 0.3084
vn -0.4062 0.7890 0.4610
vn -0.2436 0.7827 0.5727
vn -0.5415 0.8162 0.2017
vn -0.5138 0.8051 0.2963
vn -0.2715 0.9244 0.2680
vn -0.4682 0.7959 0.3839
vn -0.2954 0.9292 0.2222
vn -0.3099 0.9349 0.1728
vn -0.3143 0.9415 0.1215
vn -0.5500 0.8287 0.1037
vn -0.3087 0.9486 0.0705
vn -0.5093 0.8561 -0.0874
vn -0.2931 0.9559 0.0215
vn -0.4616 0.8700 -0.1732
vn -0.5392 0.8422 0.0061
vn -0.2681 0.9631 -0.0233
vn -0.1944 0.9764 -0.0943
vn -0.3206 0.8954 -0.3090
vn -0.3979 0.8833 -0.2481
vn -0.2348 0.9700 -0.0625
vn -0.2327 0.9059 -0.3537
vn -0.1484 0.9819 -0.1177
vn -0.0390 0.9207 -0.3883
vn -0.0987 0.9864 -0.1317
vn -0.1377 0.9145 -0.3805
vn -0.0471 0.9896 -0.1358
vn 0.1539 0.9253 -0.3466
vn 0.0044 0.9915 -0.1298
vn 0.0594 0.9243 -0.3769
vn 0.0991 0.9911 -0.0889
vn 0.3165 0.9191 -0.2349
vn 0.2406 0.9235 -0.2987
vn 0.0538 0.9920 -0.1140
vn 0.1388 0.9888 -0.0556
vn 0.1951 0.9803 0.0305
vn 0.1712 0.9851 -0.0153
vn 0.4240 0.9029 -0.0702
vn 0.3784 0.9121 -0.1578
vn 0.4517 0.8918 0.0244
vn 0.2095 0.9745 0.0800
vn 0.4602 0.8793 0.1224
vn 0.2140 0.9680 0.1312
vn 0.2083 0.9609 0.1823
vn 0.4195 0.8519 0.3135
vn 0.4494 0.8658 0.2200
vn 0.1927 0.9536 0.2312
vn 0.1678 0.9464 0.2761
vn 0.1344 0.9394 0.3152
vn 0.3718 0.8380 0.3993
vn 0.2308 0.8126 0.5351
vn 0.0940 0.9331 0.3471
vn 0.3081 0.8248 0.4742
vn -0.0508 0.7873 0.6144
vn 0.1430 0.8021 0.5798
vn 0.0481 0.9276 0.3705
vn -0.0533 0.9199 0.3886
vn -0.0017 0.9231 0.3845
vn 0.0479 0.7935 0.6066
usemtl Color_2
s off
f 514/633/549 664/634/549 1057/635/549
f 632/636/550 633/637/550 604/638/550 605/639/550
f 708/640/551 711/641/551 1117/642/551 1112/643/551
f 528/644/552 527/645/552 512/646/552 513/647/552
f 518/648/553 528/644/553 513/647/553 989/649/553
f 531/650/554 526/651/554 1061/652/554 1066/653/554
f 887/654/555 525/655/555 982/656/555
f 526/651/556 517/657/556 990/658/556 966/659/556
f 520/660/557 519/661/557 988/662/557 987/663/557
f 519/661/558 518/648/558 989/649/558 988/662/558
f 522/664/559 521/665/559 986/666/559 985/667/559
f 516/668/560 515/669/560 1056/670/560 1055/671/560
f 768/672/551 771/673/551 1130/674/551 1129/675/551
f 515/669/561 514/633/561 1057/635/561 1056/670/561
f 538/676/562 539/677/562 518/648/562 519/661/562
f 640/678/563 627/679/563 1092/680/563 1095/681/563
f 812/682/564 787/683/564 788/684/564 811/685/564
f 549/686/565 548/687/565 539/677/565 538/676/565
f 541/688/566 516/668/566 517/657/566 540/689/566
f 712/690/567 707/691/567 1113/692/567 1116/693/567
f 532/694/568 533/695/568 524/696/568 525/655/568
f 544/697/569 664/698/569 543/699/569
f 531/650/570 540/689/570 517/657/570 526/651/570
f 552/700/571 551/701/571 536/702/571 535/703/571
f 887/704/572 532/694/572 525/655/572
f 821/705/563 808/706/563 1140/707/563 1145/708/563
f 539/677/573 529/709/573 528/644/573 518/648/573
f 537/710/574 538/676/574 519/661/574 520/660/574
f 541/688/575 542/711/575 515/669/575 516/668/575
f 568/712/576 569/713/576 548/687/576 549/686/576
f 529/709/577 530/714/577 527/645/577 528/644/577
f 573/715/578 664/716/578 544/697/578
f 542/711/579 543/699/579 514/633/579 515/669/579
f 561/717/580 570/718/580 547/719/580 556/720/580
f 535/703/581 536/702/581 521/665/581 522/664/581
f 887/721/582 562/722/582 555/723/582
f 543/699/583 664/724/583 514/633/583
f 732/725/584 747/726/584 1124/727/584 1118/728/584
f 569/713/585 559/729/585 558/730/585 548/687/585
f 545/731/586 544/697/586 543/699/586 542/711/586
f 555/723/587 554/732/587 533/695/587 532/694/587
f 558/730/588 557/733/588 530/714/588 529/709/588
f 562/722/589 563/734/589 554/732/589 555/723/589
f 546/735/590 545/731/590 542/711/590 541/688/590
f 567/736/591 568/712/591 549/686/591 550/737/591
f 550/737/592 549/686/592 538/676/592 537/710/592
f 571/738/593 572/739/593 545/731/593 546/735/593
f 548/687/594 558/730/594 529/709/594 539/677/594
f 559/729/595 560/740/595 557/733/595 558/730/595
f 626/741/596 641/742/596 1094/743/596 1093/744/596
f 831/745/551 858/746/551 1151/747/551 1147/748/551
f 887/749/597 555/723/597 532/694/597
f 572/739/598 573/715/598 544/697/598 545/731/598
f 556/720/599 547/719/599 540/689/599 531/650/599
f 565/750/600 566/751/600 551/701/600 552/700/600
f 574/752/601 664/753/601 573/715/601
f 923/754/602 918/755/602 1168/756/602 1173/757/602
f 578/758/603 588/759/603 559/729/603 569/713/603
f 582/760/604 581/761/604 566/751/604 565/750/604
f 601/762/605 602/763/605 575/764/605 576/765/605
f 520/660/563 987/663/563 1064/766/563 1065/767/563
f 575/764/606 574/752/606 573/715/606 572/739/606
f 579/768/607 578/758/607 569/713/607 568/712/607
f 588/759/608 587/769/608 560/740/608 559/729/608
f 589/770/609 590/771/609 587/769/609 588/759/609
f 576/765/610 575/764/610 572/739/610 571/738/610
f 604/638/611 664/772/611 603/773/611
f 580/774/612 579/768/612 568/712/612 567/736/612
f 748/775/563 731/776/563 1119/777/563 1123/778/563
f 602/763/613 603/773/613 574/752/613 575/764/613
f 605/639/614 604/638/614 603/773/614 602/763/614
f 887/779/615 585/780/615 562/722/615
f 616/781/616 591/782/616 1082/783/616 1089/784/616
f 586/785/617 577/786/617 570/718/617 561/717/617
f 618/787/618 617/788/618 590/771/618 589/770/618
f 585/780/619 584/789/619 563/734/619 562/722/619
f 597/790/620 598/791/620 579/768/620 580/774/620
f 612/792/621 611/793/621 596/794/621 595/795/621
f 610/796/622 609/797/622 598/791/622 597/790/622
f 608/798/623 618/787/623 589/770/623 599/799/623
f 512/646/551 527/645/551 1063/800/551 1062/801/551
f 595/795/624 596/794/624 581/761/624 582/760/624
f 887/802/625 615/803/625 592/804/625
f 603/773/626 664/805/626 574/752/626
f 599/799/627 589/770/627 588/759/627 578/758/627
f 692/806/628 667/807/628 668/808/628 691/809/628
f 606/810/629 605/639/629 602/763/629 601/762/629
f 616/781/630 607/811/630 600/812/630 591/782/630
f 598/791/631 599/799/631 578/758/631 579/768/631
f 615/803/632 614/813/632 593/814/632 592/804/632
f 592/804/633 593/814/633 584/789/633 585/780/633
f 609/797/634 608/798/634 599/799/634 598/791/634
f 591/782/635 600/812/635 577/786/635 586/785/635
f 887/815/636 592/804/636 585/780/636
f 963/816/637 938/817/637 939/818/637 962/819/637
f 590/771/551 617/788/551 1088/820/551 1083/821/551
f 625/822/638 626/823/638 611/793/638 612/792/638
f 633/637/639 664/824/639 604/638/639
f 887/825/640 622/826/640 615/803/640
f 645/827/641 644/828/641 623/829/641 622/830/641
f 938/817/642 933/831/642 932/832/642 939/818/642
f 619/833/643 620/834/643 617/788/643 618/787/643
f 628/835/644 629/836/644 608/798/644 609/797/644
f 639/837/645 638/838/645 629/839/645 628/840/645
f 662/841/646 663/842/646 634/843/646 635/844/646
f 622/826/647 623/845/647 614/813/647 615/803/647
f 655/846/648 656/847/648 641/742/648 642/848/648
f 621/849/649 630/850/649 607/811/649 616/781/649
f 635/844/650 634/843/650 633/851/650 632/852/650
f 688/853/563 671/854/563 1103/855/563 1109/856/563
f 526/651/651 966/659/651 1060/857/651 1061/652/651
f 629/836/652 619/833/652 618/787/652 608/798/652
f 627/858/653 628/835/653 609/797/653 610/796/653
f 631/859/654 632/636/654 605/639/654 606/810/654
f 738/860/655 741/861/655 1122/862/655 1121/863/655
f 663/842/656 664/864/656 634/843/656
f 652/865/657 653/866/657 644/828/657 645/827/657
f 651/867/658 660/868/658 637/869/658 646/870/658
f 887/871/659 652/865/659 645/827/659
f 634/843/660 664/872/660 633/851/660
f 801/873/551 828/874/551 1144/875/551 1139/876/551
f 642/848/661 641/742/661 626/741/661 625/877/661
f 646/870/662 637/869/662 630/878/662 621/879/662
f 857/880/663 832/881/663 1146/882/663 1150/883/663
f 658/884/664 659/885/664 638/838/664 639/837/664
f 648/886/665 647/887/665 620/888/665 619/889/665
f 659/885/666 649/890/666 648/886/666 638/838/666
f 636/891/667 635/844/667 632/852/667 631/892/667
f 657/893/668 658/884/668 639/837/668 640/678/668
f 640/678/669 639/837/669 628/840/669 627/679/669
f 661/894/670 662/841/670 635/844/670 636/891/670
f 638/838/671 648/886/671 619/889/671 629/839/671
f 649/890/672 650/895/672 647/887/672 648/886/672
f 610/796/563 597/790/563 1084/896/563 1087/897/563
f 887/898/673 645/827/673 622/830/673
f 665/899/674 664/900/674 663/842/674
f 807/901/675 822/902/675 1143/903/675 1141/904/675
f 669/905/676 679/906/676 649/890/676 659/885/676
f 673/907/677 672/908/677 656/847/677 655/846/677
f 688/853/678 689/909/678 670/910/678 671/854/678
f 666/911/679 665/899/679 663/842/679 662/841/679
f 670/910/680 669/905/680 659/885/680 658/884/680
f 679/906/681 678/912/681 650/895/681 649/890/681
f 700/913/682 699/914/682 690/915/682 689/909/682
f 667/807/683 666/911/683 662/841/683 661/894/683
f 695/916/684 664/917/684 694/918/684
f 671/854/685 670/910/685 658/884/685 657/893/685
f 694/918/686 664/919/686 665/899/686
f 943/920/687 958/921/687 1179/922/687 1174/923/687
f 933/831/688 908/924/688 909/925/688 932/832/688
f 696/926/689 695/916/689 694/918/689 693/927/689
f 887/928/690 676/929/690 652/865/690
f 596/794/691 611/793/691 1086/930/691 1085/931/691
f 677/932/692 668/808/692 660/868/692 651/867/692
f 709/933/693 708/640/693 681/934/693 680/935/693
f 676/929/694 675/936/694 653/866/694 652/865/694
f 690/915/695 680/935/695 679/906/695 669/905/695
f 692/806/696 693/927/696 666/911/696 667/807/696
f 703/937/697 702/938/697 687/939/697 686/940/697
f 701/941/698 700/913/698 689/909/698 688/853/698
f 680/935/699 681/934/699 678/912/699 679/906/699
f 699/914/700 709/933/700 680/935/700 690/915/700
f 678/912/551 681/934/551 1108/942/551 1104/943/551
f 959/944/563 942/945/563 1175/946/563 1178/947/563
f 693/927/701 694/918/701 665/899/701 666/911/701
f 887/948/702 706/949/702 683/950/702
f 686/940/703 687/939/703 672/908/703 673/907/703
f 702/938/704 717/951/704 1115/952/704 1110/953/704
f 697/954/705 696/926/705 693/927/705 692/806/705
f 707/691/706 698/955/706 691/809/706 682/956/706
f 706/949/707 705/957/707 684/958/707 683/950/707
f 689/909/708 690/915/708 669/905/708 670/910/708
f 720/959/709 710/960/709 709/933/709 699/914/709
f 683/950/710 684/958/710 675/936/710 676/929/710
f 718/961/711 719/962/711 700/913/711 701/941/711
f 682/956/712 691/809/712 668/808/712 677/932/712
f 722/963/713 723/964/713 696/926/713 697/954/713
f 887/965/714 683/950/714 676/929/714
f 710/960/715 711/641/715 708/640/715 709/933/715
f 723/964/716 724/966/716 695/916/716 696/926/716
f 716/967/717 717/951/717 702/938/717 703/937/717
f 791/968/563 778/969/563 1131/970/563 1137/971/563
f 750/972/718 740/973/718 739/974/718 729/975/718
f 752/976/719 753/977/719 726/978/719 727/979/719
f 724/966/720 664/980/720 695/916/720
f 712/690/721 721/981/721 698/955/721 707/691/721
f 748/775/722 749/982/722 730/983/722 731/776/722
f 682/956/723 677/932/723 1105/984/723 1107/985/723
f 753/977/724 754/986/724 725/987/724 726/978/724
f 719/962/725 720/959/725 699/914/725 700/913/725
f 730/983/726 729/975/726 720/959/726 719/962/726
f 713/988/727 714/989/727 705/957/727 706/949/727
f 740/973/728 741/861/728 738/860/728 739/974/728
f 754/986/729 664/990/729 725/987/729
f 887/991/730 713/988/730 706/949/730
f 536/702/731 551/701/731 1073/992/731 1069/993/731
f 631/859/732 606/810/732 607/811/732 630/850/732
f 737/994/733 728/995/733 721/981/733 712/690/733
f 726/978/734 725/987/734 724/966/734 723/964/734
f 736/996/735 735/997/735 714/989/735 713/988/735
f 746/998/736 747/726/736 732/725/736 733/999/736
f 749/982/737 750/972/737 729/975/737 730/983/737
f 743/1000/738 744/1001/738 735/997/738 736/996/738
f 636/891/739 631/892/739 630/878/739 637/869/739
f 742/1002/740 751/1003/740 728/995/740 737/994/740
f 887/1004/741 743/1000/741 736/996/741
f 725/987/742 664/1005/742 724/966/742
f 887/1006/743 736/996/743 713/988/743
f 733/999/744 732/725/744 717/951/744 716/967/744
f 893/1007/745 888/1008/745 1160/1009/745 1165/1010/745
f 887/1011/746 766/1012/746 743/1000/746
f 739/974/747 738/860/747 711/641/747 710/960/747
f 767/1013/748 758/1014/748 751/1003/748 742/1002/748
f 727/979/749 726/978/749 723/964/749 722/963/749
f 766/1012/750 765/1015/750 744/1001/750 743/1000/750
f 731/776/751 730/983/751 719/962/751 718/961/751
f 760/1016/752 759/1017/752 750/972/752 749/982/752
f 729/975/753 739/974/753 710/960/753 720/959/753
f 718/961/563 701/941/563 1111/1018/563 1114/1019/563
f 787/683/754 782/1020/754 781/1021/754 788/684/754
f 763/1022/755 762/1023/755 747/726/755 746/998/755
f 769/1024/756 768/672/756 741/861/756 740/973/756
f 586/785/757 561/717/757 1074/1025/757 1081/1026/757
f 782/1020/758 783/1027/758 756/1028/758 757/1029/758
f 755/1030/759 664/1031/759 754/986/759
f 560/740/551 587/769/551 1080/1032/551 1075/1033/551
f 759/1017/760 769/1024/760 740/973/760 750/972/760
f 797/1034/761 788/684/761 781/1021/761 772/1035/761
f 796/1036/762 795/1037/762 774/1038/762 773/1039/762
f 756/1028/763 755/1030/763 754/986/763 753/977/763
f 778/969/764 779/1040/764 760/1016/764 761/1041/764
f 913/1042/765 928/1043/765 1172/1044/765 1166/1045/765
f 793/1046/766 792/1047/766 777/1048/766 776/1049/766
f 757/1029/767 756/1028/767 753/977/767 752/976/767
f 786/1050/768 785/1051/768 784/1052/768 783/1027/768
f 761/1041/769 760/1016/769 749/982/769 748/775/769
f 784/1052/770 664/1053/770 755/1030/770
f 790/1054/771 789/1055/771 780/1056/771 779/1040/771
f 785/1051/772 664/1057/772 784/1052/772
f 787/683/773 786/1050/773 783/1027/773 782/1020/773
f 887/1058/774 773/1039/774 766/1012/774
f 791/968/775 790/1054/775 779/1040/775 778/969/775
f 771/673/551 798/1059/551 1136/1060/551 1130/674/551
f 789/1055/776 799/1061/776 770/1062/776 780/1056/776
f 780/1056/777 770/1062/777 769/1024/777 759/1017/777
f 799/1061/778 798/1059/778 771/673/778 770/1062/778
f 647/887/551 650/895/551 1101/1063/551 1096/1064/551
f 770/1062/779 771/673/779 768/672/779 769/1024/779
f 810/1065/780 800/1066/780 799/1061/780 789/1055/780
f 986/666/781 521/665/781 1058/1067/781 1059/1068/781
f 808/706/782 809/1069/782 790/1054/782 791/968/782
f 783/1027/783 784/1052/783 755/1030/783 756/1028/783
f 812/682/784 813/1070/784 786/1050/784 787/683/784
f 776/1049/785 777/1048/785 762/1023/785 763/1022/785
f 887/1071/786 796/1036/786 773/1039/786
f 741/861/551 768/672/551 1129/675/551 1122/862/551
f 887/1072/787 803/1073/787 796/1036/787
f 580/774/563 567/736/563 1076/1074/563 1079/1075/563
f 813/1070/788 814/1076/788 785/1051/788 786/1050/788
f 779/1040/789 780/1056/789 759/1017/789 760/1016/789
f 806/1077/790 807/901/790 792/1047/790 793/1046/790
f 773/1039/791 774/1038/791 765/1015/791 766/1012/791
f 814/1076/792 664/1078/792 785/1051/792
f 772/1035/793 781/1021/793 758/1014/793 767/1013/793
f 802/1079/794 811/685/794 788/684/794 797/1034/794
f 782/1020/795 757/1029/795 758/1014/795 781/1021/795
f 809/1069/796 810/1065/796 789/1055/796 790/1054/796
f 777/1048/797 792/1047/797 1135/1080/797 1132/1081/797
f 820/1082/798 819/1083/798 810/1065/798 809/1069/798
f 803/1073/799 804/1084/799 795/1037/799 796/1036/799
f 843/1085/800 844/1086/800 815/1087/800 816/1088/800
f 844/1086/801 664/1089/801 815/1087/801
f 819/1083/802 829/1090/802 800/1066/802 810/1065/802
f 823/1091/803 822/902/803 807/901/803 806/1077/803
f 887/1092/804 826/1093/804 803/1073/804
f 836/1094/805 837/1095/805 822/902/805 823/1091/805
f 661/894/806 636/891/806 637/869/806 660/868/806
f 827/1096/807 818/1097/807 811/685/807 802/1079/807
f 826/1093/808 825/1098/808 804/1084/808 803/1073/808
f 833/1099/809 834/1100/809 825/1098/809 826/1093/809
f 847/1101/810 846/1102/810 843/1085/810 842/1103/810
f 908/924/811 903/1104/811 902/1105/811 909/925/811
f 856/1106/812 855/1107/812 834/1100/812 833/1099/812
f 851/1108/813 850/1109/813 839/1110/813 838/1111/813
f 815/1087/814 664/1112/814 814/1076/814
f 853/1113/815 852/1114/815 837/1095/815 836/1094/815
f 816/1088/816 815/1087/816 814/1076/816 813/1070/816
f 839/1110/817 840/1115/817 819/1083/817 820/1082/817
f 929/1116/563 912/1117/563 1167/1118/563 1171/1119/563
f 827/1096/818 802/1079/818 1138/1120/818 1142/1121/818
f 829/1090/819 828/874/819 801/873/819 800/1066/819
f 857/880/820 848/1122/820 841/1123/820 832/881/820
f 817/1124/821 816/1088/821 813/1070/821 812/682/821
f 850/1109/822 849/1125/822 840/1115/822 839/1110/822
f 821/705/823 820/1082/823 809/1069/823 808/706/823
f 767/1013/824 742/1002/824 1125/1126/824 1128/1127/824
f 832/881/825 841/1123/825 818/1097/825 827/1096/825
f 887/1128/826 833/1099/826 826/1093/826
f 566/751/827 581/761/827 1078/1129/827 1077/1130/827
f 859/1131/828 858/746/828 831/745/828 830/1132/828
f 840/1115/829 830/1132/829 829/1090/829 819/1083/829
f 845/1133/830 664/1134/830 844/1086/830
f 838/1111/831 839/1110/831 820/1082/831 821/705/831
f 849/1125/832 859/1131/832 830/1132/832 840/1115/832
f 842/1103/833 843/1085/833 816/1088/833 817/1124/833
f 887/1135/834 856/1106/834 833/1099/834
f 830/1132/835 831/745/835 828/874/835 829/1090/835
f 846/1102/836 845/1133/836 844/1086/836 843/1085/836
f 657/893/563 640/678/563 1095/681/563 1100/1136/563
f 872/1137/837 873/1138/837 846/1102/837 847/1101/837
f 866/1139/838 867/1140/838 852/1114/838 853/1113/838
f 870/1141/839 860/1142/839 859/1131/839 849/1125/839
f 890/1143/840 889/1144/840 861/1145/840 860/1142/840
f 881/1146/841 880/1147/841 869/1148/841 868/1149/841
f 868/1149/842 869/1148/842 850/1109/842 851/1108/842
f 869/1148/843 870/1141/843 849/1125/843 850/1109/843
f 860/1142/844 861/1145/844 858/746/844 859/1131/844
f 877/1150/845 876/1151/845 873/1138/845 872/1137/845
f 919/1152/551 922/1153/551 1170/1154/551 1169/1155/551
f 858/746/551 861/1145/551 1157/1156/551 1151/747/551
f 887/1157/846 886/1158/846 863/1159/846
f 873/1138/847 874/1160/847 845/1133/847 846/1102/847
f 886/1158/848 885/1161/848 864/1162/848 863/1159/848
f 874/1160/849 664/1163/849 845/1133/849
f 879/1164/850 890/1143/850 860/1142/850 870/1141/850
f 901/1165/851 891/1166/851 890/1143/851 879/1164/851
f 899/1167/852 900/1168/852 880/1147/852 881/1146/852
f 903/1104/853 904/1169/853 876/1151/853 877/1150/853
f 894/1170/854 895/1171/854 885/1161/854 886/1158/854
f 863/1159/855 864/1162/855 855/1107/855 856/1106/855
f 862/1172/856 857/880/856 1150/883/856 1156/1173/856
f 672/908/857 687/939/857 1106/1174/857 1102/1175/857
f 862/1172/858 871/1176/858 848/1122/858 857/880/858
f 904/1169/859 905/1177/859 875/1178/859 876/1151/859
f 887/1179/860 863/1159/860 856/1106/860
f 897/1180/861 898/1181/861 882/1182/861 883/1183/861
f 761/1041/563 748/775/563 1123/778/563 1127/1184/563
f 905/1177/862 664/1185/862 875/1178/862
f 888/1008/863 878/1186/863 871/1176/863 862/1172/863
f 611/793/864 626/823/864 1093/1187/864 1086/930/864
f 880/1147/865 879/1164/865 870/1141/865 869/1148/865
f 891/1166/866 892/1188/866 889/1144/866 890/1143/866
f 800/1066/867 801/873/867 798/1059/867 799/1061/867
f 757/1029/868 752/976/868 751/1003/868 758/1014/868
f 875/1178/869 664/1189/869 874/1160/869
f 900/1168/870 901/1165/870 879/1164/870 880/1147/870
f 883/1183/871 882/1182/871 867/1140/871 866/1139/871
f 893/1007/872 902/1105/872 878/1186/872 888/1008/872
f 876/1151/873 875/1178/873 874/1160/873 873/1138/873
f 887/1190/874 894/1170/874 886/1158/874
f 887/1191/875 917/1192/875 894/1170/875
f 911/1193/876 910/1194/876 901/1165/876 900/1168/876
f 906/1195/877 664/1196/877 905/1177/877
f 918/755/878 909/925/878 902/1105/878 893/1007/878
f 930/1197/879 931/1198/879 910/1194/879 911/1193/879
f 917/1192/880 916/1199/880 895/1171/880 894/1170/880
f 908/924/881 907/1200/881 904/1169/881 903/1104/881
f 923/754/882 932/832/882 909/925/882 918/755/882
f 903/1104/883 877/1150/883 878/1186/883 902/1105/883
f 941/1201/884 940/1202/884 931/1198/884 930/1197/884
f 931/1198/885 921/1203/885 920/1204/885 910/1194/885
f 914/1205/886 913/1042/886 898/1181/886 897/1180/886
f 924/1206/887 925/1207/887 916/1199/887 917/1192/887
f 601/762/888 576/765/888 577/786/888 600/812/888
f 907/1200/889 906/1195/889 905/1177/889 904/1169/889
f 952/1208/551 980/1209/551 1185/1210/551 1181/1211/551
f 936/1212/890 664/1213/890 935/1214/890
f 920/1204/891 919/1152/891 892/1188/891 891/1166/891
f 947/1215/892 946/1216/892 925/1207/892 924/1206/892
f 912/1117/893 911/1193/893 900/1168/893 899/1167/893
f 937/1217/894 936/1212/894 935/1214/894 934/1218/894
f 910/1194/895 920/1204/895 891/1166/895 901/1165/895
f 651/867/896 646/870/896 1097/1219/896 1099/1220/896
f 556/720/897 531/650/897 1066/653/897 1072/1221/897
f 950/1222/898 949/1223/898 922/1153/898 921/1203/898
f 887/1224/899 924/1206/899 917/1192/899
f 938/817/900 937/1217/900 934/1218/900 933/831/900
f 627/858/563 610/796/563 1087/897/563 1092/1225/563
f 929/1116/901 930/1197/901 911/1193/901 912/1117/901
f 944/1226/902 943/920/902 928/1043/902 927/1227/902
f 525/655/903 524/696/903 983/1228/903 982/656/903
f 933/831/904 934/1218/904 907/1200/904 908/924/904
f 887/1229/905 982/656/905 978/1230/905
f 921/1203/906 922/1153/906 919/1152/906 920/1204/906
f 942/945/907 941/1201/907 930/1197/907 929/1116/907
f 882/1182/908 898/1181/908 1164/1231/908 1158/1232/908
f 940/1202/909 950/1222/909 921/1203/909 931/1198/909
f 934/1218/910 935/1214/910 906/1195/910 907/1200/910
f 979/1233/911 953/1234/911 1180/1235/911 1184/1236/911
f 927/1227/912 928/1043/912 913/1042/912 914/1205/912
f 887/1237/913 947/1215/913 924/1206/913
f 935/1214/914 664/1238/914 906/1195/914
f 948/1239/915 939/818/915 932/832/915 923/754/915
f 961/1240/916 951/1241/916 950/1222/916 940/1202/916
f 951/1241/917 952/1208/917 949/1223/917 950/1222/917
f 965/1242/918 664/1243/918 936/1212/918
f 959/944/919 960/1244/919 941/1201/919 942/945/919
f 973/1245/920 972/1246/920 960/1244/920 959/944/920
f 530/714/551 557/733/551 1071/1247/551 1067/1248/551
f 963/816/921 964/1249/921 937/1217/921 938/817/921
f 954/1250/922 955/1251/922 946/1216/922 947/1215/922
f 797/1034/923 772/1035/923 1133/1252/923 1134/1253/923
f 971/1254/924 981/1255/924 951/1241/924 961/1240/924
f 964/1249/925 965/1242/925 936/1212/925 937/1217/925
f 989/649/926 513/647/926 981/1255/926 971/1254/926
f 957/1256/927 958/921/927 943/920/927 944/1226/927
f 972/1246/928 971/1254/928 961/1240/928 960/1244/928
f 887/1257/929 978/1230/929 954/1250/929
f 988/662/930 989/649/930 971/1254/930 972/1246/930
f 606/810/931 601/762/931 600/812/931 607/811/931
f 711/641/551 738/860/551 1121/863/551 1117/642/551
f 960/1244/932 961/1240/932 940/1202/932 941/1201/932
f 969/1258/933 968/1259/933 964/1249/933 963/816/933
f 953/1234/934 962/819/934 939/818/934 948/1239/934
f 513/647/935 512/646/935 980/1209/935 981/1255/935
f 887/1260/936 954/1250/936 947/1215/936
f 982/656/937 983/1228/937 977/1261/937 978/1230/937
f 747/726/938 762/1023/938 1126/1262/938 1124/727/938
f 1056/670/939 1057/635/939 967/1263/939 968/1259/939
f 979/1233/940 970/1264/940 962/819/940 953/1234/940
f 966/659/941 990/658/941 970/1264/941 979/1233/941
f 978/1230/942 977/1261/942 955/1251/942 954/1250/942
f 981/1255/943 980/1209/943 952/1208/943 951/1241/943
f 1055/671/944 1056/670/944 968/1259/944 969/1258/944
f 967/1263/945 664/1265/945 965/1242/945
f 975/1266/946 974/1267/946 958/921/946 957/1256/946
f 968/1259/947 967/1263/947 965/1242/947 964/1249/947
f 617/788/551 620/834/551 1091/1268/551 1088/820/551
f 991/1269/948 992/1270/948 994/1271/948 993/1272/948
f 993/1272/949 994/1271/949 996/1273/949 995/1274/949
f 995/1274/950 996/1273/950 998/1275/950 997/1276/950
f 997/1276/951 998/1275/951 1000/1277/951 999/1278/951
f 999/1278/952 1000/1277/952 1002/1279/952 1001/1280/952
f 1001/1280/953 1002/1279/953 1004/1281/953 1003/1282/953
f 1003/1282/954 1004/1281/954 1006/1283/954 1005/1284/954
f 1005/1284/955 1006/1283/955 1008/1285/955 1007/1286/955
f 1007/1286/956 1008/1285/956 1010/1287/956 1009/1288/956
f 1009/1288/957 1010/1287/957 1012/1289/957 1011/1290/957
f 1011/1290/958 1012/1289/958 1014/1291/958 1013/1292/958
f 1013/1292/959 1014/1291/959 1016/1293/959 1015/1294/959
f 1015/1294/960 1016/1293/960 1018/1295/960 1017/1296/960
f 1017/1296/961 1018/1295/961 1020/1297/961 1019/1298/961
f 1019/1298/962 1020/1297/962 1022/1299/962 1021/1300/962
f 1021/1300/963 1022/1299/963 1024/1301/963 1023/1302/963
f 1023/1302/964 1024/1301/964 1026/1303/964 1025/1304/964
f 1025/1304/965 1026/1303/965 1028/1305/965 1027/1306/965
f 1027/1306/966 1028/1305/966 1030/1307/966 1029/1308/966
f 1029/1308/967 1030/1307/967 1032/1309/967 1031/1310/967
f 1031/1310/968 1032/1309/968 1034/1311/968 1033/1312/968
f 1033/1312/969 1034/1311/969 1036/1313/969 1035/1314/969
f 1035/1314/970 1036/1313/970 1038/1315/970 1037/1316/970
f 1037/1316/971 1038/1315/971 1040/1317/971 1039/1318/971
f 1039/1318/972 1040/1317/972 1042/1319/972 1041/1320/972
f 1041/1320/973 1042/1319/973 1044/1321/973 1043/1322/973
f 1043/1322/974 1044/1321/974 1046/1323/974 1045/1324/974
f 1045/1324/975 1046/1323/975 1048/1325/975 1047/1326/975
f 1047/1326/976 1048/1325/976 1050/1327/976 1049/1328/976
f 1049/1328/977 1050/1327/977 1052/1329/977 1051/1330/977
f 994/1331/978 992/1332/978 1054/1333/978 1052/1334/978 1050/1335/978 1048/1336/978 1046/1337/978 1044/1338/978 1042/1339/978 1040/1340/978 1038/1341/978 1036/1342/978 1034/1343/978 1032/1344/978 1030/1345/978 1028/1346/978 1026/1347/978 1024/1348/978 1022/1349/978 1020/1350/978 1018/1351/978 1016/1352/978 1014/1353/978 1012/1354/978 1010/1355/978 1008/1356/978 1006/1357/978 1004/1358/978 1002/1359/978 1000/1360/978 998/1361/978 996/1362/978
f 1051/1330/979 1052/1329/979 1054/1363/979 1053/1364/979
f 1053/1364/980 1054/1363/980 992/1365/980 991/1366/980
f 991/1367/981 993/1368/981 995/1369/981 997/1370/981 999/1371/981 1001/1372/981 1003/1373/981 1005/1374/981 1007/1375/981 1009/1376/981 1011/1377/981 1013/1378/981 1015/1379/981 1017/1380/981 1019/1381/981 1021/1382/981 1023/1383/981 1025/1384/981 1027/1385/981 1029/1386/981 1031/1387/981 1033/1388/981 1035/1389/981 1037/1390/981 1039/1391/981 1041/1392/981 1043/1393/981 1045/1394/981 1047/1395/981 1049/1396/981 1051/1397/981 1053/1398/981
f 985/667/982 986/666/982 974/1267/982 975/1266/982
f 899/1167/563 881/1146/563 1159/1399/563 1163/1400/563
f 987/663/983 988/662/983 972/1246/983 973/1245/983
f 1057/635/984 664/1401/984 967/1263/984
f 1058/1067/985 1065/767/985 1064/766/985 1059/1068/985
f 1063/800/986 1061/652/986 1060/857/986 1062/801/986
f 1115/952/987 1114/1019/987 1111/1018/987 1110/953/987
f 1067/1248/988 1066/653/988 1061/652/988 1063/800/988
f 1069/993/989 1068/1402/989 1065/767/989 1058/1067/989
f 1073/992/990 1070/1403/990 1068/1402/990 1069/993/990
f 1075/1033/991 1074/1025/991 1072/1221/991 1071/1247/991
f 1071/1247/992 1072/1221/992 1066/653/992 1067/1248/992
f 1077/1130/993 1076/1074/993 1070/1403/993 1073/992/993
f 1078/1129/994 1079/1075/994 1076/1074/994 1077/1130/994
f 1085/931/995 1084/896/995 1079/1075/995 1078/1129/995
f 1080/1032/996 1081/1026/996 1074/1025/996 1075/1033/996
f 1086/930/997 1087/897/997 1084/896/997 1085/931/997
f 1088/820/998 1089/784/998 1082/783/998 1083/821/998
f 1083/821/999 1082/783/999 1081/1026/999 1080/1032/999
f 1091/1268/1000 1090/1404/1000 1089/784/1000 1088/820/1000
f 1098/1405/1001 1100/1136/1001 1095/681/1001 1094/743/1001
f 1093/1187/1002 1092/1225/1002 1087/897/1002 1086/930/1002
f 1101/1063/1003 1099/1220/1003 1097/1219/1003 1096/1064/1003
f 1094/743/1004 1095/681/1004 1092/680/1004 1093/744/1004
f 1096/1064/1005 1097/1219/1005 1090/1406/1005 1091/1407/1005
f 1102/1175/1006 1103/855/1006 1100/1136/1006 1098/1405/1006
f 1104/943/1007 1105/984/1007 1099/1220/1007 1101/1063/1007
f 1110/953/1008 1111/1018/1008 1109/856/1008 1106/1174/1008
f 1106/1174/1009 1109/856/1009 1103/855/1009 1102/1175/1009
f 1112/643/1010 1113/692/1010 1107/985/1010 1108/942/1010
f 1108/942/1011 1107/985/1011 1105/984/1011 1104/943/1011
f 1122/862/1012 1125/1126/1012 1120/1408/1012 1121/863/1012
f 1124/727/1013 1123/778/1013 1119/777/1013 1118/728/1013
f 1117/642/1014 1116/693/1014 1113/692/1014 1112/643/1014
f 1118/728/1015 1119/777/1015 1114/1019/1015 1115/952/1015
f 1121/863/1016 1120/1408/1016 1116/693/1016 1117/642/1016
f 1129/675/1017 1128/1127/1017 1125/1126/1017 1122/862/1017
f 1126/1262/1018 1127/1184/1018 1123/778/1018 1124/727/1018
f 1136/1060/1019 1134/1253/1019 1133/1252/1019 1130/674/1019
f 1130/674/1020 1133/1252/1020 1128/1127/1020 1129/675/1020
f 1139/876/1021 1138/1120/1021 1134/1253/1021 1136/1060/1021
f 1132/1081/1022 1131/970/1022 1127/1184/1022 1126/1262/1022
f 1135/1080/1023 1137/971/1023 1131/970/1023 1132/1081/1023
f 1141/904/1024 1140/707/1024 1137/971/1024 1135/1080/1024
f 1144/875/1025 1142/1121/1025 1138/1120/1025 1139/876/1025
f 1151/747/1026 1150/883/1026 1146/882/1026 1147/748/1026
f 1143/903/1027 1145/708/1027 1140/707/1027 1141/904/1027
f 1149/1409/1028 1148/1410/1028 1145/708/1028 1143/903/1028
f 1147/748/1029 1146/882/1029 1142/1121/1029 1144/875/1029
f 1153/1411/1030 1152/1412/1030 1148/1410/1030 1149/1409/1030
f 1161/1413/1031 1160/1009/1031 1156/1173/1031 1157/1156/1031
f 1155/1414/1032 1154/1415/1032 1152/1412/1032 1153/1411/1032
f 1162/1416/1033 1165/1010/1033 1160/1009/1033 1161/1413/1033
f 1164/1231/1034 1163/1400/1034 1159/1399/1034 1158/1232/1034
f 1157/1156/1035 1156/1173/1035 1150/883/1035 1151/747/1035
f 1158/1232/1036 1159/1399/1036 1154/1415/1036 1155/1414/1036
f 1166/1045/1037 1167/1118/1037 1163/1400/1037 1164/1231/1037
f 1174/923/1038 1175/946/1038 1171/1119/1038 1172/1044/1038
f 1169/1155/1039 1168/756/1039 1165/1010/1039 1162/1416/1039
f 1170/1154/1040 1173/757/1040 1168/756/1040 1169/1155/1040
f 1172/1044/1041 1171/1119/1041 1167/1118/1041 1166/1045/1041
f 1176/1417/1042 1177/1418/1042 1173/757/1042 1170/1154/1042
f 1185/1210/1043 1184/1236/1043 1180/1235/1043 1181/1211/1043
f 1179/922/1044 1178/947/1044 1175/946/1044 1174/923/1044
f 1062/801/1045 1060/857/1045 1184/1236/1045 1185/1210/1045
f 1181/1211/1046 1180/1235/1046 1177/1418/1046 1176/1417/1046
f 1182/1419/1047 1183/1420/1047 1178/947/1047 1179/922/1047
f 1059/1068/1048 1064/766/1048 1183/1420/1048 1182/1419/1048
f 620/888/551 647/887/551 1096/1064/551 1091/1407/551
f 778/969/563 761/1041/563 1127/1184/563 1131/970/563
f 953/1234/1049 948/1239/1049 1177/1418/1049 1180/1235/1049
f 867/1140/1050 882/1182/1050 1158/1232/1050 1155/1414/1050
f 966/659/1051 979/1233/1051 1184/1236/1051 1060/857/1051
f 949/1223/551 952/1208/551 1181/1211/551 1176/1417/551
f 980/1209/551 512/646/551 1062/801/551 1185/1210/551
f 851/1108/563 838/1111/563 1148/1410/563 1152/1412/563
f 646/870/1052 621/879/1052 1090/1406/1052 1097/1219/1052
f 762/1023/1053 777/1048/1053 1132/1081/1053 1126/1262/1053
f 656/847/1054 672/908/1054 1102/1175/1054 1098/1405/1054
f 527/645/551 530/714/551 1067/1248/551 1063/800/551
f 837/1095/1055 852/1114/1055 1153/1411/1055 1149/1409/1055
f 742/1002/1056 737/994/1056 1120/1408/1056 1125/1126/1056
f 881/1146/563 868/1149/563 1154/1415/563 1159/1399/563
f 802/1079/1057 797/1034/1057 1134/1253/1057 1138/1120/1057
f 537/710/563 520/660/563 1065/767/563 1068/1402/563
f 987/663/563 973/1245/563 1183/1420/563 1064/766/563
f 798/1059/551 801/873/551 1139/876/551 1136/1060/551
f 671/854/563 657/893/563 1100/1136/563 1103/855/563
f 974/1267/1058 986/666/1058 1059/1068/1058 1182/1419/1058
f 561/717/1059 556/720/1059 1072/1221/1059 1074/1025/1059
f 521/665/1060 536/702/1060 1069/993/1060 1058/1067/1060
f 888/1008/1061 862/1172/1061 1156/1173/1061 1160/1009/1061
f 808/706/563 791/968/563 1137/971/563 1140/707/563
f 650/895/551 678/912/551 1104/943/551 1101/1063/551
f 861/1145/551 889/1144/551 1161/1413/551 1157/1156/551
f 898/1181/1062 913/1042/1062 1166/1045/1062 1164/1231/1062
f 677/932/1063 651/867/1063 1099/1220/1063 1105/984/1063
f 792/1047/1064 807/901/1064 1141/904/1064 1135/1080/1064
f 557/733/551 560/740/551 1075/1033/551 1071/1247/551
f 687/939/1065 702/938/1065 1110/953/1065 1106/1174/1065
f 772/1035/1066 767/1013/1066 1128/1127/1066 1133/1252/1066
f 567/736/563 550/737/563 1070/1403/563 1076/1074/563
f 832/881/1067 827/1096/1067 1142/1121/1067 1146/882/1067
f 928/1043/1068 943/920/1068 1174/923/1068 1172/1044/1068
f 912/1117/563 899/1167/563 1163/1400/563 1167/1118/563
f 828/874/551 831/745/551 1147/748/551 1144/875/551
f 591/782/1069 586/785/1069 1081/1026/1069 1082/783/1069
f 551/701/1070 566/751/1070 1077/1130/1070 1073/992/1070
f 701/941/563 688/853/563 1109/856/563 1111/1018/563
f 838/1111/563 821/705/563 1145/708/563 1148/1410/563
f 918/755/1071 893/1007/1071 1165/1010/1071 1168/756/1071
f 942/945/563 929/1116/563 1171/1119/563 1175/946/563
f 892/1188/551 919/1152/551 1169/1155/551 1162/1416/551
f 681/934/551 708/640/551 1112/643/551 1108/942/551
f 822/902/1072 837/1095/1072 1149/1409/1072 1143/903/1072
f 587/769/551 590/771/551 1083/821/551 1080/1032/551
f 717/951/1073 732/725/1073 1118/728/1073 1115/952/1073
f 868/1149/563 851/1108/563 1152/1412/563 1154/1415/563
f 707/691/1074 682/956/1074 1107/985/1074 1113/692/1074
f 922/1153/551 949/1223/551 1176/1417/551 1170/1154/551
f 597/790/563 580/774/563 1079/1075/563 1084/896/563
f 581/761/1075 596/794/1075 1085/931/1075 1078/1129/1075
f 852/1114/1076 867/1140/1076 1155/1414/1076 1153/1411/1076
f 958/921/1077 974/1267/1077 1182/1419/1077 1179/922/1077
f 621/849/1078 616/781/1078 1089/784/1078 1090/1404/1078
f 948/1239/1079 923/754/1079 1173/757/1079 1177/1418/1079
f 641/742/1080 656/847/1080 1098/1405/1080 1094/743/1080
f 731/776/563 718/961/563 1114/1019/563 1119/777/563
f 889/1144/551 892/1188/551 1162/1416/551 1161/1413/551
f 973/1245/563 959/944/563 1178/947/563 1183/1420/563
f 550/737/563 537/710/563 1068/1402/563 1070/1403/563
f 737/994/1081 712/690/1081 1116/693/1081 1120/1408/1081
f 697/954/1082 692/806/1082 691/809/1082 698/955/1082
f 817/1124/1083 812/682/1083 811/685/1083 818/1097/1083
f 969/1258/1084 963/816/1084 962/819/1084 970/1264/1084
f 667/807/1085 661/894/1085 660/868/1085 668/808/1085
f 546/735/1086 541/688/1086 540/689/1086 547/719/1086
f 722/963/1087 697/954/1087 698/955/1087 721/981/1087
f 872/1137/1088 847/1101/1088 848/1122/1088 871/1176/1088
f 1055/671/1089 969/1258/1089 970/1264/1089 990/658/1089
f 571/738/1090 546/735/1090 547/719/1090 570/718/1090
f 576/765/1091 571/738/1091 570/718/1091 577/786/1091
f 847/1101/1092 842/1103/1092 841/1123/1092 848/1122/1092
f 842/1103/1093 817/1124/1093 818/1097/1093 841/1123/1093
f 727/979/1094 722/963/1094 721/981/1094 728/995/1094
f 877/1150/1095 872/1137/1095 871/1176/1095 878/1186/1095
f 516/668/1096 1055/671/1096 990/658/1096 517/657/1096
f 752/976/1097 727/979/1097 728/995/1097 751/1003/1097
usemtl Color_3
f 524/696/1098 523/1421/1098 984/1422/1098 983/1228/1098
f 523/1421/1099 522/664/1099 985/667/1099 984/1422/1099
f 533/695/1100 534/1423/1100 523/1421/1100 524/696/1100
f 554/732/1101 553/1424/1101 534/1423/1101 533/695/1101
f 553/1424/1102 552/700/1102 535/703/1102 534/1423/1102
f 563/734/1103 564/1425/1103 553/1424/1103 554/732/1103
f 564/1425/1104 565/750/1104 552/700/1104 553/1424/1104
f 534/1423/1105 535/703/1105 522/664/1105 523/1421/1105
f 613/1426/1106 612/792/1106 595/795/1106 594/1427/1106
f 594/1427/1107 595/795/1107 582/760/1107 583/1428/1107
f 584/789/1108 583/1428/1108 564/1425/1108 563/734/1108
f 583/1428/1109 582/760/1109 565/750/1109 564/1425/1109
f 593/814/1110 594/1427/1110 583/1428/1110 584/789/1110
f 614/813/1111 613/1426/1111 594/1427/1111 593/814/1111
f 623/845/1112 624/1429/1112 613/1426/1112 614/813/1112
f 624/1429/1113 625/822/1113 612/792/1113 613/1426/1113
f 644/828/1114 643/1430/1114 624/1431/1114 623/829/1114
f 654/1432/1115 655/846/1115 642/848/1115 643/1430/1115
f 653/866/1116 654/1432/1116 643/1430/1116 644/828/1116
f 674/1433/1117 673/907/1117 655/846/1117 654/1432/1117
f 643/1430/1118 642/848/1118 625/877/1118 624/1431/1118
f 675/936/1119 674/1433/1119 654/1432/1119 653/866/1119
f 705/957/1120 704/1434/1120 685/1435/1120 684/958/1120
f 704/1434/1121 703/937/1121 686/940/1121 685/1435/1121
f 685/1435/1122 686/940/1122 673/907/1122 674/1433/1122
f 684/958/1123 685/1435/1123 674/1433/1123 675/936/1123
f 715/1436/1124 716/967/1124 703/937/1124 704/1434/1124
f 714/989/1125 715/1436/1125 704/1434/1125 705/957/1125
f 745/1437/1126 746/998/1126 733/999/1126 734/1438/1126
f 735/997/1127 734/1438/1127 715/1436/1127 714/989/1127
f 734/1438/1128 733/999/1128 716/967/1128 715/1436/1128
f 744/1001/1129 745/1437/1129 734/1438/1129 735/997/1129
f 775/1439/1130 776/1049/1130 763/1022/1130 764/1440/1130
f 765/1015/1131 764/1440/1131 745/1437/1131 744/1001/1131
f 764/1440/1132 763/1022/1132 746/998/1132 745/1437/1132
f 795/1037/1133 794/1441/1133 775/1439/1133 774/1038/1133
f 805/1442/1134 806/1077/1134 793/1046/1134 794/1441/1134
f 794/1441/1135 793/1046/1135 776/1049/1135 775/1439/1135
f 774/1038/1136 775/1439/1136 764/1440/1136 765/1015/1136
f 804/1084/1137 805/1442/1137 794/1441/1137 795/1037/1137
f 834/1100/1138 835/1443/1138 824/1444/1138 825/1098/1138
f 825/1098/1139 824/1444/1139 805/1442/1139 804/1084/1139
f 835/1443/1140 836/1094/1140 823/1091/1140 824/1444/1140
f 824/1444/1141 823/1091/1141 806/1077/1141 805/1442/1141
f 854/1445/1142 853/1113/1142 836/1094/1142 835/1443/1142
f 855/1107/1143 854/1445/1143 835/1443/1143 834/1100/1143
f 865/1446/1144 866/1139/1144 853/1113/1144 854/1445/1144
f 864/1162/1145 865/1446/1145 854/1445/1145 855/1107/1145
f 885/1161/1146 884/1447/1146 865/1446/1146 864/1162/1146
f 896/1448/1147 897/1180/1147 883/1183/1147 884/1447/1147
f 884/1447/1148 883/1183/1148 866/1139/1148 865/1446/1148
f 895/1171/1149 896/1448/1149 884/1447/1149 885/1161/1149
f 916/1199/1150 915/1449/1150 896/1448/1150 895/1171/1150
f 925/1207/1151 926/1450/1151 915/1449/1151 916/1199/1151
f 915/1449/1152 914/1205/1152 897/1180/1152 896/1448/1152
f 945/1451/1153 944/1226/1153 927/1227/1153 926/1450/1153
f 946/1216/1154 945/1451/1154 926/1450/1154 925/1207/1154
f 926/1450/1155 927/1227/1155 914/1205/1155 915/1449/1155
f 984/1422/1156 985/667/1156 975/1266/1156 976/1452/1156
f 956/1453/1157 957/1256/1157 944/1226/1157 945/1451/1157
f 955/1251/1158 956/1453/1158 945/1451/1158 946/1216/1158
f 983/1228/1159 984/1422/1159 976/1452/1159 977/1261/1159
f 977/1261/1160 976/1452/1160 956/1453/1160 955/1251/1160
f 976/1452/1161 975/1266/1161 957/1256/1161 956/1453/1161
o Plane.002_Plane
v 1.600000 -3.129123 -0.000000
v 1.000000 -3.129123 -0.000000
v 1.600000 -1.529123 0.000000
v 1.000000 -1.529123 0.000000
v 4.000000 -3.729123 -0.000000
v 0.900000 -3.729123 -0.000000
v 4.000000 -1.429123 0.000000
v 0.900000 -1.429123 0.000000
v 1.700000 -1.529123 0.000000
v 2.300000 -1.529123 0.000000
v 1.700000 -3.129123 -0.000000
v 2.300000 -3.129123 -0.000000
v 3.200000 -3.129123 -0.000000
v 2.600000 -3.129123 -0.000000
v 3.200000 -1.529123 0.000000
v 2.600000 -1.529123 0.000000
v 3.300000 -1.529123 0.000000
v 3.900000 -1.529123 0.000000
v 3.300000 -3.129123 -0.000000
v 3.900000 -3.129123 -0.000000
v 1.156201 -3.587759 -0.000000
v 1.126428 -3.587759 -0.000000
v 1.000000 -3.291754 -0.000000
v 1.043149 -3.291754 -0.000000
v 1.080258 -3.378484 -0.000000
v 1.205391 -3.378484 -0.000000
v 1.244657 -3.291754 -0.000000
v 1.287806 -3.291754 -0.000000
v 1.140667 -3.523035 -0.000000
v 1.188131 -3.416456 -0.000000
v 1.096655 -3.416456 -0.000000
v 1.317580 -3.485495 -0.000000
v 1.317580 -3.291754 -0.000000
v 1.355982 -3.291754 -0.000000
v 1.355982 -3.393155 -0.000000
v 1.356405 -3.401306 -0.000000
v 1.357638 -3.409102 -0.000000
v 1.359630 -3.416476 -0.000000
v 1.362327 -3.423359 -0.000000
v 1.365677 -3.429686 -0.000000
v 1.369628 -3.435387 -0.000000
v 1.374128 -3.440397 -0.000000
v 1.379123 -3.444646 -0.000000
v 1.384562 -3.448069 -0.000000
v 1.390392 -3.450598 -0.000000
v 1.396561 -3.452164 -0.000000
v 1.403015 -3.452701 -0.000000
v 1.405401 -3.452542 -0.000000
v 1.408005 -3.452074 -0.000000
v 1.410796 -3.451312 -0.000000
v 1.413739 -3.450272 -0.000000
v 1.416802 -3.448968 -0.000000
v 1.419951 -3.447415 -0.000000
v 1.423155 -3.445629 -0.000000
v 1.426380 -3.443624 -0.000000
v 1.429593 -3.441415 -0.000000
v 1.432760 -3.439017 -0.000000
v 1.435850 -3.436446 -0.000000
v 1.438829 -3.433715 -0.000000
v 1.459110 -3.466940 -0.000000
v 1.455144 -3.470554 -0.000000
v 1.451225 -3.473846 -0.000000
v 1.447345 -3.476818 -0.000000
v 1.443496 -3.479470 -0.000000
v 1.439671 -3.481804 -0.000000
v 1.435863 -3.483822 -0.000000
v 1.432063 -3.485526 -0.000000
v 1.428266 -3.486917 -0.000000
v 1.424462 -3.487996 -0.000000
v 1.420645 -3.488765 -0.000000
v 1.416806 -3.489225 -0.000000
v 1.412940 -3.489378 -0.000000
v 1.408400 -3.489078 -0.000000
v 1.403840 -3.488165 -0.000000
v 1.399260 -3.486620 -0.000000
v 1.394657 -3.484424 -0.000000
v 1.390030 -3.481556 -0.000000
v 1.385378 -3.477997 -0.000000
v 1.380699 -3.473729 -0.000000
v 1.375991 -3.468730 -0.000000
v 1.371253 -3.462983 -0.000000
v 1.366484 -3.456467 -0.000000
v 1.361682 -3.449162 -0.000000
v 1.356845 -3.441051 -0.000000
v 1.355982 -3.441051 -0.000000
v 1.355982 -3.485495 -0.000000
v 1.484136 -3.485495 -0.000000
v 1.484136 -3.291754 -0.000000
v 1.522539 -3.291754 -0.000000
v 1.522539 -3.432421 -0.000000
v 1.526473 -3.436802 -0.000000
v 1.530314 -3.440685 -0.000000
v 1.534095 -3.444091 -0.000000
v 1.537849 -3.447044 -0.000000
v 1.541609 -3.449564 -0.000000
v 1.545408 -3.451676 -0.000000
v 1.549279 -3.453402 -0.000000
v 1.553255 -3.454762 -0.000000
v 1.557369 -3.455782 -0.000000
v 1.561653 -3.456483 -0.000000
v 1.566141 -3.456886 -0.000000
v 1.570866 -3.457016 -0.000000
v 1.575542 -3.456735 -0.000000
v 1.580048 -3.455879 -0.000000
v 1.584337 -3.454434 -0.000000
v 1.588366 -3.452381 -0.000000
v 1.592089 -3.449706 -0.000000
v 1.595462 -3.446390 -0.000000
v 1.598439 -3.442419 -0.000000
v 1.600975 -3.437775 -0.000000
v 1.603026 -3.432441 -0.000000
v 1.604547 -3.426402 -0.000000
v 1.605492 -3.419641 -0.000000
v 1.605817 -3.412141 -0.000000
v 1.605817 -3.291754 -0.000000
v 1.644220 -3.291754 -0.000000
v 1.644220 -3.432421 -0.000000
v 1.647731 -3.435904 -0.000000
v 1.651342 -3.439217 -0.000000
v 1.655028 -3.442332 -0.000000
v 1.658763 -3.445222 -0.000000
v 1.662523 -3.447860 -0.000000
v 1.666281 -3.450220 -0.000000
v 1.670012 -3.452274 -0.000000
v 1.673690 -3.453995 -0.000000
v 1.677290 -3.455358 -0.000000
v 1.680788 -3.456333 -0.000000
v 1.684156 -3.456895 -0.000000
v 1.687370 -3.457016 -0.000000
v 1.692782 -3.456685 -0.000000
v 1.697983 -3.455698 -0.000000
v 1.702924 -3.454063 -0.000000
v 1.707554 -3.451790 -0.000000
v 1.711825 -3.448888 -0.000000
v 1.715687 -3.445366 -0.000000
v 1.719090 -3.441232 -0.000000
v 1.721985 -3.436496 -0.000000
v 1.724323 -3.431167 -0.000000
v 1.726054 -3.425253 -0.000000
v 1.727129 -3.418764 -0.000000
v 1.727499 -3.411709 -0.000000
v 1.727499 -3.291754 -0.000000
v 1.765902 -3.291754 -0.000000
v 1.765902 -3.413435 -0.000000
v 1.765387 -3.424538 -0.000000
v 1.763866 -3.434942 -0.000000
v 1.761378 -3.444597 -0.000000
v 1.757959 -3.453452 -0.000000
v 1.753647 -3.461456 -0.000000
v 1.748480 -3.468558 -0.000000
v 1.742495 -3.474708 -0.000000
v 1.735729 -3.479853 -0.000000
v 1.728220 -3.483944 -0.000000
v 1.720006 -3.486929 -0.000000
v 1.711123 -3.488757 -0.000000
v 1.701609 -3.489378 -0.000000
v 1.694856 -3.489053 -0.000000
v 1.688395 -3.488107 -0.000000
v 1.682212 -3.486587 -0.000000
v 1.676295 -3.484536 -0.000000
v 1.670629 -3.481999 -0.000000
v 1.665202 -3.479022 -0.000000
v 1.659999 -3.475650 -0.000000
v 1.655008 -3.471926 -0.000000
v 1.650214 -3.467898 -0.000000
v 1.645605 -3.463608 -0.000000
v 1.641166 -3.459103 -0.000000
v 1.636885 -3.454427 -0.000000
v 1.633498 -3.459919 -0.000000
v 1.629815 -3.464957 -0.000000
v 1.625848 -3.469536 -0.000000
v 1.621607 -3.473652 -0.000000
v 1.617102 -3.477301 -0.000000
v 1.612344 -3.480478 -0.000000
v 1.607343 -3.483179 -0.000000
v 1.602110 -3.485399 -0.000000
v 1.596655 -3.487133 -0.000000
v 1.590989 -3.488377 -0.000000
v 1.585122 -3.489127 -0.000000
v 1.579065 -3.489378 -0.000000
v 1.574525 -3.489180 -0.000000
v 1.569963 -3.488583 -0.000000
v 1.565378 -3.487585 -0.000000
v 1.560766 -3.486182 -0.000000
v 1.556124 -3.484371 -0.000000
v 1.551449 -3.482151 -0.000000
v 1.546738 -3.479516 -0.000000
v 1.541988 -3.476465 -0.000000
v 1.537196 -3.472995 -0.000000
v 1.532360 -3.469102 -0.000000
v 1.527475 -3.464783 -0.000000
v 1.522539 -3.460036 -0.000000
v 1.522539 -3.485495 -0.000000
v 1.986395 -3.586033 -0.000000
v 1.944109 -3.586033 -0.000000
v 1.944109 -3.291754 -0.000000
v 1.986395 -3.291754 -0.000000
v 2.142164 -3.446660 -0.000000
v 2.270318 -3.586033 -0.000000
v 2.217676 -3.586033 -0.000000
v 2.093837 -3.451406 -0.000000
v 2.093837 -3.586033 -0.000000
v 2.051551 -3.586033 -0.000000
v 2.051551 -3.291754 -0.000000
v 2.093837 -3.291754 -0.000000
v 2.093837 -3.437167 -0.000000
v 2.243566 -3.291754 -0.000000
v 2.301817 -3.291754 -0.000000
v 2.686014 -3.632808 -0.000000
v 2.637006 -3.632808 -0.000000
v 2.637006 -3.291754 -0.000000
v 2.840038 -3.291754 -0.000000
v 2.840038 -3.335761 -0.000000
v 2.686014 -3.335761 -0.000000
v 3.064074 -3.356764 -0.000000
v 3.057582 -3.352661 -0.000000
v 3.051105 -3.348860 -0.000000
v 3.044633 -3.345372 -0.000000
v 3.038163 -3.342206 -0.000000
v 3.031685 -3.339374 -0.000000
v 3.025193 -3.336886 -0.000000
v 3.018681 -3.334752 -0.000000
v 3.012140 -3.332983 -0.000000
v 3.005565 -3.331588 -0.000000
v 2.998948 -3.330579 -0.000000
v 2.992282 -3.329967 -0.000000
v 2.985562 -3.329760 -0.000000
v 2.975175 -3.330238 -0.000000
v 2.965521 -3.331670 -0.000000
v 2.956604 -3.334049 -0.000000
v 2.948426 -3.337372 -0.000000
v 2.940991 -3.341632 -0.000000
v 2.934303 -3.346825 -0.000000
v 2.928366 -3.352945 -0.000000
v 2.923181 -3.359987 -0.000000
v 2.918754 -3.367946 -0.000000
v 2.915087 -3.376816 -0.000000
v 2.912185 -3.386593 -0.000000
v 2.910049 -3.397271 -0.000000
v 3.068075 -3.397271 -0.000000
v 3.067292 -3.417140 -0.000000
v 3.064984 -3.435244 -0.000000
v 3.061206 -3.451592 -0.000000
v 3.056017 -3.466189 -0.000000
v 3.049474 -3.479043 -0.000000
v 3.041633 -3.490160 -0.000000
v 3.032553 -3.499548 -0.000000
v 3.022290 -3.507214 -0.000000
v 3.010901 -3.513164 -0.000000
v 2.998446 -3.517406 -0.000000
v 2.984979 -3.519945 -0.000000
v 2.970559 -3.520790 -0.000000
v 2.955466 -3.519846 -0.000000
v 2.941249 -3.517067 -0.000000
v 2.927990 -3.512539 -0.000000
v 2.915773 -3.506344 -0.000000
v 2.904681 -3.498565 -0.000000
v 2.894797 -3.489285 -0.000000
v 2.886205 -3.478589 -0.000000
v 2.878989 -3.466559 -0.000000
v 2.873231 -3.453279 -0.000000
v 2.869015 -3.438833 -0.000000
v 2.866425 -3.423303 -0.000000
v 2.865542 -3.406772 -0.000000
v 2.866350 -3.391394 -0.000000
v 2.868756 -3.376388 -0.000000
v 2.872731 -3.361937 -0.000000
v 2.878248 -3.348226 -0.000000
v 2.885279 -3.335438 -0.000000
v 2.893797 -3.323759 -0.000000
v 2.903773 -3.313371 -0.000000
v 2.915180 -3.304459 -0.000000
v 2.927990 -3.297208 -0.000000
v 2.942175 -3.291800 -0.000000
v 2.957707 -3.288420 -0.000000
v 2.974560 -3.287253 -0.000000
v 2.983789 -3.287431 -0.000000
v 2.992512 -3.287966 -0.000000
v 3.000783 -3.288863 -0.000000
v 3.008658 -3.290124 -0.000000
v 3.016192 -3.291753 -0.000000
v 3.023443 -3.293754 -0.000000
v 3.030463 -3.296130 -0.000000
v 3.037311 -3.298884 -0.000000
v 3.044040 -3.302021 -0.000000
v 3.050706 -3.305543 -0.000000
v 3.057366 -3.309454 -0.000000
v 3.064074 -3.313757 -0.000000
v 2.911050 -3.426775 -0.000000
v 2.912851 -3.435326 -0.000000
v 2.915254 -3.443215 -0.000000
v 2.918254 -3.450428 -0.000000
v 2.921848 -3.456947 -0.000000
v 2.926032 -3.462758 -0.000000
v 2.930803 -3.467844 -0.000000
v 2.936158 -3.472191 -0.000000
v 2.942092 -3.475783 -0.000000
v 2.948603 -3.478604 -0.000000
v 2.955687 -3.480638 -0.000000
v 2.963340 -3.481870 -0.000000
v 2.971560 -3.482284 -0.000000
v 2.979182 -3.481842 -0.000000
v 2.986284 -3.480534 -0.000000
v 2.992844 -3.478393 -0.000000
v 2.998842 -3.475450 -0.000000
v 3.004256 -3.471735 -0.000000
v 3.009065 -3.467282 -0.000000
v 3.013250 -3.462120 -0.000000
v 3.016789 -3.456280 -0.000000
v 3.019661 -3.449795 -0.000000
v 3.021845 -3.442695 -0.000000
v 3.023321 -3.435011 -0.000000
v 3.024068 -3.426775 -0.000000
v 3.295111 -3.516290 -0.000000
v 3.202596 -3.516290 -0.000000
v 3.187956 -3.515681 -0.000000
v 3.174325 -3.513882 -0.000000
v 3.161754 -3.510929 -0.000000
v 3.150292 -3.506862 -0.000000
v 3.139989 -3.501719 -0.000000
v 3.130898 -3.495536 -0.000000
v 3.123066 -3.488354 -0.000000
v 3.116546 -3.480210 -0.000000
v 3.111386 -3.471142 -0.000000
v 3.107639 -3.461188 -0.000000
v 3.105354 -3.450387 -0.000000
v 3.104581 -3.438777 -0.000000
v 3.104664 -3.434704 -0.000000
v 3.104914 -3.430734 -0.000000
v 3.105331 -3.426869 -0.000000
v 3.105914 -3.423108 -0.000000
v 3.106664 -3.419451 -0.000000
v 3.107581 -3.415899 -0.000000
v 3.108665 -3.412450 -0.000000
v 3.109915 -3.409106 -0.000000
v 3.111331 -3.405866 -0.000000
v 3.112916 -3.402730 -0.000000
v 3.114666 -3.399698 -0.000000
v 3.116582 -3.396770 -0.000000
v 3.118791 -3.393822 -0.000000
v 3.121167 -3.390978 -0.000000
v 3.123709 -3.388238 -0.000000
v 3.126418 -3.385602 -0.000000
v 3.129293 -3.383070 -0.000000
v 3.132335 -3.380643 -0.000000
v 3.135544 -3.378320 -0.000000
v 3.138919 -3.376101 -0.000000
v 3.142462 -3.373986 -0.000000
v 3.146171 -3.371975 -0.000000
v 3.150046 -3.370068 -0.000000
v 3.154088 -3.368266 -0.000000
v 3.154088 -3.367266 -0.000000
v 3.148873 -3.365862 -0.000000
v 3.143992 -3.364166 -0.000000
v 3.139469 -3.362195 -0.000000
v 3.135326 -3.359968 -0.000000
v 3.131587 -3.357506 -0.000000
v 3.128272 -3.354826 -0.000000
v 3.125405 -3.351949 -0.000000
v 3.123010 -3.348892 -0.000000
v 3.121107 -3.345676 -0.000000
v 3.119720 -3.342319 -0.000000
v 3.118871 -3.338841 -0.000000
v 3.118583 -3.335261 -0.000000
v 3.118730 -3.332780 -0.000000
v 3.119174 -3.330336 -0.000000
v 3.119919 -3.327924 -0.000000
v 3.120972 -3.325537 -0.000000
v 3.122338 -3.323171 -0.000000
v 3.124021 -3.320821 -0.000000
v 3.126028 -3.318481 -0.000000
v 3.128362 -3.316146 -0.000000
v 3.131030 -3.313812 -0.000000
v 3.134037 -3.311472 -0.000000
v 3.137387 -3.309122 -0.000000
v 3.141087 -3.306756 -0.000000
v 3.131781 -3.304170 -0.000000
v 3.123357 -3.301156 -0.000000
v 3.115801 -3.297700 -0.000000
v 3.109100 -3.293791 -0.000000
v 3.103239 -3.289417 -0.000000
v 3.098205 -3.284565 -0.000000
v 3.093983 -3.279223 -0.000000
v 3.090560 -3.273380 -0.000000
v 3.087922 -3.267023 -0.000000
v 3.086055 -3.260140 -0.000000
v 3.084944 -3.252718 -0.000000
v 3.084578 -3.244746 -0.000000
v 3.085459 -3.235109 -0.000000
v 3.088043 -3.225991 -0.000000
v 3.092243 -3.217453 -0.000000
v 3.097969 -3.209555 -0.000000
v 3.105132 -3.202359 -0.000000
v 3.113645 -3.195926 -0.000000
v 3.123418 -3.190315 -0.000000
v 3.134363 -3.185588 -0.000000
v 3.146392 -3.181806 -0.000000
v 3.159416 -3.179029 -0.000000
v 3.173346 -3.177319 -0.000000
v 3.188094 -3.176735 -0.000000
v 3.204152 -3.177292 -0.000000
v 3.219041 -3.178942 -0.000000
v 3.232718 -3.181650 -0.000000
v 3.245140 -3.185385 -0.000000
v 3.256263 -3.190113 -0.000000
v 3.266044 -3.195801 -0.000000
v 3.274439 -3.202416 -0.000000
v 3.281405 -3.209926 -0.000000
v 3.286899 -3.218297 -0.000000
v 3.290876 -3.227496 -0.000000
v 3.293295 -3.237490 -0.000000
v 3.294111 -3.248247 -0.000000
v 3.293749 -3.255283 -0.000000
v 3.292629 -3.262115 -0.000000
v 3.290704 -3.268703 -0.000000
v 3.287925 -3.275010 -0.000000
v 3.284243 -3.280998 -0.000000
v 3.279609 -3.286628 -0.000000
v 3.273975 -3.291862 -0.000000
v 3.267292 -3.296662 -0.000000
v 3.259511 -3.300990 -0.000000
v 3.250586 -3.304807 -0.000000
v 3.240465 -3.308075 -0.000000
v 3.229101 -3.310757 -0.000000
v 3.218298 -3.312980 -0.000000
v 3.208398 -3.315163 -0.000000
v 3.199409 -3.317328 -0.000000
v 3.191335 -3.319499 -0.000000
v 3.184186 -3.321697 -0.000000
v 3.177968 -3.323946 -0.000000
v 3.172687 -3.326268 -0.000000
v 3.168350 -3.328686 -0.000000
v 3.164965 -3.331221 -0.000000
v 3.162539 -3.333897 -0.000000
v 3.161078 -3.336736 -0.000000
v 3.160590 -3.339761 -0.000000
v 3.161808 -3.345554 -0.000000
v 3.165248 -3.349890 -0.000000
v 3.170591 -3.353084 -0.000000
v 3.177518 -3.355449 -0.000000
v 3.185709 -3.357300 -0.000000
v 3.194845 -3.358952 -0.000000
v 3.204606 -3.360718 -0.000000
v 3.214673 -3.362913 -0.000000
v 3.224725 -3.365851 -0.000000
v 3.234444 -3.369847 -0.000000
v 3.243510 -3.375215 -0.000000
v 3.251604 -3.382268 -0.000000
v 3.254223 -3.385115 -0.000000
v 3.256806 -3.388371 -0.000000
v 3.259316 -3.391989 -0.000000
v 3.261717 -3.395918 -0.000000
v 3.263972 -3.400113 -0.000000
v 3.266044 -3.404522 -0.000000
v 3.267898 -3.409098 -0.000000
v 3.269496 -3.413792 -0.000000
v 3.270802 -3.418555 -0.000000
v 3.271781 -3.423340 -0.000000
v 3.272395 -3.428096 -0.000000
v 3.272607 -3.432776 -0.000000
v 3.272480 -3.437398 -0.000000
v 3.272082 -3.441789 -0.000000
v 3.271397 -3.445989 -0.000000
v 3.270403 -3.450038 -0.000000
v 3.269084 -3.453976 -0.000000
v 3.267419 -3.457843 -0.000000
v 3.265389 -3.461678 -0.000000
v 3.262977 -3.465522 -0.000000
v 3.260160 -3.469415 -0.000000
v 3.256922 -3.473396 -0.000000
v 3.253243 -3.477506 -0.000000
v 3.249104 -3.481784 -0.000000
v 3.295111 -3.481784 -0.000000
v 3.232601 -3.438277 -0.000000
v 3.232233 -3.432303 -0.000000
v 3.231152 -3.426657 -0.000000
v 3.229397 -3.421376 -0.000000
v 3.227008 -3.416496 -0.000000
v 3.224020 -3.412053 -0.000000
v 3.220474 -3.408085 -0.000000
v 3.216407 -3.404627 -0.000000
v 3.211857 -3.401716 -0.000000
v 3.206862 -3.399388 -0.000000
v 3.201462 -3.397680 -0.000000
v 3.195693 -3.396629 -0.000000
v 3.189594 -3.396270 -0.000000
v 3.183036 -3.396609 -0.000000
v 3.176884 -3.397606 -0.000000
v 3.171169 -3.399232 -0.000000
v 3.165924 -3.401456 -0.000000
v 3.161179 -3.404251 -0.000000
v 3.156964 -3.407585 -0.000000
v 3.153313 -3.411429 -0.000000
v 3.150255 -3.415755 -0.000000
v 3.147822 -3.420532 -0.000000
v 3.146046 -3.425731 -0.000000
v 3.144957 -3.431323 -0.000000
v 3.144587 -3.437277 -0.000000
v 3.144995 -3.442696 -0.000000
v 3.146182 -3.447917 -0.000000
v 3.148096 -3.452889 -0.000000
v 3.150681 -3.457558 -0.000000
v 3.153884 -3.461873 -0.000000
v 3.157651 -3.465782 -0.000000
v 3.161930 -3.469232 -0.000000
v 3.166665 -3.472171 -0.000000
v 3.171802 -3.474549 -0.000000
v 3.177289 -3.476311 -0.000000
v 3.183071 -3.477407 -0.000000
v 3.189095 -3.477783 -0.000000
v 3.194888 -3.477417 -0.000000
v 3.200478 -3.476350 -0.000000
v 3.205808 -3.474635 -0.000000
v 3.210820 -3.472320 -0.000000
v 3.215457 -3.469456 -0.000000
v 3.219662 -3.466094 -0.000000
v 3.223377 -3.462284 -0.000000
v 3.226545 -3.458076 -0.000000
v 3.229108 -3.453522 -0.000000
v 3.231010 -3.448670 -0.000000
v 3.232194 -3.443572 -0.000000
v 3.251104 -3.244746 -0.000000
v 3.250629 -3.239799 -0.000000
v 3.249219 -3.235219 -0.000000
v 3.246900 -3.231017 -0.000000
v 3.243695 -3.227206 -0.000000
v 3.239630 -3.223798 -0.000000
v 3.234726 -3.220805 -0.000000
v 3.229011 -3.218239 -0.000000
v 3.222507 -3.216112 -0.000000
v 3.215239 -3.214437 -0.000000
v 3.207232 -3.213225 -0.000000
v 3.198509 -3.212489 -0.000000
v 3.189095 -3.212241 -0.000000
v 3.179355 -3.212490 -0.000000
v 3.170399 -3.213234 -0.000000
v 3.162238 -3.214468 -0.000000
v 3.154885 -3.216186 -0.000000
v 3.148352 -3.218383 -0.000000
v 3.142649 -3.221055 -0.000000
v 3.137791 -3.224195 -0.000000
v 3.133789 -3.227799 -0.000000
v 3.130655 -3.231861 -0.000000
v 3.128402 -3.236377 -0.000000
v 3.127041 -3.241340 -0.000000
v 3.126585 -3.246747 -0.000000
v 3.127015 -3.251618 -0.000000
v 3.128279 -3.256211 -0.000000
v 3.130335 -3.260499 -0.000000
v 3.133141 -3.264453 -0.000000
v 3.136655 -3.268046 -0.000000
v 3.140837 -3.271250 -0.000000
v 3.145643 -3.274038 -0.000000
v 3.151032 -3.276381 -0.000000
v 3.156964 -3.278252 -0.000000
v 3.163396 -3.279622 -0.000000
v 3.170286 -3.280465 -0.000000
v 3.177592 -3.280752 -0.000000
v 3.184816 -3.280588 -0.000000
v 3.192588 -3.280064 -0.000000
v 3.200682 -3.279135 -0.000000
v 3.208875 -3.277751 -0.000000
v 3.216943 -3.275868 -0.000000
v 3.224662 -3.273438 -0.000000
v 3.231809 -3.270414 -0.000000
v 3.238158 -3.266750 -0.000000
v 3.243486 -3.262397 -0.000000
v 3.247569 -3.257311 -0.000000
v 3.250183 -3.251442 -0.000000
v 3.524148 -3.632808 -0.000000
v 3.475140 -3.632808 -0.000000
v 3.475140 -3.291754 -0.000000
v 3.524148 -3.291754 -0.000000
v 3.704677 -3.471282 -0.000000
v 3.853200 -3.632808 -0.000000
v 3.792191 -3.632808 -0.000000
v 3.648668 -3.476783 -0.000000
v 3.648668 -3.632808 -0.000000
v 3.599660 -3.632808 -0.000000
v 3.599660 -3.291754 -0.000000
v 3.648668 -3.291754 -0.000000
v 3.648668 -3.460281 -0.000000
v 3.822196 -3.291754 -0.000000
v 3.889706 -3.291754 -0.000000
l 1186 1187
l 1188 1186
l 1189 1188
l 1187 1189
l 1190 1191
l 1192 1190
l 1193 1192
l 1191 1193
l 1194 1196
l 1195 1194
l 1197 1195
l 1196 1197
l 1199 1198
l 1198 1200
l 1200 1201
l 1201 1199
l 1202 1204
l 1203 1202
l 1205 1203
l 1204 1205
l 1206 1207
l 1207 1208
l 1208 1209
l 1209 1210
l 1210 1211
l 1211 1212
l 1212 1213
l 1213 1206
l 1214 1215
l 1215 1216
l 1216 1214
l 1217 1218
l 1218 1219
l 1219 1220
l 1220 1221
l 1221 1222
l 1222 1223
l 1223 1224
l 1224 1225
l 1225 1226
l 1226 1227
l 1227 1228
l 1228 1229
l 1229 1230
l 1230 1231
l 1231 1232
l 1232 1233
l 1233 1234
l 1234 1235
l 1235 1236
l 1236 1237
l 1237 1238
l 1238 1239
l 1239 1240
l 1240 1241
l 1241 1242
l 1242 1243
l 1243 1244
l 1244 1245
l 1245 1246
l 1246 1247
l 1247 1248
l 1248 1249
l 1249 1250
l 1250 1251
l 1251 1252
l 1252 1253
l 1253 1254
l 1254 1255
l 1255 1256
l 1256 1257
l 1257 1258
l 1258 1259
l 1259 1260
l 1260 1261
l 1261 1262
l 1262 1263
l 1263 1264
l 1264 1265
l 1265 1266
l 1266 1267
l 1267 1268
l 1268 1269
l 1269 1270
l 1270 1271
l 1271 1217
l 1272 1273
l 1273 1274
l 1274 1275
l 1275 1276
l 1276 1277
l 1277 1278
l 1278 1279
l 1279 1280
l 1280 1281
l 1281 1282
l 1282 1283
l 1283 1284
l 1284 1285
l 1285 1286
l 1286 1287
l 1287 1288
l 1288 1289
l 1289 1290
l 1290 1291
l 1291 1292
l 1292 1293
l 1293 1294
l 1294 1295
l 1295 1296
l 1296 1297
l 1297 1298
l 1298 1299
l 1299 1300
l 1300 1301
l 1301 1302
l 1302 1303
l 1303 1304
l 1304 1305
l 1305 1306
l 1306 1307
l 1307 1308
l 1308 1309
l 1309 1310
l 1310 1311
l 1311 1312
l 1312 1313
l 1313 1314
l 1314 1315
l 1315 1316
l 1316 1317
l 1317 1318
l 1318 1319
l 1319 1320
l 1320 1321
l 1321 1322
l 1322 1323
l 1323 1324
l 1324 1325
l 1325 1326
l 1326 1327
l 1327 1328
l 1328 1329
l 1329 1330
l 1330 1331
l 1331 1332
l 1332 1333
l 1333 1334
l 1334 1335
l 1335 1336
l 1336 1337
l 1337 1338
l 1338 1339
l 1339 1340
l 1340 1341
l 1341 1342
l 1342 1343
l 1343 1344
l 1344 1345
l 1345 1346
l 1346 1347
l 1347 1348
l 1348 1349
l 1349 1350
l 1350 1351
l 1351 1352
l 1352 1353
l 1353 1354
l 1354 1355
l 1355 1356
l 1356 1357
l 1357 1358
l 1358 1359
l 1359 1360
l 1360 1361
l 1361 1362
l 1362 1363
l 1363 1364
l 1364 1365
l 1365 1366
l 1366 1367
l 1367 1368
l 1368 1369
l 1369 1370
l 1370 1371
l 1371 1372
l 1372 1373
l 1373 1374
l 1374 1375
l 1375 1376
l 1376 1377
l 1377 1378
l 1378 1272
l 1379 1380
l 1380 1381
l 1381 1382
l 1382 1379
l 1383 1384
l 1384 1385
l 1385 1386
l 1386 1387
l 1387 1388
l 1388 1389
l 1389 1390
l 1390 1391
l 1391 1392
l 1392 1393
l 1393 1383
l 1394 1395
l 1395 1396
l 1396 1397
l 1397 1398
l 1398 1399
l 1399 1394
l 1400 1401
l 1401 1402
l 1402 1403
l 1403 1404
l 1404 1405
l 1405 1406
l 1406 1407
l 1407 1408
l 1408 1409
l 1409 1410
l 1410 1411
l 1411 1412
l 1412 1413
l 1413 1414
l 1414 1415
l 1415 1416
l 1416 1417
l 1417 1418
l 1418 1419
l 1419 1420
l 1420 1421
l 1421 1422
l 1422 1423
l 1423 1424
l 1424 1425
l 1425 1426
l 1426 1427
l 1427 1428
l 1428 1429
l 1429 1430
l 1430 1431
l 1431 1432
l 1432 1433
l 1433 1434
l 1434 1435
l 1435 1436
l 1436 1437
l 1437 1438
l 1438 1439
l 1439 1440
l 1440 1441
l 1441 1442
l 1442 1443
l 1443 1444
l 1444 1445
l 1445 1446
l 1446 1447
l 1447 1448
l 1448 1449
l 1449 1450
l 1450 1451
l 1451 1452
l 1452 1453
l 1453 1454
l 1454 1455
l 1455 1456
l 1456 1457
l 1457 1458
l 1458 1459
l 1459 1460
l 1460 1461
l 1461 1462
l 1462 1463
l 1463 1464
l 1464 1465
l 1465 1466
l 1466 1467
l 1467 1468
l 1468 1469
l 1469 1470
l 1470 1471
l 1471 1472
l 1472 1473
l 1473 1400
l 1474 1475
l 1475 1476
l 1476 1477
l 1477 1478
l 1478 1479
l 1479 1480
l 1480 1481
l 1481 1482
l 1482 1483
l 1483 1484
l 1484 1485
l 1485 1486
l 1486 1487
l 1487 1488
l 1488 1489
l 1489 1490
l 1490 1491
l 1491 1492
l 1492 1493
l 1493 1494
l 1494 1495
l 1495 1496
l 1496 1497
l 1497 1498
l 1498 1474
l 1499 1500
l 1500 1501
l 1501 1502
l 1502 1503
l 1503 1504
l 1504 1505
l 1505 1506
l 1506 1507
l 1507 1508
l 1508 1509
l 1509 1510
l 1510 1511
l 1511 1512
l 1512 1513
l 1513 1514
l 1514 1515
l 1515 1516
l 1516 1517
l 1517 1518
l 1518 1519
l 1519 1520
l 1520 1521
l 1521 1522
l 1522 1523
l 1523 1524
l 1524 1525
l 1525 1526
l 1526 1527
l 1527 1528
l 1528 1529
l 1529 1530
l 1530 1531
l 1531 1532
l 1532 1533
l 1533 1534
l 1534 1535
l 1535 1536
l 1536 1537
l 1537 1538
l 1538 1539
l 1539 1540
l 1540 1541
l 1541 1542
l 1542 1543
l 1543 1544
l 1544 1545
l 1545 1546
l 1546 1547
l 1547 1548
l 1548 1549
l 1549 1550
l 1550 1551
l 1551 1552
l 1552 1553
l 1553 1554
l 1554 1555
l 1555 1556
l 1556 1557
l 1557 1558
l 1558 1559
l 1559 1560
l 1560 1561
l 1561 1562
l 1562 1563
l 1563 1564
l 1564 1565
l 1565 1566
l 1566 1567
l 1567 1568
l 1568 1569
l 1569 1570
l 1570 1571
l 1571 1572
l 1572 1573
l 1573 1574
l 1574 1575
l 1575 1576
l 1576 1577
l 1577 1578
l 1578 1579
l 1579 1580
l 1580 1581
l 1581 1582
l 1582 1583
l 1583 1584
l 1584 1585
l 1585 1586
l 1586 1587
l 1587 1588
l 1588 1589
l 1589 1590
l 1590 1591
l 1591 1592
l 1592 1593
l 1593 1594
l 1594 1595
l 1595 1596
l 1596 1597
l 1597 1598
l 1598 1599
l 1599 1600
l 1600 1601
l 1601 1602
l 1602 1603
l 1603 1604
l 1604 1605
l 1605 1606
l 1606 1607
l 1607 1608
l 1608 1609
l 1609 1610
l 1610 1611
l 1611 1612
l 1612 1613
l 1613 1614
l 1614 1615
l 1615 1616
l 1616 1617
l 1617 1618
l 1618 1619
l 1619 1620
l 1620 1621
l 1621 1622
l 1622 1623
l 1623 1624
l 1624 1625
l 1625 1626
l 1626 1627
l 1627 1628
l 1628 1629
l 1629 1630
l 1630 1631
l 1631 1632
l 1632 1633
l 1633 1634
l 1634 1635
l 1635 1636
l 1636 1637
l 1637 1638
l 1638 1639
l 1639 1640
l 1640 1641
l 1641 1642
l 1642 1643
l 1643 1644
l 1644 1645
l 1645 1646
l 1646 1647
l 1647 1648
l 1648 1649
l 1649 1650
l 1650 1651
l 1651 1652
l 1652 1653
l 1653 1654
l 1654 1655
l 1655 1656
l 1656 1657
l 1657 1658
l 1658 1499
l 1659 1660
l 1660 1661
l 1661 1662
l 1662 1663
l 1663 1664
l 1664 1665
l 1665 1666
l 1666 1667
l 1667 1668
l 1668 1669
l 1669 1670
l 1670 1671
l 1671 1672
l 1672 1673
l 1673 1674
l 1674 1675
l 1675 1676
l 1676 1677
l 1677 1678
l 1678 1679
l 1679 1680
l 1680 1681
l 1681 1682
l 1682 1683
l 1683 1684
l 1684 1685
l 1685 1686
l 1686 1687
l 1687 1688
l 1688 1689
l 1689 1690
l 1690 1691
l 1691 1692
l 1692 1693
l 1693 1694
l 1694 1695
l 1695 1696
l 1696 1697
l 1697 1698
l 1698 1699
l 1699 1700
l 1700 1701
l 1701 1702
l 1702 1703
l 1703 1704
l 1704 1705
l 1705 1706
l 1706 1659
l 1707 1708
l 1708 1709
l 1709 1710
l 1710 1711
l 1711 1712
l 1712 1713
l 1713 1714
l 1714 1715
l 1715 1716
l 1716 1717
l 1717 1718
l 1718 1719
l 1719 1720
l 1720 1721
l 1721 1722
l 1722 1723
l 1723 1724
l 1724 1725
l 1725 1726
l 1726 1727
l 1727 1728
l 1728 1729
l 1729 1730
l 1730 1731
l 1731 1732
l 1732 1733
l 1733 1734
l 1734 1735
l 1735 1736
l 1736 1737
l 1737 1738
l 1738 1739
l 1739 1740
l 1740 1741
l 1741 1742
l 1742 1743
l 1743 1744
l 1744 1745
l 1745 1746
l 1746 1747
l 1747 1748
l 1748 1749
l 1749 1750
l 1750 1751
l 1751 1752
l 1752 1753
l 1753 1754
l 1754 1707
l 1755 1756
l 1756 1757
l 1757 1758
l 1758 1755
l 1759 1760
l 1760 1761
l 1761 1762
l 1762 1763
l 1763 1764
l 1764 1765
l 1765 1766
l 1766 1767
l 1767 1768
l 1768 1769
l 1769 1759
o Hitbox_1_Icosphere.002
v -0.237194 1.503675 -4.996597
v -0.237194 1.503675 -4.996597
v -0.237194 1.503675 -4.996597
v -0.237194 1.503675 -4.996597
v -0.237194 1.503675 -4.996597
v -0.237194 1.503675 -4.996597
v -0.237194 1.503675 -4.996597
v -0.237194 1.503675 -4.996597
v -0.237194 1.503675 -4.996597
v -0.237194 1.503675 -4.996597
v -0.237194 1.503675 -4.996597
v -0.237194 1.503675 -4.996597
v -0.237194 1.503675 -4.996597
v -0.237194 1.503675 -4.996597
v -0.237194 1.503675 -4.996597
v -0.237194 1.503675 -4.996597
v -0.237194 1.503675 -4.996597
v -0.237194 1.503675 -4.996597
v -0.237194 1.503675 -4.996597
v -0.237194 1.503675 -4.996597
v -0.237194 1.503675 -4.996597
v -0.237194 1.503675 -4.996597
v -0.237194 1.503675 -4.996597
v -0.237194 1.503675 -4.996597
v -0.237194 1.503675 -4.996597
v -0.237194 1.503675 -4.996597
v -0.237194 1.503675 -4.996597
v -0.237194 1.503675 -4.996597
v -0.237194 1.503675 -4.996597
v -0.237194 1.503675 -4.996597
v -0.237194 1.503675 -4.996597
v -0.237194 1.503675 -4.996597
v -0.237194 1.503675 -4.996597
v -0.237194 1.503675 -4.996597
v -0.237194 1.503675 -4.996597
v -0.237194 1.503675 -4.996597
v -0.237194 1.503675 -4.996597
v -0.237194 1.503675 -4.996597
v -0.237194 1.503675 -4.996597
v -0.237194 1.503675 -4.996597
v -0.237194 1.503675 -4.996597
v -0.237194 1.503675 -4.996597
l 1782 1770
l 1783 1771
l 1784 1772
l 1785 1771
l 1786 1775
l 1787 1770
l 1788 1773
l 1789 1770
l 1790 1774
l 1791 1775
l 1792 1771
l 1793 1780
l 1794 1772
l 1795 1776
l 1796 1773
l 1797 1777
l 1798 1774
l 1799 1778
l 1800 1775
l 1801 1779
l 1802 1776
l 1803 1777
l 1804 1778
l 1805 1779
l 1806 1780
l 1807 1776
l 1808 1781
l 1809 1777
l 1810 1778
l 1811 1779
l 1772 1782
l 1770 1783
l 1771 1784
l 1775 1785
l 1770 1786
l 1773 1787
l 1772 1788
l 1774 1789
l 1773 1790
l 1774 1791
l 1780 1792
l 1775 1793
l 1776 1794
l 1771 1795
l 1777 1796
l 1772 1797
l 1778 1798
l 1773 1799
l 1779 1800
l 1774 1801
l 1780 1802
l 1776 1803
l 1777 1804
l 1778 1805
l 1779 1806
l 1781 1807
l 1780 1808
l 1781 1809
l 1781 1810
l 1781 1811
l 1808 1811
l 1808 1806
l 1811 1806
l 1811 1810
l 1811 1805
l 1810 1805
l 1810 1809
l 1810 1804
l 1809 1804
l 1809 1807
l 1809 1803
l 1807 1803
l 1807 1808
l 1807 1802
l 1808 1802
l 1793 1806
l 1793 1800
l 1806 1800
l 1801 1805
l 1801 1798
l 1805 1798
l 1799 1804
l 1799 1796
l 1804 1796
l 1797 1803
l 1797 1794
l 1803 1794
l 1795 1802
l 1795 1792
l 1802 1792
l 1800 1801
l 1800 1791
l 1801 1791
l 1798 1799
l 1798 1790
l 1799 1790
l 1796 1797
l 1796 1788
l 1797 1788
l 1794 1795
l 1794 1784
l 1795 1784
l 1792 1793
l 1792 1785
l 1793 1785
l 1786 1791
l 1786 1789
l 1791 1789
l 1789 1790
l 1789 1787
l 1790 1787
l 1787 1788
l 1787 1782
l 1788 1782
l 1785 1786
l 1785 1783
l 1786 1783
l 1782 1784
l 1782 1783
l 1784 1783
o Hitbox_Direction_1_Icosphere.003
v -0.237194 1.503675 -4.996597
v -0.237194 1.503675 -4.996597
v -0.237194 1.503675 -4.996597
v -0.237194 1.503675 -4.996597
v -0.237194 1.503675 -4.996597
v -0.237194 1.503675 -4.996597
v -0.237194 1.503675 -4.996597
v -0.237194 1.503675 -4.996597
v -0.237194 1.503675 -4.996597
v -0.237194 1.503675 -4.996597
v -0.237194 1.503675 -4.996597
v -0.237194 1.503675 -4.996597
v -0.237194 1.503675 -4.996597
v -0.237194 1.503675 -4.996597
v -0.237194 1.503675 -4.996597
v -0.237194 1.503675 -4.996597
v -0.237194 1.503675 -4.996597
v -0.237194 1.503675 -4.996597
v -0.237194 1.503675 -4.996597
v -0.237194 1.503675 -4.996597
v -0.237194 1.503675 -4.996597
v -0.237194 1.503675 -4.996597
v -0.237194 1.503675 -4.996597
v -0.237194 1.503675 -4.996597
v -0.237194 1.503675 -4.996597
v -0.237194 1.503675 -4.996597
v -0.237194 1.503675 -4.996597
v -0.237194 1.503675 -4.996597
v -0.237194 1.503675 -4.996597
v -0.237194 1.503675 -4.996597
v -0.237194 1.503675 -4.996597
v -0.237194 1.503675 -4.996597
v -0.237194 1.503675 -4.996597
v -0.237194 1.503675 -4.996597
v -0.237194 1.503675 -4.996597
v -0.237194 1.503675 -4.996597
v -0.237194 1.503675 -4.996597
v -0.237194 1.503675 -4.996597
v -0.237194 1.503675 -4.996597
v -0.237194 1.503675 -4.996597
v -0.237194 1.503675 -4.996597
v -0.237194 1.503675 -4.996597
l 1824 1812
l 1825 1813
l 1826 1814
l 1827 1813
l 1828 1817
l 1829 1812
l 1830 1815
l 1831 1812
l 1832 1816
l 1833 1817
l 1834 1813
l 1835 1822
l 1836 1814
l 1837 1818
l 1838 1815
l 1839 1819
l 1840 1816
l 1841 1820
l 1842 1817
l 1843 1821
l 1844 1818
l 1845 1819
l 1846 1820
l 1847 1821
l 1848 1822
l 1849 1818
l 1850 1823
l 1851 1819
l 1852 1820
l 1853 1821
l 1814 1824
l 1812 1825
l 1813 1826
l 1817 1827
l 1812 1828
l 1815 1829
l 1814 1830
l 1816 1831
l 1815 1832
l 1816 1833
l 1822 1834
l 1817 1835
l 1818 1836
l 1813 1837
l 1819 1838
l 1814 1839
l 1820 1840
l 1815 1841
l 1821 1842
l 1816 1843
l 1822 1844
l 1818 1845
l 1819 1846
l 1820 1847
l 1821 1848
l 1823 1849
l 1822 1850
l 1823 1851
l 1823 1852
l 1823 1853
l 1850 1853
l 1850 1848
l 1853 1848
l 1853 1852
l 1853 1847
l 1852 1847
l 1852 1851
l 1852 1846
l 1851 1846
l 1851 1849
l 1851 1845
l 1849 1845
l 1849 1850
l 1849 1844
l 1850 1844
l 1835 1848
l 1835 1842
l 1848 1842
l 1843 1847
l 1843 1840
l 1847 1840
l 1841 1846
l 1841 1838
l 1846 1838
l 1839 1845
l 1839 1836
l 1845 1836
l 1837 1844
l 1837 1834
l 1844 1834
l 1842 1843
l 1842 1833
l 1843 1833
l 1840 1841
l 1840 1832
l 1841 1832
l 1838 1839
l 1838 1830
l 1839 1830
l 1836 1837
l 1836 1826
l 1837 1826
l 1834 1835
l 1834 1827
l 1835 1827
l 1828 1833
l 1828 1831
l 1833 1831
l 1831 1832
l 1831 1829
l 1832 1829
l 1829 1830
l 1829 1824
l 1830 1824
l 1827 1828
l 1827 1825
l 1828 1825
l 1824 1826
l 1824 1825
l 1826 1825
o Circle.001
v -0.000000 -0.366598 0.138180
v -0.071520 -0.359554 0.138180
v -0.140291 -0.338693 0.138180
v -0.203671 -0.304815 0.138180
v -0.259224 -0.259224 0.138180
v -0.304816 -0.203671 0.138180
v -0.338693 -0.140291 0.138180
v -0.359554 -0.071520 0.138180
v -0.366599 0.000000 0.138180
v -0.359555 0.071520 0.138180
v -0.338693 0.140291 0.138180
v -0.304816 0.203671 0.138180
v -0.259224 0.259224 0.138180
v -0.203671 0.304816 0.138180
v -0.140291 0.338693 0.138180
v -0.071520 0.359555 0.138180
v 0.000000 0.366599 0.138180
v 0.071520 0.359555 0.138180
v 0.140291 0.338693 0.138180
v 0.203671 0.304816 0.138180
v 0.259224 0.259224 0.138180
v 0.304816 0.203671 0.138180
v 0.338693 0.140291 0.138180
v 0.359554 0.071520 0.138180
v 0.366598 -0.000000 0.138180
v 0.359554 -0.071520 0.138180
v 0.338693 -0.140291 0.138180
v 0.304815 -0.203672 0.138180
v 0.259224 -0.259225 0.138180
v 0.203671 -0.304816 0.138180
v 0.140291 -0.338693 0.138180
v 0.071519 -0.359554 0.138180
l 1855 1854
l 1856 1855
l 1857 1856
l 1858 1857
l 1859 1858
l 1860 1859
l 1861 1860
l 1862 1861
l 1863 1862
l 1864 1863
l 1865 1864
l 1866 1865
l 1867 1866
l 1868 1867
l 1869 1868
l 1870 1869
l 1871 1870
l 1872 1871
l 1873 1872
l 1874 1873
l 1875 1874
l 1876 1875
l 1877 1876
l 1878 1877
l 1879 1878
l 1880 1879
l 1881 1880
l 1882 1881
l 1883 1882
l 1884 1883
l 1885 1884
l 1854 1885
o Cube.001_Cube.006
v 0.313071 -0.539570 0.973374
v -0.272767 -0.539570 0.973374
v 0.313071 -0.539570 0.712451
v -0.272767 -0.539570 0.712451
v 0.313071 0.539570 0.973374
v -0.272767 0.539570 0.973374
v 0.313071 0.539570 0.712451
v -0.272767 0.539570 0.712451
l 1888 1886
l 1886 1887
l 1889 1888
l 1889 1893
l 1893 1892
l 1890 1892
l 1891 1890
l 1891 1887
o Plane.001_Plane.002
v -0.561603 0.447706 0.130313
v 0.561603 0.447706 0.130313
v -0.561603 -0.447706 0.130313
v 0.561603 -0.447706 0.130313
l 1896 1894
l 1894 1895
l 1895 1897
l 1897 1896
o Plane_Plane.001
v -0.200394 0.200394 0.291510
v 0.200394 0.200394 0.291510
v -0.200394 -0.200394 0.291510
v 0.200394 -0.200394 0.291510
v -0.200394 0.200394 0.509250
v 0.200394 0.200394 0.509250
v -0.200394 -0.200394 0.509250
v 0.200394 -0.200394 0.509250
l 1900 1898
l 1898 1899
l 1899 1901
l 1901 1900
l 1904 1902
l 1902 1903
l 1903 1905
l 1905 1904
o Circle
v -0.000000 -0.939668 0.000000
v -0.183320 -0.921613 0.000000
v -0.359596 -0.868140 0.000000
v -0.522052 -0.781306 0.000001
v -0.664446 -0.664446 0.000001
v -0.781306 -0.522052 0.000001
v -0.868141 -0.359595 0.000001
v -0.921613 -0.183320 0.000001
v -0.939669 0.000000 0.000001
v -0.921613 0.183320 0.000001
v -0.868141 0.359596 0.000001
v -0.781306 0.522052 0.000001
v -0.664446 0.664446 0.000001
v -0.522052 0.781306 0.000001
v -0.359596 0.868141 0.000001
v -0.183320 0.921614 0.000001
v 0.000000 0.939669 0.000001
v 0.183321 0.921614 0.000001
v 0.359596 0.868141 0.000001
v 0.522052 0.781306 0.000001
v 0.664446 0.664446 0.000001
v 0.781306 0.522052 0.000001
v 0.868141 0.359595 0.000001
v 0.921613 0.183320 0.000001
v 0.939669 -0.000001 0.000001
v 0.921613 -0.183321 0.000001
v 0.868140 -0.359596 0.000001
v 0.781305 -0.522053 0.000001
v 0.664445 -0.664447 0.000001
v 0.522051 -0.781307 0.000001
v 0.359594 -0.868141 0.000000
v 0.183319 -0.921613 0.000000
l 1907 1906
l 1908 1907
l 1909 1908
l 1910 1909
l 1911 1910
l 1912 1911
l 1913 1912
l 1914 1913
l 1915 1914
l 1916 1915
l 1917 1916
l 1918 1917
l 1919 1918
l 1920 1919
l 1921 1920
l 1922 1921
l 1923 1922
l 1924 1923
l 1925 1924
l 1926 1925
l 1927 1926
l 1928 1927
l 1929 1928
l 1930 1929
l 1931 1930
l 1932 1931
l 1933 1932
l 1934 1933
l 1935 1934
l 1936 1935
l 1937 1936
l 1906 1937
o Plane.003_Plane.004
v 0.200000 0.000000 0.200000
v -0.200000 0.000000 0.200000
v 0.200000 0.000000 -0.200000
v -0.200000 0.000000 -0.200000
l 1940 1938
l 1938 1939
l 1939 1941
l 1941 1940
