# Blender v2.83.5 OBJ File: 'character.blend'
# www.blender.org
mtllib character_000020.mtl
o character
v 0.748582 0.800894 -0.066012
v 0.725170 0.833680 0.125664
v 0.706468 0.867355 0.299123
v 0.915504 0.343797 0.082661
v 0.868868 0.332331 -0.083812
v 0.827052 0.322084 -0.248402
v 0.920588 -0.151621 -0.152069
v 0.818525 -0.183717 -0.266603
v 0.719934 -0.216183 -0.361667
v 0.864583 3.994326 0.202655
v 0.578234 4.044420 0.133979
v 0.141080 1.256435 -0.050268
v 0.667349 1.199744 0.070634
v 0.066284 1.170104 -0.021656
v 0.723828 0.978188 -0.043905
v 0.083847 1.130961 -0.251418
v 0.692803 1.014319 0.118807
v 0.043250 1.213081 0.202002
v 0.662373 1.052586 0.275716
v 0.740082 2.220538 -0.200849
v 0.375065 2.263067 -0.290852
v 0.787399 2.420973 -0.192101
v 0.377851 2.491655 -0.290262
v 0.766037 2.318134 -0.219768
v 0.379158 2.378260 -0.313714
v 0.313768 -0.185994 -0.437890
v 0.586849 -0.162575 0.345047
v 0.432643 -0.683873 0.166290
v 0.346059 -0.684490 -0.080558
v 0.271043 -0.684933 -0.290104
v 0.520715 0.090214 0.423344
v 0.380439 0.069768 -0.386644
v 0.407052 -0.820008 0.236183
v 0.362191 -0.820531 -0.010976
v 0.325840 -0.821010 -0.237659
v 0.562806 -0.904023 0.360799
v 0.526539 -0.904772 0.006403
v 0.491476 -0.905510 -0.342481
v 0.549523 -1.408615 0.397213
v 0.534503 -1.409366 0.041679
v 0.518860 -1.410121 -0.315703
v 0.425336 -1.664461 0.270514
v 0.419377 -1.664922 0.052738
v 0.413417 -1.665382 -0.165039
v -0.989999 -0.999193 -1.671421
v -1.095566 -0.810274 -1.605626
v 0.695456 -0.271227 -0.372785
v 1.031005 -0.573231 -0.421962
v 0.916072 -0.625905 -0.433114
v 0.901845 -0.175553 -0.328602
v 0.798311 -0.687538 -0.420850
v 0.786082 -0.225288 -0.353330
v 0.725333 -0.700986 -0.249616
v 0.653892 -0.715015 -0.381175
v 0.816128 -0.681338 -0.104220
v 0.640156 -0.280885 -0.400932
v 0.896458 -0.613371 -0.496860
v 0.776358 -0.679515 -0.472048
v 1.021813 -0.553193 -0.504251
v 0.870783 -0.163809 -0.412735
v 0.745505 -0.223105 -0.407341
v 0.863071 -0.600934 -0.571092
v 0.702687 -0.219169 -0.459489
v 0.314045 -0.445802 -1.776731
v 0.137964 -0.107703 -1.665348
v 0.276146 -0.072928 -1.624544
v 0.429920 -0.394110 -1.712672
v 0.391465 -0.399415 -1.779364
v 0.224433 -0.071991 -1.675871
v 0.006894 1.103651 0.451596
v -0.041546 -0.163716 -0.434169
v -0.014157 0.340762 -0.442529
v 0.030314 -0.177278 0.568297
v 0.015298 0.347912 0.569298
v -0.761069 0.794522 -0.044760
v -0.731582 0.818078 0.147569
v -0.710403 0.842030 0.334796
v 0.037895 -0.692743 0.350159
v -0.000002 -0.684188 0.062141
v -0.018457 -0.680586 -0.234930
v 0.001993 1.121536 0.291591
v -0.000450 1.073240 0.020327
v -0.003361 1.043468 -0.290598
v -0.880752 0.246334 0.269083
v -0.872576 0.228810 0.080316
v -0.874946 0.222146 -0.100657
v -0.878232 -0.298436 0.224219
v -0.861346 -0.341856 0.048134
v -0.850719 -0.377047 -0.121327
v -0.968588 4.021025 0.196148
v -0.683011 4.078116 0.129756
v -0.146869 1.267752 -0.030922
v -0.672186 1.191037 0.086282
v -0.069392 1.176848 -0.012955
v -0.723950 0.976002 -0.039805
v -0.089134 1.142806 -0.245491
v -0.693014 1.002718 0.124136
v -0.044346 1.212465 0.211220
v -0.662567 1.032526 0.284679
v -0.769736 2.225966 -0.113678
v -0.405772 2.283049 -0.200050
v -0.730131 2.253267 0.068161
v -0.824470 2.431690 -0.104462
v -0.416035 2.512633 -0.199369
v -0.798548 2.326950 -0.126143
v -0.412726 2.398528 -0.216672
v -0.751336 2.321348 0.067194
v 0.020876 0.083576 0.570163
v -0.032116 0.090278 -0.437829
v -0.473768 -0.223583 -0.337837
v -0.491617 -0.245438 0.535657
v -0.372720 -0.734009 0.286891
v -0.365350 -0.716614 0.034628
v -0.360581 -0.690781 -0.205730
v -0.470419 0.046481 0.535729
v -0.462005 0.040749 -0.334200
v 0.020349 -0.822908 0.356152
v -0.000002 -0.820375 0.062429
v -0.012534 -0.818765 -0.236632
v -0.366624 -0.843279 0.298490
v -0.365315 -0.835171 0.048406
v -0.368561 -0.823089 -0.193522
v 0.022042 -0.906448 0.490180
v -0.000002 -0.904653 0.062607
v -0.013955 -0.904496 -0.369406
v -0.524362 -0.920478 0.419824
v -0.528931 -0.914411 0.061608
v -0.534450 -0.907028 -0.294533
v 0.011824 -1.408406 0.495838
v -0.000002 -1.409319 0.063674
v -0.011828 -1.410232 -0.368491
v -0.523955 -1.411802 0.430673
v -0.533093 -1.410818 0.073677
v -0.541393 -1.410176 -0.284521
v 0.007200 -1.664341 0.327396
v -0.000002 -1.664897 0.064214
v -0.007204 -1.665453 -0.198968
v -0.413422 -1.664412 0.293467
v -0.419382 -1.664872 0.075690
v -0.425341 -1.665333 -0.142086
v -0.953430 -1.107543 -1.172246
v -0.728160 -1.088824 -1.164070
v -0.819489 -0.473543 -0.136078
v -1.127075 -0.514578 0.090000
v -1.124515 -0.578867 -0.023808
v -0.842560 -0.333850 0.095755
v -1.104040 -0.678157 -0.130305
v -0.813521 -0.413342 -0.025269
v -0.785353 -0.770101 0.025351
v -0.798786 -0.773090 -0.139756
v -0.799772 -0.762662 0.206752
v -0.777426 -0.491120 -0.180112
v -1.141613 -0.526673 -0.073184
v -1.122712 -0.633660 -0.174375
v -1.154210 -0.445335 0.036540
v -0.810159 -0.311277 0.034350
v -0.779905 -0.404848 -0.077711
v -1.153147 -0.463318 -0.133452
v -0.751360 -0.381648 -0.131771
v -1.248806 0.285213 -1.130761
v -0.854915 0.332817 -1.119597
v -0.882992 0.419702 -1.077395
v -1.243222 0.351191 -1.067883
v -1.254846 0.376602 -1.125800
v -0.876884 0.428481 -1.120833
v 0.921880 -0.163001 -0.238610
v 0.811566 -0.205539 -0.303976
v 0.713924 -0.246073 -0.358057
v 0.887139 -0.665982 -0.317531
v 0.782764 -0.706596 -0.372182
v 0.982540 -0.626700 -0.249578
v -0.864377 -0.321087 0.164424
v -0.841280 -0.385794 0.017303
v -0.837976 -0.435024 -0.122455
v -1.007885 -0.702285 0.037836
v -0.998770 -0.755634 -0.099581
v -1.008094 -0.657931 0.177793
v -0.009719 0.688517 -0.413306
v 0.010914 0.729912 0.520604
v 0.804348 0.601809 0.201682
v 0.781918 0.581714 0.030310
v 0.764689 0.563186 -0.143923
v -0.772895 0.516494 0.317240
v -0.773657 0.492749 0.128974
v -0.788169 0.481557 -0.058142
v 0.748755 0.320008 -0.405474
v 0.779068 0.318348 -0.382361
v 0.643455 -0.276570 -0.474542
v 0.619667 -0.220232 -0.488911
v 0.653859 -0.223018 -0.468526
v 0.928118 0.350864 0.234853
v 0.898530 0.351967 0.290715
v 1.000411 -0.178089 -0.027062
v 0.977437 -0.138648 -0.009697
v 0.963364 -0.139352 0.058595
v 0.721535 0.760011 -0.285564
v 0.723480 0.826185 -0.267111
v 0.763121 0.780827 -0.229176
v 0.609445 -0.656863 -0.461732
v 0.584118 -0.692392 -0.467652
v 0.545928 -0.651115 -0.479038
v 0.702958 0.888133 0.433516
v 0.669264 0.906420 0.458932
v 0.892018 -0.663830 0.031126
v 0.957695 -0.606643 0.011308
v 0.883680 -0.622869 0.089408
v 0.792916 3.936826 0.312826
v 0.838711 3.973393 0.295217
v 0.644216 4.033408 0.002643
v 0.604078 4.065331 0.041517
v 0.864573 3.994652 0.056348
v 0.890420 4.015231 0.110220
v 0.572160 3.975273 0.260600
v 0.552343 4.023472 0.226609
v 0.123577 1.356769 0.272941
v 0.082543 1.298186 0.303157
v 0.578258 1.241119 0.346949
v 0.617123 1.259503 0.301020
v 0.577853 1.306247 0.316626
v 0.691509 1.103611 -0.212151
v 0.691259 1.171978 -0.217347
v 0.716987 1.140899 -0.160802
v 0.193826 1.154655 -0.368562
v 0.182007 1.192347 -0.337287
v 0.228375 1.217792 -0.367220
v 0.745165 2.151727 -0.389491
v 0.758875 2.232428 -0.408475
v 0.773312 2.190209 -0.347776
v 0.448565 2.181078 -0.489233
v 0.415409 2.225763 -0.469344
v 0.461373 2.264537 -0.507449
v 0.352609 2.267070 -0.066194
v 0.361346 2.319215 -0.085876
v 0.334872 2.298530 -0.116140
v 0.660629 2.227360 -0.017586
v 0.707023 2.249785 -0.056660
v 0.670374 2.277889 -0.036115
v 0.810737 2.500886 -0.395465
v 0.833384 2.453953 -0.359296
v 0.800980 2.424706 -0.413041
v 0.479069 2.561773 -0.503479
v 0.473793 2.478688 -0.521350
v 0.432377 2.528465 -0.490150
v 0.354235 2.475994 -0.049061
v 0.323505 2.452966 -0.094246
v 0.352159 2.416384 -0.068036
v 0.699793 2.422894 0.007080
v 0.693023 2.365127 -0.013486
v 0.741766 2.388888 -0.027209
v 0.790718 2.375357 -0.419160
v 0.806513 2.328049 -0.375436
v 0.771609 2.287502 -0.418402
v 0.471288 2.420714 -0.525263
v 0.465696 2.322840 -0.519368
v 0.426538 2.379058 -0.501287
v 0.355003 2.386243 -0.079975
v 0.330501 2.366936 -0.126285
v 0.359350 2.341924 -0.089404
v 0.687180 2.337268 -0.026881
v 0.677053 2.297619 -0.038824
v 0.725690 2.309628 -0.063845
v 0.504387 -0.611334 0.356236
v 0.485819 -0.653811 0.323441
v 0.222486 -0.618576 -0.462788
v 0.225218 -0.658791 -0.434267
v -0.936036 -0.961702 -1.564945
v -0.967008 -1.004194 -1.607350
v -1.005840 -0.836629 -1.521533
v -1.069838 -0.820179 -1.543278
v -0.969281 -0.909869 -1.767240
v -0.988133 -0.972012 -1.733699
v -1.039068 -0.784818 -1.723776
v -1.090971 -0.787986 -1.669592
v 0.630558 -0.346146 -0.427724
v 0.653571 -0.318200 -0.444998
v 0.665631 -0.291388 -0.417780
v 1.024820 -0.191875 -0.146903
v 1.029021 -0.181796 -0.274528
v 0.994895 -0.164198 -0.238343
v 1.086537 -0.539960 -0.225661
v 1.091062 -0.560768 -0.321918
v 1.114626 -0.505688 -0.345387
v 0.671787 -0.665007 -0.432663
v 0.717521 -0.697376 -0.416688
v 0.687527 -0.665848 -0.410829
v 1.004356 -0.148970 -0.420941
v 0.968740 -0.125416 -0.539897
v 0.931265 -0.086601 -0.485081
v 1.117560 -0.460793 -0.497555
v 1.106033 -0.501127 -0.597944
v 1.095538 -0.429289 -0.619847
v 0.498044 -0.315961 -0.415590
v 0.496740 -0.375255 -0.461626
v 0.551725 -0.371529 -0.421838
v 0.640805 -0.663558 -0.469975
v 0.611898 -0.654245 -0.527636
v 0.661191 -0.707404 -0.510263
v 0.118120 -0.092290 -1.893486
v 0.131521 -0.054856 -1.852584
v 0.212308 -0.053427 -1.881116
v 0.253034 -0.351252 -1.980448
v 0.346107 -0.311636 -1.965840
v 0.300530 -0.380461 -1.962047
v 0.143955 -0.219705 -1.474085
v 0.181790 -0.194084 -1.500370
v 0.155060 -0.164734 -1.489127
v 0.327687 -0.489467 -1.596177
v 0.317246 -0.451972 -1.583752
v 0.281105 -0.478157 -1.559413
v 0.144857 -0.161315 -1.559240
v 0.161606 -0.194227 -1.555484
v 0.153754 -0.211202 -1.525117
v 0.269570 -0.456687 -1.595373
v 0.283575 -0.441428 -1.629081
v 0.291593 -0.470581 -1.647762
v 0.475017 -0.009159 -1.686200
v 0.397783 -0.010783 -1.778389
v 0.412670 0.008022 -1.695606
v 0.566914 -0.299869 -1.777798
v 0.522973 -0.257343 -1.849424
v 0.597448 -0.254679 -1.750756
v 0.273961 -0.009399 -1.813676
v 0.366794 -0.014881 -1.804604
v 0.243312 -0.043802 -1.871511
v 0.375245 -0.300036 -1.954553
v 0.493520 -0.263219 -1.878378
v 0.434107 -0.325348 -1.913978
v 0.181264 -0.142034 -1.543720
v 0.184835 -0.190082 -1.512805
v 0.172019 -0.189526 -1.550482
v 0.296668 -0.438303 -1.625830
v 0.318434 -0.446012 -1.594443
v 0.344788 -0.457213 -1.641634
v -0.864925 0.230798 -0.255904
v -0.831163 0.238200 -0.295760
v -0.855754 -0.415265 -0.276431
v -0.852067 -0.355976 -0.260969
v -0.825994 -0.340505 -0.295335
v -0.834241 0.270818 0.472548
v -0.869735 0.264011 0.426814
v -0.901133 -0.309329 0.388879
v -0.862650 -0.271693 0.438164
v -0.888738 -0.274072 0.384920
v -0.746855 0.751356 -0.256220
v -0.783440 0.781301 -0.204768
v -0.740387 0.829253 -0.248339
v -0.848419 -0.733170 -0.267447
v -0.763000 -0.713199 -0.295132
v -0.793211 -0.751204 -0.262938
v -0.665246 0.876255 0.509062
v -0.701848 0.856164 0.483734
v -0.780094 -0.717608 0.419592
v -0.865674 -0.694584 0.390907
v -0.806288 -0.755196 0.369198
v 0.065680 -0.628722 0.553370
v 0.063349 -0.669522 0.516886
v 0.059517 1.050468 -0.396159
v -0.007214 0.999888 -0.405144
v -0.071709 1.054900 -0.394050
v -0.005845 1.036600 -0.373627
v -0.049780 -0.645086 -0.400109
v -0.057685 -0.602086 -0.433251
v -0.896994 3.972802 0.311050
v -0.943700 4.006402 0.290578
v -0.745886 4.057152 -0.001503
v -0.707776 4.092667 0.035792
v -0.965660 4.013044 0.050422
v -0.993347 4.035571 0.102211
v -0.676841 4.016692 0.260599
v -0.658125 4.063495 0.224178
v -0.128977 1.350071 0.295735
v -0.085487 1.291874 0.320024
v -0.583528 1.216781 0.367601
v -0.619950 1.273451 0.347933
v -0.695029 1.112332 -0.201116
v -0.720257 1.146763 -0.148515
v -0.695257 1.181493 -0.202360
v -0.200312 1.175410 -0.358513
v -0.234736 1.241464 -0.351980
v -0.187846 1.215685 -0.324039
v -0.772449 2.167093 -0.306645
v -0.801764 2.202791 -0.262605
v -0.787649 2.245075 -0.320104
v -0.476493 2.209735 -0.404162
v -0.490852 2.289985 -0.416793
v -0.444665 2.254559 -0.381031
v -0.366855 2.310230 -0.021560
v -0.394378 2.308817 0.017721
v -0.846978 2.500617 -0.312197
v -0.834352 2.426058 -0.325332
v -0.868512 2.454491 -0.274036
v -0.515907 2.569122 -0.417566
v -0.468234 2.537993 -0.401826
v -0.507764 2.489167 -0.430831
v -0.396258 2.509993 0.043959
v -0.391043 2.447130 0.029363
v -0.363821 2.485883 0.000540
v -0.740621 2.446783 0.096874
v -0.769403 2.380505 0.070966
v -0.822539 2.378993 -0.329311
v -0.801280 2.296334 -0.327858
v -0.837428 2.333020 -0.284355
v -0.503748 2.435227 -0.432634
v -0.458269 2.397722 -0.407209
v -0.496088 2.344186 -0.426593
v -0.392614 2.384817 0.013555
v -0.365939 2.391663 -0.025992
v -0.370564 -0.717603 0.459995
v -0.380668 -0.678234 0.500865
v -0.373505 -0.660666 -0.352265
v -0.385649 -0.622129 -0.379386
v -0.925643 -1.043921 -1.065904
v -0.953184 -1.094700 -1.105212
v -0.776606 -1.031363 -1.060610
v -0.733765 -1.076471 -1.097264
v -0.919056 -1.031613 -1.276407
v -0.949019 -1.087427 -1.237029
v -0.770031 -1.019069 -1.271051
v -0.729577 -1.069198 -1.229050
v -0.855200 -0.478215 -0.214302
v -0.868957 -0.484502 -0.253086
v -0.857687 -0.534218 -0.255621
v -0.926550 -0.319413 0.312215
v -0.903557 -0.301863 0.226473
v -0.923542 -0.296958 0.231048
v -1.048193 -0.573220 0.274142
v -1.102466 -0.488005 0.213782
v -1.096784 -0.550340 0.204956
v -1.036616 -0.715397 -0.247060
v -1.010678 -0.740749 -0.222790
v -1.065993 -0.728727 -0.201411
v -0.881552 -0.234573 0.139146
v -0.790081 -0.195035 0.064804
v -0.857016 -0.167617 0.051553
v -1.138137 -0.359148 0.133754
v -1.152577 -0.257140 0.052173
v -1.197273 -0.313032 0.064509
v -0.808815 -0.575517 -0.295587
v -0.783982 -0.557163 -0.348673
v -0.725950 -0.554123 -0.306515
v -1.049216 -0.682229 -0.287707
v -1.111676 -0.658023 -0.294800
v -1.057740 -0.630028 -0.338769
v -0.892163 0.337801 -1.323873
v -0.908967 0.432898 -1.278156
v -0.858373 0.365924 -1.293082
v -1.194479 0.302371 -1.334264
v -1.238183 0.320927 -1.306802
v -1.209297 0.395697 -1.285643
v -0.899319 0.275781 -0.931399
v -0.864762 0.313279 -0.951905
v -0.907457 0.331721 -0.977728
v -1.201957 0.241848 -0.938070
v -1.208018 0.295495 -0.982304
v -1.245126 0.270805 -0.959822
v -0.901785 0.247189 -1.146177
v -0.908134 0.313847 -1.127589
v -0.868846 0.294966 -1.157349
v -1.176259 0.195860 -1.143603
v -1.216229 0.229892 -1.154319
v -1.189511 0.268004 -1.126502
v -0.907806 0.546769 -1.000260
v -0.941629 0.556059 -1.078439
v -0.949199 0.547084 -0.956821
v -1.225512 0.497481 -0.942816
v -1.223465 0.512170 -1.071685
v -1.256234 0.486020 -0.983655
v -0.915347 0.460456 -1.253893
v -0.937267 0.543958 -1.122412
v -0.888343 0.495669 -1.192051
v -1.212541 0.422167 -1.260079
v -1.252615 0.444872 -1.197974
v -1.222278 0.501672 -1.118717
v -0.910221 0.330330 -1.101711
v -0.909498 0.340306 -1.001535
v -0.876683 0.364524 -1.052364
v -1.194923 0.286693 -1.101575
v -1.241461 0.315974 -1.052692
v -1.206923 0.302966 -1.004733
v 0.643350 -0.278447 -0.475691
v 0.664260 -0.260481 -0.431517
v 0.655136 -0.316804 -0.442137
v 0.652028 -0.662152 -0.430545
v 0.681366 -0.665912 -0.412674
v 0.699942 -0.701689 -0.405892
v 0.996092 -0.150278 -0.125279
v 1.003458 -0.178224 -0.029252
v 1.021620 -0.192517 -0.145233
v 1.059985 -0.559704 -0.150311
v 1.009353 -0.585377 -0.059839
v 1.029342 -0.610113 -0.141295
v -0.857079 -0.417947 -0.278311
v -0.867763 -0.482904 -0.248931
v -0.855946 -0.427995 -0.230559
v -0.913034 -0.748543 -0.238609
v -0.969779 -0.773267 -0.195233
v -0.975542 -0.751669 -0.223144
v -0.924644 -0.320599 0.311115
v -0.903090 -0.309342 0.389098
v -0.899877 -0.290529 0.308177
v -1.000527 -0.613435 0.317011
v -0.978373 -0.661884 0.303672
v -0.930066 -0.660017 0.360548
v 0.778451 0.625398 0.392219
v 0.810537 0.616108 0.348091
v 0.745603 0.553290 -0.290968
v 0.711700 0.559598 -0.328382
v -0.767988 0.540685 0.470053
v -0.733459 0.556288 0.507028
v -0.765294 0.501311 -0.261192
v -0.797018 0.487401 -0.215260
vt 0.618418 0.750000
vt 0.547996 0.750000
vt 0.547994 0.750000
vt 0.618285 0.750000
vt 0.541667 0.562500
vt 0.541667 0.512151
vt 0.541667 0.513846
vt 0.541667 0.562500
vt 0.541667 0.625000
vt 0.541667 0.518437
vt 0.541667 0.544499
vt 0.541667 0.625000
vt 0.416667 0.755722
vt 0.458333 0.755033
vt 0.458333 0.875000
vt 0.416667 0.875000
vt 0.500000 0.812500
vt 0.541667 0.812500
vt 0.541667 0.875000
vt 0.500000 0.875000
vt 0.616899 0.750000
vt 0.549754 0.750000
vt 0.554884 0.750000
vt 0.611756 0.750000
vt 0.687500 0.687500
vt 0.750000 0.687500
vt 0.750000 0.739236
vt 0.687500 0.738904
vt 0.416667 0.511914
vt 0.458333 0.511937
vt 0.458333 0.562500
vt 0.416667 0.562500
vt 0.541667 0.755032
vt 0.618846 0.812500
vt 0.618844 0.875000
vt 0.687500 0.625000
vt 0.687500 0.562500
vt 0.687500 0.562500
vt 0.687500 0.625000
vt 0.547615 0.500000
vt 0.618777 0.500000
vt 0.618665 0.500000
vt 0.547612 0.500000
vt 0.458333 0.625000
vt 0.416667 0.625000
vt 0.458333 0.687500
vt 0.416667 0.687500
vt 0.541667 0.625000
vt 0.541667 0.511263
vt 0.541667 0.519595
vt 0.541667 0.625000
vt 0.541667 0.734463
vt 0.541667 0.687500
vt 0.541667 0.687500
vt 0.541667 0.738768
vt 0.416667 0.375000
vt 0.458333 0.375000
vt 0.458333 0.494978
vt 0.416667 0.494291
vt 0.500000 0.437500
vt 0.500000 0.375000
vt 0.541667 0.625000
vt 0.323100 0.437553
vt 0.369848 0.494495
vt 0.360884 0.499526
vt 0.265660 0.498923
vt 0.541667 0.687500
vt 0.541667 0.737844
vt 0.458333 0.738057
vt 0.375000 0.756799
vt 0.375000 0.868512
vt 0.375000 0.867265
vt 0.375000 0.757723
vt 0.375000 0.625000
vt 0.375000 0.733574
vt 0.375000 0.725966
vt 0.375000 0.625000
vt 0.375000 0.625000
vt 0.375000 0.728629
vt 0.375000 0.716275
vt 0.375000 0.625000
vt 0.375000 0.727386
vt 0.375000 0.625000
vt 0.000000 0.000000
vt 0.000000 0.000000
vt 0.000000 0.000000
vt 0.000000 0.000000
vt 0.111084 0.230305
vt 0.250000 0.533533
vt 0.250000 0.625000
vt 0.111084 0.277711
vt 0.369848 0.755505
vt 0.323101 0.812448
vt 0.265659 0.751075
vt 0.360883 0.750473
vt 0.380988 0.756170
vt 0.379291 0.875000
vt 0.000000 0.000000
vt 0.000000 0.000000
vt 0.000000 0.000000
vt 0.000000 0.000000
vt 0.250000 0.716302
vt 0.000000 0.000000
vt 0.000000 0.000000
vt 0.375000 0.375000
vt 0.375000 0.493405
vt 0.375000 0.492227
vt 0.375000 0.378402
vt 0.375000 0.625000
vt 0.375000 0.687500
vt 0.375000 0.687500
vt 0.375000 0.625000
vt -0.002465 -0.006174
vt 0.091560 0.190487
vt 0.091560 0.228899
vt 0.375000 0.516410
vt 0.375000 0.524000
vt 0.375000 0.562500
vt 0.375000 0.562500
vt 0.111084 0.325064
vt 0.091560 0.267227
vt 0.625000 0.565471
vt 0.625000 0.511656
vt 0.687500 0.511100
vt 0.375000 0.521311
vt 0.375000 0.533599
vt 0.373837 0.384699
vt 0.374632 0.491827
vt 0.371300 0.492421
vt 0.334470 0.426803
vt 0.000000 0.000000
vt 0.374633 0.758175
vt 0.373835 0.865298
vt 0.334475 0.823202
vt 0.371302 0.757582
vt 0.375000 0.522568
vt 0.101322 0.210413
vt 0.101322 0.253305
vt 0.327389 0.433478
vt 0.370451 0.493735
vt 0.370413 0.493926
vt 0.325607 0.435106
vt 0.101322 0.296131
vt 0.541667 0.375000
vt 0.618805 0.375000
vt 0.618808 0.437500
vt 0.541667 0.437500
vt 0.370451 0.756264
vt 0.327389 0.816522
vt 0.325608 0.814894
vt 0.370413 0.756074
vt 0.370617 0.757104
vt 0.332104 0.820561
vt 0.330328 0.818958
vt 0.370574 0.756888
vt 0.332104 0.429439
vt 0.370617 0.492896
vt 0.370574 0.493112
vt 0.330328 0.431042
vt 0.541667 0.494979
vt 0.625000 0.687500
vt 0.625000 0.625000
vt 0.541667 0.687500
vt 0.541667 0.736149
vt 0.625000 0.513053
vt 0.625000 0.563986
vt 0.416667 0.738079
vt 0.750000 0.510770
vt 0.750000 0.562500
vt 0.750000 0.562500
vt 0.750000 0.562500
vt 0.687500 0.562500
vt 0.687500 0.687500
vt 0.750000 0.687500
vt 0.687500 0.625000
vt 0.687500 0.562500
vt 0.687500 0.625000
vt 0.687500 0.687500
vt 0.750000 0.687500
vt 0.687500 0.687500
vt 0.687500 0.625000
vt 0.687500 0.687500
vt 0.750000 0.687500
vt 0.750000 0.562500
vt 0.687500 0.562500
vt 0.750000 0.562500
vt 0.750000 0.625000
vt 0.750000 0.687500
vt 0.541667 0.705829
vt 0.541667 0.731548
vt 0.625000 0.731504
vt 0.625000 0.705847
vt 0.625000 0.625000
vt 0.625000 0.625000
vt 0.541667 0.730388
vt 0.541667 0.738990
vt 0.541667 0.625000
vt 0.541667 0.625000
vt 0.548527 0.500000
vt 0.618284 0.500000
vt 0.618143 0.500000
vt 0.548480 0.500000
vt 0.541667 0.562500
vt 0.541667 0.625000
vt 0.541667 0.562500
vt 0.541667 0.511195
vt 0.617446 0.750000
vt 0.549213 0.750000
vt 0.549253 0.750000
vt 0.617406 0.750000
vt 0.548728 0.500000
vt 0.617930 0.500000
vt 0.617896 0.500000
vt 0.548762 0.500000
vt 0.541667 0.515532
vt 0.625000 0.625000
vt 0.625000 0.687500
vt 0.625000 0.687500
vt 0.625000 0.625000
vt 0.625000 0.737706
vt 0.625000 0.735758
vt 0.625000 0.733698
vt 0.625000 0.735940
vt 0.625000 0.687500
vt 0.617871 0.750000
vt 0.549053 0.750000
vt 0.548979 0.750000
vt 0.617712 0.750000
vt 0.625000 0.625000
vt 0.625000 0.562500
vt 0.625000 0.562500
vt 0.625000 0.514892
vt 0.541667 0.511496
vt 0.625000 0.544481
vt 0.625000 0.519632
vt 0.625000 0.511013
vt 0.625000 0.625000
vt 0.625000 0.625000
vt 0.625000 0.518487
vt 0.549708 0.500000
vt 0.617007 0.500000
vt 0.617051 0.500000
vt 0.549663 0.500000
vt 0.625000 0.738246
vt 0.625000 0.730357
vt 0.617007 0.750000
vt 0.549707 0.750000
vt 0.549663 0.750000
vt 0.617051 0.750000
vt 0.625000 0.730945
vt 0.625000 0.625000
vt 0.549754 0.500000
vt 0.616900 0.500000
vt 0.611755 0.500000
vt 0.554886 0.500000
vt 0.541667 0.625000
vt 0.541666 0.730980
vt 0.625000 0.519046
vt 0.541667 0.519004
vt 0.625000 0.510886
vt 0.548907 0.500000
vt 0.617755 0.500000
vt 0.616650 0.500000
vt 0.550011 0.500000
vt 0.625000 0.737978
vt 0.541667 0.739083
vt 0.617302 0.750000
vt 0.549363 0.750000
vt 0.550060 0.750000
vt 0.616604 0.750000
vt 0.458333 0.755033
vt 0.500000 0.812500
vt 0.550035 0.500000
vt 0.616680 0.500000
vt 0.616728 0.500000
vt 0.549987 0.500000
vt 0.616680 0.750000
vt 0.550035 0.750000
vt 0.549987 0.750000
vt 0.616728 0.750000
vt 0.416667 0.755722
vt 0.541667 0.562500
vt 0.541667 0.562500
vt 0.541667 0.513990
vt 0.541667 0.512312
vt 0.541667 0.625000
vt 0.541667 0.625000
vt 0.541667 0.544499
vt 0.541667 0.518437
vt 0.458333 0.687500
vt 0.458333 0.738057
vt 0.541667 0.737844
vt 0.541667 0.687500
vt 0.541667 0.812500
vt 0.375000 0.533246
vt 0.250000 0.533254
vt 0.250000 0.625000
vt 0.375000 0.625000
vt 0.687500 0.687500
vt 0.687500 0.738904
vt 0.500000 0.437500
vt 0.458333 0.494978
vt 0.541667 0.755032
vt 0.000000 0.000000
vt 0.000000 0.000000
vt 0.000000 0.000000
vt 0.000000 0.000000
vt 0.000000 0.000000
vt 0.000000 0.000000
vt 0.687500 0.625000
vt 0.687500 0.625000
vt 0.687500 0.562500
vt 0.687500 0.562500
vt 0.547615 0.500000
vt 0.547612 0.500000
vt 0.618665 0.500000
vt 0.618777 0.500000
vt 0.416667 0.562500
vt 0.416667 0.625000
vt 0.458333 0.625000
vt 0.458333 0.562500
vt 0.416667 0.687500
vt 0.541667 0.625000
vt 0.541667 0.625000
vt 0.541667 0.519595
vt 0.541667 0.511358
vt 0.541667 0.734463
vt 0.541667 0.738768
vt 0.541667 0.687500
vt 0.541667 0.687500
vt 0.416667 0.494291
vt 0.541667 0.494979
vt 0.541667 0.437500
vt 0.541667 0.625000
vt 0.323100 0.437553
vt 0.265660 0.498923
vt 0.360884 0.499526
vt 0.369848 0.494495
vt 0.618418 0.750000
vt 0.618284 0.750000
vt 0.547994 0.750000
vt 0.547996 0.750000
vt 0.375000 0.756799
vt 0.375000 0.757723
vt 0.375000 0.867265
vt 0.375000 0.868512
vt 0.375000 0.625000
vt 0.375000 0.625000
vt 0.375000 0.725966
vt 0.375000 0.733574
vt 0.375000 0.625000
vt 0.375000 0.716275
vt 0.375000 0.728629
vt 0.375000 0.625000
vt 0.375000 0.727386
vt 0.618846 0.812500
vt 0.111084 0.230250
vt 0.111084 0.277711
vt 0.369848 0.755505
vt 0.360883 0.750473
vt 0.265659 0.751075
vt 0.323101 0.812448
vt 0.380988 0.756170
vt 0.000000 0.000000
vt 0.000000 0.000000
vt 0.250000 0.716302
vt 0.000000 0.000000
vt 0.375000 0.378401
vt 0.375000 0.492227
vt 0.375000 0.493405
vt 0.375000 0.625000
vt 0.375000 0.625000
vt 0.375000 0.687500
vt 0.375000 0.687500
vt -0.002467 -0.006178
vt 0.000000 0.000000
vt 0.091560 0.228899
vt 0.091560 0.190450
vt 0.373838 0.384736
vt 0.333549 0.428270
vt 0.375000 0.500000
vt 0.375015 0.500192
vt 0.375000 0.562500
vt 0.375000 0.562500
vt 0.111084 0.325064
vt 0.374633 0.758175
vt 0.371302 0.757582
vt 0.334475 0.823202
vt 0.373835 0.865298
vt 0.687500 0.511100
vt 0.625000 0.511656
vt 0.625000 0.565471
vt 0.375000 0.511374
vt 0.375000 0.500124
vt 0.375000 0.500381
vt 0.091560 0.267227
vt 0.375000 0.500000
vt 0.375000 0.509421
vt 0.101322 0.210368
vt 0.101322 0.253305
vt 0.328843 0.432270
vt 0.325598 0.435093
vt 0.375175 0.500236
vt 0.101322 0.296131
vt 0.616899 0.750000
vt 0.611756 0.750000
vt 0.554884 0.750000
vt 0.549754 0.750000
vt 0.370617 0.757104
vt 0.370574 0.756888
vt 0.330328 0.818958
vt 0.332104 0.820560
vt 0.416667 0.512140
vt 0.458333 0.512122
vt 0.370451 0.756264
vt 0.370413 0.756074
vt 0.325608 0.814894
vt 0.327389 0.816522
vt 0.625000 0.625000
vt 0.625000 0.687500
vt 0.541667 0.736149
vt 0.541667 0.687500
vt 0.625000 0.513053
vt 0.625000 0.563986
vt 0.416667 0.738079
vt 0.000000 0.000000
vt 0.000000 0.000000
vt 0.000000 0.000000
vt 0.687500 0.562500
vt 0.687500 0.687500
vt 0.000000 0.000000
vt 0.687500 0.625000
vt 0.687500 0.625000
vt 0.687500 0.562500
vt 0.000000 0.000000
vt 0.000000 0.000000
vt 0.000000 0.000000
vt 0.687500 0.687500
vt 0.687500 0.687500
vt 0.687500 0.687500
vt 0.687500 0.625000
vt 0.000000 0.000000
vt 0.000000 0.000000
vt 0.000000 0.000000
vt 0.687500 0.562500
vt 0.000000 0.000000
vt 0.541667 0.731548
vt 0.541667 0.705829
vt 0.625000 0.731504
vt 0.625000 0.625000
vt 0.625000 0.625000
vt 0.625000 0.705847
vt 0.541667 0.738990
vt 0.541667 0.730388
vt 0.541667 0.625000
vt 0.541667 0.625000
vt 0.548527 0.500000
vt 0.548480 0.500000
vt 0.618143 0.500000
vt 0.618284 0.500000
vt 0.541667 0.562500
vt 0.541667 0.625000
vt 0.541667 0.511289
vt 0.541667 0.562500
vt 0.617871 0.750000
vt 0.617712 0.750000
vt 0.548979 0.750000
vt 0.549053 0.750000
vt 0.541667 0.511592
vt 0.541667 0.515667
vt 0.548728 0.500000
vt 0.548762 0.500000
vt 0.617896 0.500000
vt 0.617930 0.500000
vt 0.625000 0.625000
vt 0.618808 0.437500
vt 0.625000 0.687500
vt 0.625000 0.625000
vt 0.625000 0.687500
vt 0.625000 0.737706
vt 0.625000 0.735758
vt 0.625000 0.687500
vt 0.625000 0.735940
vt 0.625000 0.733698
vt 0.625000 0.625000
vt 0.625000 0.562500
vt 0.625000 0.562500
vt 0.617446 0.750000
vt 0.617406 0.750000
vt 0.549253 0.750000
vt 0.549213 0.750000
vt 0.625000 0.514892
vt 0.625000 0.544481
vt 0.625000 0.519632
vt 0.625000 0.625000
vt 0.625000 0.625000
vt 0.625000 0.511013
vt 0.625000 0.518487
vt 0.549708 0.500000
vt 0.549663 0.500000
vt 0.617051 0.500000
vt 0.617007 0.500000
vt 0.625000 0.738246
vt 0.625000 0.730357
vt 0.617007 0.750000
vt 0.617051 0.750000
vt 0.549663 0.750000
vt 0.549707 0.750000
vt 0.625000 0.730945
vt 0.625000 0.625000
vt 0.549754 0.500000
vt 0.554886 0.500000
vt 0.611755 0.500000
vt 0.616900 0.500000
vt 0.541666 0.730980
vt 0.541667 0.625000
vt 0.625000 0.519046
vt 0.541667 0.519004
vt 0.625000 0.510886
vt 0.548907 0.500000
vt 0.550011 0.500000
vt 0.616650 0.500000
vt 0.617755 0.500000
vt 0.625000 0.737978
vt 0.541667 0.739083
vt 0.617302 0.750000
vt 0.616604 0.750000
vt 0.550060 0.750000
vt 0.549363 0.750000
vt 0.550035 0.500000
vt 0.549987 0.500000
vt 0.616728 0.500000
vt 0.616680 0.500000
vt 0.616680 0.750000
vt 0.616728 0.750000
vt 0.549987 0.750000
vt 0.550035 0.750000
vt 0.625000 0.511271
vt 0.619191 0.494352
vt 0.375000 0.738143
vt 0.618885 0.755688
vt 0.625000 0.511271
vt 0.619191 0.494352
vt 0.375000 0.738143
vt 0.618885 0.755688
vt 0.375000 0.512132
vt 0.375000 0.498819
vt 0.375000 0.735890
vt 0.375000 0.514096
vt 0.375000 0.511848
vt 0.375000 0.735890
vt 0.625000 0.750000
vt 0.620585 0.750000
vt 0.625000 0.500000
vt 0.625000 0.500000
vt 0.375000 0.874047
vt 0.375000 0.866239
vt 0.329602 0.828559
vt 0.332973 0.822727
vt 0.332973 0.427273
vt 0.329598 0.421433
vt 0.324755 0.812834
vt 0.319824 0.819000
vt 0.319821 0.430997
vt 0.324755 0.437166
vt 0.329462 0.816822
vt 0.324713 0.823790
vt 0.324710 0.426205
vt 0.329462 0.433178
vt 0.620585 0.750000
vt 0.625000 0.750000
vt 0.616300 0.500000
vt 0.625000 0.500000
vt 0.375000 0.873556
vt 0.375000 0.875000
vt 0.375000 0.875000
vt 0.375000 0.866239
vt 0.375000 0.874047
vt 0.332973 0.822727
vt 0.329602 0.828559
vt 0.319824 0.819000
vt 0.324755 0.812834
vt 0.324745 0.437154
vt 0.319819 0.430994
vt 0.324713 0.823790
vt 0.329462 0.816822
vt 0.629735 0.500000
vt 0.687147 0.500000
vt 0.750000 0.750000
vt 0.687500 0.750000
vt 0.247006 0.741018
vt 0.114206 0.342618
vt 0.250000 0.500000
vt 0.319366 0.430634
vt 0.000000 0.000000
vt 0.000000 0.000000
vt 0.088666 0.265998
vt 0.003288 0.009865
vt 0.329220 0.420780
vt 0.375000 0.375000
vt 0.107610 0.322829
vt 0.103972 0.311916
vt 0.319607 0.430393
vt 0.324339 0.425661
vt 0.097846 0.293538
vt 0.094208 0.282625
vt 0.324488 0.425512
vt 0.687500 0.500000
vt 0.750000 0.500000
vt 0.686624 0.750000
vt 0.629252 0.750000
vt 0.625000 0.438490
vt 0.625000 0.874105
vt 0.625000 0.812500
vt 0.250000 0.750000
vt 0.319338 0.819338
vt 0.247002 0.494004
vt 0.114206 0.228411
vt 0.375000 0.875000
vt 0.329220 0.829220
vt 0.374845 0.874845
vt 0.091560 0.183119
vt 0.003289 0.006578
vt 0.319608 0.819608
vt 0.324339 0.824339
vt 0.107611 0.215221
vt 0.101322 0.202644
vt 0.324489 0.824489
vt 0.100910 0.201820
vt 0.625000 0.437500
vt 0.625000 0.375896
vt 0.625000 0.811240
vn 0.5663 -0.0810 -0.8202
vn 0.0217 0.9936 -0.1110
vn -0.4688 0.8453 0.2563
vn 0.0988 0.1826 -0.9782
vn 0.0661 0.0830 -0.9944
vn 0.1024 -0.2664 0.9584
vn -0.0600 -0.9817 -0.1807
vn 0.8979 0.4313 -0.0874
vn -0.1653 0.2039 -0.9649
vn -0.0502 0.0337 -0.9982
vn 0.9536 -0.1630 -0.2533
vn 0.8053 -0.0300 0.5921
vn 0.8706 0.4406 -0.2191
vn 0.9125 0.3624 -0.1898
vn -0.4351 0.8619 0.2605
vn 0.0556 -0.8074 0.5874
vn 0.2373 -0.0332 0.9709
vn 0.2936 0.0347 0.9553
vn 0.8620 0.1600 -0.4810
vn -0.2122 -0.1745 0.9615
vn 0.8996 -0.1158 -0.4210
vn 0.2665 0.1350 -0.9543
vn 0.9761 -0.0128 0.2168
vn 0.9637 -0.1086 0.2441
vn 0.9508 -0.1905 0.2444
vn -0.7125 0.6682 -0.2141
vn -0.9560 0.1856 -0.2274
vn 0.3153 0.2706 -0.9096
vn 0.1624 0.0939 -0.9822
vn -0.9100 0.4118 0.0480
vn 0.1089 0.9626 0.2481
vn -0.7644 0.6367 -0.1019
vn 0.0576 0.4421 0.8951
vn -0.8946 0.4313 -0.1168
vn 0.9810 0.1514 0.1213
vn -0.9646 0.1664 -0.2047
vn 0.9756 -0.0103 0.2194
vn 0.9724 0.2114 0.0986
vn -0.9563 0.1852 -0.2263
vn -0.9611 0.1823 -0.2075
vn 0.0801 -0.9889 0.1255
vn 0.9634 -0.1088 0.2452
vn -0.0709 0.3548 0.9322
vn -0.7754 0.5997 -0.1977
vn -0.6396 0.7597 -0.1171
vn 0.2905 -0.1832 -0.9392
vn 0.9705 0.1840 0.1556
vn 0.9732 0.1658 0.1592
vn 0.9381 -0.2696 0.2173
vn -0.9663 0.0309 -0.2555
vn -0.2013 -0.3833 0.9014
vn -0.9671 0.0495 -0.2495
vn 0.3897 -0.0242 0.9206
vn 0.3213 0.0502 -0.9457
vn 0.2842 -0.2225 -0.9326
vn -0.9709 -0.0438 -0.2353
vn 0.9449 -0.2416 0.2209
vn -0.1349 0.1586 0.9781
vn -0.9723 0.0074 -0.2337
vn 0.5394 -0.2416 0.8066
vn 0.9424 -0.2263 0.2462
vn -0.0406 -0.9974 0.0597
vn 0.3308 -0.0978 0.9386
vn 0.8281 -0.2489 -0.5022
vn 0.3129 -0.9495 -0.0247
vn 0.9294 0.2840 -0.2356
vn 0.0940 -0.9858 0.1394
vn 0.8795 0.0023 -0.4760
vn 0.1253 0.8657 0.4846
vn 0.9593 0.1401 -0.2452
vn -0.0894 -0.2003 -0.9756
vn 0.3522 0.2033 0.9136
vn 0.9973 -0.0104 -0.0720
vn 0.4426 0.8949 -0.0568
vn 0.4875 0.8705 -0.0676
vn 0.0207 0.8195 -0.5728
vn 0.9137 -0.4051 -0.0335
vn 0.0767 -0.0251 -0.9967
vn 0.2066 0.0360 0.9778
vn 0.9970 0.0305 -0.0716
vn -0.0000 -1.0000 0.0021
vn 0.9080 -0.4176 -0.0323
vn 0.0765 -0.5406 -0.8378
vn 0.1369 -0.5205 0.8428
vn -0.4583 0.8310 0.3154
vn 0.3624 -0.9022 -0.2338
vn -0.4035 0.8799 0.2509
vn -0.8065 -0.5369 0.2475
vn -0.2189 0.8633 -0.4548
vn 0.9217 0.0846 0.3785
vn -0.3393 0.9347 -0.1058
vn -0.3908 0.7955 0.4631
vn -0.2451 -0.1357 0.9599
vn 0.9549 0.2968 0.0078
vn 0.0167 0.9912 -0.1310
vn 0.2774 -0.9605 0.0232
vn 0.4406 -0.8760 -0.1961
vn 0.0091 -0.9988 0.0475
vn 0.0929 -0.9384 -0.3329
vn -0.4419 0.7790 0.4448
vn 0.2044 -0.9741 -0.0970
vn 0.0866 -0.9427 -0.3223
vn -0.2447 -0.1091 -0.9634
vn -0.4130 0.8596 0.3008
vn 0.4139 -0.8584 -0.3032
vn 0.4122 -0.8686 -0.2750
vn 0.8365 -0.2465 -0.4894
vn 0.4598 -0.8808 -0.1130
vn -0.4978 0.7909 0.3560
vn -0.8828 -0.4202 -0.2098
vn 0.3720 -0.8751 -0.3096
vn 0.3422 -0.8748 -0.3430
vn 0.1778 0.3869 -0.9048
vn 0.3635 -0.8820 -0.2997
vn 0.8786 0.3588 0.3153
vn 0.5661 -0.8006 -0.1965
vn -0.2517 0.1882 -0.9493
vn -0.1508 0.8318 0.5341
vn 0.4657 -0.8260 -0.3175
vn -0.3514 0.8960 0.2716
vn 0.3690 -0.8995 -0.2338
vn 0.8346 0.4588 -0.3049
vn 0.3636 -0.8581 -0.3625
vn -0.3178 0.8019 0.5059
vn -0.8745 -0.4388 0.2067
vn -0.1877 -0.0734 -0.9795
vn -0.2650 0.8992 0.3481
vn -0.3459 0.8882 0.3024
vn 0.4763 -0.8351 -0.2753
vn 0.5472 0.4793 -0.6862
vn 0.6196 -0.7836 0.0465
vn 0.1957 0.3700 -0.9082
vn -0.2075 0.1252 -0.9702
vn -0.6118 0.7571 -0.2290
vn 0.9960 0.0891 -0.0007
vn -0.9990 -0.0305 -0.0325
vn -0.2270 0.0092 -0.9738
vn -0.1499 0.9703 0.1898
vn 0.0138 -0.9781 -0.2078
vn -0.1017 0.0533 0.9934
vn -0.1110 0.0047 -0.9938
vn 0.6891 0.7108 -0.1412
vn 0.9984 0.0218 -0.0517
vn -0.9994 -0.0290 -0.0187
vn -0.4294 -0.0375 0.9023
vn -0.9273 0.3696 -0.0587
vn -0.9436 0.3300 0.0273
vn 0.9829 0.1829 0.0185
vn -0.2766 -0.9185 0.2825
vn -0.0740 0.0319 0.9967
vn -0.2205 -0.0272 0.9750
vn -0.9977 -0.0077 -0.0673
vn 0.1991 -0.1096 0.9738
vn -0.3682 -0.0421 -0.9288
vn -0.2814 0.1367 -0.9498
vn -0.9757 -0.0516 0.2127
vn -0.9636 -0.1315 0.2329
vn -0.9455 -0.2295 0.2311
vn -0.1968 0.0306 -0.9800
vn 0.9528 0.2089 -0.2202
vn -0.3073 0.2054 -0.9292
vn -0.2058 0.0306 -0.9781
vn 0.8905 0.4547 0.0160
vn 0.7880 0.6068 -0.1041
vn -0.0386 0.4579 0.8882
vn 0.8839 0.4506 -0.1254
vn -0.9689 0.2071 0.1351
vn 0.9581 0.2040 -0.2013
vn 0.0724 0.2887 0.9547
vn -0.9643 0.2428 0.1056
vn 0.9531 0.2086 -0.2194
vn -0.2929 -0.1237 -0.9481
vn 0.0622 -0.9955 0.0716
vn -0.9585 -0.1355 0.2509
vn 0.7600 0.6248 -0.1791
vn -0.9755 -0.0496 0.2143
vn 0.7226 0.6640 -0.1922
vn -0.9762 0.1357 0.1693
vn -0.9785 0.1354 0.1556
vn 0.9556 0.2181 -0.1981
vn -0.9343 -0.2842 0.2154
vn 0.9690 0.0562 -0.2408
vn 0.1507 -0.1373 0.9790
vn 0.9690 0.0717 -0.2365
vn -0.0159 -0.1011 0.9948
vn -0.9376 -0.2590 0.2319
vn -0.2734 -0.2053 -0.9397
vn 0.9740 0.0057 -0.2264
vn -0.9396 -0.2671 0.2142
vn 0.1389 0.0540 0.9888
vn 0.9737 0.0402 -0.2245
vn -0.9337 0.3580 -0.0004
vn -0.3089 0.0060 -0.9511
vn 0.1522 -0.9866 -0.0588
vn -0.0658 -0.0021 0.9978
vn -0.9961 -0.0517 0.0718
vn -0.4707 -0.8809 0.0486
vn -0.9583 0.2857 0.0097
vn 0.0894 -0.9901 0.1082
vn -0.9994 -0.0294 -0.0200
vn 0.9976 -0.0370 -0.0589
vn -0.0987 0.8682 0.4862
vn -0.9995 0.0316 -0.0007
vn -0.1022 -0.0378 -0.9940
vn 0.9926 -0.0678 -0.1007
vn -0.1555 0.0798 0.9846
vn -0.9998 0.0042 0.0192
vn 0.9996 0.0020 -0.0298
vn -0.4511 0.8918 0.0356
vn 0.9991 0.0198 -0.0361
vn -0.4297 0.9027 0.0233
vn -0.0802 0.8331 -0.5473
vn -0.9137 -0.4059 0.0225
vn 0.9996 -0.0001 -0.0274
vn -0.1495 -0.0100 -0.9887
vn -0.1245 0.0177 0.9921
vn 0.9992 -0.0104 -0.0394
vn -0.9997 0.0115 0.0195
vn -0.9118 -0.4099 0.0236
vn -0.1240 -0.5387 -0.8333
vn -0.0857 -0.5263 0.8460
vn 0.9939 0.0865 0.0681
vn -0.9778 -0.2092 0.0148
vn 0.9891 0.1461 -0.0169
vn 0.0746 -0.9795 0.1874
vn -0.6292 -0.7098 0.3167
vn -0.5584 0.1538 0.8152
vn 0.5011 -0.7178 0.4834
vn 0.8799 -0.2371 0.4119
vn 0.0680 -0.1379 -0.9881
vn 0.8703 -0.2321 0.4344
vn -0.4681 0.5993 0.6494
vn -0.3729 -0.9186 0.1311
vn -0.0791 -0.0690 0.9945
vn -0.7057 -0.6359 0.3123
vn 0.0984 -0.9950 -0.0179
vn 0.0070 -0.9998 -0.0183
vn 0.5230 -0.7065 0.4768
vn -0.8613 -0.5076 -0.0221
vn -0.5309 -0.8376 0.1291
vn -0.9429 -0.1964 0.2692
vn 0.8622 -0.2764 0.4245
vn -0.9588 -0.2706 0.0870
vn -0.9597 -0.2608 0.1048
vn 0.5442 -0.7743 0.3230
vn -0.7587 -0.6462 0.0825
vn 0.2790 0.9529 -0.1190
vn 0.0897 -0.9529 -0.2898
vn -0.9875 -0.1503 -0.0481
vn -0.9730 -0.2041 -0.1081
vn -0.0677 0.6698 -0.7394
vn -0.9839 -0.1702 -0.0548
vn -0.1196 0.9371 0.3279
vn -0.9962 0.0343 0.0802
vn 0.0386 -0.0354 -0.9986
vn -0.9940 -0.0801 0.0740
vn -0.9957 -0.0552 -0.0747
vn 0.9767 0.2128 0.0277
vn -0.9639 -0.2653 0.0220
vn -0.1763 0.7868 0.5916
vn -0.9852 -0.1680 -0.0335
vn 0.8077 -0.3883 0.4438
vn 0.1386 -0.6839 -0.7163
vn 0.9350 0.3206 0.1515
vn 0.9807 0.1809 0.0741
vn -0.9980 -0.0549 0.0325
vn -0.1501 0.9573 -0.2469
vn 0.9305 0.1833 0.3170
vn -0.1287 0.8064 -0.5772
vn 0.1713 -0.9773 0.1250
vn 0.4077 -0.8927 -0.1919
vn 0.4467 -0.8792 -0.1656
vn 0.5900 -0.0664 0.8046
vn 0.9999 0.0014 -0.0148
vn 0.9568 0.1682 -0.2371
vn 0.0883 0.0188 0.9959
vn -0.1243 0.9598 -0.2515
vn -0.1023 0.0369 -0.9941
vn 0.4530 0.4049 -0.7942
vn -0.1726 -0.9679 0.1827
vn -0.9416 -0.3120 0.1266
vn -0.7900 -0.5667 0.2340
vn -0.2161 -0.1065 0.9705
vn -0.9934 0.0628 0.0963
vn -0.9999 0.0153 -0.0004
vn 0.0037 0.0958 0.9954
vn -0.8453 -0.5293 0.0725
vn -0.1762 0.0182 -0.9842
vn -0.9468 -0.3187 0.0444
vn 0.1605 -0.9684 -0.1911
vn -0.9892 0.1019 0.1054
vn -0.9870 0.1565 0.0378
vn -0.9786 0.2055 -0.0110
vn -0.9805 0.1958 0.0189
vn -0.9737 0.1605 0.1617
vn -0.1099 -0.9822 -0.1526
vn 0.9889 0.1486 -0.0041
vn 0.9504 0.3056 -0.0579
vn 0.9748 0.2222 -0.0192
vn 0.9262 0.3729 -0.0554
vn 0.9895 0.1160 0.0863
vn 0.5119 -0.0030 -0.8590
vn 0.8824 0.4320 0.1863
vn 0.7682 0.1509 -0.6222
vn 0.2607 -0.0250 -0.9651
vn 0.6503 -0.5746 0.4969
vn 0.6551 0.3222 0.6833
vn 0.9037 -0.0292 -0.4272
vn -0.6378 0.3635 -0.6790
vn 0.8930 -0.2411 -0.3801
vn -0.5932 -0.0837 -0.8007
vn -0.8106 0.3207 0.4899
vn 0.5818 0.1787 0.7934
vn 0.8537 0.0108 -0.5206
vn -0.4078 0.2167 -0.8870
vn -0.7733 -0.1677 0.6114
vn 0.4075 -0.3483 0.8442
vn 0.8415 -0.1874 -0.5067
vn -0.4518 -0.0279 -0.8917
vn -0.8320 -0.1923 0.5204
vn 0.4956 -0.3641 0.7886
vn 0.8118 -0.5537 0.1857
vn 0.5257 0.8465 0.0842
vn 0.9302 -0.3473 0.1188
vn -0.6175 -0.6654 0.4195
vn 0.6766 0.7341 -0.0572
vn 0.9836 0.0973 -0.1520
vn -0.4715 -0.5343 0.7016
vn -0.7480 -0.6029 0.2776
vn -0.2305 0.7543 -0.6148
vn 0.2382 -0.2100 -0.9482
vn 0.5038 0.1318 0.8537
vn 0.6024 -0.0949 0.7925
vn -0.7745 -0.4454 -0.4492
vn -0.9224 -0.0063 -0.3861
vn 0.2929 0.9197 -0.2616
vn 0.7875 -0.1793 -0.5896
vn 0.1026 0.8301 -0.5481
vn 0.5519 -0.0508 -0.8324
vn 0.9372 -0.1368 -0.3208
vn 0.3599 0.9328 -0.0204
vn -0.8215 0.1912 -0.5372
vn -0.8493 0.3436 0.4008
vn -0.7719 0.1271 -0.6229
vn -0.1244 -0.5819 -0.8037
vn -0.3940 -0.6268 0.6723
vn 0.0098 0.6511 -0.7589
vn -0.9043 -0.0107 -0.4267
vn 0.6201 0.3905 -0.6804
vn -0.8866 -0.2410 -0.3948
vn 0.6037 -0.0174 -0.7970
vn -0.8436 -0.0486 -0.5348
vn 0.4174 0.1899 -0.8886
vn 0.7765 -0.0807 0.6249
vn -0.8340 -0.2234 -0.5046
vn 0.4764 -0.0183 -0.8790
vn -0.9066 -0.2238 0.3578
vn 0.2867 0.9206 0.2653
vn -0.8318 -0.1514 0.5341
vn -0.3561 -0.8101 -0.4657
vn 0.1848 0.7551 0.6290
vn -0.4479 0.5189 0.7281
vn 0.2152 -0.9497 -0.2277
vn -0.1942 -0.7020 -0.6852
vn 0.3624 0.4551 -0.8134
vn -0.3697 0.3825 -0.8468
vn -0.2026 0.6070 0.7685
vn 0.0409 0.6384 0.7686
vn -0.5382 0.1784 -0.8237
vn 0.4665 0.2842 -0.8376
vn 0.0903 0.9928 0.0789
vn -0.4550 0.8856 0.0937
vn 0.0922 0.8474 -0.5228
vn -0.2826 0.8276 -0.4849
vn -0.6600 0.7480 -0.0697
vn 0.4597 0.8834 -0.0915
vn 0.9125 -0.0719 -0.4027
vn 0.5275 0.1143 -0.8419
vn 0.8688 0.4893 0.0757
vn 0.8297 -0.4439 0.3384
vn -0.9798 0.1897 0.0632
vn -0.1072 -0.7969 -0.5945
vn -0.7608 0.6382 0.1182
vn -0.6671 -0.4652 0.5818
vn 0.2983 -0.0663 -0.9522
vn 0.4031 -0.6969 0.5932
vn 0.7435 0.1099 0.6597
vn 0.7666 0.1058 -0.6333
vn 0.8214 -0.0673 0.5663
vn -0.1233 -0.6010 -0.7897
vn 0.8880 0.1029 -0.4481
vn -0.4898 0.3328 -0.8058
vn -0.8412 0.0114 0.5406
vn 0.5029 -0.2013 0.8406
vn 0.6456 0.3892 0.6571
vn 0.7992 0.2071 -0.5642
vn -0.3307 0.5909 -0.7359
vn 0.8735 -0.1305 -0.4691
vn -0.5288 0.0121 -0.8487
vn -0.4583 0.4253 0.7805
vn 0.5694 0.2338 0.7881
vn 0.8794 -0.1281 -0.4586
vn -0.5319 0.0826 -0.8428
vn -0.8064 -0.2679 0.5272
vn 0.4328 -0.4527 0.7796
vn 0.8633 -0.2865 -0.4155
vn -0.5645 -0.1278 -0.8155
vn -0.7698 0.0418 0.6369
vn 0.4653 -0.0382 0.8844
vn 0.9421 -0.0514 0.3315
vn 0.5590 -0.0014 -0.8292
vn 0.3342 -0.6509 0.6816
vn 0.2088 0.1057 -0.9722
vn -0.1099 -0.4811 -0.8697
vn 0.2580 0.8573 -0.4455
vn -0.1046 0.5403 0.8349
vn 0.2926 -0.1042 -0.9505
vn -0.0316 0.4477 0.8936
vn -0.1001 0.3628 0.9265
vn 0.2829 -0.2552 -0.9246
vn -0.1961 -0.2997 0.9336
vn 0.3345 0.1745 -0.9261
vn 0.3048 -0.0745 -0.9495
vn -0.1855 -0.2304 0.9553
vn -0.3918 -0.4897 0.7789
vn -0.7087 -0.1564 -0.6880
vn 0.9107 -0.1216 -0.3949
vn -0.5045 0.7268 -0.4662
vn 0.0648 -0.4778 -0.8761
vn 0.5006 -0.0648 -0.8633
vn 0.0598 -0.1351 0.9890
vn 0.8084 0.5862 -0.0537
vn 0.8494 -0.5038 0.1570
vn -0.6015 -0.6637 0.4447
vn -0.1361 0.0281 0.9903
vn 0.9712 0.1776 0.1586
vn 0.5785 0.8098 0.0975
vn 0.9474 -0.3178 -0.0380
vn -0.9531 -0.0975 0.2865
vn -0.6654 -0.7434 0.0684
vn -0.7134 -0.3737 0.5928
vn 0.9123 0.3885 -0.1293
vn -0.1609 0.8873 -0.4322
vn 0.4402 -0.3312 -0.8346
vn -0.2108 0.3197 0.9238
vn 0.2986 -0.7610 0.5760
vn 0.5546 0.0210 0.8319
vn 0.0038 0.3169 -0.9485
vn 0.3706 0.0692 -0.9262
vn -0.0237 0.5644 -0.8252
vn 0.4467 0.8876 -0.1125
vn 0.8956 -0.1347 -0.4239
vn 0.6763 0.4915 -0.5486
vn -0.8541 -0.2853 -0.4349
vn 0.0782 0.9685 -0.2364
vn 0.7052 -0.3217 -0.6318
vn 0.7566 0.4230 0.4986
vn 0.8952 0.1743 0.4102
vn 0.3649 0.4418 -0.8196
vn 0.7922 0.5097 -0.3357
vn -0.3409 -0.0472 -0.9389
vn -0.0641 -0.7573 0.6499
vn -0.6890 0.1280 0.7133
vn -0.8120 0.0643 -0.5801
vn -0.5222 -0.0910 0.8480
vn -0.0902 -0.6062 -0.7902
vn -0.8812 0.0431 -0.4709
vn 0.4895 0.3048 -0.8170
vn 0.8297 0.0757 0.5531
vn -0.4621 -0.1683 0.8707
vn -0.3356 0.3867 0.8590
vn -0.8095 0.2222 -0.5435
vn 0.3543 0.5765 -0.7363
vn -0.8687 -0.1190 -0.4809
vn 0.5277 0.0851 -0.8451
vn 0.4717 0.3798 0.7957
vn -0.8629 -0.1795 -0.4724
vn 0.5313 0.0695 -0.8443
vn 0.8252 -0.1655 0.5401
vn -0.8469 -0.3013 -0.4382
vn 0.5607 -0.0964 -0.8224
vn 0.8231 0.0170 0.5677
vn -0.8491 -0.0000 0.5283
vn -0.7770 -0.0095 -0.6294
vn -0.0123 -0.6949 0.7190
vn -0.2187 0.0437 -0.9748
vn -0.0346 -0.6071 -0.7939
vn -0.2812 0.8188 -0.5006
vn 0.0674 0.5918 0.8032
vn -0.3011 -0.0399 -0.9528
vn 0.0353 0.3785 0.9249
vn -0.2770 -0.2065 -0.9384
vn 0.1797 -0.3241 0.9288
vn -0.3244 0.1168 -0.9387
vn -0.2932 -0.0899 -0.9518
vn 0.0234 -0.6185 0.7854
vn 0.0791 -0.6023 -0.7943
vn -0.9970 0.0759 0.0169
vn 0.7048 0.0337 -0.7086
vn -0.6166 -0.1628 -0.7703
vn -0.1506 -0.7350 -0.6611
vn 0.2236 -0.5599 0.7978
vn -0.7366 0.6755 -0.0340
vn -0.7803 -0.4815 0.3991
vn -0.3049 -0.8124 -0.4970
vn 0.8071 -0.5837 0.0889
vn -0.7120 0.4102 0.5699
vn 0.2136 0.7471 0.6295
vn -0.8276 0.0297 0.5605
vn 0.5289 -0.5559 -0.6413
vn -0.2814 -0.6871 -0.6698
vn 0.2675 -0.8167 -0.5113
vn -0.2729 0.6888 0.6716
vn 0.5814 0.5849 -0.5656
vn -0.6806 0.4420 -0.5842
vn 0.5922 -0.0263 0.8054
vn -0.6016 -0.2084 0.7711
vn -0.0874 0.6278 0.7734
vn -0.0269 0.4439 -0.8957
vn -0.0273 0.8343 -0.5506
vn -0.2728 0.7076 -0.6519
vn 0.3446 0.7842 0.5160
vn -0.6799 0.5619 0.4712
vn -0.1614 0.9831 0.0867
vn -0.0487 0.2423 -0.9690
vn 0.5749 0.8030 -0.1571
vn -0.7956 0.5914 -0.1315
vn 0.0721 0.9018 0.4261
vn -0.2813 0.8773 0.3889
vn -0.1150 0.8468 -0.5193
vn -0.1357 0.9810 -0.1385
vn 0.9486 -0.1061 -0.2981
vn -0.3052 -0.2329 -0.9234
vn 0.8542 0.5090 0.1066
vn 0.6901 -0.6396 0.3386
vn 0.9473 0.0395 0.3178
vn 0.7692 -0.0283 -0.6384
vn -0.9403 0.0851 0.3296
vn -0.3225 -0.8144 -0.4824
vn -0.9205 0.3835 0.0750
vn -0.5596 -0.6854 0.4660
vn -0.7784 0.1026 0.6193
vn -0.5641 0.0641 -0.8232
vn 0.8463 0.1724 0.5041
vn 0.6679 0.3352 -0.6645
vn -0.7740 0.1956 0.6023
vn -0.7951 0.2823 -0.5368
vn 0.0709 -0.1014 -0.9923
usemtl Color_1
s off
f 199/1/1 188/2/1 480/3/1 483/4/1
f 7/5/2 194/6/2 486/7/2 166/8/2
f 65/9/3 299/10/3 273/11/3 46/12/3
f 507/13/4 186/14/4 72/15/4 178/16/4
f 32/17/5 26/18/5 71/19/5 109/20/5
f 309/21/6 304/22/6 268/23/6 266/24/6
f 30/25/7 80/26/7 361/27/7 265/28/7
f 505/29/8 191/30/8 4/31/8 180/32/8
f 32/17/9 186/14/9 189/33/9 26/18/9
f 26/18/10 264/34/10 362/35/10 71/19/10
f 29/36/11 28/37/11 33/38/11 34/39/11
f 193/40/12 205/41/12 490/42/12 487/43/12
f 180/32/13 4/31/13 5/44/13 181/45/13
f 181/45/14 5/44/14 6/46/14 182/47/14
f 63/48/15 288/49/15 318/50/15 66/51/15
f 276/52/16 47/53/16 56/54/16 292/55/16
f 179/56/17 74/57/17 192/58/17 504/59/17
f 31/60/18 192/58/18 74/57/18 108/61/18
f 4/31/19 7/5/19 8/62/19 5/44/19
f 244/63/20 247/64/20 207/65/20 213/66/20
f 6/46/21 9/67/21 190/68/21 187/69/21
f 197/70/22 357/71/22 223/72/22 220/73/22
f 13/74/23 222/75/23 228/76/23 20/77/23
f 22/78/24 239/79/24 212/80/24 10/81/24
f 20/77/25 228/76/25 251/82/25 24/83/25
f 224/84/26 16/85/26 14/86/26 12/87/26
f 245/88/27 214/89/27 11/90/27 23/91/27
f 238/92/28 241/93/28 209/94/28 211/95/28
f 196/96/29 507/13/29 178/16/29 358/97/29
f 216/98/30 18/99/30 81/100/30 70/101/30
f 11/90/31 10/81/31 212/80/31 210/102/31
f 83/103/32 82/104/32 14/86/32 16/85/32
f 70/105/33 203/106/33 217/107/33 216/108/33
f 82/104/34 81/100/34 18/99/34 14/86/34
f 2/109/35 1/110/35 15/111/35 17/112/35
f 216/113/36 234/114/36 21/115/36 12/87/36
f 218/116/37 13/74/37 20/77/37 236/117/37
f 3/118/38 2/109/38 17/112/38 19/119/38
f 243/120/39 23/91/39 11/90/39 210/102/39
f 224/84/40 12/87/40 21/115/40 230/121/40
f 28/37/41 55/122/41 204/123/41 263/124/41
f 249/125/42 22/78/42 10/81/42 208/126/42
f 215/127/43 219/128/43 235/129/43 232/130/43
f 18/99/44 216/98/44 12/87/44 14/86/44
f 16/85/45 224/84/45 360/131/45 83/103/45
f 221/132/46 225/133/46 229/134/46 226/135/46
f 218/116/47 19/119/47 17/112/47 13/74/47
f 222/75/48 13/74/48 17/112/48 15/111/48
f 261/136/49 24/83/49 22/78/49 249/125/49
f 257/137/50 245/88/50 23/91/50 25/138/50
f 256/139/51 259/140/51 248/141/51 246/142/51
f 255/143/52 25/138/52 23/91/52 243/120/52
f 73/144/53 355/145/53 262/146/53 27/147/53
f 250/148/54 253/149/54 242/150/54 240/151/54
f 227/152/55 231/153/55 254/154/55 252/155/55
f 234/114/56 257/137/56 25/138/56 21/115/56
f 24/83/57 251/82/57 239/79/57 22/78/57
f 233/156/58 237/157/58 260/158/58 258/159/58
f 230/121/59 21/115/59 25/138/59 255/143/59
f 192/58/60 31/60/60 27/147/60 195/160/60
f 236/117/61 20/77/61 24/83/61 261/136/61
f 30/25/62 54/161/62 53/162/62 29/36/62
f 108/61/63 73/144/63 27/147/63 31/60/63
f 190/68/64 9/67/64 168/163/64 481/164/64
f 491/165/65 204/123/65 55/122/65 171/166/65
f 182/47/66 6/46/66 187/69/66 506/167/66
f 263/124/67 356/168/67 78/169/67 28/37/67
f 5/44/68 8/62/68 9/67/68 6/46/68
f 33/38/69 117/170/69 123/171/69 36/172/69
f 30/25/70 29/36/70 34/39/70 35/173/70
f 80/26/71 30/25/71 35/173/71 119/174/71
f 28/37/72 78/169/72 117/170/72 33/38/72
f 37/175/73 36/172/73 39/176/73 40/177/73
f 35/173/74 34/39/74 37/175/74 38/178/74
f 34/39/75 33/38/75 36/172/75 37/175/75
f 119/174/76 35/173/76 38/178/76 125/179/76
f 41/180/77 40/177/77 43/181/77 44/182/77
f 125/179/78 38/178/78 41/180/78 131/183/78
f 36/172/79 123/171/79 129/184/79 39/176/79
f 38/178/80 37/175/80 40/177/80 41/180/80
f 42/185/81 135/186/81 136/187/81 43/181/81
f 43/181/81 136/187/81 137/188/81 44/182/81
f 40/177/82 39/176/82 42/185/82 43/181/82
f 131/183/83 41/180/83 44/182/83 137/188/83
f 39/176/84 129/184/84 135/186/84 42/185/84
f 65/9/85 46/12/85 269/189/85 306/190/85
f 307/191/86 267/192/86 45/193/86 64/194/86
f 63/48/87 66/51/87 310/195/87 292/196/87
f 46/12/88 45/193/88 267/192/88 269/189/88
f 168/163/89 167/197/89 52/198/89 47/53/89
f 488/199/90 489/200/90 280/201/90 277/202/90
f 167/197/91 166/8/91 50/203/91 52/198/91
f 61/204/92 60/205/92 288/206/92 63/48/92
f 283/207/93 274/208/93 294/209/93 295/210/93
f 278/211/94 282/212/94 289/213/94 286/214/94
f 166/8/95 486/7/95 279/215/95 50/203/95
f 171/166/96 55/122/96 53/162/96 169/216/96
f 208/126/31 10/81/31 11/90/31 214/89/31
f 170/217/97 51/218/97 49/219/97 169/216/97
f 29/36/98 53/162/98 55/122/98 28/37/98
f 200/220/99 485/221/99 170/217/99 54/161/99
f 47/53/100 52/198/100 61/204/100 56/54/100
f 51/218/101 284/222/101 297/223/101 58/224/101
f 485/221/102 284/222/102 51/218/102 170/217/102
f 484/225/103 482/226/103 275/227/103 285/228/103
f 52/198/104 50/203/104 60/205/104 61/204/104
f 49/219/105 51/218/105 58/224/105 57/229/105
f 48/230/106 49/219/106 57/229/106 59/231/106
f 481/164/107 168/163/107 47/53/107 276/52/107
f 281/232/108 491/165/108 171/166/108 48/230/108
f 50/203/109 279/215/109 288/233/109 60/205/109
f 271/234/110 45/193/110 46/12/110 273/11/110
f 319/235/111 290/236/111 62/237/111 67/238/111
f 271/234/112 303/239/112 64/194/112 45/193/112
f 324/240/113 325/241/113 302/242/113 300/243/113
f 297/244/114 315/245/114 67/238/114 62/237/114
f 332/246/115 329/247/115 305/248/115 308/249/115
f 333/250/116 307/191/116 64/194/116 68/251/116
f 298/252/117 301/253/117 270/254/117 272/255/117
f 66/51/118 69/256/118 328/257/118 310/195/118
f 303/239/119 327/258/119 68/251/119 64/194/119
f 69/256/120 322/259/120 299/10/120 65/9/120
f 290/260/121 59/231/121 57/229/121 62/237/121
f 287/261/122 291/262/122 321/263/122 316/264/122
f 58/224/123 297/265/123 62/237/123 57/229/123
f 56/54/124 61/204/124 63/48/124 292/266/124
f 296/267/125 293/268/125 312/269/125 313/270/125
f 335/271/126 72/15/126 109/20/126 116/272/126
f 69/256/127 65/9/127 306/190/127 328/257/127
f 66/51/128 318/50/128 322/259/128 69/256/128
f 327/258/129 319/235/129 67/238/129 68/251/129
f 317/273/130 320/274/130 326/275/130 323/276/130
f 315/245/131 333/250/131 68/251/131 67/238/131
f 314/277/132 311/278/132 330/279/132 331/280/132
f 510/281/133 178/16/133 72/15/133 335/271/133
f 87/282/134 172/283/134 500/284/134 343/285/134
f 161/286/135 142/287/135 419/288/135 446/289/135
f 86/290/136 334/291/136 337/292/136 89/293/136
f 116/272/137 109/20/137 71/19/137 110/294/137
f 364/295/138 370/296/138 91/297/138 90/298/138
f 114/299/139 410/300/139 361/27/139 80/26/139
f 115/301/140 108/61/140 74/57/140 339/302/140
f 116/272/141 110/294/141 338/303/141 335/271/141
f 96/304/142 83/103/142 360/131/142 380/305/142
f 79/306/143 118/307/143 119/308/143 80/309/143
f 113/310/144 121/311/144 120/312/144 112/313/144
f 341/314/145 499/315/145 503/316/145 353/317/145
f 183/318/146 184/319/146 85/320/146 84/321/146
f 184/319/147 185/322/147 86/290/147 85/320/147
f 159/323/148 162/324/148 462/325/148 433/326/148
f 420/327/149 440/328/149 152/329/149 143/330/149
f 179/56/150 509/331/150 339/302/150 74/57/150
f 339/302/151 342/332/151 111/333/151 115/301/151
f 84/321/152 85/320/152 88/334/152 87/282/152
f 395/335/153 369/336/153 363/337/153 398/338/153
f 347/339/154 495/340/154 492/341/154 336/342/154
f 346/343/155 375/344/155 378/345/155 359/346/155
f 93/347/156 100/348/156 382/349/156 376/350/156
f 103/351/157 90/298/157 368/352/157 391/353/157
f 100/348/158 105/354/158 402/355/158 382/349/158
f 110/294/159 71/19/159 362/35/159 411/356/159
f 397/357/160 104/358/160 91/297/160 370/296/160
f 389/359/161 367/360/161 365/361/161 392/362/161
f 344/363/162 358/97/162 178/16/162 510/281/162
f 372/364/163 70/101/163 81/100/163 98/365/163
f 91/297/138 366/366/138 368/352/138 90/298/138
f 83/103/164 96/304/164 94/367/164 82/104/164
f 70/105/165 372/368/165 373/369/165 350/370/165
f 82/104/166 94/367/166 98/365/166 81/100/166
f 76/371/167 97/372/167 95/373/167 75/374/167
f 372/375/168 92/376/168 101/377/168 387/378/168
f 371/379/169 388/380/169 102/381/169 374/382/169
f 77/383/170 99/384/170 97/372/170 76/371/170
f 393/385/171 366/366/171 91/297/171 104/358/171
f 377/386/172 381/387/172 384/388/172 379/389/172
f 112/313/173 408/390/173 354/391/173 151/392/173
f 399/393/174 364/295/174 90/298/174 103/351/174
f 98/365/175 94/367/175 92/376/175 372/364/175
f 374/394/176 102/381/176 100/348/176 93/347/176
f 380/305/177 92/376/177 94/367/177 96/304/177
f 376/350/178 95/373/178 97/372/178 93/347/178
f 374/395/179 93/347/179 97/372/179 99/384/179
f 380/305/180 386/396/180 101/377/180 92/376/180
f 107/397/181 399/398/181 103/351/181 105/354/181
f 407/399/182 106/400/182 104/358/182 397/357/182
f 406/401/183 396/402/183 399/403/183 107/397/183
f 404/404/184 393/385/184 104/358/184 106/400/184
f 453/405/185 412/406/185 414/407/185 450/408/185
f 102/381/186 107/397/186 105/354/186 100/348/186
f 383/409/187 401/410/187 405/411/187 385/412/187
f 387/378/188 101/377/188 106/400/188 407/399/188
f 105/354/189 103/351/189 391/353/189 402/355/189
f 388/380/190 406/401/190 107/397/190 102/381/190
f 386/396/191 404/404/191 106/400/191 101/377/191
f 508/413/192 183/318/192 84/321/192 340/414/192
f 400/415/193 390/416/193 394/417/193 403/418/193
f 114/299/194 113/310/194 149/419/194 150/420/194
f 108/61/195 115/301/195 111/333/195 73/144/195
f 337/292/196 494/421/196 174/422/196 89/293/196
f 502/423/197 177/424/197 151/392/197 354/391/197
f 185/322/198 511/425/198 334/291/198 86/290/198
f 408/390/199 112/313/199 78/169/199 356/168/199
f 85/320/200 86/290/200 89/293/200 88/334/200
f 117/426/201 123/427/201 124/428/201 118/307/201
f 120/312/202 126/429/202 123/171/202 117/170/202
f 114/299/203 122/430/203 121/311/203 113/310/203
f 80/26/204 119/174/204 122/430/204 114/299/204
f 78/431/205 117/426/205 118/307/205 79/306/205
f 112/313/206 120/312/206 117/170/206 78/169/206
f 127/432/207 133/433/207 132/434/207 126/429/207
f 124/428/208 130/435/208 131/436/208 125/437/208
f 122/430/209 128/438/209 127/432/209 121/311/209
f 118/307/210 124/428/210 125/437/210 119/308/210
f 121/311/211 127/432/211 126/429/211 120/312/211
f 119/174/212 125/179/212 128/438/212 122/430/212
f 134/439/213 140/440/213 139/441/213 133/433/213
f 129/442/214 135/443/214 136/444/214 130/435/214
f 125/179/215 131/183/215 134/439/215 128/438/215
f 126/429/216 132/434/216 129/184/216 123/171/216
f 123/427/217 129/442/217 130/435/217 124/428/217
f 128/438/218 134/439/218 133/433/218 127/432/218
f 138/445/81 139/441/81 136/187/81 135/186/81
f 139/441/81 140/440/81 137/188/81 136/187/81
f 130/435/214 136/444/214 137/446/214 131/436/214
f 133/433/219 139/441/219 138/445/219 132/434/219
f 131/183/220 137/188/220 140/440/220 134/439/220
f 132/434/221 138/445/221 135/186/221 129/184/221
f 161/286/222 451/447/222 415/448/222 142/287/222
f 455/449/223 160/450/223 141/451/223 413/452/223
f 159/323/224 440/453/224 458/454/224 162/324/224
f 142/287/225 415/448/225 413/452/225 141/451/225
f 174/422/226 143/330/226 148/455/226 173/456/226
f 498/457/227 423/458/227 426/459/227 501/460/227
f 173/456/228 148/455/228 146/461/228 172/283/228
f 157/462/229 159/323/229 433/463/229 156/464/229
f 497/465/230 430/466/230 421/467/230 493/468/230
f 146/461/231 156/464/231 433/469/231 424/470/231
f 425/471/232 432/472/232 435/473/232 427/474/232
f 177/424/233 175/475/233 149/419/233 151/392/233
f 73/144/234 111/333/234 409/476/234 355/145/234
f 176/477/235 175/475/235 145/478/235 147/479/235
f 113/310/236 112/313/236 151/392/236 149/419/236
f 349/480/237 150/420/237 176/477/237 496/481/237
f 143/330/238 152/329/238 157/462/238 148/455/238
f 147/479/239 154/482/239 442/483/239 431/484/239
f 496/481/240 176/477/240 147/479/240 431/484/240
f 494/421/241 420/327/241 143/330/241 174/422/241
f 148/455/242 157/462/242 156/464/242 146/461/242
f 145/478/243 153/485/243 154/482/243 147/479/243
f 144/486/244 155/487/244 153/485/244 145/478/244
f 429/488/245 441/489/245 438/490/245 422/491/245
f 428/492/246 144/486/246 177/424/246 502/423/246
f 172/283/247 146/461/247 424/470/247 500/284/247
f 417/493/248 419/288/248 142/287/248 141/451/248
f 467/494/249 163/495/249 158/496/249 437/497/249
f 417/493/250 141/451/250 160/450/250 448/498/250
f 468/499/251 445/500/251 449/501/251 471/502/251
f 442/503/252 158/496/252 163/495/252 460/504/252
f 479/505/253 454/506/253 452/507/253 475/508/253
f 478/509/254 164/510/254 160/450/254 455/449/254
f 444/511/255 418/512/255 416/513/255 447/514/255
f 162/324/256 458/454/256 476/515/256 165/516/256
f 448/498/257 160/450/257 164/510/257 472/517/257
f 165/516/258 161/286/258 446/289/258 470/518/258
f 437/519/259 158/496/259 153/485/259 155/487/259
f 434/520/260 464/521/260 465/522/260 436/523/260
f 154/482/261 153/485/261 158/496/261 442/524/261
f 152/329/262 440/525/262 159/323/262 157/462/262
f 443/526/263 459/527/263 456/528/263 439/529/263
f 165/516/264 476/515/264 451/447/264 161/286/264
f 162/324/265 165/516/265 470/518/265 462/325/265
f 472/517/266 164/510/266 163/495/266 467/494/266
f 463/530/267 469/531/267 473/532/267 466/533/267
f 460/504/268 163/495/268 164/510/268 478/509/268
f 461/534/269 477/535/269 474/536/269 457/537/269
f 54/161/270 170/217/270 169/216/270 53/162/270
f 281/232/271 48/230/271 59/231/271 290/538/271
f 48/230/272 171/166/272 169/216/272 49/219/272
f 27/147/273 262/146/273 206/539/273 195/160/273
f 1/110/274 182/47/274 506/167/274 198/540/274
f 191/30/275 194/6/275 7/5/275 4/31/275
f 70/105/276 179/56/276 504/59/276 203/106/276
f 8/62/277 7/5/277 166/8/277 167/197/277
f 189/33/278 201/541/278 264/34/278 26/18/278
f 9/67/279 8/62/279 167/197/279 168/163/279
f 150/420/280 149/419/280 175/475/280 176/477/280
f 428/492/281 437/542/281 155/487/281 144/486/281
f 144/486/282 145/478/282 175/475/282 177/424/282
f 111/333/283 342/332/283 352/543/283 409/476/283
f 75/374/284 345/544/284 511/425/284 185/322/284
f 340/414/285 84/321/285 87/282/285 343/285/285
f 70/105/286 350/370/286 509/331/286 179/56/286
f 88/334/287 173/456/287 172/283/287 87/282/287
f 338/303/288 110/294/288 411/356/288 348/545/288
f 89/293/289 174/422/289 173/456/289 88/334/289
f 349/480/290 410/300/290 114/299/290 150/420/290
f 76/371/291 75/374/291 185/322/291 184/319/291
f 77/383/292 76/371/292 184/319/292 183/318/292
f 99/384/293 77/383/293 351/546/293 374/547/293
f 351/546/294 77/383/294 183/318/294 508/413/294
f 376/548/295 345/544/295 75/374/295 95/373/295
f 200/220/296 54/161/296 30/25/296 265/28/296
f 2/109/297 181/45/297 182/47/297 1/110/297
f 3/118/298 180/32/298 181/45/298 2/109/298
f 19/119/299 218/549/299 202/550/299 3/118/299
f 202/550/300 505/29/300 180/32/300 3/118/300
f 222/551/301 15/111/301 1/110/301 198/540/301
f 188/2/302 189/33/302 190/68/302
f 193/40/303 194/6/303 195/160/303
f 196/96/304 197/70/304 198/540/304
f 199/1/305 200/552/305 201/553/305
f 204/123/306 205/554/306 206/555/306
f 217/107/307 218/116/307 219/128/307
f 220/73/308 221/132/308 222/551/308
f 223/72/309 224/556/309 225/557/309
f 226/135/310 227/152/310 228/76/310
f 229/134/311 230/558/311 231/559/311
f 232/130/312 233/560/312 234/561/312
f 235/129/313 236/117/313 237/157/313
f 238/92/314 239/79/314 240/151/314
f 241/93/315 242/562/315 243/563/315
f 244/63/316 245/564/316 246/565/316
f 247/64/317 248/141/317 249/125/317
f 250/148/318 251/82/318 252/155/318
f 253/149/319 254/566/319 255/567/319
f 256/139/320 257/568/320 258/569/320
f 259/140/321 260/158/321 261/136/321
f 274/208/322 275/227/322 276/52/322
f 277/202/323 278/211/323 279/215/323
f 280/201/324 281/232/324 282/212/324
f 283/207/325 284/222/325 285/228/325
f 286/214/326 287/261/326 288/233/326
f 289/213/327 290/236/327 291/262/327
f 292/196/328 293/268/328 294/209/328
f 295/210/329 296/267/329 297/223/329
f 298/252/330 299/10/330 300/243/330
f 301/253/331 302/242/331 303/239/331
f 304/22/332 305/248/332 306/190/332
f 307/191/333 308/249/333 309/21/333
f 310/195/334 311/278/334 312/269/334
f 313/270/335 314/277/335 315/245/335
f 316/264/336 317/273/336 318/50/336
f 319/235/337 320/274/337 321/263/337
f 322/259/338 323/276/338 324/240/338
f 325/241/339 326/275/339 327/258/339
f 328/257/340 329/247/340 330/279/340
f 331/280/341 332/246/341 333/250/341
f 336/342/342 337/292/342 338/303/342
f 341/314/343 342/332/343 343/285/343
f 344/363/344 345/544/344 346/343/344
f 347/339/345 348/570/345 349/571/345
f 352/543/346 353/572/346 354/573/346
f 357/71/347 358/574/347 359/575/347 360/576/347
f 375/344/348 376/350/348 377/386/348
f 378/345/349 379/577/349 380/578/349
f 381/387/350 382/349/350 383/409/350
f 384/388/351 385/579/351 386/580/351
f 389/359/352 390/416/352 391/353/352
f 392/362/353 393/581/353 394/582/353
f 395/335/354 396/583/354 397/584/354
f 400/415/355 401/410/355 402/355/355
f 403/418/356 404/585/356 405/586/356
f 420/327/357 421/467/357 422/491/357
f 423/458/358 424/470/358 425/471/358
f 426/459/359 427/474/359 428/492/359
f 429/488/360 430/466/360 431/484/360
f 432/472/361 433/326/361 434/520/361
f 435/473/362 436/523/362 437/542/362
f 438/490/363 439/529/363 440/328/363
f 441/489/364 442/503/364 443/526/364
f 444/511/365 445/500/365 446/289/365
f 447/514/366 448/498/366 449/501/366
f 450/408/367 451/447/367 452/507/367
f 453/405/368 454/506/368 455/449/368
f 456/528/369 457/537/369 458/454/369
f 459/527/370 460/504/370 461/534/370
f 462/325/371 463/530/371 464/521/371
f 465/522/372 466/533/372 467/494/372
f 468/499/373 469/531/373 470/518/373
f 471/502/374 472/517/374 473/532/374
f 474/536/375 475/508/375 476/515/375
f 477/535/376 478/509/376 479/505/376
f 480/3/377 481/164/377 482/226/377
f 483/4/378 484/225/378 485/221/378
f 486/7/379 487/43/379 488/199/379
f 489/200/380 490/42/380 491/165/380
f 492/341/381 493/468/381 494/421/381
f 495/340/382 496/481/382 497/465/382
f 498/457/383 499/315/383 500/284/383
f 501/460/384 502/423/384 503/316/384
f 201/541/385 189/33/385 188/2/385 199/1/385
f 263/124/386 204/123/386 206/587/386 262/588/386
f 505/29/387 202/550/387 203/106/387 504/59/387
f 507/13/388 196/96/388 198/540/388 506/167/388
f 205/41/389 193/40/389 195/160/389 206/539/389
f 265/28/390 361/27/390 362/589/390 264/590/390
f 238/92/391 211/95/391 212/80/391 239/79/391
f 243/120/392 210/102/392 209/591/392 241/592/392
f 244/63/393 213/66/393 214/593/393 245/594/393
f 249/125/394 208/126/394 207/65/394 247/64/394
f 202/550/395 218/549/395 217/107/395 203/106/395
f 197/70/396 220/73/396 222/551/396 198/540/396
f 360/131/397 224/84/397 223/595/397 357/596/397
f 221/132/398 226/135/398 228/76/398 222/75/398
f 224/84/399 230/121/399 229/597/399 225/598/399
f 215/127/400 232/130/400 234/599/400 216/600/400
f 218/116/401 236/117/401 235/129/401 219/128/401
f 250/148/402 240/151/402 239/79/402 251/82/402
f 255/143/403 243/120/403 242/601/403 253/602/403
f 256/139/404 246/142/404 245/603/404 257/604/404
f 261/136/405 249/125/405 248/141/405 259/140/405
f 227/152/406 252/155/406 251/82/406 228/76/406
f 230/121/407 255/143/407 254/605/407 231/606/407
f 233/156/408 258/159/408 257/607/408 234/599/408
f 236/117/409 261/136/409 260/158/409 237/157/409
f 194/6/410 191/30/410 192/58/410 195/160/410
f 189/33/411 186/14/411 187/69/411 190/68/411
f 356/168/412 263/124/412 262/608/412 355/609/412
f 357/71/413 197/70/413 196/96/413 358/97/413
f 200/220/414 265/28/414 264/610/414 201/611/414
f 210/102/415 212/80/415 211/95/415 209/94/415
f 208/126/416 214/89/416 213/66/416 207/65/416
f 225/133/417 221/132/417 220/73/417 223/72/417
f 219/128/418 215/127/418 216/108/418 217/107/418
f 237/157/419 233/156/419 232/130/419 235/129/419
f 231/153/420 227/152/420 226/135/420 229/134/420
f 247/64/421 244/63/421 246/142/421 248/141/421
f 241/93/422 238/92/422 240/151/422 242/150/422
f 253/149/423 250/148/423 252/155/423 254/154/423
f 259/140/424 256/139/424 258/159/424 260/158/424
f 266/24/425 268/23/425 269/189/425 267/192/425
f 271/234/426 273/11/426 272/255/426 270/254/426
f 480/3/427 188/2/427 190/68/427 481/164/427
f 298/252/428 272/255/428 273/11/428 299/10/428
f 303/239/429 271/234/429 270/254/429 301/253/429
f 485/221/430 200/220/430 199/1/430 483/4/430
f 294/209/431 274/208/431 276/52/431 292/55/431
f 488/199/432 277/202/432 279/215/432 486/7/432
f 491/165/433 281/232/433 280/201/433 489/200/433
f 297/223/434 284/222/434 283/207/434 295/210/434
f 274/208/435 283/207/435 285/228/435 275/227/435
f 282/212/436 278/211/436 277/202/436 280/201/436
f 278/211/437 286/214/437 288/233/437 279/215/437
f 281/232/438 290/538/438 289/213/438 282/212/438
f 312/269/439 293/268/439 292/196/439 310/195/439
f 315/245/440 297/244/440 296/267/440 313/270/440
f 293/268/441 296/267/441 295/210/441 294/209/441
f 291/262/442 287/261/442 286/214/442 289/213/442
f 324/240/443 300/243/443 299/10/443 322/259/443
f 327/258/444 303/239/444 302/242/444 325/241/444
f 268/23/445 304/22/445 306/190/445 269/189/445
f 267/192/446 307/191/446 309/21/446 266/24/446
f 304/22/447 309/21/447 308/249/447 305/248/447
f 301/253/448 298/252/448 300/243/448 302/242/448
f 330/279/449 311/278/449 310/195/449 328/257/449
f 333/250/450 315/245/450 314/277/450 331/280/450
f 287/261/451 316/264/451 318/50/451 288/49/451
f 290/236/452 319/235/452 321/263/452 291/262/452
f 320/274/453 317/273/453 316/264/453 321/263/453
f 311/278/454 314/277/454 313/270/454 312/269/454
f 317/273/455 323/276/455 322/259/455 318/50/455
f 319/235/456 327/258/456 326/275/456 320/274/456
f 305/248/457 329/247/457 328/257/457 306/190/457
f 307/191/458 333/250/458 332/246/458 308/249/458
f 325/241/459 324/240/459 323/276/459 326/275/459
f 329/247/460 332/246/460 331/280/460 330/279/460
f 347/339/461 336/342/461 338/303/461 348/545/461
f 409/476/462 352/543/462 354/573/462 408/612/462
f 509/331/463 350/370/463 351/546/463 508/413/463
f 511/425/464 345/544/464 344/363/464 510/281/464
f 352/543/465 342/332/465 341/314/465 353/317/465
f 411/356/466 362/35/466 361/613/466 410/614/466
f 391/353/467 368/352/467 367/360/467 389/359/467
f 392/362/468 365/361/468 366/615/468 393/616/468
f 397/357/469 370/296/469 369/617/469 395/618/469
f 398/338/470 363/337/470 364/295/470 399/393/470
f 350/370/471 373/369/471 374/547/471 351/546/471
f 345/544/472 376/548/472 375/344/472 346/343/472
f 359/346/473 378/345/473 380/619/473 360/576/473
f 376/350/474 382/349/474 381/387/474 377/386/474
f 379/389/475 384/388/475 386/620/475 380/621/475
f 372/375/476 387/378/476 388/622/476 371/623/476
f 402/355/477 391/353/477 390/416/477 400/415/477
f 403/418/478 394/417/478 393/624/478 404/625/478
f 407/399/479 397/357/479 396/626/479 406/627/479
f 382/349/480 402/355/480 401/410/480 383/409/480
f 385/412/481 405/411/481 404/628/481 386/620/481
f 387/378/482 407/399/482 406/629/482 388/622/482
f 342/332/483 339/302/483 340/414/483 343/285/483
f 337/292/484 334/291/484 335/271/484 338/303/484
f 355/145/485 409/476/485 408/630/485 356/631/485
f 358/97/486 344/363/486 346/343/486 359/346/486
f 348/545/487 411/356/487 410/632/487 349/571/487
f 365/361/488 367/360/488 368/352/488 366/366/488
f 363/337/489 369/336/489 370/296/489 364/295/489
f 378/345/490 375/344/490 377/386/490 379/389/490
f 373/369/491 372/368/491 371/379/491 374/382/491
f 384/388/492 381/387/492 383/409/492 385/412/492
f 399/403/493 396/402/493 395/335/493 398/338/493
f 394/417/494 390/416/494 389/359/494 392/362/494
f 405/411/495 401/410/495 400/415/495 403/418/495
f 413/452/496 415/448/496 414/407/496 412/406/496
f 416/513/497 418/512/497 419/288/497 417/493/497
f 494/421/498 337/292/498 336/342/498 492/341/498
f 446/289/499 419/288/499 418/512/499 444/511/499
f 447/514/500 416/513/500 417/493/500 448/498/500
f 495/340/501 347/339/501 349/480/501 496/481/501
f 440/328/502 420/327/502 422/491/502 438/490/502
f 500/284/503 424/470/503 423/458/503 498/457/503
f 501/460/504 426/459/504 428/492/504 502/423/504
f 441/489/505 429/488/505 431/484/505 442/483/505
f 421/467/506 430/466/506 429/488/506 422/491/506
f 426/459/507 423/458/507 425/471/507 427/474/507
f 424/470/508 433/469/508 432/472/508 425/471/508
f 427/474/509 435/473/509 437/542/509 428/492/509
f 458/454/510 440/453/510 439/529/510 456/528/510
f 459/527/511 443/526/511 442/503/511 460/504/511
f 438/490/512 441/489/512 443/526/512 439/529/512
f 435/473/513 432/472/513 434/520/513 436/523/513
f 470/518/514 446/289/514 445/500/514 468/499/514
f 471/502/515 449/501/515 448/498/515 472/517/515
f 415/448/516 451/447/516 450/408/516 414/407/516
f 412/406/517 453/405/517 455/449/517 413/452/517
f 452/507/518 454/506/518 453/405/518 450/408/518
f 449/501/519 445/500/519 444/511/519 447/514/519
f 476/515/520 458/454/520 457/537/520 474/536/520
f 477/535/521 461/534/521 460/504/521 478/509/521
f 433/326/522 462/325/522 464/521/522 434/520/522
f 436/523/523 465/522/523 467/494/523 437/497/523
f 465/522/524 464/521/524 463/530/524 466/533/524
f 456/528/525 459/527/525 461/534/525 457/537/525
f 462/325/526 470/518/526 469/531/526 463/530/526
f 466/533/527 473/532/527 472/517/527 467/494/527
f 451/447/528 476/515/528 475/508/528 452/507/528
f 454/506/529 479/505/529 478/509/529 455/449/529
f 473/532/530 469/531/530 468/499/530 471/502/530
f 474/536/531 477/535/531 479/505/531 475/508/531
f 275/227/532 482/226/532 481/164/532 276/52/532
f 284/222/533 485/221/533 484/225/533 285/228/533
f 193/40/534 487/43/534 486/7/534 194/6/534
f 204/123/535 491/165/535 490/42/535 205/41/535
f 489/200/536 488/199/536 487/43/536 490/42/536
f 482/226/537 484/225/537 483/4/537 480/3/537
f 420/327/538 494/421/538 493/468/538 421/467/538
f 430/466/539 497/465/539 496/481/539 431/484/539
f 343/285/540 500/284/540 499/315/540 341/314/540
f 353/317/541 503/316/541 502/423/541 354/391/541
f 498/457/542 501/460/542 503/316/542 499/315/542
f 497/465/543 493/468/543 492/341/543 495/340/543
f 191/30/544 505/29/544 504/59/544 192/58/544
f 186/14/545 507/13/545 506/167/545 187/69/545
f 339/302/546 509/331/546 508/413/546 340/414/546
f 334/291/547 511/425/547 510/281/547 335/271/547
f 186/14/548 32/17/548 109/20/548 72/15/548
o Icosphere
v -1.024885 -1.340554 2.451614
v -1.017283 -1.168280 2.511424
v -1.058158 -1.735040 1.752571
v -1.097629 -1.723707 1.923077
v -1.132402 -1.684025 2.081373
v -1.160481 -1.605524 2.221854
v -1.188582 -0.976858 2.512268
v -1.174505 -0.795169 2.502046
v -1.152706 -0.619538 2.457417
v -1.124207 -0.460125 2.379959
v -1.090712 -0.334092 2.272215
v -1.053617 -0.248296 2.138242
v -1.014033 -0.200292 1.983418
v -0.972822 -0.179930 1.814168
v -1.180473 -1.485478 2.339345
v -1.191720 -1.330514 2.429255
v -1.194395 -1.157621 2.487689
v -1.363401 -1.146055 2.429822
v -1.350921 -1.319619 2.374746
v -1.323750 -1.475673 2.290288
v -1.006440 -0.177629 1.802658
v -1.079976 -0.195779 1.960840
v -1.149352 -0.241745 2.105463
v -1.212559 -0.325753 2.230495
v -1.267484 -0.450320 2.330902
v -1.311906 -0.608643 2.402907
v -1.343512 -0.783603 2.444179
v -1.360899 -0.965065 2.453267
v -1.282328 -1.597185 2.180134
v -1.228136 -1.677473 2.048594
v -1.163572 -1.719195 1.900498
v -1.091776 -1.732739 1.741061
v -1.122489 -1.730346 1.723203
v -1.223819 -1.714501 1.865469
v -1.315601 -1.670659 1.997741
v -1.393649 -1.588513 2.115410
v -1.518331 -0.952800 2.361734
v -1.497918 -0.771574 2.354404
v -1.457354 -0.597312 2.318341
v -1.398383 -0.440122 2.254795
v -1.323880 -0.317081 2.165771
v -1.236816 -0.234931 2.054610
v -1.140222 -0.191086 1.925811
v -1.037153 -0.175236 1.784801
v -1.454649 -1.465475 2.214181
v -1.496368 -1.308288 2.290180
v -1.517807 -1.134026 2.340047
v -1.651680 -1.121997 2.221815
v -1.622473 -1.296956 2.178807
v -1.568141 -1.455277 2.113948
v -1.063782 -0.172844 1.761283
v -1.192457 -0.186392 1.879679
v -1.312648 -0.228117 1.987636
v -1.420397 -0.308408 2.080530
v -1.511875 -0.429924 2.154562
v -1.583459 -0.585980 2.206969
v -1.631790 -0.759545 2.236172
v -1.654826 -0.940535 2.241185
v -1.490166 -1.579840 2.030169
v -1.391433 -1.663845 1.930768
v -1.276053 -1.709808 1.819338
v -1.149118 -1.727953 1.699685
v -1.170639 -1.725652 1.671410
v -1.318268 -1.705294 1.763875
v -1.452720 -1.657293 1.850248
v -1.568169 -1.571501 1.927687
v -1.765140 -0.928741 2.096253
v -1.739984 -0.747977 2.094024
v -1.685375 -0.575084 2.073069
v -1.603597 -0.420118 2.034056
v -1.498400 -0.300068 1.978048
v -1.373935 -0.221565 1.907117
v -1.234672 -0.181879 1.824217
v -1.085303 -0.170543 1.733008
v -1.659863 -1.445471 1.993442
v -1.724390 -1.286060 2.044907
v -1.759874 -1.110430 2.079668
v -1.838231 -1.099769 1.919069
v -1.798201 -1.276018 1.893626
v -1.726291 -1.436433 1.857293
v -1.100889 -0.168422 1.701063
v -1.265245 -0.177719 1.761554
v -1.418321 -0.215526 1.816145
v -1.554893 -0.292382 1.862262
v -1.670026 -0.411080 1.897907
v -1.759187 -0.565041 1.921788
v -1.818342 -0.737316 1.933426
v -1.845032 -0.917871 1.932508
v -1.624662 -1.563814 1.811902
v -1.497106 -1.651254 1.759276
v -1.348842 -1.701134 1.701212
v -1.186225 -1.723532 1.639465
v -1.195278 -1.721673 1.605078
v -1.366599 -1.697488 1.633758
v -1.522886 -1.645960 1.661348
v -1.657473 -1.557077 1.687263
v -1.891434 -0.908343 1.756243
v -1.863852 -0.727971 1.760547
v -1.802056 -0.556239 1.758940
v -1.708608 -0.403157 1.751348
v -1.587704 -0.285645 1.737624
v -1.444101 -0.210232 1.718217
v -1.283003 -0.174073 1.694100
v -1.109942 -0.166563 1.666675
v -1.764873 -1.428510 1.710733
v -1.841071 -1.267215 1.730778
v -1.883741 -1.090424 1.746191
v -1.894655 -1.082754 1.567676
v -1.851351 -1.259990 1.562621
v -1.774125 -1.422008 1.559396
v -1.112113 -0.165038 1.631166
v -1.287261 -0.171080 1.624447
v -1.450283 -0.205887 1.617096
v -1.595572 -0.280115 1.608922
v -1.717860 -0.396655 1.600010
v -1.812337 -0.549014 1.590783
v -1.874766 -0.720301 1.582033
v -1.902562 -0.900523 1.574230
v -1.665341 -1.551548 1.558561
v -1.529068 -1.641616 1.560227
v -1.370857 -1.694495 1.564105
v -1.197449 -1.720147 1.569569
v -1.192654 -1.719014 1.534303
v -1.361453 -1.692271 1.494929
v -1.515415 -1.638387 1.459800
v -1.647964 -1.547438 1.430741
v -1.877987 -0.894712 1.393466
v -1.850663 -0.714602 1.404742
v -1.789633 -0.543645 1.423778
v -1.697427 -0.391823 1.449710
v -1.578195 -0.276006 1.481102
v -1.436630 -0.202659 1.516669
v -1.277857 -0.168856 1.555272
v -1.107319 -0.163904 1.595901
v -1.753692 -1.417176 1.409096
v -1.828647 -1.254621 1.395617
v -1.870553 -1.077054 1.390385
v -1.812361 -1.073543 1.221131
v -1.773831 -1.251314 1.236183
v -1.704360 -1.414200 1.265610
v -1.095743 -0.163205 1.562234
v -1.255151 -0.167486 1.489232
v -1.403667 -0.200670 1.420794
v -1.536241 -0.273475 1.359077
v -1.648094 -0.388847 1.306223
v -1.734817 -0.540338 1.264344
v -1.792471 -0.711091 1.235488
v -1.818655 -0.891132 1.220896
v -1.606010 -1.544907 1.308716
v -1.482452 -1.636398 1.363925
v -1.338748 -1.690902 1.428890
v -1.181079 -1.718315 1.500637
v -1.016322 -1.732476 1.575819
v -1.163168 -1.718079 1.469862
v -1.303614 -1.690439 1.368524
v -1.431445 -1.635726 1.276288
v -1.541091 -1.544051 1.197174
v -1.726846 -0.889922 1.063153
v -1.702426 -0.709904 1.080775
v -1.649996 -0.539219 1.118609
v -1.571757 -0.387841 1.175064
v -1.471322 -0.272619 1.247535
v -1.352660 -0.199998 1.333157
v -1.220017 -0.167023 1.428866
v -1.077832 -0.162969 1.531460
v -1.628023 -1.413193 1.134450
v -1.689011 -1.250196 1.090447
v -1.722316 -1.072356 1.066419
v -1.603877 -1.073539 0.932193
v -1.577444 -1.251310 0.964009
v -1.527616 -1.414196 1.020660
v -1.054273 -0.163205 1.504761
v -1.173805 -0.167485 1.376494
v -1.285570 -0.200668 1.257124
v -1.385933 -0.273472 1.150764
v -1.471350 -0.388843 1.061274
v -1.538430 -0.540334 0.992171
v -1.583988 -0.711086 0.946550
v -1.606087 -0.891128 0.926297
v -1.455702 -1.544904 1.100403
v -1.364355 -1.636396 1.200255
v -1.257401 -1.690900 1.316152
v -1.139609 -1.718314 1.443163
v -1.111308 -1.719012 1.421566
v -1.201887 -1.692268 1.273786
v -1.283760 -1.638382 1.138749
v -1.353124 -1.547432 1.022121
v -1.461020 -0.894703 0.815590
v -1.441708 -0.714593 0.837970
v -1.404405 -0.543637 0.889891
v -1.350731 -0.391816 0.969224
v -1.283355 -0.276000 1.072482
v -1.204975 -0.202654 1.195618
v -1.118290 -0.168853 1.334128
v -1.025972 -0.163902 1.483163
v -1.406997 -1.417169 0.928610
v -1.443419 -1.254613 0.861729
v -1.461597 -1.077045 0.823613
v -1.300944 -1.082741 0.744850
v -1.292087 -1.259978 0.787536
v -1.270801 -1.421998 0.861838
v -0.994016 -0.165035 1.467496
v -1.055606 -0.171075 1.303396
v -1.113973 -0.205880 1.151003
v -1.167530 -0.280106 1.015697
v -1.214536 -0.396645 0.902452
v -1.253073 -0.549002 0.815698
v -1.281055 -0.720289 0.759207
v -1.297219 -0.900511 0.735284
v -1.237299 -1.551539 0.965336
v -1.192757 -1.641609 1.094134
v -1.139203 -1.694491 1.243054
v -1.079352 -1.720145 1.405899
v -1.044969 -1.721670 1.396765
v -1.071759 -1.697482 1.225138
v -1.094844 -1.645952 1.068124
v -1.112679 -1.557066 0.932231
v -1.120979 -0.908327 0.688467
v -1.108201 -0.727955 0.713289
v -1.090248 -0.556224 0.772444
v -1.067998 -0.403144 0.863525
v -1.042910 -0.285633 0.982592
v -1.016059 -0.210223 1.124992
v -0.988162 -0.174066 1.285480
v -0.959634 -0.166560 1.458363
v -1.124263 -1.428497 0.822911
v -1.129263 -1.267200 0.744283
v -1.128091 -1.090408 0.698933
v -0.949680 -1.099750 0.687624
v -0.961204 -1.276000 0.733630
v -0.973014 -1.436417 0.813324
v -0.924145 -0.168418 1.456113
v -0.918550 -0.177712 1.281068
v -0.914997 -0.215515 1.118587
v -0.914283 -0.292369 0.974439
v -0.916748 -0.411064 0.853938
v -0.922189 -0.565024 0.761792
v -0.929791 -0.737298 0.701980
v -0.939073 -0.917852 0.676937
v -0.984052 -1.563801 0.924078
v -0.993782 -1.651244 1.061718
v -1.002146 -1.701127 1.220726
v -1.009481 -1.723528 1.394515
v -0.974251 -1.725648 1.399237
v -0.933041 -1.705286 1.229987
v -0.893456 -1.657281 1.075163
v -0.856361 -1.571486 0.941190
v -0.758492 -0.928720 0.701137
v -0.752679 -0.747957 0.725716
v -0.755354 -0.575065 0.784150
v -0.766600 -0.420100 0.874059
v -0.786592 -0.300054 0.991552
v -0.814672 -0.221553 1.132032
v -0.849444 -0.181871 1.290329
v -0.888916 -0.170538 1.460834
v -0.822866 -1.445453 0.833446
v -0.794368 -1.286041 0.755989
v -0.772568 -1.110409 0.711359
v -0.603562 -1.121975 0.769226
v -0.635167 -1.296936 0.810498
v -0.679589 -1.455258 0.882503
v -0.855298 -0.172839 1.472345
v -0.783501 -0.186383 1.312907
v -0.718937 -0.228105 1.164811
v -0.664745 -0.308392 1.033271
v -0.623324 -0.429905 0.923117
v -0.596153 -0.585960 0.838659
v -0.583673 -0.759523 0.783583
v -0.586174 -0.940513 0.760138
v -0.734514 -1.579825 0.982910
v -0.797722 -1.663833 1.107942
v -0.867098 -1.709799 1.252565
v -0.940634 -1.727949 1.410747
v -0.909921 -1.730342 1.428604
v -0.806851 -1.714493 1.287594
v -0.710258 -1.670647 1.158795
v -0.623194 -1.588497 1.047634
v -0.428743 -0.952778 0.851671
v -0.429266 -0.771552 0.873358
v -0.450705 -0.597291 0.923226
v -0.492424 -0.440103 0.999224
v -0.553425 -0.317065 1.097996
v -0.631473 -0.234918 1.215664
v -0.723255 -0.191077 1.347936
v -0.824585 -0.175232 1.490202
v -0.548690 -1.465456 0.958610
v -0.489720 -1.308267 0.895064
v -0.449156 -1.134004 0.859001
v -0.315283 -1.146033 0.977234
v -0.363615 -1.319598 1.006437
v -0.435198 -1.475654 1.058843
v -0.797956 -0.177625 1.513720
v -0.671020 -0.195770 1.394068
v -0.555640 -0.241732 1.282638
v -0.456908 -0.325737 1.183237
v -0.378933 -0.450301 1.099457
v -0.324600 -0.608622 1.034598
v -0.295394 -0.783581 0.991590
v -0.292247 -0.965042 0.972220
v -0.526677 -1.597170 1.132875
v -0.634425 -1.677461 1.225769
v -0.754617 -1.719186 1.333725
v -0.883292 -1.732734 1.452122
v -0.861770 -1.735035 1.480397
v -0.712402 -1.723700 1.389189
v -0.573138 -1.684013 1.306289
v -0.448673 -1.605509 1.235358
v -0.181934 -0.976837 1.117152
v -0.187200 -0.795148 1.133737
v -0.222684 -0.619518 1.168498
v -0.287210 -0.460107 1.219963
v -0.378904 -0.334077 1.285719
v -0.494353 -0.248285 1.363158
v -0.628805 -0.200284 1.449531
v -0.776435 -0.179926 1.541995
v -0.343476 -1.485461 1.179349
v -0.261698 -1.330494 1.140337
v -0.207089 -1.157601 1.119380
v -0.128731 -1.168262 1.279979
v -0.187887 -1.340537 1.291617
v -0.277047 -1.494498 1.315498
v -0.760849 -0.182046 1.573940
v -0.598232 -0.204444 1.512193
v -0.449967 -0.254324 1.454129
v -0.322412 -0.341763 1.401504
v -0.220782 -0.469145 1.356112
v -0.148872 -0.629561 1.319779
v -0.108842 -0.805809 1.294336
v -0.102041 -0.987706 1.280897
v -0.392181 -1.613195 1.351143
v -0.528752 -1.690052 1.397260
v -0.681828 -1.727859 1.451851
v -0.846184 -1.737156 1.512342
v -0.837132 -1.739015 1.546730
v -0.664071 -1.731505 1.519305
v -0.502973 -1.695346 1.495188
v -0.359370 -1.619933 1.475782
v -0.055639 -0.997235 1.457163
v -0.063332 -0.815154 1.467215
v -0.106003 -0.638363 1.482627
v -0.182200 -0.477068 1.502672
v -0.289601 -0.348500 1.526143
v -0.424188 -0.259617 1.552057
v -0.580474 -0.208090 1.579647
v -0.751796 -0.183905 1.608328
v -0.238466 -1.502421 1.462058
v -0.145017 -1.349340 1.454465
v -0.083221 -1.177607 1.452858
v -0.072308 -1.185277 1.631373
v -0.134737 -1.356564 1.622622
v -0.229214 -1.508923 1.613396
v -0.749625 -0.185431 1.643836
v -0.576216 -0.211082 1.649300
v -0.418006 -0.263962 1.653178
v -0.281732 -0.354030 1.654845
v -0.172948 -0.483570 1.654010
v -0.095723 -0.645588 1.650784
v -0.052418 -0.822824 1.645730
v -0.044512 -1.005055 1.639175
v -0.351502 -1.625462 1.604484
v -0.496790 -1.699691 1.596309
v -0.659812 -1.734498 1.588958
v -0.834961 -1.740541 1.582239
v -0.839755 -1.741674 1.617504
v -0.669217 -1.736722 1.658134
v -0.510443 -1.702919 1.696736
v -0.368878 -1.629572 1.732304
v -0.069086 -1.010866 1.819940
v -0.076521 -0.828524 1.823020
v -0.118427 -0.650957 1.817789
v -0.193381 -0.488402 1.804310
v -0.299109 -0.358139 1.782665
v -0.431659 -0.267191 1.753605
v -0.585620 -0.213306 1.718476
v -0.754420 -0.186564 1.679102
v -0.930752 -0.173102 1.637586
v -0.249647 -1.513755 1.763696
v -0.157441 -1.361933 1.789627
v -0.096410 -1.190976 1.808664
v -0.154602 -1.194487 1.977918
v -0.212257 -1.365241 1.949061
v -0.298979 -1.516731 1.907182
v -0.765995 -0.187263 1.712769
v -0.608326 -0.214676 1.784516
v -0.464622 -0.269179 1.849480
v -0.341063 -0.360671 1.904690
v -0.242714 -0.491378 1.947796
v -0.173242 -0.654265 1.977222
v -0.134713 -0.832035 1.992275
v -0.128419 -1.014446 1.992510
v -0.410832 -1.632103 1.854329
v -0.543406 -1.704908 1.792611
v -0.691922 -1.738092 1.724174
v -0.851330 -1.742373 1.651171
v -0.869241 -1.742609 1.681945
v -0.727056 -1.738555 1.784539
v -0.594413 -1.705580 1.880249
v -0.475752 -1.632959 1.965870
v -0.220228 -1.015656 2.150253
v -0.224758 -0.833222 2.146987
v -0.258063 -0.655383 2.122959
v -0.319051 -0.492384 2.078955
v -0.405982 -0.361526 2.016231
v -0.515628 -0.269852 1.937118
v -0.643460 -0.215139 1.844882
v -0.783906 -0.187499 1.743543
v -0.375316 -1.517738 2.038341
v -0.297077 -1.366359 2.094797
v -0.244647 -1.195674 2.132630
v -0.363086 -1.194492 2.266856
v -0.408644 -1.365245 2.221235
v -0.475723 -1.516735 2.152133
v -0.807465 -0.187264 1.770242
v -0.689672 -0.214678 1.897254
v -0.582718 -0.269182 2.013150
v -0.491372 -0.360674 2.113003
v -0.419458 -0.491382 2.192746
v -0.369630 -0.654269 2.249396
v -0.343196 -0.832039 2.281213
v -0.340987 -1.014450 2.287108
v -0.561141 -1.632106 2.062642
v -0.661503 -1.704910 1.956281
v -0.773269 -1.738094 1.836912
v -0.892800 -1.742373 1.708645
v -0.921101 -1.741676 1.730242
v -0.828783 -1.736726 1.879278
v -0.742098 -1.702924 2.017787
v -0.663719 -1.629578 2.140924
v -0.486054 -1.010875 2.397816
v -0.485476 -0.828533 2.389793
v -0.503654 -0.650965 2.351677
v -0.540077 -0.488409 2.284796
v -0.593950 -0.358146 2.191285
v -0.663314 -0.267195 2.074656
v -0.745187 -0.213310 1.939620
v -0.835766 -0.186566 1.791840
v -0.596342 -1.513762 2.244182
v -0.542669 -1.361942 2.323515
v -0.505365 -1.190985 2.375437
v -0.666019 -1.185289 2.454199
v -0.694001 -1.356576 2.397708
v -0.732538 -1.508933 2.310954
v -0.867722 -0.185433 1.807507
v -0.807871 -0.211087 1.970351
v -0.754316 -0.263969 2.119272
v -0.709775 -0.354039 2.248069
v -0.676272 -0.483580 2.351568
v -0.654987 -0.645600 2.425869
v -0.646130 -0.822837 2.468555
v -0.649855 -1.005067 2.478121
v -0.779544 -1.625471 2.197708
v -0.833101 -1.699698 2.062403
v -0.891467 -1.734503 1.910009
v -0.953057 -1.740543 1.745909
v -1.030325 -1.494514 2.359468
v -0.987440 -1.739018 1.755043
v -0.958911 -1.731512 1.927926
v -0.931015 -1.695355 2.088413
v -0.904164 -1.619944 2.230813
v -0.826095 -0.997251 2.524939
v -0.818983 -0.815170 2.514473
v -0.817811 -0.638378 2.469123
v -0.822810 -0.477081 2.390495
v -0.834395 -0.348512 2.281174
v -0.852230 -0.259626 2.145282
v -0.875315 -0.208096 1.988267
v -0.902105 -0.183908 1.816640
v -0.879076 -1.502434 2.349881
v -0.856825 -1.349355 2.440961
v -0.838873 -1.177623 2.500117
v -0.937593 -0.182050 1.818890
v -0.944927 -0.204451 1.992680
v -0.953292 -0.254334 2.151688
v -0.963022 -0.341776 2.289327
v -0.974060 -0.469161 2.400082
v -0.985870 -0.629578 2.479775
v -0.997394 -0.805828 2.525782
v -1.008001 -0.987725 2.536469
v -1.032791 -1.613209 2.238966
v -0.774203 -0.636264 -3.586696
v -0.946328 -0.810767 1.056849
v -0.750683 -0.639923 -3.585962
v -0.922808 -0.814422 1.057583
v -0.728323 -0.648099 -3.585441
v -0.900447 -0.822588 1.058105
v -0.707981 -0.660479 -3.585152
v -0.880105 -0.834962 1.058394
v -0.690440 -0.676585 -3.585107
v -0.862564 -0.851069 1.058439
v -0.676374 -0.695799 -3.585307
v -0.848498 -0.870283 1.058239
v -0.666323 -0.717383 -3.585746
v -0.838446 -0.891867 1.057800
v -0.660673 -0.740508 -3.586405
v -0.832796 -0.914992 1.057141
v -0.659641 -0.764284 -3.587260
v -0.831765 -0.938768 1.056286
v -0.663268 -0.787798 -3.588278
v -0.835391 -0.962282 1.055268
v -0.671413 -0.810147 -3.589420
v -0.843537 -0.984630 1.054126
v -0.683764 -0.830470 -3.590641
v -0.855888 -1.004954 1.052905
v -0.699846 -0.847989 -3.591896
v -0.871970 -1.022473 1.051650
v -0.719041 -0.862028 -3.593135
v -0.891165 -1.036512 1.050411
v -0.740612 -0.872049 -3.594311
v -0.912736 -1.046529 1.049235
v -0.763729 -0.877667 -3.595379
v -0.935852 -1.052137 1.048167
v -0.787504 -0.878666 -3.596298
v -0.959627 -1.053131 1.047249
v -0.811024 -0.875006 -3.597032
v -0.983147 -1.049476 1.046515
v -0.833384 -0.866830 -3.597554
v -1.005508 -1.041309 1.045992
v -0.853726 -0.854451 -3.597843
v -1.025849 -1.028935 1.045703
v -0.871267 -0.838345 -3.597888
v -1.043391 -1.012829 1.045658
v -0.885333 -0.819130 -3.597687
v -1.057457 -0.993614 1.045859
v -0.895385 -0.797546 -3.597249
v -1.067508 -0.972030 1.046298
v -0.901035 -0.774422 -3.596589
v -1.073158 -0.948906 1.046957
v -0.902066 -0.750645 -3.595734
v -1.074190 -0.925129 1.047812
v -0.898440 -0.727131 -3.594716
v -1.070563 -0.901615 1.048830
v -0.890294 -0.704783 -3.593574
v -1.062418 -0.879267 1.049972
v -0.877943 -0.684459 -3.592353
v -1.050067 -0.858943 1.051193
v -0.861861 -0.666941 -3.591098
v -1.033985 -0.841425 1.052448
v -0.842666 -0.652901 -3.589859
v -1.014789 -0.827385 1.053687
v -0.821095 -0.642880 -3.588683
v -0.993219 -0.817369 1.054863
v -0.797978 -0.637262 -3.587615
v -0.970102 -0.811761 1.055930
v -1.032076 -1.690063 2.094819
v -1.028524 -1.727866 1.932338
v -1.022928 -1.737160 1.757293
v -1.151457 -0.459845 2.495615
v -0.978273 -0.470268 2.518825
v -1.034906 -1.502321 2.477946
v -1.208090 -1.491899 2.454736
v -1.027122 -1.342823 2.511980
v -1.205682 -1.332076 2.488049
v -0.988108 -0.631846 2.540141
v -1.166668 -0.621100 2.516211
v -1.373349 -1.480589 2.398152
v -1.376070 -1.320416 2.429709
v -1.337056 -0.609440 2.457871
v -1.316716 -0.448535 2.439031
v -1.492725 -0.597312 2.367362
v -1.531739 -1.308288 2.339200
v -1.524332 -1.468827 2.310367
v -1.467699 -0.436773 2.351247
v -1.655236 -1.457064 2.194756
v -1.666706 -1.296161 2.220001
v -1.627692 -0.585185 2.248163
v -1.598603 -0.425011 2.235636
v -1.704398 -0.413700 2.096640
v -1.736771 -0.573523 2.104853
v -1.775785 -1.284499 2.076692
v -1.761032 -1.445753 2.055761
v -1.837652 -1.435328 1.898723
v -1.854783 -1.273751 1.914780
v -1.815769 -0.562774 1.942941
v -1.781019 -0.403275 1.939602
v -1.825520 -0.394137 1.770557
v -1.861651 -0.553353 1.768649
v -1.900666 -1.264329 1.740488
v -1.882153 -1.426191 1.729678
v -1.892825 -1.418691 1.555121
v -1.911668 -1.256597 1.560513
v -1.872654 -0.545621 1.588674
v -1.836191 -0.386637 1.596000
v -1.812624 -0.381064 1.422640
v -1.848355 -0.539874 1.409934
v -1.887369 -1.250850 1.381772
v -1.869257 -1.413117 1.381761
v -1.755722 -0.377631 1.257139
v -1.812355 -1.409684 1.216259
v -1.789687 -0.536335 1.239296
v -1.828701 -1.247311 1.211134
v -1.667673 -0.376470 1.105857
v -1.698905 -0.535138 1.083318
v -1.737920 -1.246114 1.055157
v -1.724306 -1.408524 1.064977
v -1.551861 -0.377627 0.974607
v -1.608494 -1.409680 0.933728
v -1.618513 -1.247306 0.919834
v -1.579498 -0.536330 0.947995
v -1.412735 -0.381056 0.868434
v -1.436055 -0.539865 0.838527
v -1.475069 -1.250842 0.810366
v -1.469369 -1.413109 0.827555
v -1.274088 -0.545608 0.759120
v -1.255644 -0.386625 0.791418
v -1.312277 -1.418679 0.750539
v -1.313102 -1.256584 0.730959
v -1.086623 -0.394122 0.746518
v -1.099821 -0.553337 0.712827
v -1.143256 -1.426175 0.705639
v -1.138835 -1.264313 0.684666
v -0.958966 -1.273732 0.673265
v -0.919952 -0.562756 0.701426
v -0.912168 -0.403257 0.735460
v -0.968801 -1.435310 0.694581
v -0.738983 -0.413679 0.758669
v -0.741392 -0.573502 0.725356
v -0.795617 -1.445733 0.717790
v -0.780406 -1.284478 0.697194
v -0.610018 -1.296139 0.755534
v -0.571003 -0.585163 0.783696
v -0.573724 -0.424989 0.815253
v -0.630357 -1.457043 0.774374
v -0.479374 -1.468805 0.862158
v -0.422741 -0.436751 0.903037
v -0.454349 -1.308266 0.846043
v -0.415334 -0.597290 0.874205
v -0.348470 -1.480567 0.977769
v -0.319382 -1.320394 0.965243
v -0.280367 -0.609417 0.993404
v -0.291837 -0.448514 1.018649
v -0.242675 -1.491878 1.116765
v -0.186042 -0.459825 1.157644
v -0.210303 -1.332056 1.108552
v -0.171289 -0.621080 1.136714
v -0.166055 -1.502303 1.273803
v -0.131305 -1.342804 1.270464
v -0.092290 -0.631828 1.298626
v -0.109421 -0.470250 1.314682
v -0.121553 -1.511441 1.442848
v -0.085422 -1.352225 1.444756
v -0.046408 -0.641249 1.472918
v -0.064920 -0.479387 1.483728
v -0.035405 -0.648982 1.652893
v -0.054249 -0.486887 1.658285
v -0.110882 -1.518941 1.617405
v -0.074420 -1.359958 1.624731
v -0.077816 -0.492461 1.831645
v -0.059705 -0.654728 1.831634
v -0.134450 -1.524514 1.790766
v -0.098719 -1.365704 1.803472
v -0.157387 -1.369244 1.974110
v -0.118372 -0.658268 2.002271
v -0.134718 -0.495894 1.997146
v -0.191351 -1.527947 1.956267
v -0.222767 -0.497054 2.148429
v -0.209154 -0.659464 2.158248
v -0.279400 -1.529108 2.107549
v -0.248168 -1.370440 2.130087
v -0.367575 -1.369248 2.265410
v -0.328561 -0.658272 2.293572
v -0.338580 -0.495898 2.279678
v -0.395213 -1.527951 2.238799
v -0.477705 -0.492469 2.385851
v -0.472004 -0.654737 2.403040
v -0.511019 -1.365713 2.374879
v -0.534338 -1.524523 2.344971
v -0.633971 -0.648994 2.482446
v -0.634797 -0.486899 2.462867
v -0.691430 -1.518953 2.421988
v -0.672986 -1.359970 2.454285
v -0.803818 -0.479403 2.507767
v -0.808238 -0.641265 2.528740
v -0.860451 -1.511456 2.466888
v -0.847253 -1.352241 2.500578
vt 0.781250 0.937500
vt 0.765625 1.000000
vt 0.750000 0.937500
vt 1.000000 0.875000
vt 1.000000 0.937500
vt 0.968750 0.937500
vt 0.968750 0.875000
vt 0.156250 0.625000
vt 0.187500 0.625000
vt 0.187500 0.625000
vt 0.156250 0.625000
vt 0.781250 0.562500
vt 0.781250 0.625000
vt 0.750000 0.625000
vt 0.750000 0.562500
vt 0.781250 0.500000
vt 0.750000 0.500000
vt 0.812500 0.687500
vt 0.781250 0.687500
vt 0.781250 0.687500
vt 0.812500 0.687500
vt 0.765625 0.000000
vt 0.781250 0.062500
vt 0.750000 0.062500
vt 0.781250 0.750000
vt 0.750000 0.750000
vt 0.750000 0.687500
vt 0.781250 0.375000
vt 0.781250 0.437500
vt 0.750000 0.437500
vt 0.750000 0.375000
vt 0.781250 0.250000
vt 0.781250 0.312500
vt 0.750000 0.312500
vt 0.750000 0.250000
vt 0.781250 0.812500
vt 0.781250 0.875000
vt 0.750000 0.875000
vt 0.750000 0.812500
vt 0.281250 0.625000
vt 0.312500 0.625000
vt 0.312500 0.625000
vt 0.281250 0.625000
vt 0.812500 0.437500
vt 0.812500 0.500000
vt 0.031250 0.375000
vt 0.000000 0.375000
vt 0.000000 0.375000
vt 0.031250 0.375000
vt 0.375000 0.812500
vt 0.343750 0.812500
vt 0.343750 0.750000
vt 0.375000 0.750000
vt 0.843750 0.437500
vt 0.843750 0.500000
vt 0.812500 0.812500
vt 0.812500 0.750000
vt 0.187500 0.687500
vt 0.156250 0.687500
vt 0.156250 0.687500
vt 0.187500 0.687500
vt 0.812500 0.062500
vt 0.812500 0.125000
vt 0.781250 0.125000
vt 0.843750 0.937500
vt 0.828125 1.000000
vt 0.812500 0.937500
vt 0.843750 0.250000
vt 0.843750 0.312500
vt 0.812500 0.312500
vt 0.812500 0.250000
vt 0.796875 0.000000
vt 0.406250 0.375000
vt 0.375000 0.375000
vt 0.375000 0.375000
vt 0.406250 0.375000
vt 0.812500 0.562500
vt 0.812500 0.375000
vt 0.812500 0.875000
vt 0.875000 0.437500
vt 0.875000 0.500000
vt 0.812500 0.625000
vt 0.875000 0.937500
vt 0.859375 1.000000
vt 0.875000 0.687500
vt 0.875000 0.750000
vt 0.843750 0.750000
vt 0.843750 0.687500
vt 0.859375 0.000000
vt 0.875000 0.062500
vt 0.843750 0.062500
vt 0.796875 1.000000
vt 0.218750 0.312500
vt 0.250000 0.312500
vt 0.250000 0.312500
vt 0.218750 0.312500
vt 0.875000 0.562500
vt 0.843750 0.562500
vt 0.843750 0.875000
vt 0.843750 0.125000
vt 0.843750 0.625000
vt 0.875000 0.125000
vt 0.843750 0.812500
vt 0.875000 0.375000
vt 0.843750 0.375000
vt 0.875000 0.812500
vt 0.875000 0.875000
vt 0.875000 0.625000
vt 0.000000 0.312500
vt 0.031250 0.312500
vt 0.031250 0.312500
vt 0.000000 0.312500
vt 0.437500 0.625000
vt 0.468750 0.625000
vt 0.468750 0.625000
vt 0.437500 0.625000
vt 0.828125 0.000000
vt 0.875000 0.250000
vt 0.875000 0.312500
vt 0.906250 0.937500
vt 0.890625 1.000000
vt 0.625000 0.687500
vt 0.593750 0.687500
vt 0.593750 0.687500
vt 0.625000 0.687500
vt 0.906250 0.500000
vt 0.906250 0.562500
vt 0.906250 0.250000
vt 0.906250 0.312500
vt 0.937500 0.812500
vt 0.937500 0.875000
vt 0.906250 0.875000
vt 0.906250 0.812500
vt 0.750000 0.375000
vt 0.781250 0.375000
vt 0.906250 0.437500
vt 0.906250 0.625000
vt 0.937500 0.562500
vt 0.937500 0.625000
vt 0.953125 1.000000
vt 0.937500 0.937500
vt 0.906250 0.375000
vt 0.250000 0.375000
vt 0.218750 0.375000
vt 0.218750 0.375000
vt 0.250000 0.375000
vt 0.890625 0.000000
vt 0.906250 0.062500
vt 0.968750 0.687500
vt 0.937500 0.687500
vt 0.937500 0.687500
vt 0.968750 0.687500
vt 0.906250 0.687500
vt 0.906250 0.750000
vt 0.968750 0.562500
vt 0.968750 0.625000
vt 0.906250 0.125000
vt 0.937500 0.375000
vt 0.937500 0.437500
vt 0.968750 0.250000
vt 0.968750 0.312500
vt 0.937500 0.312500
vt 0.937500 0.250000
vt 0.968750 0.375000
vt 0.968750 0.437500
vt 0.968750 0.500000
vt 0.937500 0.500000
vt 0.781250 0.625000
vt 0.750000 0.625000
vt 0.953125 0.000000
vt 0.968750 0.062500
vt 0.937500 0.062500
vt 0.921875 1.000000
vt 0.125000 0.812500
vt 0.093750 0.812500
vt 0.093750 0.750000
vt 0.125000 0.750000
vt 0.968750 0.812500
vt 0.968750 0.750000
vt 0.937500 0.750000
vt 0.968750 0.125000
vt 0.937500 0.125000
vt 0.921875 0.000000
vt 0.687500 0.812500
vt 0.656250 0.812500
vt 0.656250 0.750000
vt 0.687500 0.750000
vt 0.968750 0.625000
vt 0.937500 0.625000
vt 1.000000 0.250000
vt 1.000000 0.312500
vt 0.984375 1.000000
vt 0.984375 0.000000
vt 1.000000 0.062500
vt 0.031250 0.062500
vt 0.031250 0.125000
vt 0.000000 0.125000
vt 0.000000 0.062500
vt 0.625000 0.812500
vt 0.625000 0.750000
vt 1.000000 0.562500
vt 1.000000 0.625000
vt 1.000000 0.437500
vt 1.000000 0.500000
vt 0.031250 0.437500
vt 0.031250 0.500000
vt 0.000000 0.500000
vt 0.000000 0.437500
vt 0.062500 0.875000
vt 0.062500 0.937500
vt 0.031250 0.937500
vt 0.031250 0.875000
vt 1.000000 0.125000
vt 0.062500 0.250000
vt 0.062500 0.312500
vt 0.031250 0.250000
vt 1.000000 0.687500
vt 1.000000 0.750000
vt 0.000000 0.937500
vt 0.000000 0.875000
vt 0.125000 0.375000
vt 0.093750 0.375000
vt 0.093750 0.375000
vt 0.125000 0.375000
vt 0.750000 0.687500
vt 1.000000 0.375000
vt 1.000000 0.812500
vt 0.218750 0.625000
vt 0.250000 0.625000
vt 0.250000 0.625000
vt 0.218750 0.625000
vt 0.046875 1.000000
vt 0.062500 0.062500
vt 0.062500 0.125000
vt 0.062500 0.687500
vt 0.062500 0.750000
vt 0.031250 0.750000
vt 0.031250 0.687500
vt 0.046875 0.000000
vt 0.015625 1.000000
vt 0.375000 0.625000
vt 0.406250 0.625000
vt 0.406250 0.625000
vt 0.375000 0.625000
vt 0.000000 0.250000
vt 0.000000 0.750000
vt 0.000000 0.687500
vt 0.468750 0.687500
vt 0.437500 0.687500
vt 0.437500 0.687500
vt 0.468750 0.687500
vt 0.062500 0.437500
vt 0.062500 0.500000
vt 0.031250 0.562500
vt 0.031250 0.625000
vt 0.000000 0.625000
vt 0.000000 0.562500
vt 0.062500 0.562500
vt 0.031250 0.812500
vt 0.000000 0.812500
vt 0.062500 0.375000
vt 0.062500 0.812500
vt 0.062500 0.625000
vt 0.937500 0.375000
vt 0.968750 0.375000
vt 0.015625 0.000000
vt 0.093750 0.937500
vt 0.078125 1.000000
vt 0.375000 0.312500
vt 0.406250 0.312500
vt 0.406250 0.312500
vt 0.375000 0.312500
vt 0.093750 0.500000
vt 0.093750 0.562500
vt 0.093750 0.250000
vt 0.093750 0.312500
vt 0.125000 0.437500
vt 0.093750 0.437500
vt 0.093750 0.875000
vt 0.093750 0.625000
vt 0.156250 0.437500
vt 0.156250 0.500000
vt 0.125000 0.500000
vt 0.156250 0.937500
vt 0.140625 1.000000
vt 0.125000 0.937500
vt 0.109375 1.000000
vt 0.656250 0.312500
vt 0.687500 0.312500
vt 0.687500 0.312500
vt 0.656250 0.312500
vt 0.593750 0.812500
vt 0.593750 0.750000
vt 0.156250 0.875000
vt 0.125000 0.875000
vt 0.078125 0.000000
vt 0.093750 0.062500
vt 0.968750 0.312500
vt 0.937500 0.312500
vt 0.093750 0.687500
vt 0.156250 0.562500
vt 0.125000 0.625000
vt 0.125000 0.562500
vt 0.093750 0.125000
vt 0.156250 0.250000
vt 0.156250 0.312500
vt 0.125000 0.312500
vt 0.125000 0.250000
vt 0.156250 0.375000
vt 0.125000 0.625000
vt 0.093750 0.625000
vt 0.687500 0.375000
vt 0.656250 0.375000
vt 0.656250 0.375000
vt 0.687500 0.375000
vt 0.140625 0.000000
vt 0.156250 0.062500
vt 0.125000 0.062500
vt 0.187500 0.312500
vt 0.187500 0.312500
vt 0.156250 0.312500
vt 0.156250 0.812500
vt 0.156250 0.750000
vt 0.125000 0.687500
vt 0.156250 0.125000
vt 0.125000 0.125000
vt 0.187500 0.500000
vt 0.187500 0.562500
vt 0.187500 0.375000
vt 0.187500 0.437500
vt 0.187500 0.812500
vt 0.187500 0.875000
vt 0.109375 0.000000
vt 0.187500 0.937500
vt 0.187500 0.250000
vt 0.343750 0.375000
vt 0.312500 0.375000
vt 0.312500 0.375000
vt 0.343750 0.375000
vt 0.250000 0.500000
vt 0.250000 0.562500
vt 0.218750 0.562500
vt 0.218750 0.500000
vt 0.250000 0.812500
vt 0.250000 0.875000
vt 0.218750 0.875000
vt 0.218750 0.812500
vt 0.171875 1.000000
vt 0.187500 0.750000
vt 0.250000 0.437500
vt 0.218750 0.437500
vt 0.093750 0.687500
vt 0.125000 0.687500
vt 0.250000 0.937500
vt 0.218750 0.937500
vt 0.187500 0.062500
vt 0.187500 0.125000
vt 0.234375 1.000000
vt 0.171875 0.000000
vt 0.843750 0.312500
vt 0.812500 0.312500
vt 0.218750 0.687500
vt 0.218750 0.750000
vt 0.218750 0.062500
vt 0.218750 0.125000
vt 0.250000 0.250000
vt 0.218750 0.250000
vt 0.250000 0.062500
vt 0.250000 0.125000
vt 0.250000 0.687500
vt 0.250000 0.750000
vt 0.234375 0.000000
vt 0.203125 1.000000
vt 0.203125 0.000000
vt 0.562500 0.687500
vt 0.531250 0.687500
vt 0.531250 0.687500
vt 0.562500 0.687500
vt 0.265625 0.000000
vt 0.281250 0.062500
vt 0.281250 0.687500
vt 0.281250 0.750000
vt 0.281250 0.125000
vt 0.281250 0.437500
vt 0.281250 0.500000
vt 0.156250 0.375000
vt 0.187500 0.375000
vt 0.312500 0.812500
vt 0.312500 0.750000
vt 0.281250 0.250000
vt 0.281250 0.312500
vt 0.281250 0.562500
vt 0.875000 0.687500
vt 0.906250 0.687500
vt 0.312500 0.875000
vt 0.281250 0.875000
vt 0.281250 0.812500
vt 0.281250 0.937500
vt 0.265625 1.000000
vt 0.906250 0.625000
vt 0.875000 0.625000
vt 0.343750 0.687500
vt 0.312500 0.687500
vt 0.343750 0.062500
vt 0.343750 0.125000
vt 0.312500 0.125000
vt 0.312500 0.062500
vt 0.312500 0.437500
vt 0.281250 0.375000
vt 0.593750 0.312500
vt 0.625000 0.312500
vt 0.625000 0.312500
vt 0.593750 0.312500
vt 0.343750 0.250000
vt 0.343750 0.312500
vt 0.312500 0.312500
vt 0.312500 0.250000
vt 0.343750 0.875000
vt 0.343750 0.937500
vt 0.312500 0.937500
vt 0.296875 1.000000
vt 0.343750 0.437500
vt 0.343750 0.500000
vt 0.312500 0.500000
vt 0.328125 1.000000
vt 0.296875 0.000000
vt 0.343750 0.625000
vt 0.343750 0.625000
vt 0.343750 0.562500
vt 0.312500 0.562500
vt 0.062500 0.625000
vt 0.031250 0.625000
vt 0.375000 0.500000
vt 0.375000 0.562500
vt 0.781250 0.312500
vt 0.750000 0.312500
vt 0.375000 0.437500
vt 0.375000 0.875000
vt 0.328125 0.000000
vt 0.359375 0.000000
vt 0.375000 0.062500
vt 0.875000 0.375000
vt 0.906250 0.375000
vt 0.375000 0.937500
vt 0.375000 0.250000
vt 0.359375 1.000000
vt 0.375000 0.687500
vt 0.343750 0.312500
vt 0.312500 0.312500
vt 0.406250 0.437500
vt 0.406250 0.500000
vt 0.375000 0.125000
vt 0.437500 0.875000
vt 0.437500 0.937500
vt 0.406250 0.937500
vt 0.406250 0.875000
vt 0.421874 1.000000
vt 0.406250 0.562500
vt 0.406250 0.250000
vt 0.390625 0.000000
vt 0.406250 0.062500
vt 0.437500 0.250000
vt 0.437500 0.312500
vt 0.406250 0.687500
vt 0.406250 0.750000
vt 0.406250 0.125000
vt 0.437500 0.062500
vt 0.437500 0.125000
vt 0.468750 0.812500
vt 0.468750 0.875000
vt 0.437500 0.812500
vt 0.562500 0.812500
vt 0.562500 0.750000
vt 0.468750 0.062500
vt 0.468750 0.125000
vt 0.468750 0.375000
vt 0.468750 0.437500
vt 0.437500 0.437500
vt 0.437500 0.375000
vt 0.390625 1.000000
vt 0.468750 0.250000
vt 0.468750 0.312500
vt 0.437500 0.500000
vt 0.625000 0.375000
vt 0.593750 0.375000
vt 0.593750 0.375000
vt 0.625000 0.375000
vt 0.375000 0.687500
vt 0.406250 0.687500
vt 0.468750 0.750000
vt 0.437500 0.750000
vt 0.406250 0.812500
vt 0.468750 0.500000
vt 0.250000 0.687500
vt 0.281250 0.687500
vt 0.421875 0.000000
vt 0.906250 0.312500
vt 0.875000 0.312500
vt 0.468750 0.562500
vt 0.437500 0.562500
vt 0.468750 0.937500
vt 0.453124 1.000000
vt 0.453125 0.000000
vt 0.062500 0.375000
vt 0.500000 0.812500
vt 0.500000 0.875000
vt 0.500000 0.250000
vt 0.500000 0.312500
vt 0.500000 0.500000
vt 0.500000 0.562500
vt 0.531250 0.562500
vt 0.531250 0.625000
vt 0.500000 0.625000
vt 0.531250 0.375000
vt 0.531250 0.437500
vt 0.500000 0.437500
vt 0.500000 0.375000
vt 0.531250 0.812500
vt 0.531250 0.875000
vt 0.593750 0.625000
vt 0.625000 0.625000
vt 0.625000 0.625000
vt 0.593750 0.625000
vt 0.500000 0.625000
vt 0.515625 0.000000
vt 0.531250 0.062500
vt 0.500000 0.062500
vt 0.500000 0.937500
vt 0.531250 0.125000
vt 0.500000 0.125000
vt 0.484374 1.000000
vt 0.531250 0.500000
vt 0.562500 0.500000
vt 0.562500 0.562500
vt 0.562500 0.375000
vt 0.562500 0.437500
vt 0.562500 0.875000
vt 0.562500 0.062500
vt 0.562500 0.125000
vt 0.500000 0.687500
vt 0.500000 0.687500
vt 0.125000 0.312500
vt 0.093750 0.312500
vt 0.500000 0.750000
vt 0.562500 0.937500
vt 0.531250 0.937500
vt 0.484375 0.000000
vt 0.562500 0.250000
vt 0.562500 0.312500
vt 0.531250 0.312500
vt 0.531250 0.250000
vt 0.281250 0.375000
vt 0.546875 1.000000
vt 0.531250 0.750000
vt 1.000000 0.312500
vt 0.562500 0.625000
vt 0.515625 1.000000
vt 0.546875 0.000000
vt 0.578125 0.000000
vt 0.593750 0.062500
vt 0.593750 0.437500
vt 0.593750 0.500000
vt 0.593750 0.937500
vt 0.578125 1.000000
vt 0.625000 0.437500
vt 0.625000 0.500000
vt 0.593750 0.125000
vt 0.593750 0.875000
vt 0.656250 0.437500
vt 0.656250 0.500000
vt 0.625000 0.562500
vt 0.593750 0.562500
vt 0.593750 0.250000
vt 0.625000 0.062500
vt 0.625000 0.125000
vt 0.687500 0.625000
vt 0.718750 0.625000
vt 0.718750 0.625000
vt 0.687500 0.625000
vt 0.656250 0.937500
vt 0.640625 1.000000
vt 0.625000 0.937500
vt 0.656250 0.062500
vt 0.656250 0.125000
vt 0.656250 0.875000
vt 0.625000 0.875000
vt 0.031250 0.687500
vt 0.062500 0.687500
vt 0.843750 0.687500
vt 0.656250 0.562500
vt 0.656250 0.625000
vt 0.609375 0.000000
vt 1.000000 0.375000
vt 0.656250 0.250000
vt 0.625000 0.250000
vt 0.750000 0.125000
vt 0.734375 0.000000
vt 0.718750 0.062500
vt 0.562500 0.312500
vt 0.531250 0.312500
vt 0.718750 0.687500
vt 0.687500 0.687500
vt 0.687500 0.687500
vt 0.718750 0.687500
vt 0.640625 0.000000
vt 0.609375 1.000000
vt 0.656250 0.687500
vt 0.687500 0.500000
vt 0.687500 0.562500
vt 0.687500 0.937500
vt 0.671875 1.000000
vt 0.687500 0.437500
vt 0.718750 0.375000
vt 0.718750 0.437500
vt 0.843750 0.625000
vt 0.812500 0.625000
vt 0.687500 0.875000
vt 0.687500 0.062500
vt 0.687500 0.125000
vt 0.312500 0.687500
vt 0.343750 0.687500
vt 0.718750 0.500000
vt 0.718750 0.562500
vt 0.687500 0.250000
vt 0.703125 0.000000
vt 0.718750 0.812500
vt 0.718750 0.875000
vt 0.671875 0.000000
vt 0.718750 0.125000
vt 0.281250 0.312500
vt 0.718750 0.937500
vt 0.718750 0.750000
vt 0.703125 1.000000
vt 0.718750 0.250000
vt 0.718750 0.312500
vt 1.000000 0.625000
vt 1.000000 0.500000
vt 1.000000 1.000000
vt 0.968750 1.000000
vt 0.968750 0.500000
vt 0.937500 1.000000
vt 0.937500 0.500000
vt 0.906250 1.000000
vt 0.906250 0.500000
vt 0.875000 1.000000
vt 0.875000 0.500000
vt 0.843750 1.000000
vt 0.843750 0.500000
vt 0.812500 1.000000
vt 0.812500 0.500000
vt 0.781250 1.000000
vt 0.781250 0.500000
vt 0.750000 1.000000
vt 0.750000 0.500000
vt 0.718750 1.000000
vt 0.718750 0.500000
vt 0.687500 1.000000
vt 0.687500 0.500000
vt 0.656250 1.000000
vt 0.656250 0.500000
vt 0.625000 1.000000
vt 0.625000 0.500000
vt 0.593750 1.000000
vt 0.593750 0.500000
vt 0.562500 1.000000
vt 0.562500 0.500000
vt 0.531250 1.000000
vt 0.531250 0.500000
vt 0.500000 1.000000
vt 0.500000 0.500000
vt 0.468750 1.000000
vt 0.468750 0.500000
vt 0.437500 1.000000
vt 0.437500 0.500000
vt 0.406250 1.000000
vt 0.406250 0.500000
vt 0.375000 1.000000
vt 0.375000 0.500000
vt 0.343750 1.000000
vt 0.343750 0.500000
vt 0.312500 1.000000
vt 0.312500 0.500000
vt 0.281250 1.000000
vt 0.281250 0.500000
vt 0.250000 1.000000
vt 0.250000 0.500000
vt 0.218750 1.000000
vt 0.218750 0.500000
vt 0.187500 1.000000
vt 0.187500 0.500000
vt 0.156250 1.000000
vt 0.156250 0.500000
vt 0.125000 1.000000
vt 0.125000 0.500000
vt 0.093750 1.000000
vt 0.093750 0.500000
vt 0.062500 1.000000
vt 0.062500 0.500000
vt 0.296822 0.485388
vt 0.250000 0.490000
vt 0.203179 0.485389
vt 0.158156 0.471731
vt 0.116663 0.449553
vt 0.080295 0.419706
vt 0.050447 0.383337
vt 0.028269 0.341844
vt 0.014612 0.296822
vt 0.010000 0.250000
vt 0.014611 0.203179
vt 0.028269 0.158156
vt 0.050447 0.116663
vt 0.080294 0.080294
vt 0.116663 0.050447
vt 0.158156 0.028269
vt 0.203178 0.014612
vt 0.250000 0.010000
vt 0.296822 0.014612
vt 0.341844 0.028269
vt 0.383337 0.050447
vt 0.419706 0.080294
vt 0.449553 0.116663
vt 0.471731 0.158156
vt 0.485388 0.203178
vt 0.490000 0.250000
vt 0.485388 0.296822
vt 0.471731 0.341844
vt 0.449553 0.383337
vt 0.419706 0.419706
vt 0.383337 0.449553
vt 0.341844 0.471731
vt 0.031250 1.000000
vt 0.031250 0.500000
vt 0.000000 1.000000
vt 0.000000 0.500000
vt 0.750000 0.490000
vt 0.796822 0.485388
vt 0.841844 0.471731
vt 0.883337 0.449553
vt 0.919706 0.419706
vt 0.949553 0.383337
vt 0.971731 0.341844
vt 0.985388 0.296822
vt 0.990000 0.250000
vt 0.985388 0.203178
vt 0.971731 0.158156
vt 0.949553 0.116663
vt 0.919706 0.080294
vt 0.883337 0.050447
vt 0.841844 0.028269
vt 0.796822 0.014612
vt 0.750000 0.010000
vt 0.703178 0.014612
vt 0.658156 0.028269
vt 0.616663 0.050447
vt 0.580294 0.080294
vt 0.550447 0.116663
vt 0.528269 0.158156
vt 0.514611 0.203179
vt 0.510000 0.250000
vt 0.514612 0.296822
vt 0.528269 0.341844
vt 0.550447 0.383337
vt 0.580295 0.419706
vt 0.616663 0.449553
vt 0.658156 0.471731
vt 0.703179 0.485389
vt 0.531250 0.375000
vt 0.562500 0.375000
vt 0.734375 1.000000
vt 0.812500 0.375000
vt 0.843750 0.375000
vt 1.000000 0.687500
vt 0.062500 0.312500
vt 0.000000 0.687500
vt 0.000000 0.625000
vt 0.218750 0.687500
vt 0.437500 0.312500
vt 0.437500 0.375000
vt 0.468750 0.312500
vt 0.468750 0.375000
vt 0.531250 0.625000
vt 0.500000 0.312500
vt 0.500000 0.375000
vt 0.562500 0.625000
vt 0.656250 0.625000
vt 0.656250 0.687500
vt 0.718750 0.312500
vt 0.718750 0.375000
vt 0.781250 0.187500
vt 0.750000 0.187500
vt 0.812500 0.187500
vt 0.843750 0.187500
vt 0.875000 0.187500
vt 0.968750 0.187500
vt 0.937500 0.187500
vt 0.906250 0.187500
vt 1.000000 0.187500
vt 0.031250 0.187500
vt 0.000000 0.187500
vt 0.062500 0.187500
vt 0.093750 0.187500
vt 0.156250 0.187500
vt 0.125000 0.187500
vt 0.187500 0.187500
vt 0.250000 0.187500
vt 0.218750 0.187500
vt 0.312500 0.187500
vt 0.281250 0.187500
vt 0.343750 0.187500
vt 0.375000 0.187500
vt 0.437500 0.187500
vt 0.406250 0.187500
vt 0.468750 0.187500
vt 0.500000 0.187500
vt 0.531250 0.187500
vt 0.562500 0.187500
vt 0.593750 0.187500
vt 0.625000 0.187500
vt 0.656250 0.187500
vt 0.718750 0.187500
vt 0.687500 0.187500
vn -0.0563 -0.9980 -0.0278
vn -0.1452 -0.9888 -0.0336
vn 0.0547 0.9977 0.0395
vn -0.1447 -0.3188 0.9367
vn -0.1393 -0.1290 0.9818
vn -0.0455 -0.9968 -0.0664
vn 0.0532 0.9973 0.0512
vn -0.1358 -0.7044 0.6967
vn -0.1131 0.2579 0.9595
vn -0.1287 0.0656 0.9895
vn -0.0610 0.6579 0.7506
vn -0.0884 -0.9706 0.2239
vn -0.0668 -0.9965 0.0508
vn -0.3182 0.0778 0.9448
vn -0.0547 -0.9977 -0.0395
vn 0.2874 -0.8640 -0.4134
vn -0.4953 0.0907 0.8640
vn -0.2117 -0.8706 0.4442
vn -0.0423 -0.9990 -0.0140
vn 0.0249 0.9918 0.1254
vn -0.0607 -0.9977 -0.0293
vn -0.2749 -0.6955 0.6639
vn -0.3302 0.6763 0.6585
vn 0.0509 0.9974 0.0507
vn -0.3289 -0.1168 0.9371
vn -0.2954 0.2696 0.9166
vn -0.1388 -0.9674 0.2120
vn -0.6531 0.1039 0.7501
vn -0.3270 -0.3071 0.8937
vn -0.0626 -0.9976 -0.0306
vn -0.0841 -0.9954 0.0467
vn -0.5208 -0.6764 0.5209
vn -0.2001 0.6668 0.7178
vn 0.0469 0.9977 0.0484
vn -0.0586 -0.9979 -0.0283
vn 0.0565 0.9961 0.0678
vn -0.6638 -0.0908 0.7424
vn -0.1003 -0.9942 0.0393
vn 0.0087 0.9930 0.1180
vn -0.4974 -0.2947 0.8160
vn -0.0057 0.9942 0.1076
vn -0.1859 -0.9639 0.1905
vn -0.6176 0.2947 0.7292
vn -0.4657 0.2820 0.8388
vn -0.2278 -0.9604 0.1602
vn -0.5060 -0.1039 0.8563
vn -0.6492 -0.2820 0.7064
vn 0.0828 0.9956 0.0433
vn 0.0488 0.9976 0.0497
vn -0.1147 -0.9930 0.0289
vn -0.4049 -0.6860 0.6045
vn -0.4460 0.6860 0.5748
vn -0.0641 -0.9974 -0.0323
vn -0.0760 -0.9954 -0.0583
vn -0.7964 -0.0778 0.5998
vn -0.5434 0.6955 0.4702
vn -0.2902 -0.9538 0.0783
vn -0.1268 -0.9918 0.0158
vn -0.7857 0.1168 0.6075
vn -0.7767 -0.2696 0.5692
vn -0.8750 -0.2579 0.4098
vn -0.2631 -0.9570 0.1223
vn -0.0662 -0.9971 -0.0365
vn -0.7451 0.3071 0.5921
vn -0.1362 -0.9907 0.0007
vn -0.1424 -0.9897 -0.0160
vn 0.0454 0.9979 0.0467
vn -0.0273 -0.9985 -0.0468
vn -0.6181 -0.6669 0.4162
vn -0.9402 -0.2473 0.2341
vn -0.0178 0.9954 0.0946
vn -0.8433 0.3188 0.4326
vn -0.6681 0.7125 0.2144
vn -0.9086 0.3293 0.2570
vn -0.9663 -0.0547 0.2514
vn -0.6184 0.7044 0.3485
vn 0.0433 0.9982 0.0426
vn -0.0654 -0.9973 -0.0343
vn -0.8985 -0.0657 0.4340
vn -0.4255 -0.8267 -0.3682
vn -0.3082 -0.9508 0.0297
vn -0.7429 -0.6499 0.1604
vn -0.8878 0.1290 0.4417
vn -0.0333 0.9975 0.0627
vn -0.0271 0.9965 0.0794
vn -0.9556 0.1400 0.2591
vn -0.6931 -0.6579 0.2945
vn 0.0441 0.9980 0.0447
vn 0.1742 -0.8908 0.4197
vn -0.6908 0.7193 0.0731
vn -0.0665 -0.9970 -0.0388
vn 0.0430 0.9983 0.0403
vn -0.0355 0.9990 0.0273
vn 0.2585 -0.8933 0.3676
vn -0.9699 -0.2384 0.0491
vn -0.9865 0.1493 0.0667
vn -0.9793 0.1566 -0.1281
vn -0.1404 -0.9877 -0.0688
vn -0.0362 0.9983 0.0451
vn -0.6524 0.7284 -0.2092
vn -0.7656 -0.6430 0.0192
vn -0.1446 -0.9882 -0.0514
vn -0.0509 -0.9964 -0.0676
vn -0.9972 -0.0454 0.0590
vn -0.9383 0.3383 0.0719
vn -0.3165 -0.9484 -0.0214
vn -0.0659 -0.9969 -0.0433
vn -0.0314 0.9995 0.0099
vn -0.7272 -0.6340 -0.2632
vn 0.0436 0.9984 0.0357
vn -0.0664 -0.9969 -0.0411
vn -0.6855 0.7247 -0.0699
vn -0.7603 -0.6377 -0.1239
vn -0.0821 -0.9961 -0.0322
vn -0.9343 0.1616 -0.3179
vn -0.9630 -0.2313 -0.1384
vn -0.9449 -0.0330 -0.3256
vn -0.3145 -0.9464 -0.0732
vn -0.8880 0.3502 -0.2980
vn -0.9313 0.3453 -0.1155
vn -0.3026 -0.9451 -0.1236
vn -0.9900 -0.0381 -0.1358
vn -0.9196 -0.2265 -0.3209
vn 0.0430 0.9984 0.0379
vn -0.0649 -0.9969 -0.0454
vn 0.0322 0.9979 0.0567
vn -0.8638 -0.0305 -0.5030
vn -0.5929 0.7303 -0.3394
vn -0.7001 0.3527 -0.6209
vn -0.1330 -0.9875 -0.0850
vn -0.8531 0.1642 -0.4953
vn -0.8416 -0.2240 -0.4915
vn -0.5962 0.1616 -0.7864
vn -0.2810 -0.9444 -0.1708
vn -0.0619 -0.9969 -0.0489
vn -0.8099 0.3527 -0.4687
vn -0.0636 -0.9969 -0.0473
vn 0.0423 0.9990 0.0140
vn 0.3311 -0.8946 0.3000
vn -0.1095 -0.9877 -0.1116
vn 0.0445 0.9984 0.0336
vn 0.0821 0.9961 0.0322
vn -0.6676 -0.6321 -0.3934
vn -0.5944 -0.2265 -0.7716
vn -0.0240 0.9997 -0.0063
vn -0.7496 -0.0305 -0.6612
vn -0.2506 -0.9444 -0.2128
vn -0.4042 0.7284 -0.5532
vn -0.5628 0.3502 -0.7488
vn -0.7317 -0.2240 -0.6437
vn -0.6069 -0.0330 -0.7941
vn 0.0548 0.9977 0.0395
vn -0.1226 -0.9875 -0.0995
vn 0.0476 0.9984 0.0301
vn -0.5090 0.7303 -0.4556
vn 0.0672 0.9956 0.0650
vn -0.2127 -0.9451 -0.2482
vn -0.4790 -0.6340 -0.6072
vn -0.0005 0.9995 -0.0329
vn -0.7389 0.1642 -0.6535
vn -0.4410 -0.0381 -0.8967
vn -0.0135 0.9997 -0.0207
vn -0.4032 0.3454 -0.8474
vn -0.5838 -0.6321 -0.5096
vn -0.1686 -0.9464 -0.2754
vn 0.0459 0.9984 0.0317
vn -0.4349 -0.2313 -0.8703
vn -0.0944 -0.9882 -0.1210
vn -0.2824 0.7247 -0.6285
vn -0.0660 -0.0547 -0.9963
vn -0.0689 -0.9508 -0.3019
vn -0.0599 -0.9969 -0.0501
vn -0.3572 -0.6377 -0.6825
vn -0.0425 0.3294 -0.9432
vn -0.0335 -0.9992 -0.0207
vn -0.0601 -0.9897 -0.1301
vn -0.4303 0.1566 -0.8890
vn -0.2477 0.1493 -0.9573
vn 0.0147 0.9990 -0.0423
vn -0.0742 -0.2473 -0.9661
vn -0.0555 -0.9971 -0.0513
vn 0.0496 0.9984 0.0289
vn 0.0690 0.9975 0.0150
vn -0.5514 -0.8343 -0.0021
vn -0.2231 -0.6430 -0.7326
vn -0.0777 -0.9888 -0.1272
vn 0.0314 0.9983 -0.0485
vn -0.0072 0.7125 -0.7017
vn -0.0553 0.1400 -0.9886
vn 0.0490 0.9975 -0.0514
vn -0.5477 -0.8305 -0.1012
vn -0.0819 -0.6499 -0.7556
vn 0.0540 0.9982 0.0277
vn -0.0578 -0.9970 -0.0509
vn 0.0517 0.9983 0.0281
vn -0.1484 0.7193 -0.6786
vn -0.0815 -0.9955 -0.0487
vn 0.0563 0.9980 0.0278
vn -0.2592 -0.2384 -0.9359
vn 0.0610 -0.6579 -0.7506
vn -0.1201 -0.9484 -0.2936
vn 0.0668 0.9965 -0.0508
vn -0.2276 0.3383 -0.9131
vn 0.1393 0.1290 -0.9818
vn -0.2584 -0.0454 -0.9650
vn 0.2072 -0.8573 -0.4713
vn 0.1358 0.7044 -0.6967
vn 0.1131 -0.2579 -0.9595
vn -0.0322 -0.9979 -0.0567
vn 0.0332 -0.9570 -0.2882
vn -0.0532 -0.9973 -0.0512
vn 0.1287 -0.0656 -0.9895
vn 0.3302 -0.6763 -0.6585
vn 0.1003 0.9942 -0.0393
vn -0.0423 -0.9907 -0.1295
vn 0.3270 0.3071 -0.8937
vn 0.0335 0.9992 0.0207
vn 0.4049 0.6860 -0.6045
vn -0.0172 -0.9537 -0.3001
vn -0.0088 -0.9930 -0.1180
vn 0.1447 0.3188 -0.9367
vn -0.0509 -0.9974 -0.0507
vn 0.5060 0.1039 -0.8563
vn -0.0488 -0.9976 -0.0497
vn 0.0803 -0.9604 -0.2667
vn 0.0586 0.9979 0.0283
vn 0.4974 0.2947 -0.8160
vn 0.4953 -0.0907 -0.8640
vn 0.3182 -0.0778 -0.9448
vn 0.4657 -0.2820 -0.8388
vn 0.2954 -0.2696 -0.9166
vn 0.6531 -0.1039 -0.7501
vn 0.0586 0.9982 0.0114
vn 0.6492 0.2820 -0.7064
vn -0.0249 -0.9918 -0.1254
vn 0.1222 -0.9639 -0.2365
vn 0.2749 0.6955 -0.6639
vn 0.0607 0.9977 0.0293
vn 0.0626 0.9976 0.0307
vn 0.0057 -0.9942 -0.1076
vn 0.3289 0.1168 -0.9371
vn 0.5208 0.6763 -0.5209
vn 0.0841 0.9954 -0.0467
vn -0.0469 -0.9977 -0.0484
vn 0.2001 -0.6668 -0.7178
vn 0.4460 -0.6860 -0.5748
vn 0.1172 -0.8507 -0.5124
vn 0.6638 0.0908 -0.7424
vn 0.0404 0.9971 0.0640
vn 0.7964 0.0778 -0.5998
vn 0.1147 0.9930 -0.0289
vn 0.0271 -0.9965 -0.0794
vn -0.0441 -0.9980 -0.0447
vn 0.7857 -0.1168 -0.6075
vn 0.6181 0.6669 -0.4162
vn 0.0641 0.9974 0.0323
vn 0.6931 0.6579 -0.2945
vn -0.5248 -0.8280 -0.1976
vn 0.5434 -0.6955 -0.4702
vn 0.1268 0.9918 -0.0158
vn 0.1362 0.9907 -0.0007
vn 0.2026 -0.9735 -0.1060
vn 0.3891 -0.8946 0.2196
vn 0.1424 0.9897 0.0160
vn 0.9402 0.2473 -0.2341
vn -0.0454 -0.9979 -0.0467
vn 0.7429 0.6499 -0.1604
vn 0.0178 -0.9954 -0.0946
vn 0.8985 0.0657 -0.4340
vn -0.0773 -0.9968 -0.0223
vn 0.7451 -0.3071 -0.5921
vn 0.6681 -0.7125 -0.2144
vn 0.1575 -0.9674 -0.1986
vn 0.9663 0.0547 -0.2514
vn 0.7767 0.2696 -0.5692
vn -0.0586 -0.9982 -0.0114
vn 0.6183 -0.7044 -0.3485
vn 0.0654 0.9973 0.0343
vn 0.0773 0.9968 0.0223
vn 0.9086 -0.3293 -0.2570
vn 0.8878 -0.1290 -0.4417
vn -0.0433 -0.9982 -0.0425
vn 0.8750 0.2579 -0.4098
vn 0.9556 -0.1400 -0.2591
vn 0.1846 -0.9706 -0.1545
vn 0.0662 0.9971 0.0365
vn 0.8433 -0.3188 -0.4326
vn 0.0333 -0.9975 -0.0627
vn 0.2109 -0.9760 -0.0548
vn 0.7656 0.6430 -0.0192
vn 0.9865 -0.1493 -0.0667
vn 0.9313 -0.3453 0.1155
vn 0.9630 0.2313 0.1384
vn 0.9699 0.2384 -0.0491
vn 0.9972 0.0454 -0.0590
vn 0.9383 -0.3383 -0.0719
vn 0.2089 -0.9779 -0.0030
vn 0.0664 0.9969 0.0411
vn 0.0362 -0.9983 -0.0451
vn 0.1446 0.9882 0.0514
vn -0.0430 -0.9983 -0.0403
vn 0.9793 -0.1566 0.1281
vn 0.9343 -0.1616 0.3179
vn 0.9196 0.2265 0.3209
vn 0.1970 -0.9793 0.0474
vn 0.1404 0.9877 0.0688
vn 0.1452 0.9888 0.0336
vn -0.0830 -0.9958 -0.0377
vn 0.0760 0.9954 0.0583
vn 0.6908 -0.7193 -0.0731
vn 0.0314 -0.9995 -0.0099
vn 0.0665 0.9970 0.0388
vn 0.7272 0.6340 0.2632
vn -0.0436 -0.9984 -0.0357
vn 0.6855 -0.7247 0.0699
vn 0.0830 0.9958 0.0377
vn 0.9900 0.0381 0.1358
vn 0.8880 -0.3502 0.2980
vn 0.6176 -0.2947 -0.7292
vn 0.0209 -0.8446 -0.5351
vn -0.0431 -0.9984 -0.0379
vn 0.9449 0.0330 0.3256
vn 0.7603 0.6377 0.1239
vn 0.6524 -0.7284 0.2092
vn 0.0355 -0.9990 -0.0273
vn 0.0659 0.9969 0.0433
vn 0.0649 0.9969 0.0454
vn 0.8638 0.0305 0.5030
vn -0.0446 -0.9984 -0.0336
vn 0.5929 -0.7303 0.3394
vn 0.7496 0.0304 0.6612
vn 0.1330 0.9875 0.0850
vn 0.1754 -0.9799 0.0946
vn 0.5090 -0.7303 0.4556
vn 0.4303 -0.8933 0.1294
vn 0.6068 0.0330 0.7941
vn 0.7389 -0.1642 0.6535
vn 0.6676 0.6321 0.3934
vn 0.1226 0.9875 0.0995
vn -0.5012 -0.8446 0.1885
vn 0.0240 -0.9997 0.0063
vn -0.0476 -0.9984 -0.0301
vn 0.8099 -0.3527 0.4687
vn 0.1095 0.9877 0.1116
vn 0.8416 0.2240 0.4915
vn 0.0005 -0.9995 0.0329
vn 0.8531 -0.1642 0.4953
vn -0.0279 -0.9992 -0.0303
vn -0.0404 -0.9971 -0.0640
vn 0.5628 -0.3502 0.7488
vn 0.0636 0.9969 0.0473
vn 0.1071 -0.9793 0.1720
vn 0.7317 0.2240 0.6437
vn 0.4790 0.6340 0.6072
vn 0.0423 0.9907 0.1295
vn 0.1450 -0.9799 0.1366
vn 0.0555 0.9971 0.0513
vn 0.7001 -0.3527 0.6209
vn 0.5944 0.2265 0.7716
vn 0.0279 0.9992 0.0303
vn 0.5962 -0.1616 0.7864
vn 0.0135 -0.9997 0.0207
vn -0.0619 -0.9958 -0.0669
vn 0.5838 0.6321 0.5096
vn 0.0619 0.9969 0.0489
vn -0.0459 -0.9984 -0.0317
vn 0.4042 -0.7284 0.5532
vn 0.4303 -0.1566 0.8890
vn 0.4032 -0.3454 0.8474
vn -0.0496 -0.9984 -0.0289
vn 0.4349 0.2313 0.8703
vn 0.2592 0.2384 0.9359
vn 0.0630 -0.9779 0.1992
vn 0.0944 0.9882 0.1210
vn -0.0690 -0.9975 -0.0150
vn 0.2477 -0.1493 0.9573
vn -0.0147 -0.9990 0.0423
vn 0.0553 -0.1400 0.9886
vn 0.3572 0.6377 0.6825
vn 0.2584 0.0454 0.9650
vn 0.0577 0.9970 0.0509
vn 0.0660 0.0547 0.9963
vn -0.5357 -0.8390 0.0957
vn 0.4410 0.0381 0.8967
vn 0.0145 -0.9760 0.2174
vn 0.2824 -0.7247 0.6285
vn 0.0425 -0.3294 0.9432
vn 0.0599 0.9969 0.0501
vn 0.0601 0.9897 0.1301
vn 0.0509 0.9964 0.0676
vn -0.0490 -0.9975 0.0514
vn 0.1484 -0.7193 0.6786
vn 0.0072 -0.7125 0.7017
vn 0.0777 0.9888 0.1272
vn 0.2276 -0.3383 0.9131
vn -0.0367 -0.9735 0.2257
vn -0.0517 -0.9983 -0.0281
vn 0.2231 0.6430 0.7326
vn -0.0314 -0.9983 0.0485
vn 0.1522 0.9874 0.0427
vn 0.3419 0.9385 0.0479
vn 0.5186 0.8535 0.0513
vn 0.6753 0.7356 0.0527
vn 0.8061 0.5896 0.0520
vn 0.9058 0.4208 0.0494
vn 0.9707 0.2359 0.0448
vn 0.9984 0.0419 0.0386
vn 0.9876 -0.1537 0.0308
vn 0.9390 -0.3433 0.0219
vn 0.8542 -0.5198 0.0121
vn 0.7366 -0.6763 0.0019
vn 0.5907 -0.8069 -0.0084
vn 0.4220 -0.9064 -0.0184
vn 0.2371 -0.9711 -0.0277
vn 0.0432 -0.9984 -0.0359
vn -0.1522 -0.9874 -0.0427
vn -0.3419 -0.9385 -0.0479
vn -0.5186 -0.8535 -0.0513
vn -0.6753 -0.7356 -0.0527
vn -0.8061 -0.5896 -0.0520
vn -0.9058 -0.4208 -0.0494
vn -0.9707 -0.2359 -0.0448
vn -0.9984 -0.0419 -0.0386
vn -0.9876 0.1537 -0.0308
vn -0.9390 0.3433 -0.0219
vn -0.8542 0.5198 -0.0121
vn -0.7366 0.6763 -0.0019
vn -0.5907 0.8069 0.0084
vn -0.4220 0.9064 0.0184
vn -0.0370 -0.0375 0.9986
vn -0.2371 0.9711 0.0277
vn -0.0432 0.9984 0.0359
vn 0.0370 0.0375 -0.9986
vn 0.0819 0.6499 0.7556
vn 0.0742 0.2473 0.9661
vn -0.0540 -0.9982 -0.0277
vn -0.1235 0.1372 0.9828
vn -0.1420 -0.1999 0.9695
vn -0.4222 0.2273 -0.8776
vn -0.3296 -0.1879 0.9252
vn -0.3111 0.1492 0.9386
vn -0.4865 0.1620 0.8585
vn -0.6614 -0.1620 0.7324
vn -0.5050 -0.1751 0.8452
vn -0.6429 0.1751 0.7457
vn -0.7741 0.1879 0.6045
vn -0.8753 0.1999 0.4403
vn -0.7926 -0.1493 0.5912
vn -0.9425 0.2108 0.2595
vn -0.9610 -0.1263 0.2461
vn -0.8938 -0.1372 0.4270
vn -0.9916 -0.1171 0.0556
vn -0.9213 0.2322 -0.3119
vn -0.9731 0.2200 0.0689
vn -0.9398 -0.1049 -0.3253
vn -0.9659 0.2272 -0.1240
vn -0.9844 -0.1099 -0.1374
vn -0.8409 0.2348 -0.4876
vn -0.8594 -0.1023 -0.5010
vn -0.5865 0.2322 -0.7760
vn -0.7278 0.2348 -0.6443
vn -0.6050 -0.1049 -0.7893
vn -0.7463 -0.1023 -0.6577
vn -0.0693 -0.1263 -0.9896
vn -0.0508 0.2108 -0.9762
vn -0.4407 -0.1099 -0.8909
vn -0.2413 0.2200 -0.9452
vn -0.2598 -0.1171 -0.9585
vn 0.1235 -0.1372 -0.9828
vn 0.1420 0.1999 -0.9695
vn 0.4865 -0.1620 -0.8585
vn 0.3112 -0.1492 -0.9386
vn 0.6429 -0.1751 -0.7457
vn 0.3296 0.1879 -0.9252
vn 0.5050 0.1751 -0.8452
vn 0.6614 0.1620 -0.7324
vn 0.7741 -0.1879 -0.6045
vn 0.9425 -0.2108 -0.2595
vn 0.7926 0.1492 -0.5912
vn 0.8938 0.1372 -0.4270
vn 0.8753 -0.1999 -0.4403
vn 0.9610 0.1263 -0.2461
vn 0.9659 -0.2272 0.1240
vn 0.9916 0.1171 -0.0556
vn 0.9213 -0.2322 0.3119
vn 0.9398 0.1049 0.3253
vn 0.9731 -0.2200 -0.0689
vn 0.9844 0.1099 0.1374
vn 0.8594 0.1023 0.5010
vn 0.6050 0.1049 0.7893
vn 0.8409 -0.2348 0.4876
vn 0.7278 -0.2348 0.6443
vn 0.7463 0.1023 0.6577
vn 0.5865 -0.2322 0.7760
vn 0.2413 -0.2200 0.9452
vn 0.4407 0.1099 0.8909
vn 0.0508 -0.2108 0.9762
vn 0.4222 -0.2273 0.8776
vn 0.2598 0.1171 0.9585
vn 0.0693 0.1263 0.9896
vn -0.0672 -0.9956 -0.0650
vn 0.0266 0.9990 0.0357
vn -0.0565 -0.9961 -0.0678
vn -0.0266 -0.9990 -0.0357
vn 0.0455 0.9968 0.0664
vn 0.0792 0.9954 0.0537
vn 0.0273 0.9985 0.0468
vn -0.0530 -0.9985 -0.0112
vn -0.0735 -0.9971 -0.0182
vn 0.0530 0.9985 0.0112
vn -0.0359 -0.9975 -0.0608
vn 0.0640 0.9979 0.0127
vn -0.0828 -0.9956 -0.0433
vn 0.0302 0.9992 0.0253
vn -0.0302 -0.9992 -0.0253
vn 0.0359 0.9975 0.0608
vn 0.0719 0.9955 0.0621
vn -0.0640 -0.9979 -0.0127
vn -0.0802 -0.9964 -0.0270
vn 0.0376 0.9992 0.0170
vn -0.0292 -0.9982 -0.0520
vn 0.0735 0.9971 0.0182
vn -0.0792 -0.9954 -0.0537
vn 0.0292 0.9982 0.0520
vn 0.0619 0.9958 0.0669
vn -0.0376 -0.9992 -0.0170
vn 0.0802 0.9964 0.0270
vn 0.0264 0.9988 0.0413
vn 0.0475 0.9988 0.0121
vn -0.0264 -0.9988 -0.0413
vn -0.0719 -0.9955 -0.0621
vn 0.0815 0.9955 0.0487
vn -0.0475 -0.9988 -0.0121
vn -0.3530 -0.8280 -0.4358
vn 0.3548 -0.8706 -0.3409
vn 0.0814 -0.8871 0.4544
vn -0.4835 -0.8267 -0.2878
vn -0.3017 -0.8640 0.4031
vn -0.2686 -0.8305 -0.4879
vn 0.4569 -0.8871 -0.0660
vn -0.0164 -0.8823 0.4703
vn -0.3819 -0.8573 0.3452
vn -0.4493 -0.8507 0.2727
vn 0.4412 -0.8823 -0.1638
vn 0.4067 -0.8768 -0.2567
vn -0.1758 -0.8343 -0.5226
vn 0.4532 -0.8908 0.0330
vn -0.1153 -0.8768 0.4669
vn -0.0781 -0.8390 -0.5385
vn 0.0172 0.9537 0.3001
vn -0.0209 0.8446 0.5351
vn -0.0332 0.9570 0.2882
vn -0.0803 0.9604 0.2667
vn -0.2072 0.8573 0.4713
vn -0.1222 0.9639 0.2365
vn -0.2874 0.8640 0.4134
vn -0.1172 0.8507 0.5124
vn -0.4412 0.8823 0.1638
vn -0.4067 0.8768 0.2567
vn -0.1575 0.9674 0.1986
vn -0.3548 0.8706 0.3409
vn -0.1846 0.9706 0.1545
vn -0.2026 0.9735 0.1060
vn -0.2109 0.9760 0.0548
vn -0.4569 0.8871 0.0660
vn -0.2089 0.9779 0.0030
vn -0.4303 0.8933 -0.1294
vn -0.1970 0.9793 -0.0474
vn -0.3891 0.8946 -0.2196
vn -0.4532 0.8908 -0.0330
vn -0.1754 0.9799 -0.0946
vn -0.1071 0.9793 -0.1720
vn -0.2585 0.8933 -0.3676
vn -0.3311 0.8947 -0.3000
vn -0.1450 0.9799 -0.1366
vn -0.1742 0.8908 -0.4197
vn -0.0630 0.9779 -0.1992
vn 0.0164 0.8823 -0.4703
vn -0.0145 0.9760 -0.2174
vn -0.0814 0.8871 -0.4544
vn 0.0367 0.9735 -0.2257
vn 0.2117 0.8706 -0.4442
vn 0.0884 0.9706 -0.2239
vn 0.1153 0.8768 -0.4669
vn 0.1859 0.9639 -0.1905
vn 0.3819 0.8573 -0.3452
vn 0.3017 0.8640 -0.4031
vn 0.1388 0.9674 -0.2120
vn 0.2278 0.9604 -0.1602
vn 0.2902 0.9538 -0.0783
vn 0.2631 0.9570 -0.1223
vn 0.5012 0.8446 -0.1885
vn 0.4493 0.8507 -0.2727
vn 0.5357 0.8390 -0.0957
vn 0.3082 0.9508 -0.0297
vn 0.5514 0.8343 0.0021
vn 0.3165 0.9484 0.0214
vn 0.3145 0.9464 0.0732
vn 0.5248 0.8280 0.1976
vn 0.5477 0.8305 0.1012
vn 0.3026 0.9451 0.1236
vn 0.2810 0.9444 0.1708
vn 0.2506 0.9444 0.2128
vn 0.4835 0.8267 0.2878
vn 0.3530 0.8280 0.4358
vn 0.2127 0.9451 0.2482
vn 0.4255 0.8267 0.3682
vn 0.0781 0.8390 0.5385
vn 0.2686 0.8305 0.4879
vn 0.1686 0.9464 0.2754
vn 0.0689 0.9508 0.3019
vn 0.1201 0.9484 0.2936
vn 0.1758 0.8343 0.5226
usemtl Color_2
s off
f 514/633/549 664/634/549 1057/635/549
f 632/636/550 633/637/550 604/638/550 605/639/550
f 708/640/551 711/641/551 1117/642/551 1112/643/551
f 528/644/552 527/645/552 512/646/552 513/647/552
f 518/648/553 528/644/553 513/647/553 989/649/553
f 531/650/554 526/651/554 1061/652/554 1066/653/554
f 887/654/555 525/655/555 982/656/555
f 526/651/556 517/657/556 990/658/556 966/659/556
f 520/660/557 519/661/557 988/662/557 987/663/557
f 519/661/558 518/648/558 989/649/558 988/662/558
f 522/664/559 521/665/559 986/666/559 985/667/559
f 516/668/560 515/669/560 1056/670/560 1055/671/560
f 768/672/551 771/673/551 1130/674/551 1129/675/551
f 515/669/561 514/633/561 1057/635/561 1056/670/561
f 538/676/562 539/677/562 518/648/562 519/661/562
f 640/678/563 627/679/563 1092/680/563 1095/681/563
f 812/682/564 787/683/564 788/684/564 811/685/564
f 549/686/565 548/687/565 539/677/565 538/676/565
f 541/688/566 516/668/566 517/657/566 540/689/566
f 712/690/567 707/691/567 1113/692/567 1116/693/567
f 532/694/568 533/695/568 524/696/568 525/655/568
f 544/697/569 664/698/569 543/699/569
f 531/650/570 540/689/570 517/657/570 526/651/570
f 552/700/571 551/701/571 536/702/571 535/703/571
f 887/704/572 532/694/572 525/655/572
f 821/705/563 808/706/563 1140/707/563 1145/708/563
f 539/677/573 529/709/573 528/644/573 518/648/573
f 537/710/574 538/676/574 519/661/574 520/660/574
f 541/688/575 542/711/575 515/669/575 516/668/575
f 568/712/576 569/713/576 548/687/576 549/686/576
f 529/709/577 530/714/577 527/645/577 528/644/577
f 573/715/578 664/716/578 544/697/578
f 542/711/579 543/699/579 514/633/579 515/669/579
f 561/717/580 570/718/580 547/719/580 556/720/580
f 535/703/581 536/702/581 521/665/581 522/664/581
f 887/721/582 562/722/582 555/723/582
f 543/699/583 664/724/583 514/633/583
f 732/725/584 747/726/584 1124/727/584 1118/728/584
f 569/713/585 559/729/585 558/730/585 548/687/585
f 545/731/586 544/697/586 543/699/586 542/711/586
f 555/723/587 554/732/587 533/695/587 532/694/587
f 558/730/588 557/733/588 530/714/588 529/709/588
f 562/722/589 563/734/589 554/732/589 555/723/589
f 546/735/590 545/731/590 542/711/590 541/688/590
f 567/736/591 568/712/591 549/686/591 550/737/591
f 550/737/592 549/686/592 538/676/592 537/710/592
f 571/738/593 572/739/593 545/731/593 546/735/593
f 548/687/594 558/730/594 529/709/594 539/677/594
f 559/729/595 560/740/595 557/733/595 558/730/595
f 626/741/596 641/742/596 1094/743/596 1093/744/596
f 831/745/551 858/746/551 1151/747/551 1147/748/551
f 887/749/597 555/723/597 532/694/597
f 572/739/598 573/715/598 544/697/598 545/731/598
f 556/720/599 547/719/599 540/689/599 531/650/599
f 565/750/600 566/751/600 551/701/600 552/700/600
f 574/752/601 664/753/601 573/715/601
f 923/754/602 918/755/602 1168/756/602 1173/757/602
f 578/758/603 588/759/603 559/729/603 569/713/603
f 582/760/604 581/761/604 566/751/604 565/750/604
f 601/762/605 602/763/605 575/764/605 576/765/605
f 520/660/563 987/663/563 1064/766/563 1065/767/563
f 575/764/606 574/752/606 573/715/606 572/739/606
f 579/768/607 578/758/607 569/713/607 568/712/607
f 588/759/608 587/769/608 560/740/608 559/729/608
f 589/770/609 590/771/609 587/769/609 588/759/609
f 576/765/610 575/764/610 572/739/610 571/738/610
f 604/638/611 664/772/611 603/773/611
f 580/774/612 579/768/612 568/712/612 567/736/612
f 748/775/563 731/776/563 1119/777/563 1123/778/563
f 602/763/613 603/773/613 574/752/613 575/764/613
f 605/639/614 604/638/614 603/773/614 602/763/614
f 887/779/615 585/780/615 562/722/615
f 616/781/616 591/782/616 1082/783/616 1089/784/616
f 586/785/617 577/786/617 570/718/617 561/717/617
f 618/787/618 617/788/618 590/771/618 589/770/618
f 585/780/619 584/789/619 563/734/619 562/722/619
f 597/790/620 598/791/620 579/768/620 580/774/620
f 612/792/621 611/793/621 596/794/621 595/795/621
f 610/796/622 609/797/622 598/791/622 597/790/622
f 608/798/623 618/787/623 589/770/623 599/799/623
f 512/646/551 527/645/551 1063/800/551 1062/801/551
f 595/795/624 596/794/624 581/761/624 582/760/624
f 887/802/625 615/803/625 592/804/625
f 603/773/626 664/805/626 574/752/626
f 599/799/627 589/770/627 588/759/627 578/758/627
f 692/806/628 667/807/628 668/808/628 691/809/628
f 606/810/629 605/639/629 602/763/629 601/762/629
f 616/781/630 607/811/630 600/812/630 591/782/630
f 598/791/631 599/799/631 578/758/631 579/768/631
f 615/803/632 614/813/632 593/814/632 592/804/632
f 592/804/633 593/814/633 584/789/633 585/780/633
f 609/797/634 608/798/634 599/799/634 598/791/634
f 591/782/635 600/812/635 577/786/635 586/785/635
f 887/815/636 592/804/636 585/780/636
f 963/816/637 938/817/637 939/818/637 962/819/637
f 590/771/551 617/788/551 1088/820/551 1083/821/551
f 625/822/638 626/823/638 611/793/638 612/792/638
f 633/637/639 664/824/639 604/638/639
f 887/825/640 622/826/640 615/803/640
f 645/827/641 644/828/641 623/829/641 622/830/641
f 938/817/642 933/831/642 932/832/642 939/818/642
f 619/833/643 620/834/643 617/788/643 618/787/643
f 628/835/644 629/836/644 608/798/644 609/797/644
f 639/837/645 638/838/645 629/839/645 628/840/645
f 662/841/646 663/842/646 634/843/646 635/844/646
f 622/826/647 623/845/647 614/813/647 615/803/647
f 655/846/648 656/847/648 641/742/648 642/848/648
f 621/849/649 630/850/649 607/811/649 616/781/649
f 635/844/650 634/843/650 633/851/650 632/852/650
f 688/853/563 671/854/563 1103/855/563 1109/856/563
f 526/651/651 966/659/651 1060/857/651 1061/652/651
f 629/836/652 619/833/652 618/787/652 608/798/652
f 627/858/653 628/835/653 609/797/653 610/796/653
f 631/859/654 632/636/654 605/639/654 606/810/654
f 738/860/551 741/861/551 1122/862/551 1121/863/551
f 663/842/655 664/864/655 634/843/655
f 652/865/656 653/866/656 644/828/656 645/827/656
f 651/867/657 660/868/657 637/869/657 646/870/657
f 887/871/658 652/865/658 645/827/658
f 634/843/659 664/872/659 633/851/659
f 801/873/551 828/874/551 1144/875/551 1139/876/551
f 642/848/660 641/742/660 626/741/660 625/877/660
f 646/870/661 637/869/661 630/878/661 621/879/661
f 857/880/662 832/881/662 1146/882/662 1150/883/662
f 658/884/663 659/885/663 638/838/663 639/837/663
f 648/886/664 647/887/664 620/888/664 619/889/664
f 659/885/665 649/890/665 648/886/665 638/838/665
f 636/891/666 635/844/666 632/852/666 631/892/666
f 657/893/667 658/884/667 639/837/667 640/678/667
f 640/678/668 639/837/668 628/840/668 627/679/668
f 661/894/669 662/841/669 635/844/669 636/891/669
f 638/838/670 648/886/670 619/889/670 629/839/670
f 649/890/671 650/895/671 647/887/671 648/886/671
f 610/796/563 597/790/563 1084/896/563 1087/897/563
f 887/898/672 645/827/672 622/830/672
f 665/899/673 664/900/673 663/842/673
f 807/901/674 822/902/674 1143/903/674 1141/904/674
f 669/905/675 679/906/675 649/890/675 659/885/675
f 673/907/676 672/908/676 656/847/676 655/846/676
f 688/853/677 689/909/677 670/910/677 671/854/677
f 666/911/678 665/899/678 663/842/678 662/841/678
f 670/910/679 669/905/679 659/885/679 658/884/679
f 679/906/680 678/912/680 650/895/680 649/890/680
f 700/913/681 699/914/681 690/915/681 689/909/681
f 667/807/682 666/911/682 662/841/682 661/894/682
f 695/916/683 664/917/683 694/918/683
f 671/854/684 670/910/684 658/884/684 657/893/684
f 694/918/685 664/919/685 665/899/685
f 943/920/686 958/921/686 1179/922/686 1174/923/686
f 933/831/687 908/924/687 909/925/687 932/832/687
f 696/926/688 695/916/688 694/918/688 693/927/688
f 887/928/689 676/929/689 652/865/689
f 596/794/690 611/793/690 1086/930/690 1085/931/690
f 677/932/691 668/808/691 660/868/691 651/867/691
f 709/933/692 708/640/692 681/934/692 680/935/692
f 676/929/693 675/936/693 653/866/693 652/865/693
f 690/915/694 680/935/694 679/906/694 669/905/694
f 692/806/695 693/927/695 666/911/695 667/807/695
f 703/937/696 702/938/696 687/939/696 686/940/696
f 701/941/697 700/913/697 689/909/697 688/853/697
f 680/935/698 681/934/698 678/912/698 679/906/698
f 699/914/699 709/933/699 680/935/699 690/915/699
f 678/912/700 681/934/700 1108/942/700 1104/943/700
f 959/944/563 942/945/563 1175/946/563 1178/947/563
f 693/927/701 694/918/701 665/899/701 666/911/701
f 887/948/702 706/949/702 683/950/702
f 686/940/703 687/939/703 672/908/703 673/907/703
f 702/938/704 717/951/704 1115/952/704 1110/953/704
f 697/954/705 696/926/705 693/927/705 692/806/705
f 707/691/706 698/955/706 691/809/706 682/956/706
f 706/949/707 705/957/707 684/958/707 683/950/707
f 689/909/708 690/915/708 669/905/708 670/910/708
f 720/959/709 710/960/709 709/933/709 699/914/709
f 683/950/710 684/958/710 675/936/710 676/929/710
f 718/961/711 719/962/711 700/913/711 701/941/711
f 682/956/712 691/809/712 668/808/712 677/932/712
f 722/963/713 723/964/713 696/926/713 697/954/713
f 887/965/714 683/950/714 676/929/714
f 710/960/715 711/641/715 708/640/715 709/933/715
f 723/964/716 724/966/716 695/916/716 696/926/716
f 716/967/717 717/951/717 702/938/717 703/937/717
f 791/968/563 778/969/563 1131/970/563 1137/971/563
f 750/972/718 740/973/718 739/974/718 729/975/718
f 752/976/719 753/977/719 726/978/719 727/979/719
f 724/966/720 664/980/720 695/916/720
f 712/690/721 721/981/721 698/955/721 707/691/721
f 748/775/722 749/982/722 730/983/722 731/776/722
f 682/956/723 677/932/723 1105/984/723 1107/985/723
f 753/977/724 754/986/724 725/987/724 726/978/724
f 719/962/725 720/959/725 699/914/725 700/913/725
f 730/983/726 729/975/726 720/959/726 719/962/726
f 713/988/727 714/989/727 705/957/727 706/949/727
f 740/973/728 741/861/728 738/860/728 739/974/728
f 754/986/729 664/990/729 725/987/729
f 887/991/730 713/988/730 706/949/730
f 536/702/731 551/701/731 1073/992/731 1069/993/731
f 631/859/732 606/810/732 607/811/732 630/850/732
f 737/994/733 728/995/733 721/981/733 712/690/733
f 726/978/734 725/987/734 724/966/734 723/964/734
f 736/996/735 735/997/735 714/989/735 713/988/735
f 746/998/736 747/726/736 732/725/736 733/999/736
f 749/982/737 750/972/737 729/975/737 730/983/737
f 743/1000/738 744/1001/738 735/997/738 736/996/738
f 636/891/739 631/892/739 630/878/739 637/869/739
f 742/1002/740 751/1003/740 728/995/740 737/994/740
f 887/1004/741 743/1000/741 736/996/741
f 725/987/742 664/1005/742 724/966/742
f 887/1006/743 736/996/743 713/988/743
f 733/999/744 732/725/744 717/951/744 716/967/744
f 893/1007/745 888/1008/745 1160/1009/745 1165/1010/745
f 887/1011/746 766/1012/746 743/1000/746
f 739/974/747 738/860/747 711/641/747 710/960/747
f 767/1013/748 758/1014/748 751/1003/748 742/1002/748
f 727/979/749 726/978/749 723/964/749 722/963/749
f 766/1012/750 765/1015/750 744/1001/750 743/1000/750
f 731/776/751 730/983/751 719/962/751 718/961/751
f 760/1016/752 759/1017/752 750/972/752 749/982/752
f 729/975/753 739/974/753 710/960/753 720/959/753
f 718/961/563 701/941/563 1111/1018/563 1114/1019/563
f 787/683/754 782/1020/754 781/1021/754 788/684/754
f 763/1022/755 762/1023/755 747/726/755 746/998/755
f 769/1024/756 768/672/756 741/861/756 740/973/756
f 586/785/757 561/717/757 1074/1025/757 1081/1026/757
f 782/1020/758 783/1027/758 756/1028/758 757/1029/758
f 755/1030/759 664/1031/759 754/986/759
f 560/740/551 587/769/551 1080/1032/551 1075/1033/551
f 759/1017/760 769/1024/760 740/973/760 750/972/760
f 797/1034/761 788/684/761 781/1021/761 772/1035/761
f 796/1036/762 795/1037/762 774/1038/762 773/1039/762
f 756/1028/763 755/1030/763 754/986/763 753/977/763
f 778/969/764 779/1040/764 760/1016/764 761/1041/764
f 913/1042/765 928/1043/765 1172/1044/765 1166/1045/765
f 793/1046/766 792/1047/766 777/1048/766 776/1049/766
f 757/1029/767 756/1028/767 753/977/767 752/976/767
f 786/1050/768 785/1051/768 784/1052/768 783/1027/768
f 761/1041/769 760/1016/769 749/982/769 748/775/769
f 784/1052/770 664/1053/770 755/1030/770
f 790/1054/771 789/1055/771 780/1056/771 779/1040/771
f 785/1051/772 664/1057/772 784/1052/772
f 787/683/773 786/1050/773 783/1027/773 782/1020/773
f 887/1058/774 773/1039/774 766/1012/774
f 791/968/775 790/1054/775 779/1040/775 778/969/775
f 771/673/551 798/1059/551 1136/1060/551 1130/674/551
f 789/1055/776 799/1061/776 770/1062/776 780/1056/776
f 780/1056/777 770/1062/777 769/1024/777 759/1017/777
f 799/1061/778 798/1059/778 771/673/778 770/1062/778
f 647/887/551 650/895/551 1101/1063/551 1096/1064/551
f 770/1062/779 771/673/779 768/672/779 769/1024/779
f 810/1065/780 800/1066/780 799/1061/780 789/1055/780
f 986/666/781 521/665/781 1058/1067/781 1059/1068/781
f 808/706/782 809/1069/782 790/1054/782 791/968/782
f 783/1027/783 784/1052/783 755/1030/783 756/1028/783
f 812/682/784 813/1070/784 786/1050/784 787/683/784
f 776/1049/785 777/1048/785 762/1023/785 763/1022/785
f 887/1071/786 796/1036/786 773/1039/786
f 741/861/551 768/672/551 1129/675/551 1122/862/551
f 887/1072/787 803/1073/787 796/1036/787
f 580/774/563 567/736/563 1076/1074/563 1079/1075/563
f 813/1070/788 814/1076/788 785/1051/788 786/1050/788
f 779/1040/789 780/1056/789 759/1017/789 760/1016/789
f 806/1077/790 807/901/790 792/1047/790 793/1046/790
f 773/1039/791 774/1038/791 765/1015/791 766/1012/791
f 814/1076/792 664/1078/792 785/1051/792
f 772/1035/793 781/1021/793 758/1014/793 767/1013/793
f 802/1079/794 811/685/794 788/684/794 797/1034/794
f 782/1020/795 757/1029/795 758/1014/795 781/1021/795
f 809/1069/796 810/1065/796 789/1055/796 790/1054/796
f 777/1048/797 792/1047/797 1135/1080/797 1132/1081/797
f 820/1082/798 819/1083/798 810/1065/798 809/1069/798
f 803/1073/799 804/1084/799 795/1037/799 796/1036/799
f 843/1085/800 844/1086/800 815/1087/800 816/1088/800
f 844/1086/801 664/1089/801 815/1087/801
f 819/1083/802 829/1090/802 800/1066/802 810/1065/802
f 823/1091/803 822/902/803 807/901/803 806/1077/803
f 887/1092/804 826/1093/804 803/1073/804
f 836/1094/805 837/1095/805 822/902/805 823/1091/805
f 661/894/806 636/891/806 637/869/806 660/868/806
f 827/1096/807 818/1097/807 811/685/807 802/1079/807
f 826/1093/808 825/1098/808 804/1084/808 803/1073/808
f 833/1099/809 834/1100/809 825/1098/809 826/1093/809
f 847/1101/810 846/1102/810 843/1085/810 842/1103/810
f 908/924/811 903/1104/811 902/1105/811 909/925/811
f 856/1106/812 855/1107/812 834/1100/812 833/1099/812
f 851/1108/813 850/1109/813 839/1110/813 838/1111/813
f 815/1087/814 664/1112/814 814/1076/814
f 853/1113/815 852/1114/815 837/1095/815 836/1094/815
f 816/1088/816 815/1087/816 814/1076/816 813/1070/816
f 839/1110/817 840/1115/817 819/1083/817 820/1082/817
f 929/1116/563 912/1117/563 1167/1118/563 1171/1119/563
f 827/1096/818 802/1079/818 1138/1120/818 1142/1121/818
f 829/1090/819 828/874/819 801/873/819 800/1066/819
f 857/880/820 848/1122/820 841/1123/820 832/881/820
f 817/1124/821 816/1088/821 813/1070/821 812/682/821
f 850/1109/822 849/1125/822 840/1115/822 839/1110/822
f 821/705/823 820/1082/823 809/1069/823 808/706/823
f 767/1013/824 742/1002/824 1125/1126/824 1128/1127/824
f 832/881/825 841/1123/825 818/1097/825 827/1096/825
f 887/1128/826 833/1099/826 826/1093/826
f 566/751/827 581/761/827 1078/1129/827 1077/1130/827
f 859/1131/828 858/746/828 831/745/828 830/1132/828
f 840/1115/829 830/1132/829 829/1090/829 819/1083/829
f 845/1133/830 664/1134/830 844/1086/830
f 838/1111/831 839/1110/831 820/1082/831 821/705/831
f 849/1125/832 859/1131/832 830/1132/832 840/1115/832
f 842/1103/833 843/1085/833 816/1088/833 817/1124/833
f 887/1135/834 856/1106/834 833/1099/834
f 830/1132/835 831/745/835 828/874/835 829/1090/835
f 846/1102/836 845/1133/836 844/1086/836 843/1085/836
f 657/893/563 640/678/563 1095/681/563 1100/1136/563
f 872/1137/837 873/1138/837 846/1102/837 847/1101/837
f 866/1139/838 867/1140/838 852/1114/838 853/1113/838
f 870/1141/839 860/1142/839 859/1131/839 849/1125/839
f 890/1143/840 889/1144/840 861/1145/840 860/1142/840
f 881/1146/841 880/1147/841 869/1148/841 868/1149/841
f 868/1149/842 869/1148/842 850/1109/842 851/1108/842
f 869/1148/843 870/1141/843 849/1125/843 850/1109/843
f 860/1142/844 861/1145/844 858/746/844 859/1131/844
f 877/1150/845 876/1151/845 873/1138/845 872/1137/845
f 919/1152/551 922/1153/551 1170/1154/551 1169/1155/551
f 858/746/551 861/1145/551 1157/1156/551 1151/747/551
f 887/1157/846 886/1158/846 863/1159/846
f 873/1138/847 874/1160/847 845/1133/847 846/1102/847
f 886/1158/848 885/1161/848 864/1162/848 863/1159/848
f 874/1160/849 664/1163/849 845/1133/849
f 879/1164/850 890/1143/850 860/1142/850 870/1141/850
f 901/1165/851 891/1166/851 890/1143/851 879/1164/851
f 899/1167/852 900/1168/852 880/1147/852 881/1146/852
f 903/1104/853 904/1169/853 876/1151/853 877/1150/853
f 894/1170/854 895/1171/854 885/1161/854 886/1158/854
f 863/1159/855 864/1162/855 855/1107/855 856/1106/855
f 862/1172/856 857/880/856 1150/883/856 1156/1173/856
f 672/908/857 687/939/857 1106/1174/857 1102/1175/857
f 862/1172/858 871/1176/858 848/1122/858 857/880/858
f 904/1169/859 905/1177/859 875/1178/859 876/1151/859
f 887/1179/860 863/1159/860 856/1106/860
f 897/1180/861 898/1181/861 882/1182/861 883/1183/861
f 761/1041/563 748/775/563 1123/778/563 1127/1184/563
f 905/1177/862 664/1185/862 875/1178/862
f 888/1008/863 878/1186/863 871/1176/863 862/1172/863
f 611/793/864 626/823/864 1093/1187/864 1086/930/864
f 880/1147/865 879/1164/865 870/1141/865 869/1148/865
f 891/1166/866 892/1188/866 889/1144/866 890/1143/866
f 800/1066/867 801/873/867 798/1059/867 799/1061/867
f 757/1029/868 752/976/868 751/1003/868 758/1014/868
f 875/1178/869 664/1189/869 874/1160/869
f 900/1168/870 901/1165/870 879/1164/870 880/1147/870
f 883/1183/871 882/1182/871 867/1140/871 866/1139/871
f 893/1007/872 902/1105/872 878/1186/872 888/1008/872
f 876/1151/873 875/1178/873 874/1160/873 873/1138/873
f 887/1190/874 894/1170/874 886/1158/874
f 887/1191/875 917/1192/875 894/1170/875
f 911/1193/876 910/1194/876 901/1165/876 900/1168/876
f 906/1195/877 664/1196/877 905/1177/877
f 918/755/878 909/925/878 902/1105/878 893/1007/878
f 930/1197/879 931/1198/879 910/1194/879 911/1193/879
f 917/1192/880 916/1199/880 895/1171/880 894/1170/880
f 908/924/881 907/1200/881 904/1169/881 903/1104/881
f 923/754/882 932/832/882 909/925/882 918/755/882
f 903/1104/883 877/1150/883 878/1186/883 902/1105/883
f 941/1201/884 940/1202/884 931/1198/884 930/1197/884
f 931/1198/885 921/1203/885 920/1204/885 910/1194/885
f 914/1205/886 913/1042/886 898/1181/886 897/1180/886
f 924/1206/887 925/1207/887 916/1199/887 917/1192/887
f 601/762/888 576/765/888 577/786/888 600/812/888
f 907/1200/889 906/1195/889 905/1177/889 904/1169/889
f 952/1208/551 980/1209/551 1185/1210/551 1181/1211/551
f 936/1212/890 664/1213/890 935/1214/890
f 920/1204/891 919/1152/891 892/1188/891 891/1166/891
f 947/1215/892 946/1216/892 925/1207/892 924/1206/892
f 912/1117/893 911/1193/893 900/1168/893 899/1167/893
f 937/1217/894 936/1212/894 935/1214/894 934/1218/894
f 910/1194/895 920/1204/895 891/1166/895 901/1165/895
f 651/867/896 646/870/896 1097/1219/896 1099/1220/896
f 556/720/897 531/650/897 1066/653/897 1072/1221/897
f 950/1222/898 949/1223/898 922/1153/898 921/1203/898
f 887/1224/899 924/1206/899 917/1192/899
f 938/817/900 937/1217/900 934/1218/900 933/831/900
f 627/858/563 610/796/563 1087/897/563 1092/1225/563
f 929/1116/901 930/1197/901 911/1193/901 912/1117/901
f 944/1226/902 943/920/902 928/1043/902 927/1227/902
f 525/655/903 524/696/903 983/1228/903 982/656/903
f 933/831/904 934/1218/904 907/1200/904 908/924/904
f 887/1229/905 982/656/905 978/1230/905
f 921/1203/906 922/1153/906 919/1152/906 920/1204/906
f 942/945/907 941/1201/907 930/1197/907 929/1116/907
f 882/1182/908 898/1181/908 1164/1231/908 1158/1232/908
f 940/1202/909 950/1222/909 921/1203/909 931/1198/909
f 934/1218/910 935/1214/910 906/1195/910 907/1200/910
f 979/1233/911 953/1234/911 1180/1235/911 1184/1236/911
f 927/1227/912 928/1043/912 913/1042/912 914/1205/912
f 887/1237/913 947/1215/913 924/1206/913
f 935/1214/914 664/1238/914 906/1195/914
f 948/1239/915 939/818/915 932/832/915 923/754/915
f 961/1240/916 951/1241/916 950/1222/916 940/1202/916
f 951/1241/917 952/1208/917 949/1223/917 950/1222/917
f 965/1242/918 664/1243/918 936/1212/918
f 959/944/919 960/1244/919 941/1201/919 942/945/919
f 973/1245/920 972/1246/920 960/1244/920 959/944/920
f 530/714/551 557/733/551 1071/1247/551 1067/1248/551
f 963/816/921 964/1249/921 937/1217/921 938/817/921
f 954/1250/922 955/1251/922 946/1216/922 947/1215/922
f 797/1034/923 772/1035/923 1133/1252/923 1134/1253/923
f 971/1254/924 981/1255/924 951/1241/924 961/1240/924
f 964/1249/925 965/1242/925 936/1212/925 937/1217/925
f 989/649/926 513/647/926 981/1255/926 971/1254/926
f 957/1256/927 958/921/927 943/920/927 944/1226/927
f 972/1246/928 971/1254/928 961/1240/928 960/1244/928
f 887/1257/929 978/1230/929 954/1250/929
f 988/662/930 989/649/930 971/1254/930 972/1246/930
f 606/810/931 601/762/931 600/812/931 607/811/931
f 711/641/551 738/860/551 1121/863/551 1117/642/551
f 960/1244/932 961/1240/932 940/1202/932 941/1201/932
f 969/1258/933 968/1259/933 964/1249/933 963/816/933
f 953/1234/934 962/819/934 939/818/934 948/1239/934
f 513/647/935 512/646/935 980/1209/935 981/1255/935
f 887/1260/936 954/1250/936 947/1215/936
f 982/656/937 983/1228/937 977/1261/937 978/1230/937
f 747/726/938 762/1023/938 1126/1262/938 1124/727/938
f 1056/670/939 1057/635/939 967/1263/939 968/1259/939
f 979/1233/940 970/1264/940 962/819/940 953/1234/940
f 966/659/941 990/658/941 970/1264/941 979/1233/941
f 978/1230/942 977/1261/942 955/1251/942 954/1250/942
f 981/1255/943 980/1209/943 952/1208/943 951/1241/943
f 1055/671/944 1056/670/944 968/1259/944 969/1258/944
f 967/1263/945 664/1265/945 965/1242/945
f 975/1266/946 974/1267/946 958/921/946 957/1256/946
f 968/1259/947 967/1263/947 965/1242/947 964/1249/947
f 617/788/551 620/834/551 1091/1268/551 1088/820/551
f 991/1269/948 992/1270/948 994/1271/948 993/1272/948
f 993/1272/949 994/1271/949 996/1273/949 995/1274/949
f 995/1274/950 996/1273/950 998/1275/950 997/1276/950
f 997/1276/951 998/1275/951 1000/1277/951 999/1278/951
f 999/1278/952 1000/1277/952 1002/1279/952 1001/1280/952
f 1001/1280/953 1002/1279/953 1004/1281/953 1003/1282/953
f 1003/1282/954 1004/1281/954 1006/1283/954 1005/1284/954
f 1005/1284/955 1006/1283/955 1008/1285/955 1007/1286/955
f 1007/1286/956 1008/1285/956 1010/1287/956 1009/1288/956
f 1009/1288/957 1010/1287/957 1012/1289/957 1011/1290/957
f 1011/1290/958 1012/1289/958 1014/1291/958 1013/1292/958
f 1013/1292/959 1014/1291/959 1016/1293/959 1015/1294/959
f 1015/1294/960 1016/1293/960 1018/1295/960 1017/1296/960
f 1017/1296/961 1018/1295/961 1020/1297/961 1019/1298/961
f 1019/1298/962 1020/1297/962 1022/1299/962 1021/1300/962
f 1021/1300/963 1022/1299/963 1024/1301/963 1023/1302/963
f 1023/1302/964 1024/1301/964 1026/1303/964 1025/1304/964
f 1025/1304/965 1026/1303/965 1028/1305/965 1027/1306/965
f 1027/1306/966 1028/1305/966 1030/1307/966 1029/1308/966
f 1029/1308/967 1030/1307/967 1032/1309/967 1031/1310/967
f 1031/1310/968 1032/1309/968 1034/1311/968 1033/1312/968
f 1033/1312/969 1034/1311/969 1036/1313/969 1035/1314/969
f 1035/1314/970 1036/1313/970 1038/1315/970 1037/1316/970
f 1037/1316/971 1038/1315/971 1040/1317/971 1039/1318/971
f 1039/1318/972 1040/1317/972 1042/1319/972 1041/1320/972
f 1041/1320/973 1042/1319/973 1044/1321/973 1043/1322/973
f 1043/1322/974 1044/1321/974 1046/1323/974 1045/1324/974
f 1045/1324/975 1046/1323/975 1048/1325/975 1047/1326/975
f 1047/1326/976 1048/1325/976 1050/1327/976 1049/1328/976
f 1049/1328/977 1050/1327/977 1052/1329/977 1051/1330/977
f 994/1331/978 992/1332/978 1054/1333/978 1052/1334/978 1050/1335/978 1048/1336/978 1046/1337/978 1044/1338/978 1042/1339/978 1040/1340/978 1038/1341/978 1036/1342/978 1034/1343/978 1032/1344/978 1030/1345/978 1028/1346/978 1026/1347/978 1024/1348/978 1022/1349/978 1020/1350/978 1018/1351/978 1016/1352/978 1014/1353/978 1012/1354/978 1010/1355/978 1008/1356/978 1006/1357/978 1004/1358/978 1002/1359/978 1000/1360/978 998/1361/978 996/1362/978
f 1051/1330/979 1052/1329/979 1054/1363/979 1053/1364/979
f 1053/1364/980 1054/1363/980 992/1365/980 991/1366/980
f 991/1367/981 993/1368/981 995/1369/981 997/1370/981 999/1371/981 1001/1372/981 1003/1373/981 1005/1374/981 1007/1375/981 1009/1376/981 1011/1377/981 1013/1378/981 1015/1379/981 1017/1380/981 1019/1381/981 1021/1382/981 1023/1383/981 1025/1384/981 1027/1385/981 1029/1386/981 1031/1387/981 1033/1388/981 1035/1389/981 1037/1390/981 1039/1391/981 1041/1392/981 1043/1393/981 1045/1394/981 1047/1395/981 1049/1396/981 1051/1397/981 1053/1398/981
f 985/667/982 986/666/982 974/1267/982 975/1266/982
f 899/1167/563 881/1146/563 1159/1399/563 1163/1400/563
f 987/663/983 988/662/983 972/1246/983 973/1245/983
f 1057/635/984 664/1401/984 967/1263/984
f 1058/1067/985 1065/767/985 1064/766/985 1059/1068/985
f 1063/800/986 1061/652/986 1060/857/986 1062/801/986
f 1115/952/987 1114/1019/987 1111/1018/987 1110/953/987
f 1067/1248/988 1066/653/988 1061/652/988 1063/800/988
f 1069/993/989 1068/1402/989 1065/767/989 1058/1067/989
f 1073/992/990 1070/1403/990 1068/1402/990 1069/993/990
f 1075/1033/991 1074/1025/991 1072/1221/991 1071/1247/991
f 1071/1247/992 1072/1221/992 1066/653/992 1067/1248/992
f 1077/1130/993 1076/1074/993 1070/1403/993 1073/992/993
f 1078/1129/994 1079/1075/994 1076/1074/994 1077/1130/994
f 1085/931/995 1084/896/995 1079/1075/995 1078/1129/995
f 1080/1032/996 1081/1026/996 1074/1025/996 1075/1033/996
f 1086/930/997 1087/897/997 1084/896/997 1085/931/997
f 1088/820/998 1089/784/998 1082/783/998 1083/821/998
f 1083/821/999 1082/783/999 1081/1026/999 1080/1032/999
f 1091/1268/1000 1090/1404/1000 1089/784/1000 1088/820/1000
f 1098/1405/1001 1100/1136/1001 1095/681/1001 1094/743/1001
f 1093/1187/1002 1092/1225/1002 1087/897/1002 1086/930/1002
f 1101/1063/1003 1099/1220/1003 1097/1219/1003 1096/1064/1003
f 1094/743/1004 1095/681/1004 1092/680/1004 1093/744/1004
f 1096/1064/1005 1097/1219/1005 1090/1406/1005 1091/1407/1005
f 1102/1175/1006 1103/855/1006 1100/1136/1006 1098/1405/1006
f 1104/943/1007 1105/984/1007 1099/1220/1007 1101/1063/1007
f 1110/953/1008 1111/1018/1008 1109/856/1008 1106/1174/1008
f 1106/1174/1009 1109/856/1009 1103/855/1009 1102/1175/1009
f 1112/643/1010 1113/692/1010 1107/985/1010 1108/942/1010
f 1108/942/1011 1107/985/1011 1105/984/1011 1104/943/1011
f 1122/862/1012 1125/1126/1012 1120/1408/1012 1121/863/1012
f 1124/727/1013 1123/778/1013 1119/777/1013 1118/728/1013
f 1117/642/1014 1116/693/1014 1113/692/1014 1112/643/1014
f 1118/728/1015 1119/777/1015 1114/1019/1015 1115/952/1015
f 1121/863/1016 1120/1408/1016 1116/693/1016 1117/642/1016
f 1129/675/1017 1128/1127/1017 1125/1126/1017 1122/862/1017
f 1126/1262/1018 1127/1184/1018 1123/778/1018 1124/727/1018
f 1136/1060/1019 1134/1253/1019 1133/1252/1019 1130/674/1019
f 1130/674/1020 1133/1252/1020 1128/1127/1020 1129/675/1020
f 1139/876/1021 1138/1120/1021 1134/1253/1021 1136/1060/1021
f 1132/1081/1022 1131/970/1022 1127/1184/1022 1126/1262/1022
f 1135/1080/1023 1137/971/1023 1131/970/1023 1132/1081/1023
f 1141/904/1024 1140/707/1024 1137/971/1024 1135/1080/1024
f 1144/875/1025 1142/1121/1025 1138/1120/1025 1139/876/1025
f 1151/747/1026 1150/883/1026 1146/882/1026 1147/748/1026
f 1143/903/1027 1145/708/1027 1140/707/1027 1141/904/1027
f 1149/1409/1028 1148/1410/1028 1145/708/1028 1143/903/1028
f 1147/748/1029 1146/882/1029 1142/1121/1029 1144/875/1029
f 1153/1411/1030 1152/1412/1030 1148/1410/1030 1149/1409/1030
f 1161/1413/1031 1160/1009/1031 1156/1173/1031 1157/1156/1031
f 1155/1414/1032 1154/1415/1032 1152/1412/1032 1153/1411/1032
f 1162/1416/1033 1165/1010/1033 1160/1009/1033 1161/1413/1033
f 1164/1231/1034 1163/1400/1034 1159/1399/1034 1158/1232/1034
f 1157/1156/1035 1156/1173/1035 1150/883/1035 1151/747/1035
f 1158/1232/1036 1159/1399/1036 1154/1415/1036 1155/1414/1036
f 1166/1045/1037 1167/1118/1037 1163/1400/1037 1164/1231/1037
f 1174/923/1038 1175/946/1038 1171/1119/1038 1172/1044/1038
f 1169/1155/1039 1168/756/1039 1165/1010/1039 1162/1416/1039
f 1170/1154/1040 1173/757/1040 1168/756/1040 1169/1155/1040
f 1172/1044/1041 1171/1119/1041 1167/1118/1041 1166/1045/1041
f 1176/1417/1042 1177/1418/1042 1173/757/1042 1170/1154/1042
f 1185/1210/1043 1184/1236/1043 1180/1235/1043 1181/1211/1043
f 1179/922/1044 1178/947/1044 1175/946/1044 1174/923/1044
f 1062/801/1045 1060/857/1045 1184/1236/1045 1185/1210/1045
f 1181/1211/1046 1180/1235/1046 1177/1418/1046 1176/1417/1046
f 1182/1419/1047 1183/1420/1047 1178/947/1047 1179/922/1047
f 1059/1068/1048 1064/766/1048 1183/1420/1048 1182/1419/1048
f 620/888/551 647/887/551 1096/1064/551 1091/1407/551
f 778/969/563 761/1041/563 1127/1184/563 1131/970/563
f 953/1234/1049 948/1239/1049 1177/1418/1049 1180/1235/1049
f 867/1140/1050 882/1182/1050 1158/1232/1050 1155/1414/1050
f 966/659/1051 979/1233/1051 1184/1236/1051 1060/857/1051
f 949/1223/551 952/1208/551 1181/1211/551 1176/1417/551
f 980/1209/551 512/646/551 1062/801/551 1185/1210/551
f 851/1108/563 838/1111/563 1148/1410/563 1152/1412/563
f 646/870/1052 621/879/1052 1090/1406/1052 1097/1219/1052
f 762/1023/1053 777/1048/1053 1132/1081/1053 1126/1262/1053
f 656/847/1054 672/908/1054 1102/1175/1054 1098/1405/1054
f 527/645/551 530/714/551 1067/1248/551 1063/800/551
f 837/1095/1055 852/1114/1055 1153/1411/1055 1149/1409/1055
f 742/1002/1056 737/994/1056 1120/1408/1056 1125/1126/1056
f 881/1146/563 868/1149/563 1154/1415/563 1159/1399/563
f 802/1079/1057 797/1034/1057 1134/1253/1057 1138/1120/1057
f 537/710/563 520/660/563 1065/767/563 1068/1402/563
f 987/663/563 973/1245/563 1183/1420/563 1064/766/563
f 798/1059/551 801/873/551 1139/876/551 1136/1060/551
f 671/854/563 657/893/563 1100/1136/563 1103/855/563
f 974/1267/1058 986/666/1058 1059/1068/1058 1182/1419/1058
f 561/717/1059 556/720/1059 1072/1221/1059 1074/1025/1059
f 521/665/1060 536/702/1060 1069/993/1060 1058/1067/1060
f 888/1008/1061 862/1172/1061 1156/1173/1061 1160/1009/1061
f 808/706/563 791/968/563 1137/971/563 1140/707/563
f 650/895/551 678/912/551 1104/943/551 1101/1063/551
f 861/1145/551 889/1144/551 1161/1413/551 1157/1156/551
f 898/1181/1062 913/1042/1062 1166/1045/1062 1164/1231/1062
f 677/932/1063 651/867/1063 1099/1220/1063 1105/984/1063
f 792/1047/1064 807/901/1064 1141/904/1064 1135/1080/1064
f 557/733/551 560/740/551 1075/1033/551 1071/1247/551
f 687/939/1065 702/938/1065 1110/953/1065 1106/1174/1065
f 772/1035/1066 767/1013/1066 1128/1127/1066 1133/1252/1066
f 567/736/563 550/737/563 1070/1403/563 1076/1074/563
f 832/881/1067 827/1096/1067 1142/1121/1067 1146/882/1067
f 928/1043/1068 943/920/1068 1174/923/1068 1172/1044/1068
f 912/1117/563 899/1167/563 1163/1400/563 1167/1118/563
f 828/874/551 831/745/551 1147/748/551 1144/875/551
f 591/782/1069 586/785/1069 1081/1026/1069 1082/783/1069
f 551/701/1070 566/751/1070 1077/1130/1070 1073/992/1070
f 701/941/563 688/853/563 1109/856/563 1111/1018/563
f 838/1111/563 821/705/563 1145/708/563 1148/1410/563
f 918/755/1071 893/1007/1071 1165/1010/1071 1168/756/1071
f 942/945/563 929/1116/563 1171/1119/563 1175/946/563
f 892/1188/700 919/1152/700 1169/1155/700 1162/1416/700
f 681/934/551 708/640/551 1112/643/551 1108/942/551
f 822/902/1072 837/1095/1072 1149/1409/1072 1143/903/1072
f 587/769/551 590/771/551 1083/821/551 1080/1032/551
f 717/951/1073 732/725/1073 1118/728/1073 1115/952/1073
f 868/1149/563 851/1108/563 1152/1412/563 1154/1415/563
f 707/691/1074 682/956/1074 1107/985/1074 1113/692/1074
f 922/1153/551 949/1223/551 1176/1417/551 1170/1154/551
f 597/790/563 580/774/563 1079/1075/563 1084/896/563
f 581/761/1075 596/794/1075 1085/931/1075 1078/1129/1075
f 852/1114/1076 867/1140/1076 1155/1414/1076 1153/1411/1076
f 958/921/1077 974/1267/1077 1182/1419/1077 1179/922/1077
f 621/849/1078 616/781/1078 1089/784/1078 1090/1404/1078
f 948/1239/1079 923/754/1079 1173/757/1079 1177/1418/1079
f 641/742/1080 656/847/1080 1098/1405/1080 1094/743/1080
f 731/776/563 718/961/563 1114/1019/563 1119/777/563
f 889/1144/551 892/1188/551 1162/1416/551 1161/1413/551
f 973/1245/563 959/944/563 1178/947/563 1183/1420/563
f 550/737/563 537/710/563 1068/1402/563 1070/1403/563
f 737/994/1081 712/690/1081 1116/693/1081 1120/1408/1081
f 697/954/1082 692/806/1082 691/809/1082 698/955/1082
f 817/1124/1083 812/682/1083 811/685/1083 818/1097/1083
f 969/1258/1084 963/816/1084 962/819/1084 970/1264/1084
f 667/807/1085 661/894/1085 660/868/1085 668/808/1085
f 546/735/1086 541/688/1086 540/689/1086 547/719/1086
f 722/963/1087 697/954/1087 698/955/1087 721/981/1087
f 872/1137/1088 847/1101/1088 848/1122/1088 871/1176/1088
f 1055/671/1089 969/1258/1089 970/1264/1089 990/658/1089
f 571/738/1090 546/735/1090 547/719/1090 570/718/1090
f 576/765/1091 571/738/1091 570/718/1091 577/786/1091
f 847/1101/1092 842/1103/1092 841/1123/1092 848/1122/1092
f 842/1103/1093 817/1124/1093 818/1097/1093 841/1123/1093
f 727/979/1094 722/963/1094 721/981/1094 728/995/1094
f 877/1150/1095 872/1137/1095 871/1176/1095 878/1186/1095
f 516/668/1096 1055/671/1096 990/658/1096 517/657/1096
f 752/976/1097 727/979/1097 728/995/1097 751/1003/1097
usemtl Color_3
f 524/696/1098 523/1421/1098 984/1422/1098 983/1228/1098
f 523/1421/1099 522/664/1099 985/667/1099 984/1422/1099
f 533/695/1100 534/1423/1100 523/1421/1100 524/696/1100
f 554/732/1101 553/1424/1101 534/1423/1101 533/695/1101
f 553/1424/1102 552/700/1102 535/703/1102 534/1423/1102
f 563/734/1103 564/1425/1103 553/1424/1103 554/732/1103
f 564/1425/1104 565/750/1104 552/700/1104 553/1424/1104
f 534/1423/1105 535/703/1105 522/664/1105 523/1421/1105
f 613/1426/1106 612/792/1106 595/795/1106 594/1427/1106
f 594/1427/1107 595/795/1107 582/760/1107 583/1428/1107
f 584/789/1108 583/1428/1108 564/1425/1108 563/734/1108
f 583/1428/1109 582/760/1109 565/750/1109 564/1425/1109
f 593/814/1110 594/1427/1110 583/1428/1110 584/789/1110
f 614/813/1111 613/1426/1111 594/1427/1111 593/814/1111
f 623/845/1112 624/1429/1112 613/1426/1112 614/813/1112
f 624/1429/1113 625/822/1113 612/792/1113 613/1426/1113
f 644/828/1114 643/1430/1114 624/1431/1114 623/829/1114
f 654/1432/1115 655/846/1115 642/848/1115 643/1430/1115
f 653/866/1116 654/1432/1116 643/1430/1116 644/828/1116
f 674/1433/1117 673/907/1117 655/846/1117 654/1432/1117
f 643/1430/1118 642/848/1118 625/877/1118 624/1431/1118
f 675/936/1119 674/1433/1119 654/1432/1119 653/866/1119
f 705/957/1120 704/1434/1120 685/1435/1120 684/958/1120
f 704/1434/1121 703/937/1121 686/940/1121 685/1435/1121
f 685/1435/1122 686/940/1122 673/907/1122 674/1433/1122
f 684/958/1123 685/1435/1123 674/1433/1123 675/936/1123
f 715/1436/1124 716/967/1124 703/937/1124 704/1434/1124
f 714/989/1125 715/1436/1125 704/1434/1125 705/957/1125
f 745/1437/1126 746/998/1126 733/999/1126 734/1438/1126
f 735/997/1127 734/1438/1127 715/1436/1127 714/989/1127
f 734/1438/1128 733/999/1128 716/967/1128 715/1436/1128
f 744/1001/1129 745/1437/1129 734/1438/1129 735/997/1129
f 775/1439/1130 776/1049/1130 763/1022/1130 764/1440/1130
f 765/1015/1131 764/1440/1131 745/1437/1131 744/1001/1131
f 764/1440/1132 763/1022/1132 746/998/1132 745/1437/1132
f 795/1037/1133 794/1441/1133 775/1439/1133 774/1038/1133
f 805/1442/1134 806/1077/1134 793/1046/1134 794/1441/1134
f 794/1441/1135 793/1046/1135 776/1049/1135 775/1439/1135
f 774/1038/1136 775/1439/1136 764/1440/1136 765/1015/1136
f 804/1084/1137 805/1442/1137 794/1441/1137 795/1037/1137
f 834/1100/1138 835/1443/1138 824/1444/1138 825/1098/1138
f 825/1098/1139 824/1444/1139 805/1442/1139 804/1084/1139
f 835/1443/1140 836/1094/1140 823/1091/1140 824/1444/1140
f 824/1444/1141 823/1091/1141 806/1077/1141 805/1442/1141
f 854/1445/1142 853/1113/1142 836/1094/1142 835/1443/1142
f 855/1107/1143 854/1445/1143 835/1443/1143 834/1100/1143
f 865/1446/1144 866/1139/1144 853/1113/1144 854/1445/1144
f 864/1162/1145 865/1446/1145 854/1445/1145 855/1107/1145
f 885/1161/1146 884/1447/1146 865/1446/1146 864/1162/1146
f 896/1448/1147 897/1180/1147 883/1183/1147 884/1447/1147
f 884/1447/1148 883/1183/1148 866/1139/1148 865/1446/1148
f 895/1171/1149 896/1448/1149 884/1447/1149 885/1161/1149
f 916/1199/1150 915/1449/1150 896/1448/1150 895/1171/1150
f 925/1207/1151 926/1450/1151 915/1449/1151 916/1199/1151
f 915/1449/1152 914/1205/1152 897/1180/1152 896/1448/1152
f 945/1451/1153 944/1226/1153 927/1227/1153 926/1450/1153
f 946/1216/1154 945/1451/1154 926/1450/1154 925/1207/1154
f 926/1450/1155 927/1227/1155 914/1205/1155 915/1449/1155
f 984/1422/1156 985/667/1156 975/1266/1156 976/1452/1156
f 956/1453/1157 957/1256/1157 944/1226/1157 945/1451/1157
f 955/1251/1158 956/1453/1158 945/1451/1158 946/1216/1158
f 983/1228/1159 984/1422/1159 976/1452/1159 977/1261/1159
f 977/1261/1160 976/1452/1160 956/1453/1160 955/1251/1160
f 976/1452/1161 975/1266/1161 957/1256/1161 956/1453/1161
o Plane.002_Plane
v 1.599988 -3.612592 0.052571
v 0.999992 -3.612592 0.054904
v 1.599988 -2.012593 0.052571
v 0.999992 -2.012593 0.054904
v 3.999970 -4.212593 0.043241
v 0.899993 -4.212593 0.055292
v 3.999970 -1.912592 0.043241
v 0.899993 -1.912592 0.055292
v 1.699987 -2.012593 0.052182
v 2.299983 -2.012593 0.049850
v 1.699987 -3.612592 0.052182
v 2.299983 -3.612592 0.049850
v 3.199975 -3.612592 0.046351
v 2.599980 -3.612592 0.048684
v 3.199975 -2.012593 0.046351
v 2.599980 -2.012593 0.048684
v 3.299975 -2.012593 0.045963
v 3.899971 -2.012593 0.043630
v 3.299975 -3.612592 0.045963
v 3.899971 -3.612592 0.043630
v 1.156192 -4.071229 0.054296
v 1.126419 -4.071229 0.054412
v 0.999992 -3.775223 0.054904
v 1.043141 -3.775223 0.054736
v 1.080250 -3.861954 0.054592
v 1.205382 -3.861954 0.054105
v 1.244648 -3.775223 0.053953
v 1.287797 -3.775223 0.053785
v 1.140658 -4.006504 0.054357
v 1.188122 -3.899925 0.054172
v 1.096646 -3.899925 0.054528
v 1.317569 -3.968964 0.053669
v 1.317569 -3.775223 0.053669
v 1.355972 -3.775223 0.053520
v 1.355972 -3.876625 0.053520
v 1.356395 -3.884776 0.053518
v 1.357628 -3.892572 0.053513
v 1.359620 -3.899945 0.053506
v 1.362317 -3.906829 0.053495
v 1.365667 -3.913156 0.053482
v 1.369618 -3.918857 0.053467
v 1.374117 -3.923866 0.053449
v 1.379113 -3.928116 0.053430
v 1.384552 -3.931539 0.053409
v 1.390382 -3.934067 0.053386
v 1.396550 -3.935634 0.053362
v 1.403005 -3.936171 0.053337
v 1.405390 -3.936011 0.053328
v 1.407995 -3.935544 0.053318
v 1.410785 -3.934782 0.053307
v 1.413728 -3.933742 0.053295
v 1.416791 -3.932438 0.053283
v 1.419941 -3.930885 0.053271
v 1.423144 -3.929099 0.053259
v 1.426369 -3.927094 0.053246
v 1.429582 -3.924884 0.053234
v 1.432750 -3.922487 0.053221
v 1.435839 -3.919915 0.053209
v 1.438818 -3.917185 0.053198
v 1.459098 -3.950410 0.053119
v 1.455133 -3.954024 0.053134
v 1.451214 -3.957316 0.053149
v 1.447334 -3.960287 0.053165
v 1.443485 -3.962939 0.053180
v 1.439660 -3.965274 0.053194
v 1.435852 -3.967292 0.053209
v 1.432053 -3.968996 0.053224
v 1.428255 -3.970387 0.053239
v 1.424451 -3.971466 0.053254
v 1.420634 -3.972234 0.053268
v 1.416796 -3.972695 0.053283
v 1.412929 -3.972848 0.053298
v 1.408389 -3.972548 0.053316
v 1.403830 -3.971635 0.053334
v 1.399249 -3.970090 0.053352
v 1.394647 -3.967894 0.053369
v 1.390020 -3.965026 0.053387
v 1.385367 -3.961467 0.053405
v 1.380688 -3.957198 0.053424
v 1.375981 -3.952200 0.053442
v 1.371243 -3.946452 0.053460
v 1.366474 -3.939936 0.053479
v 1.361672 -3.932632 0.053498
v 1.356835 -3.924520 0.053516
v 1.355972 -3.924520 0.053520
v 1.355972 -3.968964 0.053520
v 1.484125 -3.968964 0.053022
v 1.484125 -3.775223 0.053022
v 1.522528 -3.775223 0.052872
v 1.522528 -3.915890 0.052872
v 1.526461 -3.920272 0.052857
v 1.530302 -3.924155 0.052842
v 1.534083 -3.927561 0.052827
v 1.537838 -3.930513 0.052813
v 1.541597 -3.933034 0.052798
v 1.545397 -3.935146 0.052783
v 1.549268 -3.936871 0.052768
v 1.553243 -3.938232 0.052753
v 1.557357 -3.939252 0.052737
v 1.561641 -3.939952 0.052720
v 1.566130 -3.940356 0.052703
v 1.570855 -3.940486 0.052684
v 1.575531 -3.940204 0.052666
v 1.580036 -3.939349 0.052649
v 1.584325 -3.937903 0.052632
v 1.588354 -3.935851 0.052616
v 1.592077 -3.933176 0.052602
v 1.595449 -3.929860 0.052589
v 1.598427 -3.925889 0.052577
v 1.600963 -3.921244 0.052567
v 1.603014 -3.915911 0.052559
v 1.604535 -3.909872 0.052553
v 1.605480 -3.903110 0.052550
v 1.605805 -3.895610 0.052549
v 1.605805 -3.775223 0.052549
v 1.644208 -3.775223 0.052399
v 1.644208 -3.915890 0.052399
v 1.647719 -3.919374 0.052386
v 1.651330 -3.922687 0.052372
v 1.655015 -3.925801 0.052357
v 1.658751 -3.928691 0.052343
v 1.662510 -3.931330 0.052328
v 1.666268 -3.933690 0.052313
v 1.669999 -3.935744 0.052299
v 1.673677 -3.937465 0.052285
v 1.677278 -3.938827 0.052271
v 1.680775 -3.939802 0.052257
v 1.684143 -3.940364 0.052244
v 1.687357 -3.940486 0.052231
v 1.692769 -3.940155 0.052210
v 1.697971 -3.939167 0.052190
v 1.702911 -3.937533 0.052171
v 1.707541 -3.935260 0.052153
v 1.711812 -3.932358 0.052136
v 1.715674 -3.928835 0.052121
v 1.719077 -3.924702 0.052108
v 1.721972 -3.919966 0.052097
v 1.724310 -3.914637 0.052088
v 1.726041 -3.908723 0.052081
v 1.727116 -3.902234 0.052077
v 1.727486 -3.895179 0.052076
v 1.727486 -3.775223 0.052076
v 1.765888 -3.775223 0.051926
v 1.765888 -3.896905 0.051926
v 1.765373 -3.908007 0.051928
v 1.763853 -3.918412 0.051934
v 1.761364 -3.928067 0.051944
v 1.757946 -3.936922 0.051957
v 1.753634 -3.944926 0.051974
v 1.748467 -3.952028 0.051994
v 1.742482 -3.958178 0.052017
v 1.735716 -3.963323 0.052044
v 1.728207 -3.967414 0.052073
v 1.719993 -3.970399 0.052105
v 1.711110 -3.972227 0.052139
v 1.701596 -3.972848 0.052176
v 1.694843 -3.972523 0.052202
v 1.688382 -3.971577 0.052228
v 1.682199 -3.970057 0.052252
v 1.676282 -3.968005 0.052275
v 1.670617 -3.965469 0.052297
v 1.665189 -3.962492 0.052318
v 1.659986 -3.959119 0.052338
v 1.654995 -3.955396 0.052357
v 1.650202 -3.951367 0.052376
v 1.645592 -3.947078 0.052394
v 1.641154 -3.942573 0.052411
v 1.636873 -3.937897 0.052428
v 1.633485 -3.943388 0.052441
v 1.629803 -3.948426 0.052455
v 1.625836 -3.953006 0.052471
v 1.621595 -3.957122 0.052487
v 1.617090 -3.960771 0.052505
v 1.612332 -3.963948 0.052523
v 1.607331 -3.966649 0.052543
v 1.602098 -3.968868 0.052563
v 1.596643 -3.970603 0.052584
v 1.590977 -3.971847 0.052606
v 1.585110 -3.972597 0.052629
v 1.579053 -3.972848 0.052653
v 1.574513 -3.972650 0.052670
v 1.569952 -3.972053 0.052688
v 1.565367 -3.971054 0.052706
v 1.560754 -3.969651 0.052724
v 1.556112 -3.967841 0.052742
v 1.551437 -3.965620 0.052760
v 1.546726 -3.962986 0.052778
v 1.541977 -3.959935 0.052797
v 1.537185 -3.956464 0.052815
v 1.532348 -3.952571 0.052834
v 1.527463 -3.948253 0.052853
v 1.522528 -3.943506 0.052872
v 1.522528 -3.968964 0.052872
v 1.986380 -4.069502 0.051069
v 1.944094 -4.069502 0.051233
v 1.944094 -3.775223 0.051233
v 1.986380 -3.775223 0.051069
v 2.142148 -3.930130 0.050464
v 2.270301 -4.069502 0.049965
v 2.217659 -4.069502 0.050170
v 2.093821 -3.934876 0.050651
v 2.093821 -4.069502 0.050651
v 2.051535 -4.069502 0.050816
v 2.051535 -3.775223 0.050816
v 2.093821 -3.775223 0.050651
v 2.093821 -3.920637 0.050651
v 2.243548 -3.775223 0.050069
v 2.301800 -3.775223 0.049843
v 2.685993 -4.116278 0.048349
v 2.636986 -4.116278 0.048540
v 2.636986 -3.775223 0.048540
v 2.840017 -3.775223 0.047751
v 2.840017 -3.819231 0.047751
v 2.685993 -3.819231 0.048349
v 3.064051 -3.840234 0.046880
v 3.057559 -3.836131 0.046905
v 3.051081 -3.832330 0.046930
v 3.044611 -3.828841 0.046955
v 3.038140 -3.825676 0.046980
v 3.031662 -3.822844 0.047006
v 3.025170 -3.820356 0.047031
v 3.018658 -3.818222 0.047056
v 3.012117 -3.816452 0.047082
v 3.005542 -3.815058 0.047107
v 2.998925 -3.814049 0.047133
v 2.992260 -3.813436 0.047159
v 2.985539 -3.813230 0.047185
v 2.975152 -3.813708 0.047225
v 2.965499 -3.815140 0.047263
v 2.956582 -3.817519 0.047297
v 2.948404 -3.820842 0.047329
v 2.940969 -3.825102 0.047358
v 2.934281 -3.830295 0.047384
v 2.928343 -3.836415 0.047407
v 2.923159 -3.843457 0.047427
v 2.918732 -3.851415 0.047445
v 2.915065 -3.860286 0.047459
v 2.912163 -3.870062 0.047470
v 2.910028 -3.880740 0.047478
v 3.068052 -3.880740 0.046864
v 3.067269 -3.900609 0.046867
v 3.064961 -3.918714 0.046876
v 3.061183 -3.935061 0.046891
v 3.055994 -3.949659 0.046911
v 3.049450 -3.962512 0.046936
v 3.041610 -3.973630 0.046967
v 3.032530 -3.983018 0.047002
v 3.022267 -3.990684 0.047042
v 3.010879 -3.996634 0.047086
v 2.998423 -4.000875 0.047135
v 2.984957 -4.003415 0.047187
v 2.970537 -4.004260 0.047243
v 2.955444 -4.003315 0.047302
v 2.941227 -4.000537 0.047357
v 2.927968 -3.996009 0.047409
v 2.915751 -3.989813 0.047456
v 2.904659 -3.982034 0.047499
v 2.894775 -3.972755 0.047538
v 2.886184 -3.962059 0.047571
v 2.878967 -3.950029 0.047599
v 2.873209 -3.936749 0.047622
v 2.868993 -3.922302 0.047638
v 2.866403 -3.906772 0.047648
v 2.865521 -3.890242 0.047651
v 2.866329 -3.874864 0.047648
v 2.868734 -3.859857 0.047639
v 2.872709 -3.845407 0.047623
v 2.878227 -3.831696 0.047602
v 2.885258 -3.818908 0.047575
v 2.893775 -3.807229 0.047542
v 2.903751 -3.796841 0.047503
v 2.915158 -3.787929 0.047458
v 2.927968 -3.780677 0.047409
v 2.942153 -3.775270 0.047354
v 2.957685 -3.771890 0.047293
v 2.974537 -3.770723 0.047228
v 2.983767 -3.770900 0.047192
v 2.992489 -3.771436 0.047158
v 3.000760 -3.772332 0.047126
v 3.008635 -3.773593 0.047095
v 3.016170 -3.775223 0.047066
v 3.023420 -3.777224 0.047038
v 3.030440 -3.779600 0.047010
v 3.037288 -3.782354 0.046984
v 3.044017 -3.785491 0.046958
v 3.050683 -3.789013 0.046932
v 3.057343 -3.792923 0.046906
v 3.064051 -3.797227 0.046880
v 2.911028 -3.910245 0.047475
v 2.912829 -3.918796 0.047468
v 2.915232 -3.926685 0.047458
v 2.918232 -3.933897 0.047447
v 2.921825 -3.940417 0.047433
v 2.926010 -3.946227 0.047416
v 2.930781 -3.951314 0.047398
v 2.936135 -3.955661 0.047377
v 2.942070 -3.959253 0.047354
v 2.948580 -3.962074 0.047329
v 2.955664 -3.964108 0.047301
v 2.963317 -3.965340 0.047271
v 2.971537 -3.965754 0.047239
v 2.979159 -3.965311 0.047210
v 2.986261 -3.964004 0.047182
v 2.992821 -3.961863 0.047157
v 2.998819 -3.958920 0.047133
v 3.004233 -3.955205 0.047112
v 3.009043 -3.950752 0.047094
v 3.013227 -3.945589 0.047077
v 3.016766 -3.939750 0.047063
v 3.019638 -3.933264 0.047052
v 3.021822 -3.926164 0.047044
v 3.023298 -3.918481 0.047038
v 3.024045 -3.910245 0.047035
v 3.295086 -3.999759 0.045982
v 3.202572 -3.999759 0.046341
v 3.187932 -3.999151 0.046398
v 3.174302 -3.997352 0.046451
v 3.161730 -3.994399 0.046500
v 3.150268 -3.990332 0.046544
v 3.139966 -3.985188 0.046585
v 3.130874 -3.979006 0.046620
v 3.123042 -3.971824 0.046650
v 3.116522 -3.963679 0.046676
v 3.111363 -3.954612 0.046696
v 3.107615 -3.944658 0.046710
v 3.105330 -3.933857 0.046719
v 3.104557 -3.922247 0.046722
v 3.104640 -3.918173 0.046722
v 3.104890 -3.914204 0.046721
v 3.105307 -3.910339 0.046719
v 3.105891 -3.906578 0.046717
v 3.106641 -3.902921 0.046714
v 3.107558 -3.899368 0.046711
v 3.108641 -3.895920 0.046706
v 3.109891 -3.892576 0.046701
v 3.111308 -3.889335 0.046696
v 3.112892 -3.886199 0.046690
v 3.114642 -3.883168 0.046683
v 3.116559 -3.880240 0.046676
v 3.118768 -3.877292 0.046667
v 3.121143 -3.874448 0.046658
v 3.123685 -3.871707 0.046648
v 3.126394 -3.869072 0.046637
v 3.129269 -3.866540 0.046626
v 3.132312 -3.864113 0.046614
v 3.135520 -3.861789 0.046602
v 3.138896 -3.859570 0.046589
v 3.142438 -3.857455 0.046575
v 3.146147 -3.855444 0.046561
v 3.150023 -3.853538 0.046545
v 3.154065 -3.851736 0.046530
v 3.154065 -3.850736 0.046530
v 3.148849 -3.849332 0.046550
v 3.143968 -3.847636 0.046569
v 3.139445 -3.845665 0.046587
v 3.135303 -3.843438 0.046603
v 3.131563 -3.840976 0.046617
v 3.128248 -3.838296 0.046630
v 3.125382 -3.835418 0.046641
v 3.122986 -3.832362 0.046651
v 3.121083 -3.829146 0.046658
v 3.119696 -3.825789 0.046663
v 3.118847 -3.822311 0.046667
v 3.118559 -3.818730 0.046668
v 3.118706 -3.816250 0.046667
v 3.119150 -3.813806 0.046665
v 3.119895 -3.811393 0.046663
v 3.120949 -3.809007 0.046658
v 3.122314 -3.806641 0.046653
v 3.123997 -3.804291 0.046647
v 3.126004 -3.801951 0.046639
v 3.128339 -3.799616 0.046630
v 3.131006 -3.797282 0.046619
v 3.134013 -3.794942 0.046608
v 3.137363 -3.792592 0.046595
v 3.141063 -3.790226 0.046580
v 3.131757 -3.787640 0.046616
v 3.123333 -3.784625 0.046649
v 3.115777 -3.781170 0.046679
v 3.109076 -3.777261 0.046705
v 3.103215 -3.772887 0.046727
v 3.098181 -3.768035 0.046747
v 3.093960 -3.762693 0.046763
v 3.090536 -3.756850 0.046777
v 3.087898 -3.750493 0.046787
v 3.086031 -3.743609 0.046794
v 3.084921 -3.736188 0.046799
v 3.084554 -3.728216 0.046800
v 3.085435 -3.718579 0.046797
v 3.088020 -3.709460 0.046786
v 3.092219 -3.700922 0.046770
v 3.097945 -3.693025 0.046748
v 3.105108 -3.685829 0.046720
v 3.113621 -3.679396 0.046687
v 3.123394 -3.673785 0.046649
v 3.134339 -3.669058 0.046606
v 3.146368 -3.665276 0.046560
v 3.159392 -3.662499 0.046509
v 3.173322 -3.660789 0.046455
v 3.188070 -3.660205 0.046398
v 3.204128 -3.660762 0.046335
v 3.219017 -3.662411 0.046277
v 3.232694 -3.665120 0.046224
v 3.245116 -3.668854 0.046176
v 3.256238 -3.673583 0.046133
v 3.266019 -3.679271 0.046095
v 3.274415 -3.685886 0.046062
v 3.281380 -3.693396 0.046035
v 3.286874 -3.701766 0.046013
v 3.290852 -3.710965 0.045998
v 3.293270 -3.720960 0.045989
v 3.294086 -3.731716 0.045985
v 3.293724 -3.738753 0.045987
v 3.292604 -3.745584 0.045991
v 3.290679 -3.752173 0.045999
v 3.287900 -3.758480 0.046009
v 3.284218 -3.764468 0.046024
v 3.279584 -3.770097 0.046042
v 3.273950 -3.775331 0.046064
v 3.267267 -3.780132 0.046090
v 3.259487 -3.784459 0.046120
v 3.250561 -3.788276 0.046155
v 3.240440 -3.791545 0.046194
v 3.229076 -3.794226 0.046238
v 3.218274 -3.796449 0.046280
v 3.208374 -3.798632 0.046319
v 3.199384 -3.800798 0.046354
v 3.191311 -3.802969 0.046385
v 3.184162 -3.805167 0.046413
v 3.177943 -3.807416 0.046437
v 3.172663 -3.809738 0.046457
v 3.168326 -3.812155 0.046474
v 3.164941 -3.814691 0.046487
v 3.162515 -3.817367 0.046497
v 3.161054 -3.820206 0.046503
v 3.160566 -3.823231 0.046504
v 3.161783 -3.829024 0.046500
v 3.165224 -3.833360 0.046486
v 3.170567 -3.836554 0.046466
v 3.177495 -3.838919 0.046439
v 3.185685 -3.840770 0.046407
v 3.194821 -3.842422 0.046371
v 3.204582 -3.844188 0.046333
v 3.214648 -3.846383 0.046294
v 3.224701 -3.849321 0.046255
v 3.234420 -3.853317 0.046217
v 3.243486 -3.858685 0.046182
v 3.251580 -3.865738 0.046151
v 3.254199 -3.868584 0.046140
v 3.256782 -3.871841 0.046130
v 3.259292 -3.875458 0.046121
v 3.261692 -3.879388 0.046111
v 3.263947 -3.883582 0.046103
v 3.266019 -3.887991 0.046095
v 3.267873 -3.892567 0.046087
v 3.269471 -3.897262 0.046081
v 3.270778 -3.902025 0.046076
v 3.271756 -3.906809 0.046072
v 3.272370 -3.911566 0.046070
v 3.272583 -3.916246 0.046069
v 3.272455 -3.920868 0.046070
v 3.272057 -3.925259 0.046071
v 3.271372 -3.929459 0.046074
v 3.270379 -3.933508 0.046078
v 3.269059 -3.937446 0.046083
v 3.267395 -3.941313 0.046089
v 3.265365 -3.945148 0.046097
v 3.262952 -3.948992 0.046106
v 3.260135 -3.952885 0.046117
v 3.256897 -3.956866 0.046130
v 3.253218 -3.960976 0.046144
v 3.249079 -3.965254 0.046160
v 3.295086 -3.965254 0.045982
v 3.232577 -3.921747 0.046225
v 3.232208 -3.915773 0.046226
v 3.231127 -3.910127 0.046230
v 3.229373 -3.904846 0.046237
v 3.226983 -3.899966 0.046246
v 3.223996 -3.895523 0.046258
v 3.220450 -3.891555 0.046272
v 3.216383 -3.888097 0.046287
v 3.211833 -3.885185 0.046305
v 3.206838 -3.882858 0.046325
v 3.201437 -3.881150 0.046346
v 3.195669 -3.880099 0.046368
v 3.189570 -3.879740 0.046392
v 3.183012 -3.880079 0.046417
v 3.176860 -3.881076 0.046441
v 3.171145 -3.882701 0.046463
v 3.165900 -3.884926 0.046484
v 3.161155 -3.887720 0.046502
v 3.156940 -3.891054 0.046519
v 3.153289 -3.894899 0.046533
v 3.150231 -3.899225 0.046545
v 3.147798 -3.904002 0.046554
v 3.146022 -3.909201 0.046561
v 3.144933 -3.914792 0.046565
v 3.144563 -3.920747 0.046567
v 3.144971 -3.926166 0.046565
v 3.146158 -3.931387 0.046560
v 3.148072 -3.936358 0.046553
v 3.150657 -3.941028 0.046543
v 3.153860 -3.945343 0.046531
v 3.157628 -3.949251 0.046516
v 3.161906 -3.952702 0.046499
v 3.166641 -3.955641 0.046481
v 3.171778 -3.958018 0.046461
v 3.177265 -3.959781 0.046440
v 3.183047 -3.960876 0.046417
v 3.189070 -3.961253 0.046394
v 3.194864 -3.960886 0.046371
v 3.200454 -3.959820 0.046349
v 3.205783 -3.958104 0.046329
v 3.210795 -3.955789 0.046309
v 3.215432 -3.952926 0.046291
v 3.219637 -3.949564 0.046275
v 3.223352 -3.945754 0.046260
v 3.226520 -3.941546 0.046248
v 3.229084 -3.936991 0.046238
v 3.230986 -3.932140 0.046231
v 3.232169 -3.927042 0.046226
v 3.251080 -3.728216 0.046153
v 3.250604 -3.723269 0.046154
v 3.249195 -3.718689 0.046160
v 3.246876 -3.714487 0.046169
v 3.243671 -3.710676 0.046181
v 3.239605 -3.707268 0.046197
v 3.234702 -3.704275 0.046216
v 3.228987 -3.701708 0.046238
v 3.222483 -3.699582 0.046264
v 3.215215 -3.697906 0.046292
v 3.207207 -3.696695 0.046323
v 3.198484 -3.695959 0.046357
v 3.189070 -3.695711 0.046394
v 3.179331 -3.695960 0.046432
v 3.170375 -3.696704 0.046466
v 3.162214 -3.697937 0.046498
v 3.154861 -3.699656 0.046527
v 3.148328 -3.701853 0.046552
v 3.142625 -3.704525 0.046574
v 3.137767 -3.707665 0.046593
v 3.133765 -3.711269 0.046609
v 3.130631 -3.715331 0.046621
v 3.128378 -3.719846 0.046630
v 3.127017 -3.724810 0.046635
v 3.126561 -3.730216 0.046637
v 3.126991 -3.735087 0.046635
v 3.128255 -3.739681 0.046630
v 3.130311 -3.743968 0.046622
v 3.133117 -3.747923 0.046611
v 3.136631 -3.751516 0.046598
v 3.140813 -3.754720 0.046581
v 3.145619 -3.757508 0.046563
v 3.151009 -3.759851 0.046542
v 3.156940 -3.761721 0.046519
v 3.163372 -3.763092 0.046494
v 3.170261 -3.763935 0.046467
v 3.177568 -3.764222 0.046438
v 3.184792 -3.764058 0.046410
v 3.192564 -3.763534 0.046380
v 3.200658 -3.762604 0.046349
v 3.208851 -3.761221 0.046317
v 3.216919 -3.759338 0.046285
v 3.224638 -3.756908 0.046255
v 3.231784 -3.753884 0.046228
v 3.238133 -3.750219 0.046203
v 3.243461 -3.745867 0.046182
v 3.247544 -3.740780 0.046166
v 3.250158 -3.734912 0.046156
v 3.524121 -4.116278 0.045091
v 3.475114 -4.116278 0.045282
v 3.475114 -3.775223 0.045282
v 3.524121 -3.775223 0.045091
v 3.704649 -3.954752 0.044389
v 3.853171 -4.116278 0.043812
v 3.792162 -4.116278 0.044049
v 3.648640 -3.960253 0.044607
v 3.648640 -4.116278 0.044607
v 3.599633 -4.116278 0.044798
v 3.599633 -3.775223 0.044798
v 3.648640 -3.775223 0.044607
v 3.648640 -3.943750 0.044607
v 3.822167 -3.775223 0.043933
v 3.889677 -3.775223 0.043670
l 1186 1187
l 1188 1186
l 1189 1188
l 1187 1189
l 1190 1191
l 1192 1190
l 1193 1192
l 1191 1193
l 1194 1196
l 1195 1194
l 1197 1195
l 1196 1197
l 1199 1198
l 1198 1200
l 1200 1201
l 1201 1199
l 1202 1204
l 1203 1202
l 1205 1203
l 1204 1205
l 1206 1207
l 1207 1208
l 1208 1209
l 1209 1210
l 1210 1211
l 1211 1212
l 1212 1213
l 1213 1206
l 1214 1215
l 1215 1216
l 1216 1214
l 1217 1218
l 1218 1219
l 1219 1220
l 1220 1221
l 1221 1222
l 1222 1223
l 1223 1224
l 1224 1225
l 1225 1226
l 1226 1227
l 1227 1228
l 1228 1229
l 1229 1230
l 1230 1231
l 1231 1232
l 1232 1233
l 1233 1234
l 1234 1235
l 1235 1236
l 1236 1237
l 1237 1238
l 1238 1239
l 1239 1240
l 1240 1241
l 1241 1242
l 1242 1243
l 1243 1244
l 1244 1245
l 1245 1246
l 1246 1247
l 1247 1248
l 1248 1249
l 1249 1250
l 1250 1251
l 1251 1252
l 1252 1253
l 1253 1254
l 1254 1255
l 1255 1256
l 1256 1257
l 1257 1258
l 1258 1259
l 1259 1260
l 1260 1261
l 1261 1262
l 1262 1263
l 1263 1264
l 1264 1265
l 1265 1266
l 1266 1267
l 1267 1268
l 1268 1269
l 1269 1270
l 1270 1271
l 1271 1217
l 1272 1273
l 1273 1274
l 1274 1275
l 1275 1276
l 1276 1277
l 1277 1278
l 1278 1279
l 1279 1280
l 1280 1281
l 1281 1282
l 1282 1283
l 1283 1284
l 1284 1285
l 1285 1286
l 1286 1287
l 1287 1288
l 1288 1289
l 1289 1290
l 1290 1291
l 1291 1292
l 1292 1293
l 1293 1294
l 1294 1295
l 1295 1296
l 1296 1297
l 1297 1298
l 1298 1299
l 1299 1300
l 1300 1301
l 1301 1302
l 1302 1303
l 1303 1304
l 1304 1305
l 1305 1306
l 1306 1307
l 1307 1308
l 1308 1309
l 1309 1310
l 1310 1311
l 1311 1312
l 1312 1313
l 1313 1314
l 1314 1315
l 1315 1316
l 1316 1317
l 1317 1318
l 1318 1319
l 1319 1320
l 1320 1321
l 1321 1322
l 1322 1323
l 1323 1324
l 1324 1325
l 1325 1326
l 1326 1327
l 1327 1328
l 1328 1329
l 1329 1330
l 1330 1331
l 1331 1332
l 1332 1333
l 1333 1334
l 1334 1335
l 1335 1336
l 1336 1337
l 1337 1338
l 1338 1339
l 1339 1340
l 1340 1341
l 1341 1342
l 1342 1343
l 1343 1344
l 1344 1345
l 1345 1346
l 1346 1347
l 1347 1348
l 1348 1349
l 1349 1350
l 1350 1351
l 1351 1352
l 1352 1353
l 1353 1354
l 1354 1355
l 1355 1356
l 1356 1357
l 1357 1358
l 1358 1359
l 1359 1360
l 1360 1361
l 1361 1362
l 1362 1363
l 1363 1364
l 1364 1365
l 1365 1366
l 1366 1367
l 1367 1368
l 1368 1369
l 1369 1370
l 1370 1371
l 1371 1372
l 1372 1373
l 1373 1374
l 1374 1375
l 1375 1376
l 1376 1377
l 1377 1378
l 1378 1272
l 1379 1380
l 1380 1381
l 1381 1382
l 1382 1379
l 1383 1384
l 1384 1385
l 1385 1386
l 1386 1387
l 1387 1388
l 1388 1389
l 1389 1390
l 1390 1391
l 1391 1392
l 1392 1393
l 1393 1383
l 1394 1395
l 1395 1396
l 1396 1397
l 1397 1398
l 1398 1399
l 1399 1394
l 1400 1401
l 1401 1402
l 1402 1403
l 1403 1404
l 1404 1405
l 1405 1406
l 1406 1407
l 1407 1408
l 1408 1409
l 1409 1410
l 1410 1411
l 1411 1412
l 1412 1413
l 1413 1414
l 1414 1415
l 1415 1416
l 1416 1417
l 1417 1418
l 1418 1419
l 1419 1420
l 1420 1421
l 1421 1422
l 1422 1423
l 1423 1424
l 1424 1425
l 1425 1426
l 1426 1427
l 1427 1428
l 1428 1429
l 1429 1430
l 1430 1431
l 1431 1432
l 1432 1433
l 1433 1434
l 1434 1435
l 1435 1436
l 1436 1437
l 1437 1438
l 1438 1439
l 1439 1440
l 1440 1441
l 1441 1442
l 1442 1443
l 1443 1444
l 1444 1445
l 1445 1446
l 1446 1447
l 1447 1448
l 1448 1449
l 1449 1450
l 1450 1451
l 1451 1452
l 1452 1453
l 1453 1454
l 1454 1455
l 1455 1456
l 1456 1457
l 1457 1458
l 1458 1459
l 1459 1460
l 1460 1461
l 1461 1462
l 1462 1463
l 1463 1464
l 1464 1465
l 1465 1466
l 1466 1467
l 1467 1468
l 1468 1469
l 1469 1470
l 1470 1471
l 1471 1472
l 1472 1473
l 1473 1400
l 1474 1475
l 1475 1476
l 1476 1477
l 1477 1478
l 1478 1479
l 1479 1480
l 1480 1481
l 1481 1482
l 1482 1483
l 1483 1484
l 1484 1485
l 1485 1486
l 1486 1487
l 1487 1488
l 1488 1489
l 1489 1490
l 1490 1491
l 1491 1492
l 1492 1493
l 1493 1494
l 1494 1495
l 1495 1496
l 1496 1497
l 1497 1498
l 1498 1474
l 1499 1500
l 1500 1501
l 1501 1502
l 1502 1503
l 1503 1504
l 1504 1505
l 1505 1506
l 1506 1507
l 1507 1508
l 1508 1509
l 1509 1510
l 1510 1511
l 1511 1512
l 1512 1513
l 1513 1514
l 1514 1515
l 1515 1516
l 1516 1517
l 1517 1518
l 1518 1519
l 1519 1520
l 1520 1521
l 1521 1522
l 1522 1523
l 1523 1524
l 1524 1525
l 1525 1526
l 1526 1527
l 1527 1528
l 1528 1529
l 1529 1530
l 1530 1531
l 1531 1532
l 1532 1533
l 1533 1534
l 1534 1535
l 1535 1536
l 1536 1537
l 1537 1538
l 1538 1539
l 1539 1540
l 1540 1541
l 1541 1542
l 1542 1543
l 1543 1544
l 1544 1545
l 1545 1546
l 1546 1547
l 1547 1548
l 1548 1549
l 1549 1550
l 1550 1551
l 1551 1552
l 1552 1553
l 1553 1554
l 1554 1555
l 1555 1556
l 1556 1557
l 1557 1558
l 1558 1559
l 1559 1560
l 1560 1561
l 1561 1562
l 1562 1563
l 1563 1564
l 1564 1565
l 1565 1566
l 1566 1567
l 1567 1568
l 1568 1569
l 1569 1570
l 1570 1571
l 1571 1572
l 1572 1573
l 1573 1574
l 1574 1575
l 1575 1576
l 1576 1577
l 1577 1578
l 1578 1579
l 1579 1580
l 1580 1581
l 1581 1582
l 1582 1583
l 1583 1584
l 1584 1585
l 1585 1586
l 1586 1587
l 1587 1588
l 1588 1589
l 1589 1590
l 1590 1591
l 1591 1592
l 1592 1593
l 1593 1594
l 1594 1595
l 1595 1596
l 1596 1597
l 1597 1598
l 1598 1599
l 1599 1600
l 1600 1601
l 1601 1602
l 1602 1603
l 1603 1604
l 1604 1605
l 1605 1606
l 1606 1607
l 1607 1608
l 1608 1609
l 1609 1610
l 1610 1611
l 1611 1612
l 1612 1613
l 1613 1614
l 1614 1615
l 1615 1616
l 1616 1617
l 1617 1618
l 1618 1619
l 1619 1620
l 1620 1621
l 1621 1622
l 1622 1623
l 1623 1624
l 1624 1625
l 1625 1626
l 1626 1627
l 1627 1628
l 1628 1629
l 1629 1630
l 1630 1631
l 1631 1632
l 1632 1633
l 1633 1634
l 1634 1635
l 1635 1636
l 1636 1637
l 1637 1638
l 1638 1639
l 1639 1640
l 1640 1641
l 1641 1642
l 1642 1643
l 1643 1644
l 1644 1645
l 1645 1646
l 1646 1647
l 1647 1648
l 1648 1649
l 1649 1650
l 1650 1651
l 1651 1652
l 1652 1653
l 1653 1654
l 1654 1655
l 1655 1656
l 1656 1657
l 1657 1658
l 1658 1499
l 1659 1660
l 1660 1661
l 1661 1662
l 1662 1663
l 1663 1664
l 1664 1665
l 1665 1666
l 1666 1667
l 1667 1668
l 1668 1669
l 1669 1670
l 1670 1671
l 1671 1672
l 1672 1673
l 1673 1674
l 1674 1675
l 1675 1676
l 1676 1677
l 1677 1678
l 1678 1679
l 1679 1680
l 1680 1681
l 1681 1682
l 1682 1683
l 1683 1684
l 1684 1685
l 1685 1686
l 1686 1687
l 1687 1688
l 1688 1689
l 1689 1690
l 1690 1691
l 1691 1692
l 1692 1693
l 1693 1694
l 1694 1695
l 1695 1696
l 1696 1697
l 1697 1698
l 1698 1699
l 1699 1700
l 1700 1701
l 1701 1702
l 1702 1703
l 1703 1704
l 1704 1705
l 1705 1706
l 1706 1659
l 1707 1708
l 1708 1709
l 1709 1710
l 1710 1711
l 1711 1712
l 1712 1713
l 1713 1714
l 1714 1715
l 1715 1716
l 1716 1717
l 1717 1718
l 1718 1719
l 1719 1720
l 1720 1721
l 1721 1722
l 1722 1723
l 1723 1724
l 1724 1725
l 1725 1726
l 1726 1727
l 1727 1728
l 1728 1729
l 1729 1730
l 1730 1731
l 1731 1732
l 1732 1733
l 1733 1734
l 1734 1735
l 1735 1736
l 1736 1737
l 1737 1738
l 1738 1739
l 1739 1740
l 1740 1741
l 1741 1742
l 1742 1743
l 1743 1744
l 1744 1745
l 1745 1746
l 1746 1747
l 1747 1748
l 1748 1749
l 1749 1750
l 1750 1751
l 1751 1752
l 1752 1753
l 1753 1754
l 1754 1707
l 1755 1756
l 1756 1757
l 1757 1758
l 1758 1755
l 1759 1760
l 1760 1761
l 1761 1762
l 1762 1763
l 1763 1764
l 1764 1765
l 1765 1766
l 1766 1767
l 1767 1768
l 1768 1769
l 1769 1759
o Hitbox_1_Icosphere.002
v -0.237194 1.503675 -4.996597
v -0.237194 1.503675 -4.996597
v -0.237194 1.503675 -4.996597
v -0.237194 1.503675 -4.996597
v -0.237194 1.503675 -4.996597
v -0.237194 1.503675 -4.996597
v -0.237194 1.503675 -4.996597
v -0.237194 1.503675 -4.996597
v -0.237194 1.503675 -4.996597
v -0.237194 1.503675 -4.996597
v -0.237194 1.503675 -4.996597
v -0.237194 1.503675 -4.996597
v -0.237194 1.503675 -4.996597
v -0.237194 1.503675 -4.996597
v -0.237194 1.503675 -4.996597
v -0.237194 1.503675 -4.996597
v -0.237194 1.503675 -4.996597
v -0.237194 1.503675 -4.996597
v -0.237194 1.503675 -4.996597
v -0.237194 1.503675 -4.996597
v -0.237194 1.503675 -4.996597
v -0.237194 1.503675 -4.996597
v -0.237194 1.503675 -4.996597
v -0.237194 1.503675 -4.996597
v -0.237194 1.503675 -4.996597
v -0.237194 1.503675 -4.996597
v -0.237194 1.503675 -4.996597
v -0.237194 1.503675 -4.996597
v -0.237194 1.503675 -4.996597
v -0.237194 1.503675 -4.996597
v -0.237194 1.503675 -4.996597
v -0.237194 1.503675 -4.996597
v -0.237194 1.503675 -4.996597
v -0.237194 1.503675 -4.996597
v -0.237194 1.503675 -4.996597
v -0.237194 1.503675 -4.996597
v -0.237194 1.503675 -4.996597
v -0.237194 1.503675 -4.996597
v -0.237194 1.503675 -4.996597
v -0.237194 1.503675 -4.996597
v -0.237194 1.503675 -4.996597
v -0.237194 1.503675 -4.996597
l 1782 1770
l 1783 1771
l 1784 1772
l 1785 1771
l 1786 1775
l 1787 1770
l 1788 1773
l 1789 1770
l 1790 1774
l 1791 1775
l 1792 1771
l 1793 1780
l 1794 1772
l 1795 1776
l 1796 1773
l 1797 1777
l 1798 1774
l 1799 1778
l 1800 1775
l 1801 1779
l 1802 1776
l 1803 1777
l 1804 1778
l 1805 1779
l 1806 1780
l 1807 1776
l 1808 1781
l 1809 1777
l 1810 1778
l 1811 1779
l 1772 1782
l 1770 1783
l 1771 1784
l 1775 1785
l 1770 1786
l 1773 1787
l 1772 1788
l 1774 1789
l 1773 1790
l 1774 1791
l 1780 1792
l 1775 1793
l 1776 1794
l 1771 1795
l 1777 1796
l 1772 1797
l 1778 1798
l 1773 1799
l 1779 1800
l 1774 1801
l 1780 1802
l 1776 1803
l 1777 1804
l 1778 1805
l 1779 1806
l 1781 1807
l 1780 1808
l 1781 1809
l 1781 1810
l 1781 1811
l 1808 1811
l 1808 1806
l 1811 1806
l 1811 1810
l 1811 1805
l 1810 1805
l 1810 1809
l 1810 1804
l 1809 1804
l 1809 1807
l 1809 1803
l 1807 1803
l 1807 1808
l 1807 1802
l 1808 1802
l 1793 1806
l 1793 1800
l 1806 1800
l 1801 1805
l 1801 1798
l 1805 1798
l 1799 1804
l 1799 1796
l 1804 1796
l 1797 1803
l 1797 1794
l 1803 1794
l 1795 1802
l 1795 1792
l 1802 1792
l 1800 1801
l 1800 1791
l 1801 1791
l 1798 1799
l 1798 1790
l 1799 1790
l 1796 1797
l 1796 1788
l 1797 1788
l 1794 1795
l 1794 1784
l 1795 1784
l 1792 1793
l 1792 1785
l 1793 1785
l 1786 1791
l 1786 1789
l 1791 1789
l 1789 1790
l 1789 1787
l 1790 1787
l 1787 1788
l 1787 1782
l 1788 1782
l 1785 1786
l 1785 1783
l 1786 1783
l 1782 1784
l 1782 1783
l 1784 1783
o Hitbox_Direction_1_Icosphere.003
v -0.237194 1.503675 -4.996597
v -0.237194 1.503675 -4.996597
v -0.237194 1.503675 -4.996597
v -0.237194 1.503675 -4.996597
v -0.237194 1.503675 -4.996597
v -0.237194 1.503675 -4.996597
v -0.237194 1.503675 -4.996597
v -0.237194 1.503675 -4.996597
v -0.237194 1.503675 -4.996597
v -0.237194 1.503675 -4.996597
v -0.237194 1.503675 -4.996597
v -0.237194 1.503675 -4.996597
v -0.237194 1.503675 -4.996597
v -0.237194 1.503675 -4.996597
v -0.237194 1.503675 -4.996597
v -0.237194 1.503675 -4.996597
v -0.237194 1.503675 -4.996597
v -0.237194 1.503675 -4.996597
v -0.237194 1.503675 -4.996597
v -0.237194 1.503675 -4.996597
v -0.237194 1.503675 -4.996597
v -0.237194 1.503675 -4.996597
v -0.237194 1.503675 -4.996597
v -0.237194 1.503675 -4.996597
v -0.237194 1.503675 -4.996597
v -0.237194 1.503675 -4.996597
v -0.237194 1.503675 -4.996597
v -0.237194 1.503675 -4.996597
v -0.237194 1.503675 -4.996597
v -0.237194 1.503675 -4.996597
v -0.237194 1.503675 -4.996597
v -0.237194 1.503675 -4.996597
v -0.237194 1.503675 -4.996597
v -0.237194 1.503675 -4.996597
v -0.237194 1.503675 -4.996597
v -0.237194 1.503675 -4.996597
v -0.237194 1.503675 -4.996597
v -0.237194 1.503675 -4.996597
v -0.237194 1.503675 -4.996597
v -0.237194 1.503675 -4.996597
v -0.237194 1.503675 -4.996597
v -0.237194 1.503675 -4.996597
l 1824 1812
l 1825 1813
l 1826 1814
l 1827 1813
l 1828 1817
l 1829 1812
l 1830 1815
l 1831 1812
l 1832 1816
l 1833 1817
l 1834 1813
l 1835 1822
l 1836 1814
l 1837 1818
l 1838 1815
l 1839 1819
l 1840 1816
l 1841 1820
l 1842 1817
l 1843 1821
l 1844 1818
l 1845 1819
l 1846 1820
l 1847 1821
l 1848 1822
l 1849 1818
l 1850 1823
l 1851 1819
l 1852 1820
l 1853 1821
l 1814 1824
l 1812 1825
l 1813 1826
l 1817 1827
l 1812 1828
l 1815 1829
l 1814 1830
l 1816 1831
l 1815 1832
l 1816 1833
l 1822 1834
l 1817 1835
l 1818 1836
l 1813 1837
l 1819 1838
l 1814 1839
l 1820 1840
l 1815 1841
l 1821 1842
l 1816 1843
l 1822 1844
l 1818 1845
l 1819 1846
l 1820 1847
l 1821 1848
l 1823 1849
l 1822 1850
l 1823 1851
l 1823 1852
l 1823 1853
l 1850 1853
l 1850 1848
l 1853 1848
l 1853 1852
l 1853 1847
l 1852 1847
l 1852 1851
l 1852 1846
l 1851 1846
l 1851 1849
l 1851 1845
l 1849 1845
l 1849 1850
l 1849 1844
l 1850 1844
l 1835 1848
l 1835 1842
l 1848 1842
l 1843 1847
l 1843 1840
l 1847 1840
l 1841 1846
l 1841 1838
l 1846 1838
l 1839 1845
l 1839 1836
l 1845 1836
l 1837 1844
l 1837 1834
l 1844 1834
l 1842 1843
l 1842 1833
l 1843 1833
l 1840 1841
l 1840 1832
l 1841 1832
l 1838 1839
l 1838 1830
l 1839 1830
l 1836 1837
l 1836 1826
l 1837 1826
l 1834 1835
l 1834 1827
l 1835 1827
l 1828 1833
l 1828 1831
l 1833 1831
l 1831 1832
l 1831 1829
l 1832 1829
l 1829 1830
l 1829 1824
l 1830 1824
l 1827 1828
l 1827 1825
l 1828 1825
l 1824 1826
l 1824 1825
l 1826 1825
o Circle.001
v -0.000000 -0.366598 0.138180
v -0.071520 -0.359554 0.138180
v -0.140291 -0.338693 0.138180
v -0.203671 -0.304815 0.138180
v -0.259224 -0.259224 0.138180
v -0.304816 -0.203671 0.138180
v -0.338693 -0.140291 0.138180
v -0.359554 -0.071520 0.138180
v -0.366599 0.000000 0.138180
v -0.359555 0.071520 0.138180
v -0.338693 0.140291 0.138180
v -0.304816 0.203671 0.138180
v -0.259224 0.259224 0.138180
v -0.203671 0.304816 0.138180
v -0.140291 0.338693 0.138180
v -0.071520 0.359555 0.138180
v 0.000000 0.366599 0.138180
v 0.071520 0.359555 0.138180
v 0.140291 0.338693 0.138180
v 0.203671 0.304816 0.138180
v 0.259224 0.259224 0.138180
v 0.304816 0.203671 0.138180
v 0.338693 0.140291 0.138180
v 0.359554 0.071520 0.138180
v 0.366598 -0.000000 0.138180
v 0.359554 -0.071520 0.138180
v 0.338693 -0.140291 0.138180
v 0.304815 -0.203672 0.138180
v 0.259224 -0.259225 0.138180
v 0.203671 -0.304816 0.138180
v 0.140291 -0.338693 0.138180
v 0.071519 -0.359554 0.138180
l 1855 1854
l 1856 1855
l 1857 1856
l 1858 1857
l 1859 1858
l 1860 1859
l 1861 1860
l 1862 1861
l 1863 1862
l 1864 1863
l 1865 1864
l 1866 1865
l 1867 1866
l 1868 1867
l 1869 1868
l 1870 1869
l 1871 1870
l 1872 1871
l 1873 1872
l 1874 1873
l 1875 1874
l 1876 1875
l 1877 1876
l 1878 1877
l 1879 1878
l 1880 1879
l 1881 1880
l 1882 1881
l 1883 1882
l 1884 1883
l 1885 1884
l 1854 1885
o Cube.001_Cube.006
v 0.313071 -0.539570 0.973374
v -0.272767 -0.539570 0.973374
v 0.313071 -0.539570 0.712451
v -0.272767 -0.539570 0.712451
v 0.313071 0.539570 0.973374
v -0.272767 0.539570 0.973374
v 0.313071 0.539570 0.712451
v -0.272767 0.539570 0.712451
l 1888 1886
l 1886 1887
l 1889 1888
l 1889 1893
l 1893 1892
l 1890 1892
l 1891 1890
l 1891 1887
o Plane.001_Plane.002
v -0.561603 0.447706 0.130313
v 0.561603 0.447706 0.130313
v -0.561603 -0.447706 0.130313
v 0.561603 -0.447706 0.130313
l 1896 1894
l 1894 1895
l 1895 1897
l 1897 1896
o Plane_Plane.001
v -0.200394 0.200394 0.291510
v 0.200394 0.200394 0.291510
v -0.200394 -0.200394 0.291510
v 0.200394 -0.200394 0.291510
v -0.200394 0.200394 0.509250
v 0.200394 0.200394 0.509250
v -0.200394 -0.200394 0.509250
v 0.200394 -0.200394 0.509250
l 1900 1898
l 1898 1899
l 1899 1901
l 1901 1900
l 1904 1902
l 1902 1903
l 1903 1905
l 1905 1904
o Circle
v -0.000000 -0.939668 0.000000
v -0.183320 -0.921613 0.000000
v -0.359596 -0.868140 0.000000
v -0.522052 -0.781306 0.000001
v -0.664446 -0.664446 0.000001
v -0.781306 -0.522052 0.000001
v -0.868141 -0.359595 0.000001
v -0.921613 -0.183320 0.000001
v -0.939669 0.000000 0.000001
v -0.921613 0.183320 0.000001
v -0.868141 0.359596 0.000001
v -0.781306 0.522052 0.000001
v -0.664446 0.664446 0.000001
v -0.522052 0.781306 0.000001
v -0.359596 0.868141 0.000001
v -0.183320 0.921614 0.000001
v 0.000000 0.939669 0.000001
v 0.183321 0.921614 0.000001
v 0.359596 0.868141 0.000001
v 0.522052 0.781306 0.000001
v 0.664446 0.664446 0.000001
v 0.781306 0.522052 0.000001
v 0.868141 0.359595 0.000001
v 0.921613 0.183320 0.000001
v 0.939669 -0.000001 0.000001
v 0.921613 -0.183321 0.000001
v 0.868140 -0.359596 0.000001
v 0.781305 -0.522053 0.000001
v 0.664445 -0.664447 0.000001
v 0.522051 -0.781307 0.000001
v 0.359594 -0.868141 0.000000
v 0.183319 -0.921613 0.000000
l 1907 1906
l 1908 1907
l 1909 1908
l 1910 1909
l 1911 1910
l 1912 1911
l 1913 1912
l 1914 1913
l 1915 1914
l 1916 1915
l 1917 1916
l 1918 1917
l 1919 1918
l 1920 1919
l 1921 1920
l 1922 1921
l 1923 1922
l 1924 1923
l 1925 1924
l 1926 1925
l 1927 1926
l 1928 1927
l 1929 1928
l 1930 1929
l 1931 1930
l 1932 1931
l 1933 1932
l 1934 1933
l 1935 1934
l 1936 1935
l 1937 1936
l 1906 1937
o Plane.003_Plane.004
v 0.200000 0.000000 0.200000
v -0.200000 0.000000 0.200000
v 0.200000 0.000000 -0.200000
v -0.200000 0.000000 -0.200000
l 1940 1938
l 1938 1939
l 1939 1941
l 1941 1940
