# Blender v2.83.5 OBJ File: 'character.blend'
# www.blender.org
mtllib character_000042.mtl
o character
v 0.748295 0.811840 -0.050248
v 0.725192 0.847696 0.140798
v 0.706774 0.884105 0.313539
v 0.915383 0.356581 0.098641
v 0.869221 0.344640 -0.067937
v 0.827879 0.333929 -0.232632
v 0.921134 -0.139186 -0.134174
v 0.819379 -0.171779 -0.249050
v 0.721043 -0.204607 -0.344239
v 0.864545 3.994075 0.202865
v 0.578187 4.044560 0.134512
v 0.141311 1.267277 -0.042134
v 0.667876 1.211990 0.078165
v 0.066328 1.181578 -0.011678
v 0.723559 0.988300 -0.031397
v 0.083717 1.138320 -0.240765
v 0.693030 1.027692 0.130511
v 0.043459 1.228520 0.210977
v 0.663074 1.069142 0.286743
v 0.742270 2.226375 -0.216245
v 0.377076 2.267951 -0.305913
v 0.789496 2.424901 -0.208667
v 0.379927 2.496079 -0.306358
v 0.768305 2.322694 -0.237329
v 0.381357 2.382833 -0.330884
v 0.315105 -0.174696 -0.421878
v 0.586012 -0.149055 0.361412
v 0.432321 -0.670831 0.183625
v 0.346439 -0.672125 -0.063465
v 0.272018 -0.673142 -0.273221
v 0.519664 0.103952 0.438818
v 0.381366 0.080923 -0.369806
v 0.406531 -0.806774 0.253818
v 0.362372 -0.807974 0.006535
v 0.326665 -0.809074 -0.220248
v 0.561930 -0.890447 0.379106
v 0.526670 -0.892168 0.024612
v 0.492597 -0.893862 -0.324368
v 0.548539 -1.394936 0.416866
v 0.534529 -1.396663 0.061293
v 0.519901 -1.398398 -0.296128
v 0.424710 -1.651129 0.290517
v 0.419369 -1.652187 0.072726
v 0.414028 -1.653244 -0.145064
v -0.985045 -0.990338 -1.659374
v -1.090897 -0.801355 -1.594220
v 0.696614 -0.259763 -0.355727
v 1.032387 -0.561615 -0.403285
v 0.917521 -0.614385 -0.414697
v 0.902831 -0.163831 -0.311110
v 0.799752 -0.676076 -0.402662
v 0.787156 -0.213705 -0.336074
v 0.726202 -0.689090 -0.231423
v 0.655147 -0.703504 -0.363175
v 0.816581 -0.669029 -0.085815
v 0.641380 -0.269484 -0.383973
v 0.898090 -0.601969 -0.478533
v 0.777950 -0.668144 -0.453951
v 1.023431 -0.541735 -0.485654
v 0.871984 -0.152272 -0.395311
v 0.746715 -0.211637 -0.390167
v 0.864918 -0.589665 -0.552895
v 0.704033 -0.207801 -0.442419
v 0.319274 -0.436824 -1.760473
v 0.142704 -0.098620 -1.650187
v 0.280772 -0.063739 -1.608921
v 0.434955 -0.384994 -1.696061
v 0.396694 -0.390426 -1.762873
v 0.229201 -0.062907 -1.660429
v 0.006010 1.120169 0.462011
v -0.040156 -0.152321 -0.419602
v -0.012804 0.351471 -0.427978
v 0.028857 -0.163134 0.583098
v 0.013874 0.362333 0.582886
v -0.760238 0.804965 -0.031252
v -0.731540 0.832216 0.160577
v -0.711155 0.859517 0.346953
v 0.037053 -0.679196 0.366396
v -0.000025 -0.671431 0.078250
v -0.017637 -0.668643 -0.218882
v 0.001559 1.137963 0.301668
v -0.000450 1.085424 0.031385
v -0.002931 1.050831 -0.278850
v -0.881351 0.259656 0.280138
v -0.872640 0.241615 0.091444
v -0.874434 0.234450 -0.089004
v -0.878640 -0.284948 0.237481
v -0.861264 -0.329009 0.061405
v -0.850136 -0.364743 -0.107793
v -0.968492 4.020581 0.196565
v -0.682983 4.078332 0.130448
v -0.147199 1.278623 -0.025830
v -0.672842 1.203500 0.090726
v -0.069477 1.188309 -0.004560
v -0.723462 0.985551 -0.029737
v -0.088531 1.149675 -0.236269
v -0.693275 1.016227 0.133539
v -0.045118 1.228384 0.218864
v -0.663559 1.049906 0.293421
v -0.772570 2.232448 -0.137311
v -0.408422 2.288486 -0.223514
v -0.733694 2.263642 0.043553
v -0.827142 2.435963 -0.129226
v -0.418792 2.517766 -0.223733
v -0.801457 2.331992 -0.152422
v -0.415633 2.403792 -0.242670
v -0.754336 2.326298 0.040218
v 0.019417 0.097723 0.584222
v -0.030713 0.101662 -0.423931
v -0.472590 -0.212002 -0.323879
v -0.492979 -0.231383 0.549163
v -0.373381 -0.720634 0.302077
v -0.365294 -0.703932 0.049789
v -0.359843 -0.678758 -0.190625
v -0.471779 0.060535 0.548495
v -0.460611 0.051872 -0.319311
v 0.019489 -0.809344 0.372697
v -0.000028 -0.807617 0.078911
v -0.011711 -0.806827 -0.220188
v -0.367319 -0.829873 0.313993
v -0.365300 -0.822451 0.063892
v -0.367859 -0.811032 -0.178077
v 0.020801 -0.892516 0.506958
v -0.000029 -0.891894 0.079320
v -0.012755 -0.892921 -0.352730
v -0.525401 -0.906738 0.435089
v -0.528954 -0.901654 0.076847
v -0.533461 -0.895247 -0.279328
v 0.010562 -1.394456 0.513963
v -0.000037 -1.396555 0.081771
v -0.010636 -1.398653 -0.350421
v -0.525030 -1.398031 0.447286
v -0.533154 -1.398026 0.090265
v -0.540437 -1.398366 -0.267956
v 0.006414 -1.650852 0.346211
v -0.000041 -1.652130 0.083012
v -0.006496 -1.653408 -0.180187
v -0.414110 -1.651016 0.311087
v -0.419451 -1.652074 0.093297
v -0.424792 -1.653131 -0.124493
v -0.949942 -1.098086 -1.159995
v -0.724695 -1.079357 -1.151203
v -0.818945 -0.461329 -0.122872
v -1.127172 -0.501744 0.102444
v -1.124290 -0.566344 -0.011180
v -0.842673 -0.321001 0.108511
v -1.103513 -0.665926 -0.117346
v -0.813291 -0.400825 -0.012212
v -0.785270 -0.757443 0.039466
v -0.798235 -0.760885 -0.125670
v -0.800204 -0.749507 0.220805
v -0.776757 -0.479026 -0.166738
v -1.141247 -0.514286 -0.060748
v -1.122059 -0.621550 -0.161591
v -1.154155 -0.432648 0.048717
v -0.810098 -0.298596 0.047136
v -0.779526 -0.392474 -0.064582
v -1.152609 -0.451096 -0.121221
v -0.750827 -0.369422 -0.118623
v -1.245429 0.294714 -1.121043
v -0.851571 0.342327 -1.108827
v -0.879767 0.429330 -1.066798
v -1.240024 0.360848 -1.058129
v -1.251483 0.386107 -1.116201
v -0.873536 0.437985 -1.110260
v 0.922638 -0.150925 -0.220878
v 0.812512 -0.193768 -0.286537
v 0.715034 -0.234530 -0.340787
v 0.888234 -0.654245 -0.299043
v 0.784036 -0.695067 -0.353928
v 0.983421 -0.614727 -0.230879
v -0.864648 -0.307909 0.177445
v -0.841140 -0.373093 0.030486
v -0.837430 -0.422740 -0.109059
v -1.007837 -0.689593 0.051134
v -0.998331 -0.743318 -0.086111
v -1.008442 -0.644855 0.190966
v -0.008633 0.697707 -0.398838
v 0.009795 0.745858 0.533806
v 0.804247 0.616574 0.217994
v 0.781996 0.595107 0.046852
v 0.764951 0.575152 -0.127222
v -0.773448 0.531840 0.330271
v -0.773575 0.506466 0.142380
v -0.787445 0.493566 -0.044395
v 0.750020 0.331397 -0.389834
v 0.780286 0.329823 -0.366736
v 0.644902 -0.265391 -0.457352
v 0.621133 -0.209098 -0.471813
v 0.655268 -0.211810 -0.451306
v 0.927570 0.364077 0.250839
v 0.897828 0.365345 0.306619
v 1.000623 -0.165283 -0.009004
v 0.977614 -0.125713 0.008319
v 0.963354 -0.126241 0.076526
v 0.721349 0.768632 -0.269340
v 0.723049 0.834001 -0.251579
v 0.762721 0.789582 -0.213075
v 0.610941 -0.645625 -0.444006
v 0.585627 -0.681145 -0.449928
v 0.547461 -0.639907 -0.461481
v 0.703296 0.906418 0.447456
v 0.669500 0.924766 0.472600
v 0.892081 -0.651136 0.049709
v 0.957813 -0.593960 0.029983
v 0.883577 -0.609996 0.107903
v 0.792873 3.935321 0.312288
v 0.838630 3.972137 0.295182
v 0.644284 4.034980 0.003022
v 0.604074 4.066475 0.042295
v 0.864646 3.995919 0.056485
v 0.890424 4.015984 0.110675
v 0.572111 3.974060 0.260308
v 0.552254 4.022605 0.226897
v 0.124584 1.373827 0.278906
v 0.083286 1.315712 0.310522
v 0.579603 1.259357 0.354146
v 0.618475 1.276821 0.307490
v 0.579345 1.323926 0.322100
v 0.690995 1.109962 -0.202266
v 0.690864 1.178073 -0.209201
v 0.716653 1.148046 -0.151991
v 0.193369 1.159557 -0.358258
v 0.181500 1.197451 -0.327807
v 0.227867 1.222243 -0.358459
v 0.746680 2.154194 -0.403354
v 0.760633 2.235331 -0.424144
v 0.775022 2.193300 -0.362532
v 0.449838 2.182254 -0.502646
v 0.416834 2.227281 -0.483608
v 0.462910 2.266315 -0.522640
v 0.355277 2.276048 -0.081838
v 0.364016 2.326652 -0.103134
v 0.337480 2.306630 -0.132272
v 0.663366 2.236686 -0.033320
v 0.709698 2.258277 -0.072881
v 0.673098 2.285599 -0.053496
v 0.812841 2.506520 -0.411236
v 0.835524 2.459367 -0.375479
v 0.803115 2.429985 -0.429566
v 0.481147 2.567861 -0.518870
v 0.475855 2.483995 -0.537521
v 0.434489 2.534483 -0.505844
v 0.356247 2.478305 -0.065678
v 0.325555 2.455643 -0.111014
v 0.354352 2.419514 -0.085508
v 0.701827 2.425044 -0.009825
v 0.695244 2.368166 -0.031228
v 0.743843 2.391379 -0.044329
v 0.792823 2.380144 -0.435970
v 0.808630 2.332575 -0.392441
v 0.773551 2.291188 -0.434922
v 0.473257 2.425025 -0.541700
v 0.467427 2.325537 -0.535378
v 0.428461 2.382826 -0.517753
v 0.357338 2.390242 -0.097846
v 0.332887 2.371593 -0.144125
v 0.361912 2.347891 -0.107277
v 0.689548 2.341250 -0.045001
v 0.679662 2.303733 -0.056880
v 0.728120 2.314322 -0.081956
v 0.503526 -0.597772 0.373574
v 0.485052 -0.640338 0.340843
v 0.223950 -0.607275 -0.446195
v 0.226606 -0.647405 -0.417592
v -0.931496 -0.952702 -1.552742
v -0.962296 -0.995252 -1.595211
v -1.001487 -0.827587 -1.509754
v -1.065404 -0.811176 -1.531763
v -0.963987 -0.901134 -1.755227
v -0.982951 -0.963237 -1.721680
v -1.033961 -0.776042 -1.712188
v -1.086065 -0.779149 -1.658197
v 0.631909 -0.334867 -0.410723
v 0.654963 -0.306954 -0.427907
v 0.666943 -0.280072 -0.400809
v 1.025334 -0.179556 -0.128965
v 1.029863 -0.169861 -0.256675
v 0.995639 -0.152206 -0.220650
v 1.087323 -0.527862 -0.206830
v 1.092133 -0.548899 -0.303051
v 1.115751 -0.493852 -0.326573
v 0.673254 -0.653659 -0.414887
v 0.718953 -0.685969 -0.398713
v 0.688922 -0.654473 -0.392977
v 1.005577 -0.137354 -0.403161
v 0.970279 -0.114042 -0.522226
v 0.932629 -0.075151 -0.467597
v 1.119113 -0.449258 -0.478837
v 1.107898 -0.489782 -0.579199
v 1.097436 -0.417988 -0.601255
v 0.499319 -0.304652 -0.398962
v 0.498172 -0.364028 -0.444887
v 0.553051 -0.360234 -0.404975
v 0.642385 -0.652268 -0.452300
v 0.613643 -0.643054 -0.510062
v 0.662910 -0.696154 -0.492457
v 0.123702 -0.083504 -1.878440
v 0.136946 -0.046013 -1.837534
v 0.217822 -0.044603 -1.865791
v 0.258996 -0.342550 -1.964560
v 0.351993 -0.302893 -1.949679
v 0.306432 -0.371724 -1.945939
v 0.147998 -0.210382 -1.458735
v 0.185935 -0.184793 -1.484882
v 0.159150 -0.155426 -1.473810
v 0.332246 -0.480260 -1.579793
v 0.321757 -0.442759 -1.567423
v 0.285521 -0.468915 -1.543215
v 0.149314 -0.152092 -1.543844
v 0.166024 -0.185010 -1.539983
v 0.158133 -0.201924 -1.509606
v 0.274273 -0.447469 -1.579109
v 0.288327 -0.432276 -1.612804
v 0.296459 -0.461434 -1.631416
v 0.479819 0.000033 -1.670108
v 0.402890 -0.001761 -1.762524
v 0.417486 0.017170 -1.679727
v 0.572112 -0.290786 -1.760951
v 0.528403 -0.248382 -1.832775
v 0.602552 -0.245537 -1.733894
v 0.279207 -0.000472 -1.798200
v 0.371997 -0.005908 -1.788827
v 0.248782 -0.034959 -1.856094
v 0.381082 -0.291270 -1.938310
v 0.499056 -0.254310 -1.861808
v 0.439798 -0.316513 -1.897492
v 0.185575 -0.132801 -1.528278
v 0.189030 -0.180809 -1.497297
v 0.176398 -0.180304 -1.534963
v 0.301387 -0.429147 -1.609524
v 0.322990 -0.436814 -1.578104
v 0.349535 -0.448068 -1.625174
v -0.864020 0.242658 -0.244653
v -0.830163 0.249949 -0.284464
v -0.854751 -0.403463 -0.263003
v -0.851083 -0.344141 -0.247506
v -0.824913 -0.328787 -0.281859
v -0.835417 0.284709 0.483683
v -0.870782 0.277765 0.437850
v -0.902029 -0.295383 0.401930
v -0.863675 -0.257514 0.451353
v -0.889606 -0.260034 0.398098
v -0.745377 0.759185 -0.242484
v -0.782011 0.789149 -0.191140
v -0.738932 0.836074 -0.235201
v -0.847497 -0.721315 -0.253547
v -0.761999 -0.701421 -0.281046
v -0.792309 -0.739337 -0.248895
v -0.666685 0.895671 0.520228
v -0.703191 0.875534 0.495165
v -0.781124 -0.703845 0.433627
v -0.866622 -0.680893 0.404651
v -0.807181 -0.741595 0.383210
v 0.064262 -0.614618 0.569509
v 0.062034 -0.655518 0.533131
v 0.060014 1.057377 -0.384240
v -0.006360 1.007508 -0.392914
v -0.070776 1.061553 -0.382657
v -0.005139 1.043897 -0.361780
v -0.048491 -0.633596 -0.384245
v -0.056301 -0.590688 -0.417527
v -0.896723 3.970476 0.310439
v -0.943420 4.004459 0.290702
v -0.746177 4.059462 -0.001107
v -0.707932 4.094374 0.036775
v -0.965895 4.014838 0.050615
v -0.993434 4.036619 0.102919
v -0.676622 4.014861 0.260196
v -0.657913 4.062211 0.224576
v -0.130656 1.368332 0.299050
v -0.086968 1.310477 0.325331
v -0.585365 1.236464 0.372013
v -0.621924 1.292807 0.350462
v -0.694256 1.117590 -0.194311
v -0.719789 1.153010 -0.142936
v -0.694697 1.186551 -0.197667
v -0.199242 1.179265 -0.350554
v -0.233811 1.244792 -0.346197
v -0.186935 1.219738 -0.317323
v -0.774451 2.169485 -0.328732
v -0.804009 2.205977 -0.285696
v -0.790006 2.248204 -0.344376
v -0.478222 2.210653 -0.425917
v -0.492969 2.291856 -0.440708
v -0.446592 2.255951 -0.403814
v -0.370237 2.319534 -0.046074
v -0.397890 2.318802 -0.006981
v -0.849932 2.507554 -0.335953
v -0.837325 2.432500 -0.350250
v -0.871460 2.461032 -0.298368
v -0.518948 2.576883 -0.441024
v -0.471292 2.545602 -0.425756
v -0.510744 2.495879 -0.455506
v -0.398626 2.511932 0.019103
v -0.393673 2.450112 0.003283
v -0.366284 2.488352 -0.024620
v -0.742959 2.448384 0.071810
v -0.772023 2.383335 0.044737
v -0.825447 2.384764 -0.354721
v -0.803917 2.300575 -0.353105
v -0.840290 2.338321 -0.310056
v -0.506560 2.440604 -0.457799
v -0.460967 2.402303 -0.432507
v -0.498509 2.347351 -0.451439
v -0.395610 2.389844 -0.013281
v -0.368912 2.396672 -0.052686
v -0.371716 -0.703754 0.475140
v -0.381935 -0.664274 0.515873
v -0.372351 -0.649045 -0.337278
v -0.384412 -0.610586 -0.364495
v -0.922456 -1.034340 -1.053656
v -0.949886 -1.085162 -1.092977
v -0.773434 -1.021775 -1.047954
v -0.730490 -1.066923 -1.084427
v -0.915272 -1.022287 -1.264155
v -0.945348 -1.078049 -1.224790
v -0.766262 -1.009736 -1.258391
v -0.725928 -1.059809 -1.216210
v -0.854434 -0.466216 -0.201184
v -0.868062 -0.472611 -0.239834
v -0.856804 -0.522331 -0.242356
v -0.927261 -0.305882 0.324864
v -0.904041 -0.288655 0.238967
v -0.924038 -0.283738 0.243472
v -1.048812 -0.559872 0.286987
v -1.102914 -0.474831 0.226222
v -1.097208 -0.537190 0.217583
v -1.035759 -0.703486 -0.233806
v -1.009888 -0.728771 -0.209378
v -1.065265 -0.716691 -0.188205
v -0.881787 -0.221605 0.151518
v -0.790105 -0.182271 0.077328
v -0.857002 -0.154889 0.063820
v -1.138356 -0.346194 0.145739
v -1.152564 -0.244408 0.063846
v -1.197295 -0.300268 0.076201
v -0.807819 -0.563740 -0.282069
v -0.782836 -0.545534 -0.335128
v -0.724923 -0.542376 -0.292821
v -1.048242 -0.670429 -0.274580
v -1.110682 -0.646244 -0.281917
v -1.056621 -0.618371 -0.325802
v -0.888238 0.347077 -1.313252
v -0.905172 0.442255 -1.267739
v -0.854536 0.375239 -1.282392
v -1.190524 0.311637 -1.324448
v -1.234306 0.330227 -1.297121
v -1.205480 0.405047 -1.276013
v -0.896509 0.285487 -0.920667
v -0.861894 0.322968 -0.941122
v -0.904516 0.341339 -0.967062
v -1.199127 0.251550 -0.928148
v -1.205063 0.305112 -0.972429
v -1.242235 0.280489 -0.950058
v -0.898367 0.256580 -1.135152
v -0.904768 0.323222 -1.116770
v -0.865396 0.304334 -1.146368
v -1.172847 0.205264 -1.133224
v -1.212786 0.239276 -1.144153
v -1.186147 0.277389 -1.116371
v -0.904799 0.556649 -0.990075
v -0.938399 0.565796 -1.068368
v -0.946315 0.557091 -0.946748
v -1.222668 0.507523 -0.933400
v -1.220255 0.521927 -1.062309
v -1.253273 0.495941 -0.974304
v -0.911620 0.469856 -1.243546
v -0.933913 0.553607 -1.112298
v -0.884792 0.505161 -1.181686
v -1.208796 0.431563 -1.250505
v -1.249047 0.454363 -1.188538
v -1.218934 0.511335 -1.109316
v -0.906928 0.339742 -1.090951
v -0.906489 0.349881 -0.990872
v -0.873530 0.374033 -1.041626
v -1.191630 0.296113 -1.091522
v -1.238306 0.325492 -1.042892
v -1.203904 0.312543 -0.994847
v 0.644801 -0.267272 -0.458504
v 0.665591 -0.249185 -0.414399
v 0.656520 -0.305550 -0.425040
v 0.653451 -0.650844 -0.412723
v 0.682756 -0.654556 -0.394811
v 0.701314 -0.690301 -0.387899
v 0.996551 -0.137830 -0.107389
v 1.003676 -0.165426 -0.011190
v 1.022130 -0.180192 -0.127299
v 1.060558 -0.547426 -0.131497
v 1.009671 -0.572872 -0.041081
v 1.029897 -0.597835 -0.122470
v -0.856071 -0.406150 -0.264888
v -0.866879 -0.471002 -0.235675
v -0.855091 -0.416045 -0.217239
v -0.912195 -0.736608 -0.224860
v -0.969070 -0.761214 -0.181631
v -0.974750 -0.739691 -0.209591
v -0.925351 -0.307067 0.323781
v -0.903988 -0.295400 0.402134
v -0.900558 -0.276910 0.321021
v -1.001268 -0.599965 0.330113
v -0.979079 -0.648463 0.316940
v -0.930928 -0.646414 0.374006
v 0.778051 0.641376 0.408121
v 0.810240 0.631886 0.364165
v 0.746048 0.564122 -0.274206
v 0.712219 0.570072 -0.311695
v -0.769055 0.557206 0.482724
v -0.734653 0.573001 0.519626
v -0.763992 0.511606 -0.247527
v -0.795802 0.498077 -0.201602
vt 0.618418 0.750000
vt 0.547996 0.750000
vt 0.547994 0.750000
vt 0.618285 0.750000
vt 0.541667 0.562500
vt 0.541667 0.512151
vt 0.541667 0.513846
vt 0.541667 0.562500
vt 0.541667 0.625000
vt 0.541667 0.518437
vt 0.541667 0.544499
vt 0.541667 0.625000
vt 0.416667 0.755722
vt 0.458333 0.755033
vt 0.458333 0.875000
vt 0.416667 0.875000
vt 0.500000 0.812500
vt 0.541667 0.812500
vt 0.541667 0.875000
vt 0.500000 0.875000
vt 0.616899 0.750000
vt 0.549754 0.750000
vt 0.554884 0.750000
vt 0.611756 0.750000
vt 0.687500 0.687500
vt 0.750000 0.687500
vt 0.750000 0.739236
vt 0.687500 0.738904
vt 0.416667 0.511914
vt 0.458333 0.511937
vt 0.458333 0.562500
vt 0.416667 0.562500
vt 0.541667 0.755032
vt 0.618846 0.812500
vt 0.618844 0.875000
vt 0.687500 0.625000
vt 0.687500 0.562500
vt 0.687500 0.562500
vt 0.687500 0.625000
vt 0.547615 0.500000
vt 0.618777 0.500000
vt 0.618665 0.500000
vt 0.547612 0.500000
vt 0.458333 0.625000
vt 0.416667 0.625000
vt 0.458333 0.687500
vt 0.416667 0.687500
vt 0.541667 0.625000
vt 0.541667 0.511263
vt 0.541667 0.519595
vt 0.541667 0.625000
vt 0.541667 0.734463
vt 0.541667 0.687500
vt 0.541667 0.687500
vt 0.541667 0.738768
vt 0.416667 0.375000
vt 0.458333 0.375000
vt 0.458333 0.494978
vt 0.416667 0.494291
vt 0.500000 0.437500
vt 0.500000 0.375000
vt 0.541667 0.625000
vt 0.323100 0.437553
vt 0.369848 0.494495
vt 0.360884 0.499526
vt 0.265660 0.498923
vt 0.541667 0.687500
vt 0.541667 0.737844
vt 0.458333 0.738057
vt 0.375000 0.756799
vt 0.375000 0.868512
vt 0.375000 0.867265
vt 0.375000 0.757723
vt 0.375000 0.625000
vt 0.375000 0.733574
vt 0.375000 0.725966
vt 0.375000 0.625000
vt 0.375000 0.625000
vt 0.375000 0.728629
vt 0.375000 0.716275
vt 0.375000 0.625000
vt 0.375000 0.727386
vt 0.375000 0.625000
vt 0.000000 0.000000
vt 0.000000 0.000000
vt 0.000000 0.000000
vt 0.000000 0.000000
vt 0.111084 0.230305
vt 0.250000 0.533533
vt 0.250000 0.625000
vt 0.111084 0.277711
vt 0.369848 0.755505
vt 0.323101 0.812448
vt 0.265659 0.751075
vt 0.360883 0.750473
vt 0.380988 0.756170
vt 0.379291 0.875000
vt 0.000000 0.000000
vt 0.000000 0.000000
vt 0.000000 0.000000
vt 0.000000 0.000000
vt 0.250000 0.716302
vt 0.000000 0.000000
vt 0.000000 0.000000
vt 0.375000 0.375000
vt 0.375000 0.493405
vt 0.375000 0.492227
vt 0.375000 0.378402
vt 0.375000 0.625000
vt 0.375000 0.687500
vt 0.375000 0.687500
vt 0.375000 0.625000
vt -0.002465 -0.006174
vt 0.091560 0.190487
vt 0.091560 0.228899
vt 0.375000 0.516410
vt 0.375000 0.524000
vt 0.375000 0.562500
vt 0.375000 0.562500
vt 0.111084 0.325064
vt 0.091560 0.267227
vt 0.625000 0.565471
vt 0.625000 0.511656
vt 0.687500 0.511100
vt 0.375000 0.521311
vt 0.375000 0.533599
vt 0.373837 0.384699
vt 0.374632 0.491827
vt 0.371300 0.492421
vt 0.334470 0.426803
vt 0.000000 0.000000
vt 0.374633 0.758175
vt 0.373835 0.865298
vt 0.334475 0.823202
vt 0.371302 0.757582
vt 0.375000 0.522568
vt 0.101322 0.210413
vt 0.101322 0.253305
vt 0.327389 0.433478
vt 0.370451 0.493735
vt 0.370413 0.493926
vt 0.325607 0.435106
vt 0.101322 0.296131
vt 0.541667 0.375000
vt 0.618805 0.375000
vt 0.618808 0.437500
vt 0.541667 0.437500
vt 0.370451 0.756264
vt 0.327389 0.816522
vt 0.325608 0.814894
vt 0.370413 0.756074
vt 0.370617 0.757104
vt 0.332104 0.820561
vt 0.330328 0.818958
vt 0.370574 0.756888
vt 0.332104 0.429439
vt 0.370617 0.492896
vt 0.370574 0.493112
vt 0.330328 0.431042
vt 0.541667 0.494979
vt 0.625000 0.687500
vt 0.625000 0.625000
vt 0.541667 0.687500
vt 0.541667 0.736149
vt 0.625000 0.513053
vt 0.625000 0.563986
vt 0.416667 0.738079
vt 0.750000 0.510770
vt 0.750000 0.562500
vt 0.750000 0.562500
vt 0.750000 0.562500
vt 0.687500 0.562500
vt 0.687500 0.687500
vt 0.750000 0.687500
vt 0.687500 0.625000
vt 0.687500 0.562500
vt 0.687500 0.625000
vt 0.687500 0.687500
vt 0.750000 0.687500
vt 0.687500 0.687500
vt 0.687500 0.625000
vt 0.687500 0.687500
vt 0.750000 0.687500
vt 0.750000 0.562500
vt 0.687500 0.562500
vt 0.750000 0.562500
vt 0.750000 0.625000
vt 0.750000 0.687500
vt 0.541667 0.705829
vt 0.541667 0.731548
vt 0.625000 0.731504
vt 0.625000 0.705847
vt 0.625000 0.625000
vt 0.625000 0.625000
vt 0.541667 0.730388
vt 0.541667 0.738990
vt 0.541667 0.625000
vt 0.541667 0.625000
vt 0.548527 0.500000
vt 0.618284 0.500000
vt 0.618143 0.500000
vt 0.548480 0.500000
vt 0.541667 0.562500
vt 0.541667 0.625000
vt 0.541667 0.562500
vt 0.541667 0.511195
vt 0.617446 0.750000
vt 0.549213 0.750000
vt 0.549253 0.750000
vt 0.617406 0.750000
vt 0.548728 0.500000
vt 0.617930 0.500000
vt 0.617896 0.500000
vt 0.548762 0.500000
vt 0.541667 0.515532
vt 0.625000 0.625000
vt 0.625000 0.687500
vt 0.625000 0.687500
vt 0.625000 0.625000
vt 0.625000 0.737706
vt 0.625000 0.735758
vt 0.625000 0.733698
vt 0.625000 0.735940
vt 0.625000 0.687500
vt 0.617871 0.750000
vt 0.549053 0.750000
vt 0.548979 0.750000
vt 0.617712 0.750000
vt 0.625000 0.625000
vt 0.625000 0.562500
vt 0.625000 0.562500
vt 0.625000 0.514892
vt 0.541667 0.511496
vt 0.625000 0.544481
vt 0.625000 0.519632
vt 0.625000 0.511013
vt 0.625000 0.625000
vt 0.625000 0.625000
vt 0.625000 0.518487
vt 0.549708 0.500000
vt 0.617007 0.500000
vt 0.617051 0.500000
vt 0.549663 0.500000
vt 0.625000 0.738246
vt 0.625000 0.730357
vt 0.617007 0.750000
vt 0.549707 0.750000
vt 0.549663 0.750000
vt 0.617051 0.750000
vt 0.625000 0.730945
vt 0.625000 0.625000
vt 0.549754 0.500000
vt 0.616900 0.500000
vt 0.611755 0.500000
vt 0.554886 0.500000
vt 0.541667 0.625000
vt 0.541666 0.730980
vt 0.625000 0.519046
vt 0.541667 0.519004
vt 0.625000 0.510886
vt 0.548907 0.500000
vt 0.617755 0.500000
vt 0.616650 0.500000
vt 0.550011 0.500000
vt 0.625000 0.737978
vt 0.541667 0.739083
vt 0.617302 0.750000
vt 0.549363 0.750000
vt 0.550060 0.750000
vt 0.616604 0.750000
vt 0.458333 0.755033
vt 0.500000 0.812500
vt 0.550035 0.500000
vt 0.616680 0.500000
vt 0.616728 0.500000
vt 0.549987 0.500000
vt 0.616680 0.750000
vt 0.550035 0.750000
vt 0.549987 0.750000
vt 0.616728 0.750000
vt 0.416667 0.755722
vt 0.541667 0.562500
vt 0.541667 0.562500
vt 0.541667 0.513990
vt 0.541667 0.512312
vt 0.541667 0.625000
vt 0.541667 0.625000
vt 0.541667 0.544499
vt 0.541667 0.518437
vt 0.458333 0.687500
vt 0.458333 0.738057
vt 0.541667 0.737844
vt 0.541667 0.687500
vt 0.541667 0.812500
vt 0.375000 0.533246
vt 0.250000 0.533254
vt 0.250000 0.625000
vt 0.375000 0.625000
vt 0.687500 0.687500
vt 0.687500 0.738904
vt 0.500000 0.437500
vt 0.458333 0.494978
vt 0.541667 0.755032
vt 0.000000 0.000000
vt 0.000000 0.000000
vt 0.000000 0.000000
vt 0.000000 0.000000
vt 0.000000 0.000000
vt 0.000000 0.000000
vt 0.687500 0.625000
vt 0.687500 0.625000
vt 0.687500 0.562500
vt 0.687500 0.562500
vt 0.547615 0.500000
vt 0.547612 0.500000
vt 0.618665 0.500000
vt 0.618777 0.500000
vt 0.416667 0.562500
vt 0.416667 0.625000
vt 0.458333 0.625000
vt 0.458333 0.562500
vt 0.416667 0.687500
vt 0.541667 0.625000
vt 0.541667 0.625000
vt 0.541667 0.519595
vt 0.541667 0.511358
vt 0.541667 0.734463
vt 0.541667 0.738768
vt 0.541667 0.687500
vt 0.541667 0.687500
vt 0.416667 0.494291
vt 0.541667 0.494979
vt 0.541667 0.437500
vt 0.541667 0.625000
vt 0.323100 0.437553
vt 0.265660 0.498923
vt 0.360884 0.499526
vt 0.369848 0.494495
vt 0.618418 0.750000
vt 0.618284 0.750000
vt 0.547994 0.750000
vt 0.547996 0.750000
vt 0.375000 0.756799
vt 0.375000 0.757723
vt 0.375000 0.867265
vt 0.375000 0.868512
vt 0.375000 0.625000
vt 0.375000 0.625000
vt 0.375000 0.725966
vt 0.375000 0.733574
vt 0.375000 0.625000
vt 0.375000 0.716275
vt 0.375000 0.728629
vt 0.375000 0.625000
vt 0.375000 0.727386
vt 0.618846 0.812500
vt 0.111084 0.230250
vt 0.111084 0.277711
vt 0.369848 0.755505
vt 0.360883 0.750473
vt 0.265659 0.751075
vt 0.323101 0.812448
vt 0.380988 0.756170
vt 0.000000 0.000000
vt 0.000000 0.000000
vt 0.250000 0.716302
vt 0.000000 0.000000
vt 0.375000 0.378401
vt 0.375000 0.492227
vt 0.375000 0.493405
vt 0.375000 0.625000
vt 0.375000 0.625000
vt 0.375000 0.687500
vt 0.375000 0.687500
vt -0.002467 -0.006178
vt 0.000000 0.000000
vt 0.091560 0.228899
vt 0.091560 0.190450
vt 0.373838 0.384736
vt 0.333549 0.428270
vt 0.375000 0.500000
vt 0.375015 0.500192
vt 0.375000 0.562500
vt 0.375000 0.562500
vt 0.111084 0.325064
vt 0.374633 0.758175
vt 0.371302 0.757582
vt 0.334475 0.823202
vt 0.373835 0.865298
vt 0.687500 0.511100
vt 0.625000 0.511656
vt 0.625000 0.565471
vt 0.375000 0.511374
vt 0.375000 0.500124
vt 0.375000 0.500381
vt 0.091560 0.267227
vt 0.375000 0.500000
vt 0.375000 0.509421
vt 0.101322 0.210368
vt 0.101322 0.253305
vt 0.328843 0.432270
vt 0.325598 0.435093
vt 0.375175 0.500236
vt 0.101322 0.296131
vt 0.616899 0.750000
vt 0.611756 0.750000
vt 0.554884 0.750000
vt 0.549754 0.750000
vt 0.370617 0.757104
vt 0.370574 0.756888
vt 0.330328 0.818958
vt 0.332104 0.820560
vt 0.416667 0.512140
vt 0.458333 0.512122
vt 0.370451 0.756264
vt 0.370413 0.756074
vt 0.325608 0.814894
vt 0.327389 0.816522
vt 0.625000 0.625000
vt 0.625000 0.687500
vt 0.541667 0.736149
vt 0.541667 0.687500
vt 0.625000 0.513053
vt 0.625000 0.563986
vt 0.416667 0.738079
vt 0.000000 0.000000
vt 0.000000 0.000000
vt 0.000000 0.000000
vt 0.687500 0.562500
vt 0.687500 0.687500
vt 0.000000 0.000000
vt 0.687500 0.625000
vt 0.687500 0.625000
vt 0.687500 0.562500
vt 0.000000 0.000000
vt 0.000000 0.000000
vt 0.000000 0.000000
vt 0.687500 0.687500
vt 0.687500 0.687500
vt 0.687500 0.687500
vt 0.687500 0.625000
vt 0.000000 0.000000
vt 0.000000 0.000000
vt 0.000000 0.000000
vt 0.687500 0.562500
vt 0.000000 0.000000
vt 0.541667 0.731548
vt 0.541667 0.705829
vt 0.625000 0.731504
vt 0.625000 0.625000
vt 0.625000 0.625000
vt 0.625000 0.705847
vt 0.541667 0.738990
vt 0.541667 0.730388
vt 0.541667 0.625000
vt 0.541667 0.625000
vt 0.548527 0.500000
vt 0.548480 0.500000
vt 0.618143 0.500000
vt 0.618284 0.500000
vt 0.541667 0.562500
vt 0.541667 0.625000
vt 0.541667 0.511289
vt 0.541667 0.562500
vt 0.617871 0.750000
vt 0.617712 0.750000
vt 0.548979 0.750000
vt 0.549053 0.750000
vt 0.541667 0.511592
vt 0.541667 0.515667
vt 0.548728 0.500000
vt 0.548762 0.500000
vt 0.617896 0.500000
vt 0.617930 0.500000
vt 0.625000 0.625000
vt 0.618808 0.437500
vt 0.625000 0.687500
vt 0.625000 0.625000
vt 0.625000 0.687500
vt 0.625000 0.737706
vt 0.625000 0.735758
vt 0.625000 0.687500
vt 0.625000 0.735940
vt 0.625000 0.733698
vt 0.625000 0.625000
vt 0.625000 0.562500
vt 0.625000 0.562500
vt 0.617446 0.750000
vt 0.617406 0.750000
vt 0.549253 0.750000
vt 0.549213 0.750000
vt 0.625000 0.514892
vt 0.625000 0.544481
vt 0.625000 0.519632
vt 0.625000 0.625000
vt 0.625000 0.625000
vt 0.625000 0.511013
vt 0.625000 0.518487
vt 0.549708 0.500000
vt 0.549663 0.500000
vt 0.617051 0.500000
vt 0.617007 0.500000
vt 0.625000 0.738246
vt 0.625000 0.730357
vt 0.617007 0.750000
vt 0.617051 0.750000
vt 0.549663 0.750000
vt 0.549707 0.750000
vt 0.625000 0.730945
vt 0.625000 0.625000
vt 0.549754 0.500000
vt 0.554886 0.500000
vt 0.611755 0.500000
vt 0.616900 0.500000
vt 0.541666 0.730980
vt 0.541667 0.625000
vt 0.625000 0.519046
vt 0.541667 0.519004
vt 0.625000 0.510886
vt 0.548907 0.500000
vt 0.550011 0.500000
vt 0.616650 0.500000
vt 0.617755 0.500000
vt 0.625000 0.737978
vt 0.541667 0.739083
vt 0.617302 0.750000
vt 0.616604 0.750000
vt 0.550060 0.750000
vt 0.549363 0.750000
vt 0.550035 0.500000
vt 0.549987 0.500000
vt 0.616728 0.500000
vt 0.616680 0.500000
vt 0.616680 0.750000
vt 0.616728 0.750000
vt 0.549987 0.750000
vt 0.550035 0.750000
vt 0.625000 0.511271
vt 0.619191 0.494352
vt 0.375000 0.738143
vt 0.618885 0.755688
vt 0.625000 0.511271
vt 0.619191 0.494352
vt 0.375000 0.738143
vt 0.618885 0.755688
vt 0.375000 0.512132
vt 0.375000 0.498819
vt 0.375000 0.735890
vt 0.375000 0.514096
vt 0.375000 0.511848
vt 0.375000 0.735890
vt 0.625000 0.750000
vt 0.620585 0.750000
vt 0.625000 0.500000
vt 0.625000 0.500000
vt 0.375000 0.874047
vt 0.375000 0.866239
vt 0.329602 0.828559
vt 0.332973 0.822727
vt 0.332973 0.427273
vt 0.329598 0.421433
vt 0.324755 0.812834
vt 0.319824 0.819000
vt 0.319821 0.430997
vt 0.324755 0.437166
vt 0.329462 0.816822
vt 0.324713 0.823790
vt 0.324710 0.426205
vt 0.329462 0.433178
vt 0.620585 0.750000
vt 0.625000 0.750000
vt 0.616300 0.500000
vt 0.625000 0.500000
vt 0.375000 0.873556
vt 0.375000 0.875000
vt 0.375000 0.875000
vt 0.375000 0.866239
vt 0.375000 0.874047
vt 0.332973 0.822727
vt 0.329602 0.828559
vt 0.319824 0.819000
vt 0.324755 0.812834
vt 0.324745 0.437154
vt 0.319819 0.430994
vt 0.324713 0.823790
vt 0.329462 0.816822
vt 0.629735 0.500000
vt 0.687147 0.500000
vt 0.750000 0.750000
vt 0.687500 0.750000
vt 0.247006 0.741018
vt 0.114206 0.342618
vt 0.250000 0.500000
vt 0.319366 0.430634
vt 0.000000 0.000000
vt 0.000000 0.000000
vt 0.088666 0.265998
vt 0.003288 0.009865
vt 0.329220 0.420780
vt 0.375000 0.375000
vt 0.107610 0.322829
vt 0.103972 0.311916
vt 0.319607 0.430393
vt 0.324339 0.425661
vt 0.097846 0.293538
vt 0.094208 0.282625
vt 0.324488 0.425512
vt 0.687500 0.500000
vt 0.750000 0.500000
vt 0.686624 0.750000
vt 0.629252 0.750000
vt 0.625000 0.438490
vt 0.625000 0.874105
vt 0.625000 0.812500
vt 0.250000 0.750000
vt 0.319338 0.819338
vt 0.247002 0.494004
vt 0.114206 0.228411
vt 0.375000 0.875000
vt 0.329220 0.829220
vt 0.374845 0.874845
vt 0.091560 0.183119
vt 0.003289 0.006578
vt 0.319608 0.819608
vt 0.324339 0.824339
vt 0.107611 0.215221
vt 0.101322 0.202644
vt 0.324489 0.824489
vt 0.100910 0.201820
vt 0.625000 0.437500
vt 0.625000 0.375896
vt 0.625000 0.811240
vn 0.5681 -0.0822 -0.8189
vn 0.0229 0.9931 -0.1147
vn -0.4699 0.8455 0.2534
vn 0.1010 0.1851 -0.9775
vn 0.0718 0.0825 -0.9940
vn 0.0988 -0.2652 0.9591
vn -0.0595 -0.9822 -0.1781
vn 0.8995 0.4280 -0.0875
vn -0.1651 0.2030 -0.9652
vn -0.0467 0.0313 -0.9984
vn 0.9543 -0.1637 -0.2502
vn 0.8038 -0.0289 0.5943
vn 0.8710 0.4393 -0.2199
vn 0.9119 0.3636 -0.1901
vn -0.4363 0.8621 0.2578
vn 0.0543 -0.8061 0.5893
vn 0.2343 -0.0332 0.9716
vn 0.2910 0.0366 0.9560
vn 0.8635 0.1582 -0.4789
vn -0.2127 -0.1851 0.9594
vn 0.9008 -0.1175 -0.4180
vn 0.2659 0.1192 -0.9566
vn 0.9767 -0.0104 0.2142
vn 0.9636 -0.1100 0.2436
vn 0.9512 -0.1877 0.2451
vn -0.7114 0.6655 -0.2258
vn -0.9560 0.1870 -0.2263
vn 0.3155 0.2805 -0.9065
vn 0.1655 0.0896 -0.9821
vn -0.9085 0.4155 0.0438
vn 0.1076 0.9600 0.2583
vn -0.7640 0.6353 -0.1128
vn 0.0570 0.4541 0.8891
vn -0.8938 0.4308 -0.1248
vn 0.9812 0.1538 0.1163
vn -0.9647 0.1642 -0.2061
vn 0.9762 -0.0077 0.2167
vn 0.9729 0.2116 0.0930
vn -0.9563 0.1865 -0.2252
vn -0.9613 0.1799 -0.2087
vn 0.0798 -0.9885 0.1284
vn 0.9633 -0.1103 0.2448
vn -0.0671 0.3763 0.9241
vn -0.7745 0.5974 -0.2079
vn -0.6375 0.7602 -0.1250
vn 0.2867 -0.2047 -0.9359
vn 0.9714 0.1849 0.1490
vn 0.9739 0.1676 0.1528
vn 0.9375 -0.2729 0.2159
vn -0.9662 0.0318 -0.2558
vn -0.2023 -0.4047 0.8918
vn -0.9671 0.0511 -0.2494
vn 0.3870 -0.0217 0.9218
vn 0.3207 0.0540 -0.9457
vn 0.2815 -0.2329 -0.9309
vn -0.9711 -0.0495 -0.2335
vn 0.9449 -0.2423 0.2201
vn -0.1278 0.2002 0.9714
vn -0.9726 0.0064 -0.2324
vn 0.5367 -0.2391 0.8092
vn 0.9422 -0.2260 0.2473
vn -0.0408 -0.9972 0.0624
vn 0.3281 -0.0952 0.9398
vn 0.8304 -0.2465 -0.4997
vn 0.3132 -0.9494 -0.0212
vn 0.9284 0.2876 -0.2351
vn 0.0936 -0.9854 0.1423
vn 0.8808 0.0006 -0.4735
vn 0.1239 0.8671 0.4825
vn 0.9600 0.1394 -0.2429
vn -0.0867 -0.2030 -0.9753
vn 0.3496 0.2058 0.9140
vn 0.9975 -0.0106 -0.0692
vn 0.4427 0.8948 -0.0580
vn 0.4877 0.8703 -0.0686
vn 0.0224 0.8179 -0.5750
vn 0.9137 -0.4052 -0.0298
vn 0.0795 -0.0278 -0.9964
vn 0.2039 0.0387 0.9782
vn 0.9972 0.0303 -0.0689
vn -0.0000 -1.0000 0.0049
vn 0.9081 -0.4177 -0.0286
vn 0.0788 -0.5429 -0.8361
vn 0.1345 -0.5182 0.8446
vn -0.4596 0.8313 0.3126
vn 0.3634 -0.9025 -0.2312
vn -0.4047 0.8801 0.2483
vn -0.8074 -0.5367 0.2451
vn -0.2194 0.8628 -0.4555
vn 0.9207 0.0855 0.3808
vn -0.3395 0.9342 -0.1098
vn -0.3924 0.7960 0.4608
vn -0.2477 -0.1339 0.9596
vn 0.9548 0.2972 0.0098
vn 0.0178 0.9907 -0.1346
vn 0.2776 -0.9603 0.0267
vn 0.1076 0.9600 0.2584
vn 0.4418 -0.8762 -0.1927
vn 0.0090 -0.9987 0.0503
vn 0.0929 -0.9400 -0.3284
vn -0.4437 0.7790 0.4431
vn 0.2053 -0.9741 -0.0951
vn 0.0883 -0.9433 -0.3200
vn -0.2476 -0.1114 -0.9624
vn -0.4144 0.8598 0.2983
vn 0.4152 -0.8587 -0.3005
vn 0.4136 -0.8688 -0.2722
vn 0.8386 -0.2433 -0.4873
vn 0.4606 -0.8808 -0.1095
vn -0.4994 0.7911 0.3532
vn -0.8819 -0.4207 -0.2126
vn 0.3733 -0.8754 -0.3071
vn 0.3436 -0.8752 -0.3406
vn 0.1808 0.3857 -0.9047
vn 0.3648 -0.8824 -0.2972
vn 0.8772 0.3591 0.3188
vn 0.5669 -0.8008 -0.1933
vn -0.2482 0.1870 -0.9505
vn -0.1537 0.8328 0.5318
vn 0.4671 -0.8263 -0.3147
vn -0.3526 0.8962 0.2691
vn 0.3701 -0.8997 -0.2312
vn 0.8353 0.4586 -0.3033
vn 0.3651 -0.8585 -0.3600
vn -0.3196 0.8023 0.5042
vn -0.8748 -0.4389 0.2050
vn -0.1854 -0.0782 -0.9795
vn -0.2665 0.8996 0.3460
vn -0.3472 0.8886 0.2999
vn 0.4775 -0.8353 -0.2725
vn 0.5493 0.4785 -0.6851
vn 0.6192 -0.7837 0.0488
vn 0.1984 0.3687 -0.9082
vn -0.2055 0.1292 -0.9701
vn -0.6116 0.7560 -0.2332
vn 0.9960 0.0891 0.0021
vn -0.9989 -0.0307 -0.0350
vn -0.2275 0.0099 -0.9737
vn -0.1482 0.9674 0.2052
vn 0.0144 -0.9786 -0.2051
vn -0.1047 0.0553 0.9930
vn -0.1055 0.0032 -0.9944
vn 0.6854 0.7134 -0.1459
vn 0.9986 0.0217 -0.0489
vn -0.9993 -0.0290 -0.0215
vn -0.4326 -0.0360 0.9009
vn -0.9271 0.3693 -0.0637
vn -0.9434 0.3309 0.0222
vn 0.9829 0.1830 0.0208
vn -0.2774 -0.9178 0.2842
vn -0.0757 0.0304 0.9967
vn -0.2223 -0.0238 0.9747
vn -0.9975 -0.0080 -0.0700
vn 0.2012 -0.1254 0.9715
vn -0.3656 -0.0434 -0.9297
vn -0.2777 0.1161 -0.9536
vn -0.9764 -0.0488 0.2102
vn -0.9632 -0.1339 0.2329
vn -0.9460 -0.2263 0.2321
vn -0.1947 0.0284 -0.9804
vn 0.9526 0.2111 -0.2192
vn -0.3090 0.2203 -0.9252
vn -0.2054 0.0269 -0.9783
vn 0.8904 0.4549 0.0152
vn -0.1482 0.9674 0.2051
vn 0.7868 0.6068 -0.1133
vn -0.0413 0.4716 0.8808
vn 0.8841 0.4485 -0.1313
vn -0.9698 0.2085 0.1268
vn 0.9584 0.2014 -0.2024
vn 0.0669 0.3152 0.9467
vn -0.9653 0.2423 0.0970
vn 0.9528 0.2108 -0.2183
vn -0.2873 -0.1501 -0.9460
vn 0.0620 -0.9953 0.0745
vn -0.9580 -0.1383 0.2511
vn 0.7604 0.6211 -0.1897
vn -0.9762 -0.0466 0.2117
vn 0.7213 0.6618 -0.2044
vn -0.9772 0.1375 0.1618
vn -0.9795 0.1364 0.1482
vn 0.9559 0.2156 -0.1996
vn -0.9332 -0.2883 0.2144
vn 0.9687 0.0577 -0.2416
vn 0.1531 -0.1549 0.9760
vn 0.9687 0.0744 -0.2368
vn -0.0188 -0.0999 0.9948
vn -0.9371 -0.2596 0.2335
vn -0.2703 -0.2179 -0.9378
vn 0.9743 -0.0003 -0.2251
vn -0.9394 -0.2684 0.2132
vn 0.1326 0.0893 0.9871
vn 0.9739 0.0395 -0.2234
vn -0.9345 0.3560 -0.0048
vn -0.3095 0.0142 -0.9508
vn 0.1524 -0.9868 -0.0557
vn -0.0687 0.0006 0.9976
vn -0.9963 -0.0513 0.0691
vn -0.4709 -0.8808 0.0497
vn -0.9576 0.2879 0.0054
vn 0.0890 -0.9898 0.1112
vn -0.9993 -0.0295 -0.0231
vn 0.9977 -0.0372 -0.0559
vn -0.1001 0.8696 0.4835
vn -0.9995 0.0316 -0.0036
vn -0.0993 -0.0406 -0.9942
vn 0.9929 -0.0680 -0.0977
vn -0.1582 0.0825 0.9839
vn -0.9999 0.0043 0.0164
vn 0.9996 0.0020 -0.0270
vn -0.4512 0.8918 0.0319
vn 0.9992 0.0197 -0.0334
vn -0.4297 0.9027 0.0196
vn -0.0786 0.8316 -0.5498
vn -0.9137 -0.4058 0.0210
vn 0.9997 -0.0001 -0.0245
vn -0.1467 -0.0127 -0.9891
vn -0.1273 0.0204 0.9916
vn 0.9993 -0.0105 -0.0365
vn -0.9998 0.0116 0.0166
vn -0.9119 -0.4098 0.0221
vn -0.1216 -0.5410 -0.8322
vn -0.0881 -0.5240 0.8472
vn 0.9937 0.0866 0.0709
vn -0.9778 -0.2092 0.0122
vn 0.9892 0.1461 -0.0145
vn 0.0740 -0.9792 0.1888
vn -0.6289 -0.7098 0.3174
vn -0.5611 0.1557 0.8129
vn 0.5048 -0.7133 0.4862
vn 0.8787 -0.2360 0.4150
vn 0.0713 -0.1403 -0.9875
vn 0.8690 -0.2309 0.4375
vn -0.4699 0.6011 0.6464
vn -0.3733 -0.9182 0.1325
vn -0.0819 -0.0663 0.9944
vn -0.7066 -0.6351 0.3121
vn 0.0984 -0.9950 -0.0149
vn 0.0070 -0.9999 -0.0156
vn 0.5217 -0.7052 0.4802
vn -0.8613 -0.5076 -0.0232
vn -0.5312 -0.8372 0.1299
vn -0.9434 -0.1967 0.2670
vn 0.8610 -0.2752 0.4277
vn -0.9590 -0.2704 0.0850
vn -0.9600 -0.2605 0.1028
vn 0.5433 -0.7734 0.3266
vn -0.7589 -0.6460 0.0821
vn 0.2735 0.9539 -0.1234
vn 0.0905 -0.9532 -0.2884
vn -0.9873 -0.1504 -0.0505
vn -0.9727 -0.2043 -0.1106
vn -0.0656 0.6685 -0.7408
vn -0.9837 -0.1703 -0.0571
vn -0.1204 0.9376 0.3261
vn -0.9964 0.0343 0.0773
vn 0.0414 -0.0366 -0.9985
vn -0.9943 -0.0798 0.0711
vn -0.9955 -0.0553 -0.0774
vn 0.9766 0.2128 0.0302
vn -0.9640 -0.2653 0.0200
vn -0.1780 0.7884 0.5889
vn -0.9851 -0.1681 -0.0359
vn 0.8064 -0.3871 0.4471
vn 0.1407 -0.6859 -0.7140
vn 0.9345 0.3210 0.1539
vn 0.9805 0.1809 0.0765
vn -0.9981 -0.0548 0.0298
vn -0.1494 0.9569 -0.2492
vn 0.9290 0.1836 0.3214
vn -0.1271 0.8052 -0.5792
vn 0.1711 -0.9768 0.1284
vn 0.4091 -0.8927 -0.1889
vn 0.4478 -0.8793 -0.1622
vn 0.5873 -0.0645 0.8068
vn 0.9999 0.0044 -0.0149
vn 0.9574 0.1676 -0.2350
vn 0.0854 0.0257 0.9960
vn -0.1241 0.9589 -0.2551
vn -0.0993 0.0351 -0.9944
vn 0.4521 0.4079 -0.7932
vn -0.1731 -0.9674 0.1849
vn -0.9420 -0.3116 0.1248
vn -0.7907 -0.5660 0.2333
vn -0.2180 -0.1043 0.9703
vn -0.9937 0.0640 0.0921
vn -0.9999 0.0151 -0.0033
vn 0.0025 0.1014 0.9948
vn -0.8466 -0.5274 0.0712
vn -0.1740 0.0167 -0.9846
vn -0.9471 -0.3180 0.0424
vn 0.1610 -0.9689 -0.1880
vn -0.9896 0.1026 0.1004
vn -0.9872 0.1559 0.0322
vn -0.9793 0.2018 -0.0179
vn -0.9809 0.1940 0.0136
vn -0.9744 0.1630 0.1551
vn -0.1096 -0.9826 -0.1500
vn 0.9886 0.1507 -0.0066
vn 0.9505 0.3045 -0.0618
vn 0.9755 0.2190 -0.0224
vn 0.9277 0.3689 -0.0579
vn 0.9894 0.1185 0.0837
vn 0.5148 -0.0028 -0.8573
vn 0.8826 0.4310 0.1879
vn 0.7694 0.1488 -0.6212
vn 0.2631 -0.0267 -0.9644
vn 0.6489 -0.5734 0.5002
vn 0.6574 0.3371 0.6739
vn 0.9024 -0.0419 -0.4288
vn -0.6396 0.3498 -0.6846
vn 0.8910 -0.2503 -0.3788
vn -0.5938 -0.0976 -0.7986
vn -0.7998 0.3449 0.4914
vn 0.5759 0.2112 0.7897
vn 0.8538 0.0161 -0.5204
vn -0.4067 0.2227 -0.8860
vn -0.7698 -0.1816 0.6119
vn 0.4002 -0.3630 0.8415
vn 0.8394 -0.1879 -0.5101
vn -0.4488 -0.0305 -0.8931
vn -0.8287 -0.2054 0.5206
vn 0.4893 -0.3778 0.7860
vn 0.8112 -0.5530 0.1900
vn 0.5244 0.8474 0.0829
vn 0.9300 -0.3467 0.1223
vn -0.6184 -0.6657 0.4175
vn 0.6763 0.7344 -0.0567
vn 0.9840 0.0975 -0.1493
vn -0.4731 -0.5333 0.7013
vn -0.7485 -0.6029 0.2763
vn -0.2285 0.7534 -0.6165
vn 0.2417 -0.2114 -0.9470
vn 0.4999 0.1333 0.8558
vn 0.5993 -0.0946 0.7949
vn -0.7742 -0.4457 -0.4493
vn -0.9214 -0.0091 -0.3884
vn 0.2932 0.9195 -0.2619
vn 0.7894 -0.1802 -0.5868
vn 0.1040 0.8295 -0.5488
vn 0.5548 -0.0522 -0.8303
vn 0.9386 -0.1368 -0.3166
vn 0.3600 0.9327 -0.0200
vn -0.8201 0.1916 -0.5391
vn -0.8511 0.3423 0.3982
vn -0.7722 0.1238 -0.6232
vn -0.1227 -0.5830 -0.8032
vn -0.3958 -0.6252 0.6727
vn 0.0116 0.6498 -0.7600
vn -0.9024 -0.0267 -0.4301
vn 0.6231 0.3744 -0.6867
vn -0.8842 -0.2528 -0.3929
vn 0.6055 -0.0349 -0.7951
vn -0.8447 -0.0402 -0.5337
vn 0.4159 0.2007 -0.8870
vn 0.7741 -0.0980 0.6255
vn -0.8321 -0.2226 -0.5079
vn 0.4726 -0.0193 -0.8811
vn -0.9071 -0.2235 0.3568
vn 0.2857 0.9218 0.2621
vn -0.8333 -0.1500 0.5321
vn -0.3546 -0.8115 -0.4644
vn 0.1831 0.7568 0.6275
vn -0.4500 0.5208 0.7254
vn 0.2158 -0.9503 -0.2245
vn -0.1923 -0.7038 -0.6839
vn 0.3652 0.4537 -0.8129
vn -0.3677 0.3810 -0.8483
vn -0.2049 0.6079 0.7671
vn 0.0388 0.6392 0.7680
vn -0.5361 0.1762 -0.8256
vn 0.4692 0.2821 -0.8368
vn 0.0909 0.9929 0.0770
vn -0.4559 0.8854 0.0904
vn 0.0945 0.8464 -0.5241
vn -0.2819 0.8265 -0.4872
vn -0.6601 0.7477 -0.0729
vn 0.4603 0.8830 -0.0916
vn 0.9132 -0.0712 -0.4012
vn 0.5285 0.1117 -0.8415
vn 0.8690 0.4890 0.0759
vn 0.8288 -0.4429 0.3418
vn -0.9799 0.1902 0.0596
vn -0.1054 -0.7982 -0.5930
vn -0.7624 0.6371 0.1130
vn -0.6688 -0.4638 0.5810
vn 0.3002 -0.0676 -0.9515
vn 0.4014 -0.6954 0.5961
vn 0.7407 0.1105 0.6627
vn 0.7671 0.1077 -0.6325
vn 0.8199 -0.0663 0.5687
vn -0.1211 -0.6029 -0.7886
vn 0.8884 0.1085 -0.4460
vn -0.4904 0.3406 -0.8022
vn -0.8409 0.0042 0.5412
vn 0.5012 -0.2098 0.8395
vn 0.6470 0.3986 0.6500
vn 0.7962 0.1976 -0.5718
vn -0.3264 0.5829 -0.7441
vn 0.8720 -0.1430 -0.4682
vn -0.5316 -0.0055 -0.8470
vn -0.4531 0.4441 0.7730
vn 0.5706 0.2510 0.7820
vn 0.8802 -0.1247 -0.4580
vn -0.5345 0.0861 -0.8408
vn -0.8019 -0.2839 0.5257
vn 0.4244 -0.4700 0.7739
vn 0.8632 -0.2917 -0.4120
vn -0.5692 -0.1343 -0.8111
vn -0.7619 0.0605 0.6449
vn 0.4622 -0.0067 0.8868
vn 0.9411 -0.0502 0.3343
vn 0.5605 -0.0040 -0.8282
vn 0.3322 -0.6491 0.6844
vn 0.2117 0.0980 -0.9724
vn -0.1076 -0.4829 -0.8691
vn 0.2573 0.8624 -0.4360
vn -0.1063 0.5301 0.8413
vn 0.2890 -0.1277 -0.9488
vn -0.0284 0.4679 0.8833
vn -0.0933 0.3977 0.9128
vn 0.2792 -0.2730 -0.9206
vn -0.1971 -0.3164 0.9279
vn 0.3344 0.1819 -0.9247
vn 0.3032 -0.0775 -0.9498
vn -0.1859 -0.2417 0.9524
vn -0.3947 -0.4888 0.7780
vn -0.7061 -0.1574 -0.6904
vn 0.9114 -0.1209 -0.3933
vn -0.5029 0.7261 -0.4690
vn 0.0682 -0.4789 -0.8752
vn 0.5025 -0.0662 -0.8621
vn 0.0575 -0.1330 0.9894
vn 0.8087 0.5857 -0.0539
vn 0.8491 -0.5032 0.1606
vn -0.6025 -0.6634 0.4437
vn -0.1415 0.0297 0.9895
vn 0.9708 0.1782 0.1608
vn 0.5779 0.8103 0.0974
vn 0.9476 -0.3176 -0.0346
vn -0.9539 -0.0974 0.2840
vn -0.6651 -0.7437 0.0677
vn -0.7150 -0.3729 0.5914
vn 0.9125 0.3887 -0.1274
vn -0.1597 0.8867 -0.4339
vn 0.4433 -0.3323 -0.8325
vn -0.2144 0.3209 0.9225
vn 0.2966 -0.7602 0.5781
vn 0.5511 0.0219 0.8342
vn 0.0071 0.3155 -0.9489
vn 0.3736 0.0675 -0.9251
vn -0.0216 0.5633 -0.8260
vn 0.4466 0.8876 -0.1127
vn 0.8969 -0.1351 -0.4211
vn 0.6779 0.4909 -0.5473
vn -0.8531 -0.2868 -0.4359
vn 0.0786 0.9682 -0.2376
vn 0.7074 -0.3225 -0.6290
vn 0.7542 0.4238 0.5015
vn 0.8935 0.1743 0.4138
vn 0.3675 0.4407 -0.8190
vn 0.7935 0.5095 -0.3329
vn -0.3381 -0.0483 -0.9399
vn -0.0659 -0.7556 0.6517
vn -0.6888 0.1293 0.7133
vn -0.8108 0.0655 -0.5816
vn -0.5250 -0.0897 0.8464
vn -0.0880 -0.6081 -0.7890
vn -0.8825 0.0514 -0.4676
vn 0.4893 0.3168 -0.8125
vn 0.8301 0.0654 0.5537
vn -0.4619 -0.1816 0.8681
vn -0.3428 0.4017 0.8492
vn -0.8057 0.2099 -0.5539
vn 0.3518 0.5662 -0.7455
vn -0.8667 -0.1344 -0.4804
vn 0.5319 0.0638 -0.8444
vn 0.4644 0.4031 0.7886
vn -0.8649 -0.1738 -0.4710
vn 0.5344 0.0774 -0.8417
vn 0.8225 -0.1829 0.5385
vn -0.8472 -0.3078 -0.4331
vn 0.5671 -0.1036 -0.8171
vn 0.8205 0.0298 0.5709
vn -0.8505 0.0020 0.5259
vn -0.7755 -0.0120 -0.6313
vn -0.0144 -0.6930 0.7208
vn -0.2180 0.0342 -0.9754
vn -0.0326 -0.6085 -0.7929
vn -0.2811 0.8272 -0.4866
vn 0.0705 0.5777 0.8132
vn -0.2951 -0.0697 -0.9529
vn 0.0296 0.4038 0.9144
vn -0.2720 -0.2294 -0.9345
vn 0.1823 -0.3458 0.9204
vn -0.3257 0.1293 -0.9366
vn -0.2921 -0.0915 -0.9520
vn 0.0212 -0.6175 0.7863
vn 0.0813 -0.6034 -0.7933
vn -0.9970 0.0764 0.0136
vn 0.7068 0.0328 -0.7066
vn -0.6145 -0.1638 -0.7718
vn -0.1492 -0.7359 -0.6604
vn 0.2214 -0.5577 0.8000
vn -0.7373 0.6744 -0.0389
vn -0.7814 -0.4805 0.3982
vn -0.3035 -0.8138 -0.4957
vn 0.8068 -0.5836 0.0917
vn -0.7141 0.4119 0.5661
vn 0.2118 0.7488 0.6280
vn -0.8292 0.0313 0.5581
vn 0.5307 -0.5577 -0.6382
vn -0.2795 -0.6890 -0.6687
vn 0.2690 -0.8181 -0.5084
vn -0.2748 0.6906 0.6690
vn 0.5832 0.5838 -0.5649
vn -0.6791 0.4409 -0.5868
vn 0.5899 -0.0253 0.8071
vn -0.6038 -0.2075 0.7697
vn -0.0896 0.6287 0.7724
vn -0.0244 0.4425 -0.8965
vn -0.0266 0.8332 -0.5523
vn -0.2702 0.7064 -0.6542
vn 0.3432 0.7856 0.5148
vn -0.6813 0.5631 0.4677
vn -0.1617 0.9833 0.0840
vn -0.0460 0.2397 -0.9698
vn 0.5756 0.8025 -0.1571
vn -0.7953 0.5910 -0.1349
vn 0.0705 0.9024 0.4250
vn -0.2820 0.8779 0.3870
vn -0.1135 0.8458 -0.5212
vn -0.1353 0.9808 -0.1406
vn 0.9488 -0.1049 -0.2979
vn -0.3044 -0.2361 -0.9228
vn 0.8545 0.5084 0.1065
vn 0.6892 -0.6387 0.3421
vn 0.9466 0.0402 0.3199
vn 0.7692 -0.0296 -0.6384
vn -0.9410 0.0849 0.3277
vn -0.3210 -0.8156 -0.4814
vn -0.9212 0.3827 0.0706
vn -0.5609 -0.6842 0.4662
vn -0.7812 0.1039 0.6156
vn -0.5586 0.0616 -0.8272
vn 0.8454 0.1684 0.5068
vn 0.6666 0.3407 -0.6629
vn -0.7756 0.1910 0.6016
vn -0.7926 0.2890 -0.5369
vn 0.0742 -0.1051 -0.9917
usemtl Color_1
s off
f 199/1/1 188/2/1 480/3/1 483/4/1
f 7/5/2 194/6/2 486/7/2 166/8/2
f 65/9/3 299/10/3 273/11/3 46/12/3
f 507/13/4 186/14/4 72/15/4 178/16/4
f 32/17/5 26/18/5 71/19/5 109/20/5
f 309/21/6 304/22/6 268/23/6 266/24/6
f 30/25/7 80/26/7 361/27/7 265/28/7
f 505/29/8 191/30/8 4/31/8 180/32/8
f 32/17/9 186/14/9 189/33/9 26/18/9
f 26/18/10 264/34/10 362/35/10 71/19/10
f 29/36/11 28/37/11 33/38/11 34/39/11
f 193/40/12 205/41/12 490/42/12 487/43/12
f 180/32/13 4/31/13 5/44/13 181/45/13
f 181/45/14 5/44/14 6/46/14 182/47/14
f 63/48/15 288/49/15 318/50/15 66/51/15
f 276/52/16 47/53/16 56/54/16 292/55/16
f 179/56/17 74/57/17 192/58/17 504/59/17
f 31/60/18 192/58/18 74/57/18 108/61/18
f 4/31/19 7/5/19 8/62/19 5/44/19
f 244/63/20 247/64/20 207/65/20 213/66/20
f 6/46/21 9/67/21 190/68/21 187/69/21
f 197/70/22 357/71/22 223/72/22 220/73/22
f 13/74/23 222/75/23 228/76/23 20/77/23
f 22/78/24 239/79/24 212/80/24 10/81/24
f 20/77/25 228/76/25 251/82/25 24/83/25
f 224/84/26 16/85/26 14/86/26 12/87/26
f 245/88/27 214/89/27 11/90/27 23/91/27
f 238/92/28 241/93/28 209/94/28 211/95/28
f 196/96/29 507/13/29 178/16/29 358/97/29
f 216/98/30 18/99/30 81/100/30 70/101/30
f 11/90/31 10/81/31 212/80/31 210/102/31
f 83/103/32 82/104/32 14/86/32 16/85/32
f 70/105/33 203/106/33 217/107/33 216/108/33
f 82/104/34 81/100/34 18/99/34 14/86/34
f 2/109/35 1/110/35 15/111/35 17/112/35
f 216/113/36 234/114/36 21/115/36 12/87/36
f 218/116/37 13/74/37 20/77/37 236/117/37
f 3/118/38 2/109/38 17/112/38 19/119/38
f 243/120/39 23/91/39 11/90/39 210/102/39
f 224/84/40 12/87/40 21/115/40 230/121/40
f 28/37/41 55/122/41 204/123/41 263/124/41
f 249/125/42 22/78/42 10/81/42 208/126/42
f 215/127/43 219/128/43 235/129/43 232/130/43
f 18/99/44 216/98/44 12/87/44 14/86/44
f 16/85/45 224/84/45 360/131/45 83/103/45
f 221/132/46 225/133/46 229/134/46 226/135/46
f 218/116/47 19/119/47 17/112/47 13/74/47
f 222/75/48 13/74/48 17/112/48 15/111/48
f 261/136/49 24/83/49 22/78/49 249/125/49
f 257/137/50 245/88/50 23/91/50 25/138/50
f 256/139/51 259/140/51 248/141/51 246/142/51
f 255/143/52 25/138/52 23/91/52 243/120/52
f 73/144/53 355/145/53 262/146/53 27/147/53
f 250/148/54 253/149/54 242/150/54 240/151/54
f 227/152/55 231/153/55 254/154/55 252/155/55
f 234/114/56 257/137/56 25/138/56 21/115/56
f 24/83/57 251/82/57 239/79/57 22/78/57
f 233/156/58 237/157/58 260/158/58 258/159/58
f 230/121/59 21/115/59 25/138/59 255/143/59
f 192/58/60 31/60/60 27/147/60 195/160/60
f 236/117/61 20/77/61 24/83/61 261/136/61
f 30/25/62 54/161/62 53/162/62 29/36/62
f 108/61/63 73/144/63 27/147/63 31/60/63
f 190/68/64 9/67/64 168/163/64 481/164/64
f 491/165/65 204/123/65 55/122/65 171/166/65
f 182/47/66 6/46/66 187/69/66 506/167/66
f 263/124/67 356/168/67 78/169/67 28/37/67
f 5/44/68 8/62/68 9/67/68 6/46/68
f 33/38/69 117/170/69 123/171/69 36/172/69
f 30/25/70 29/36/70 34/39/70 35/173/70
f 80/26/71 30/25/71 35/173/71 119/174/71
f 28/37/72 78/169/72 117/170/72 33/38/72
f 37/175/73 36/172/73 39/176/73 40/177/73
f 35/173/74 34/39/74 37/175/74 38/178/74
f 34/39/75 33/38/75 36/172/75 37/175/75
f 119/174/76 35/173/76 38/178/76 125/179/76
f 41/180/77 40/177/77 43/181/77 44/182/77
f 125/179/78 38/178/78 41/180/78 131/183/78
f 36/172/79 123/171/79 129/184/79 39/176/79
f 38/178/80 37/175/80 40/177/80 41/180/80
f 42/185/81 135/186/81 136/187/81 43/181/81
f 43/181/81 136/187/81 137/188/81 44/182/81
f 40/177/82 39/176/82 42/185/82 43/181/82
f 131/183/83 41/180/83 44/182/83 137/188/83
f 39/176/84 129/184/84 135/186/84 42/185/84
f 65/9/85 46/12/85 269/189/85 306/190/85
f 307/191/86 267/192/86 45/193/86 64/194/86
f 63/48/87 66/51/87 310/195/87 292/196/87
f 46/12/88 45/193/88 267/192/88 269/189/88
f 168/163/89 167/197/89 52/198/89 47/53/89
f 488/199/90 489/200/90 280/201/90 277/202/90
f 167/197/91 166/8/91 50/203/91 52/198/91
f 61/204/92 60/205/92 288/206/92 63/48/92
f 283/207/93 274/208/93 294/209/93 295/210/93
f 278/211/94 282/212/94 289/213/94 286/214/94
f 166/8/95 486/7/95 279/215/95 50/203/95
f 171/166/96 55/122/96 53/162/96 169/216/96
f 208/126/97 10/81/97 11/90/97 214/89/97
f 170/217/98 51/218/98 49/219/98 169/216/98
f 29/36/99 53/162/99 55/122/99 28/37/99
f 200/220/100 485/221/100 170/217/100 54/161/100
f 47/53/101 52/198/101 61/204/101 56/54/101
f 51/218/102 284/222/102 297/223/102 58/224/102
f 485/221/103 284/222/103 51/218/103 170/217/103
f 484/225/104 482/226/104 275/227/104 285/228/104
f 52/198/105 50/203/105 60/205/105 61/204/105
f 49/219/106 51/218/106 58/224/106 57/229/106
f 48/230/107 49/219/107 57/229/107 59/231/107
f 481/164/108 168/163/108 47/53/108 276/52/108
f 281/232/109 491/165/109 171/166/109 48/230/109
f 50/203/110 279/215/110 288/233/110 60/205/110
f 271/234/111 45/193/111 46/12/111 273/11/111
f 319/235/112 290/236/112 62/237/112 67/238/112
f 271/234/113 303/239/113 64/194/113 45/193/113
f 324/240/114 325/241/114 302/242/114 300/243/114
f 297/244/115 315/245/115 67/238/115 62/237/115
f 332/246/116 329/247/116 305/248/116 308/249/116
f 333/250/117 307/191/117 64/194/117 68/251/117
f 298/252/118 301/253/118 270/254/118 272/255/118
f 66/51/119 69/256/119 328/257/119 310/195/119
f 303/239/120 327/258/120 68/251/120 64/194/120
f 69/256/121 322/259/121 299/10/121 65/9/121
f 290/260/122 59/231/122 57/229/122 62/237/122
f 287/261/123 291/262/123 321/263/123 316/264/123
f 58/224/124 297/265/124 62/237/124 57/229/124
f 56/54/125 61/204/125 63/48/125 292/266/125
f 296/267/126 293/268/126 312/269/126 313/270/126
f 335/271/127 72/15/127 109/20/127 116/272/127
f 69/256/128 65/9/128 306/190/128 328/257/128
f 66/51/129 318/50/129 322/259/129 69/256/129
f 327/258/130 319/235/130 67/238/130 68/251/130
f 317/273/131 320/274/131 326/275/131 323/276/131
f 315/245/132 333/250/132 68/251/132 67/238/132
f 314/277/133 311/278/133 330/279/133 331/280/133
f 510/281/134 178/16/134 72/15/134 335/271/134
f 87/282/135 172/283/135 500/284/135 343/285/135
f 161/286/136 142/287/136 419/288/136 446/289/136
f 86/290/137 334/291/137 337/292/137 89/293/137
f 116/272/138 109/20/138 71/19/138 110/294/138
f 364/295/139 370/296/139 91/297/139 90/298/139
f 114/299/140 410/300/140 361/27/140 80/26/140
f 115/301/141 108/61/141 74/57/141 339/302/141
f 116/272/142 110/294/142 338/303/142 335/271/142
f 96/304/143 83/103/143 360/131/143 380/305/143
f 79/306/144 118/307/144 119/308/144 80/309/144
f 113/310/145 121/311/145 120/312/145 112/313/145
f 341/314/146 499/315/146 503/316/146 353/317/146
f 183/318/147 184/319/147 85/320/147 84/321/147
f 184/319/148 185/322/148 86/290/148 85/320/148
f 159/323/149 162/324/149 462/325/149 433/326/149
f 420/327/150 440/328/150 152/329/150 143/330/150
f 179/56/151 509/331/151 339/302/151 74/57/151
f 339/302/152 342/332/152 111/333/152 115/301/152
f 84/321/153 85/320/153 88/334/153 87/282/153
f 395/335/154 369/336/154 363/337/154 398/338/154
f 347/339/155 495/340/155 492/341/155 336/342/155
f 346/343/156 375/344/156 378/345/156 359/346/156
f 93/347/157 100/348/157 382/349/157 376/350/157
f 103/351/158 90/298/158 368/352/158 391/353/158
f 100/348/159 105/354/159 402/355/159 382/349/159
f 110/294/160 71/19/160 362/35/160 411/356/160
f 397/357/161 104/358/161 91/297/161 370/296/161
f 389/359/162 367/360/162 365/361/162 392/362/162
f 344/363/163 358/97/163 178/16/163 510/281/163
f 372/364/164 70/101/164 81/100/164 98/365/164
f 91/297/165 366/366/165 368/352/165 90/298/165
f 83/103/166 96/304/166 94/367/166 82/104/166
f 70/105/167 372/368/167 373/369/167 350/370/167
f 82/104/168 94/367/168 98/365/168 81/100/168
f 76/371/169 97/372/169 95/373/169 75/374/169
f 372/375/170 92/376/170 101/377/170 387/378/170
f 371/379/171 388/380/171 102/381/171 374/382/171
f 77/383/172 99/384/172 97/372/172 76/371/172
f 393/385/173 366/366/173 91/297/173 104/358/173
f 377/386/174 381/387/174 384/388/174 379/389/174
f 112/313/175 408/390/175 354/391/175 151/392/175
f 399/393/176 364/295/176 90/298/176 103/351/176
f 98/365/177 94/367/177 92/376/177 372/364/177
f 374/394/178 102/381/178 100/348/178 93/347/178
f 380/305/179 92/376/179 94/367/179 96/304/179
f 376/350/180 95/373/180 97/372/180 93/347/180
f 374/395/181 93/347/181 97/372/181 99/384/181
f 380/305/182 386/396/182 101/377/182 92/376/182
f 107/397/183 399/398/183 103/351/183 105/354/183
f 407/399/184 106/400/184 104/358/184 397/357/184
f 406/401/185 396/402/185 399/403/185 107/397/185
f 404/404/186 393/385/186 104/358/186 106/400/186
f 453/405/187 412/406/187 414/407/187 450/408/187
f 102/381/188 107/397/188 105/354/188 100/348/188
f 383/409/189 401/410/189 405/411/189 385/412/189
f 387/378/190 101/377/190 106/400/190 407/399/190
f 105/354/191 103/351/191 391/353/191 402/355/191
f 388/380/192 406/401/192 107/397/192 102/381/192
f 386/396/193 404/404/193 106/400/193 101/377/193
f 508/413/194 183/318/194 84/321/194 340/414/194
f 400/415/195 390/416/195 394/417/195 403/418/195
f 114/299/196 113/310/196 149/419/196 150/420/196
f 108/61/197 115/301/197 111/333/197 73/144/197
f 337/292/198 494/421/198 174/422/198 89/293/198
f 502/423/199 177/424/199 151/392/199 354/391/199
f 185/322/200 511/425/200 334/291/200 86/290/200
f 408/390/201 112/313/201 78/169/201 356/168/201
f 85/320/202 86/290/202 89/293/202 88/334/202
f 117/426/203 123/427/203 124/428/203 118/307/203
f 120/312/204 126/429/204 123/171/204 117/170/204
f 114/299/205 122/430/205 121/311/205 113/310/205
f 80/26/206 119/174/206 122/430/206 114/299/206
f 78/431/207 117/426/207 118/307/207 79/306/207
f 112/313/208 120/312/208 117/170/208 78/169/208
f 127/432/209 133/433/209 132/434/209 126/429/209
f 124/428/210 130/435/210 131/436/210 125/437/210
f 122/430/211 128/438/211 127/432/211 121/311/211
f 118/307/212 124/428/212 125/437/212 119/308/212
f 121/311/213 127/432/213 126/429/213 120/312/213
f 119/174/214 125/179/214 128/438/214 122/430/214
f 134/439/215 140/440/215 139/441/215 133/433/215
f 129/442/216 135/443/216 136/444/216 130/435/216
f 125/179/217 131/183/217 134/439/217 128/438/217
f 126/429/218 132/434/218 129/184/218 123/171/218
f 123/427/219 129/442/219 130/435/219 124/428/219
f 128/438/220 134/439/220 133/433/220 127/432/220
f 138/445/81 139/441/81 136/187/81 135/186/81
f 139/441/81 140/440/81 137/188/81 136/187/81
f 130/435/216 136/444/216 137/446/216 131/436/216
f 133/433/221 139/441/221 138/445/221 132/434/221
f 131/183/222 137/188/222 140/440/222 134/439/222
f 132/434/223 138/445/223 135/186/223 129/184/223
f 161/286/224 451/447/224 415/448/224 142/287/224
f 455/449/225 160/450/225 141/451/225 413/452/225
f 159/323/226 440/453/226 458/454/226 162/324/226
f 142/287/227 415/448/227 413/452/227 141/451/227
f 174/422/228 143/330/228 148/455/228 173/456/228
f 498/457/229 423/458/229 426/459/229 501/460/229
f 173/456/230 148/455/230 146/461/230 172/283/230
f 157/462/231 159/323/231 433/463/231 156/464/231
f 497/465/232 430/466/232 421/467/232 493/468/232
f 146/461/233 156/464/233 433/469/233 424/470/233
f 425/471/234 432/472/234 435/473/234 427/474/234
f 177/424/235 175/475/235 149/419/235 151/392/235
f 73/144/236 111/333/236 409/476/236 355/145/236
f 176/477/237 175/475/237 145/478/237 147/479/237
f 113/310/238 112/313/238 151/392/238 149/419/238
f 349/480/239 150/420/239 176/477/239 496/481/239
f 143/330/240 152/329/240 157/462/240 148/455/240
f 147/479/241 154/482/241 442/483/241 431/484/241
f 496/481/242 176/477/242 147/479/242 431/484/242
f 494/421/243 420/327/243 143/330/243 174/422/243
f 148/455/244 157/462/244 156/464/244 146/461/244
f 145/478/245 153/485/245 154/482/245 147/479/245
f 144/486/246 155/487/246 153/485/246 145/478/246
f 429/488/247 441/489/247 438/490/247 422/491/247
f 428/492/248 144/486/248 177/424/248 502/423/248
f 172/283/249 146/461/249 424/470/249 500/284/249
f 417/493/250 419/288/250 142/287/250 141/451/250
f 467/494/251 163/495/251 158/496/251 437/497/251
f 417/493/252 141/451/252 160/450/252 448/498/252
f 468/499/253 445/500/253 449/501/253 471/502/253
f 442/503/254 158/496/254 163/495/254 460/504/254
f 479/505/255 454/506/255 452/507/255 475/508/255
f 478/509/256 164/510/256 160/450/256 455/449/256
f 444/511/257 418/512/257 416/513/257 447/514/257
f 162/324/258 458/454/258 476/515/258 165/516/258
f 448/498/259 160/450/259 164/510/259 472/517/259
f 165/516/260 161/286/260 446/289/260 470/518/260
f 437/519/261 158/496/261 153/485/261 155/487/261
f 434/520/262 464/521/262 465/522/262 436/523/262
f 154/482/263 153/485/263 158/496/263 442/524/263
f 152/329/264 440/525/264 159/323/264 157/462/264
f 443/526/265 459/527/265 456/528/265 439/529/265
f 165/516/266 476/515/266 451/447/266 161/286/266
f 162/324/267 165/516/267 470/518/267 462/325/267
f 472/517/268 164/510/268 163/495/268 467/494/268
f 463/530/269 469/531/269 473/532/269 466/533/269
f 460/504/270 163/495/270 164/510/270 478/509/270
f 461/534/271 477/535/271 474/536/271 457/537/271
f 54/161/272 170/217/272 169/216/272 53/162/272
f 281/232/273 48/230/273 59/231/273 290/538/273
f 48/230/274 171/166/274 169/216/274 49/219/274
f 27/147/275 262/146/275 206/539/275 195/160/275
f 1/110/276 182/47/276 506/167/276 198/540/276
f 191/30/277 194/6/277 7/5/277 4/31/277
f 70/105/278 179/56/278 504/59/278 203/106/278
f 8/62/279 7/5/279 166/8/279 167/197/279
f 189/33/280 201/541/280 264/34/280 26/18/280
f 9/67/281 8/62/281 167/197/281 168/163/281
f 150/420/282 149/419/282 175/475/282 176/477/282
f 428/492/283 437/542/283 155/487/283 144/486/283
f 144/486/284 145/478/284 175/475/284 177/424/284
f 111/333/285 342/332/285 352/543/285 409/476/285
f 75/374/286 345/544/286 511/425/286 185/322/286
f 340/414/287 84/321/287 87/282/287 343/285/287
f 70/105/288 350/370/288 509/331/288 179/56/288
f 88/334/289 173/456/289 172/283/289 87/282/289
f 338/303/290 110/294/290 411/356/290 348/545/290
f 89/293/291 174/422/291 173/456/291 88/334/291
f 349/480/292 410/300/292 114/299/292 150/420/292
f 76/371/293 75/374/293 185/322/293 184/319/293
f 77/383/294 76/371/294 184/319/294 183/318/294
f 99/384/295 77/383/295 351/546/295 374/547/295
f 351/546/296 77/383/296 183/318/296 508/413/296
f 376/548/297 345/544/297 75/374/297 95/373/297
f 200/220/298 54/161/298 30/25/298 265/28/298
f 2/109/299 181/45/299 182/47/299 1/110/299
f 3/118/300 180/32/300 181/45/300 2/109/300
f 19/119/301 218/549/301 202/550/301 3/118/301
f 202/550/302 505/29/302 180/32/302 3/118/302
f 222/551/303 15/111/303 1/110/303 198/540/303
f 188/2/304 189/33/304 190/68/304
f 193/40/305 194/6/305 195/160/305
f 196/96/306 197/70/306 198/540/306
f 199/1/307 200/552/307 201/553/307
f 204/123/308 205/554/308 206/555/308
f 217/107/309 218/116/309 219/128/309
f 220/73/310 221/132/310 222/551/310
f 223/72/311 224/556/311 225/557/311
f 226/135/312 227/152/312 228/76/312
f 229/134/313 230/558/313 231/559/313
f 232/130/314 233/560/314 234/561/314
f 235/129/315 236/117/315 237/157/315
f 238/92/316 239/79/316 240/151/316
f 241/93/317 242/562/317 243/563/317
f 244/63/318 245/564/318 246/565/318
f 247/64/319 248/141/319 249/125/319
f 250/148/320 251/82/320 252/155/320
f 253/149/321 254/566/321 255/567/321
f 256/139/322 257/568/322 258/569/322
f 259/140/323 260/158/323 261/136/323
f 274/208/324 275/227/324 276/52/324
f 277/202/325 278/211/325 279/215/325
f 280/201/326 281/232/326 282/212/326
f 283/207/327 284/222/327 285/228/327
f 286/214/328 287/261/328 288/233/328
f 289/213/329 290/236/329 291/262/329
f 292/196/330 293/268/330 294/209/330
f 295/210/331 296/267/331 297/223/331
f 298/252/332 299/10/332 300/243/332
f 301/253/333 302/242/333 303/239/333
f 304/22/334 305/248/334 306/190/334
f 307/191/335 308/249/335 309/21/335
f 310/195/336 311/278/336 312/269/336
f 313/270/337 314/277/337 315/245/337
f 316/264/338 317/273/338 318/50/338
f 319/235/339 320/274/339 321/263/339
f 322/259/340 323/276/340 324/240/340
f 325/241/341 326/275/341 327/258/341
f 328/257/342 329/247/342 330/279/342
f 331/280/343 332/246/343 333/250/343
f 336/342/344 337/292/344 338/303/344
f 341/314/345 342/332/345 343/285/345
f 344/363/346 345/544/346 346/343/346
f 347/339/347 348/570/347 349/571/347
f 352/543/348 353/572/348 354/573/348
f 357/71/349 358/574/349 359/575/349 360/576/349
f 375/344/350 376/350/350 377/386/350
f 378/345/351 379/577/351 380/578/351
f 381/387/352 382/349/352 383/409/352
f 384/388/353 385/579/353 386/580/353
f 389/359/354 390/416/354 391/353/354
f 392/362/355 393/581/355 394/582/355
f 395/335/356 396/583/356 397/584/356
f 400/415/357 401/410/357 402/355/357
f 403/418/358 404/585/358 405/586/358
f 420/327/359 421/467/359 422/491/359
f 423/458/360 424/470/360 425/471/360
f 426/459/361 427/474/361 428/492/361
f 429/488/362 430/466/362 431/484/362
f 432/472/363 433/326/363 434/520/363
f 435/473/364 436/523/364 437/542/364
f 438/490/365 439/529/365 440/328/365
f 441/489/366 442/503/366 443/526/366
f 444/511/367 445/500/367 446/289/367
f 447/514/368 448/498/368 449/501/368
f 450/408/369 451/447/369 452/507/369
f 453/405/370 454/506/370 455/449/370
f 456/528/371 457/537/371 458/454/371
f 459/527/372 460/504/372 461/534/372
f 462/325/373 463/530/373 464/521/373
f 465/522/374 466/533/374 467/494/374
f 468/499/375 469/531/375 470/518/375
f 471/502/376 472/517/376 473/532/376
f 474/536/377 475/508/377 476/515/377
f 477/535/378 478/509/378 479/505/378
f 480/3/379 481/164/379 482/226/379
f 483/4/380 484/225/380 485/221/380
f 486/7/381 487/43/381 488/199/381
f 489/200/382 490/42/382 491/165/382
f 492/341/383 493/468/383 494/421/383
f 495/340/384 496/481/384 497/465/384
f 498/457/385 499/315/385 500/284/385
f 501/460/386 502/423/386 503/316/386
f 201/541/387 189/33/387 188/2/387 199/1/387
f 263/124/388 204/123/388 206/587/388 262/588/388
f 505/29/389 202/550/389 203/106/389 504/59/389
f 507/13/390 196/96/390 198/540/390 506/167/390
f 205/41/391 193/40/391 195/160/391 206/539/391
f 265/28/392 361/27/392 362/589/392 264/590/392
f 238/92/393 211/95/393 212/80/393 239/79/393
f 243/120/394 210/102/394 209/591/394 241/592/394
f 244/63/395 213/66/395 214/593/395 245/594/395
f 249/125/396 208/126/396 207/65/396 247/64/396
f 202/550/397 218/549/397 217/107/397 203/106/397
f 197/70/398 220/73/398 222/551/398 198/540/398
f 360/131/399 224/84/399 223/595/399 357/596/399
f 221/132/400 226/135/400 228/76/400 222/75/400
f 224/84/401 230/121/401 229/597/401 225/598/401
f 215/127/402 232/130/402 234/599/402 216/600/402
f 218/116/403 236/117/403 235/129/403 219/128/403
f 250/148/404 240/151/404 239/79/404 251/82/404
f 255/143/405 243/120/405 242/601/405 253/602/405
f 256/139/406 246/142/406 245/603/406 257/604/406
f 261/136/407 249/125/407 248/141/407 259/140/407
f 227/152/408 252/155/408 251/82/408 228/76/408
f 230/121/409 255/143/409 254/605/409 231/606/409
f 233/156/410 258/159/410 257/607/410 234/599/410
f 236/117/411 261/136/411 260/158/411 237/157/411
f 194/6/412 191/30/412 192/58/412 195/160/412
f 189/33/413 186/14/413 187/69/413 190/68/413
f 356/168/414 263/124/414 262/608/414 355/609/414
f 357/71/415 197/70/415 196/96/415 358/97/415
f 200/220/416 265/28/416 264/610/416 201/611/416
f 210/102/417 212/80/417 211/95/417 209/94/417
f 208/126/418 214/89/418 213/66/418 207/65/418
f 225/133/419 221/132/419 220/73/419 223/72/419
f 219/128/420 215/127/420 216/108/420 217/107/420
f 237/157/421 233/156/421 232/130/421 235/129/421
f 231/153/422 227/152/422 226/135/422 229/134/422
f 247/64/423 244/63/423 246/142/423 248/141/423
f 241/93/424 238/92/424 240/151/424 242/150/424
f 253/149/425 250/148/425 252/155/425 254/154/425
f 259/140/426 256/139/426 258/159/426 260/158/426
f 266/24/427 268/23/427 269/189/427 267/192/427
f 271/234/428 273/11/428 272/255/428 270/254/428
f 480/3/429 188/2/429 190/68/429 481/164/429
f 298/252/430 272/255/430 273/11/430 299/10/430
f 303/239/431 271/234/431 270/254/431 301/253/431
f 485/221/432 200/220/432 199/1/432 483/4/432
f 294/209/433 274/208/433 276/52/433 292/55/433
f 488/199/434 277/202/434 279/215/434 486/7/434
f 491/165/435 281/232/435 280/201/435 489/200/435
f 297/223/436 284/222/436 283/207/436 295/210/436
f 274/208/437 283/207/437 285/228/437 275/227/437
f 282/212/438 278/211/438 277/202/438 280/201/438
f 278/211/439 286/214/439 288/233/439 279/215/439
f 281/232/440 290/538/440 289/213/440 282/212/440
f 312/269/441 293/268/441 292/196/441 310/195/441
f 315/245/442 297/244/442 296/267/442 313/270/442
f 293/268/443 296/267/443 295/210/443 294/209/443
f 291/262/444 287/261/444 286/214/444 289/213/444
f 324/240/445 300/243/445 299/10/445 322/259/445
f 327/258/446 303/239/446 302/242/446 325/241/446
f 268/23/447 304/22/447 306/190/447 269/189/447
f 267/192/448 307/191/448 309/21/448 266/24/448
f 304/22/449 309/21/449 308/249/449 305/248/449
f 301/253/450 298/252/450 300/243/450 302/242/450
f 330/279/451 311/278/451 310/195/451 328/257/451
f 333/250/452 315/245/452 314/277/452 331/280/452
f 287/261/453 316/264/453 318/50/453 288/49/453
f 290/236/454 319/235/454 321/263/454 291/262/454
f 320/274/455 317/273/455 316/264/455 321/263/455
f 311/278/456 314/277/456 313/270/456 312/269/456
f 317/273/457 323/276/457 322/259/457 318/50/457
f 319/235/458 327/258/458 326/275/458 320/274/458
f 305/248/459 329/247/459 328/257/459 306/190/459
f 307/191/460 333/250/460 332/246/460 308/249/460
f 325/241/461 324/240/461 323/276/461 326/275/461
f 329/247/462 332/246/462 331/280/462 330/279/462
f 347/339/463 336/342/463 338/303/463 348/545/463
f 409/476/464 352/543/464 354/573/464 408/612/464
f 509/331/465 350/370/465 351/546/465 508/413/465
f 511/425/466 345/544/466 344/363/466 510/281/466
f 352/543/467 342/332/467 341/314/467 353/317/467
f 411/356/468 362/35/468 361/613/468 410/614/468
f 391/353/469 368/352/469 367/360/469 389/359/469
f 392/362/470 365/361/470 366/615/470 393/616/470
f 397/357/471 370/296/471 369/617/471 395/618/471
f 398/338/472 363/337/472 364/295/472 399/393/472
f 350/370/473 373/369/473 374/547/473 351/546/473
f 345/544/474 376/548/474 375/344/474 346/343/474
f 359/346/475 378/345/475 380/619/475 360/576/475
f 376/350/476 382/349/476 381/387/476 377/386/476
f 379/389/477 384/388/477 386/620/477 380/621/477
f 372/375/478 387/378/478 388/622/478 371/623/478
f 402/355/479 391/353/479 390/416/479 400/415/479
f 403/418/480 394/417/480 393/624/480 404/625/480
f 407/399/481 397/357/481 396/626/481 406/627/481
f 382/349/482 402/355/482 401/410/482 383/409/482
f 385/412/483 405/411/483 404/628/483 386/620/483
f 387/378/484 407/399/484 406/629/484 388/622/484
f 342/332/485 339/302/485 340/414/485 343/285/485
f 337/292/486 334/291/486 335/271/486 338/303/486
f 355/145/487 409/476/487 408/630/487 356/631/487
f 358/97/488 344/363/488 346/343/488 359/346/488
f 348/545/489 411/356/489 410/632/489 349/571/489
f 365/361/490 367/360/490 368/352/490 366/366/490
f 363/337/491 369/336/491 370/296/491 364/295/491
f 378/345/492 375/344/492 377/386/492 379/389/492
f 373/369/493 372/368/493 371/379/493 374/382/493
f 384/388/494 381/387/494 383/409/494 385/412/494
f 399/403/495 396/402/495 395/335/495 398/338/495
f 394/417/496 390/416/496 389/359/496 392/362/496
f 405/411/497 401/410/497 400/415/497 403/418/497
f 413/452/498 415/448/498 414/407/498 412/406/498
f 416/513/499 418/512/499 419/288/499 417/493/499
f 494/421/500 337/292/500 336/342/500 492/341/500
f 446/289/501 419/288/501 418/512/501 444/511/501
f 447/514/502 416/513/502 417/493/502 448/498/502
f 495/340/503 347/339/503 349/480/503 496/481/503
f 440/328/504 420/327/504 422/491/504 438/490/504
f 500/284/505 424/470/505 423/458/505 498/457/505
f 501/460/506 426/459/506 428/492/506 502/423/506
f 441/489/507 429/488/507 431/484/507 442/483/507
f 421/467/508 430/466/508 429/488/508 422/491/508
f 426/459/509 423/458/509 425/471/509 427/474/509
f 424/470/510 433/469/510 432/472/510 425/471/510
f 427/474/511 435/473/511 437/542/511 428/492/511
f 458/454/512 440/453/512 439/529/512 456/528/512
f 459/527/513 443/526/513 442/503/513 460/504/513
f 438/490/514 441/489/514 443/526/514 439/529/514
f 435/473/515 432/472/515 434/520/515 436/523/515
f 470/518/516 446/289/516 445/500/516 468/499/516
f 471/502/517 449/501/517 448/498/517 472/517/517
f 415/448/518 451/447/518 450/408/518 414/407/518
f 412/406/519 453/405/519 455/449/519 413/452/519
f 452/507/520 454/506/520 453/405/520 450/408/520
f 449/501/521 445/500/521 444/511/521 447/514/521
f 476/515/522 458/454/522 457/537/522 474/536/522
f 477/535/523 461/534/523 460/504/523 478/509/523
f 433/326/524 462/325/524 464/521/524 434/520/524
f 436/523/525 465/522/525 467/494/525 437/497/525
f 465/522/526 464/521/526 463/530/526 466/533/526
f 456/528/527 459/527/527 461/534/527 457/537/527
f 462/325/528 470/518/528 469/531/528 463/530/528
f 466/533/529 473/532/529 472/517/529 467/494/529
f 451/447/530 476/515/530 475/508/530 452/507/530
f 454/506/531 479/505/531 478/509/531 455/449/531
f 473/532/532 469/531/532 468/499/532 471/502/532
f 474/536/533 477/535/533 479/505/533 475/508/533
f 275/227/534 482/226/534 481/164/534 276/52/534
f 284/222/535 485/221/535 484/225/535 285/228/535
f 193/40/536 487/43/536 486/7/536 194/6/536
f 204/123/537 491/165/537 490/42/537 205/41/537
f 489/200/538 488/199/538 487/43/538 490/42/538
f 482/226/539 484/225/539 483/4/539 480/3/539
f 420/327/540 494/421/540 493/468/540 421/467/540
f 430/466/541 497/465/541 496/481/541 431/484/541
f 343/285/542 500/284/542 499/315/542 341/314/542
f 353/317/543 503/316/543 502/423/543 354/391/543
f 498/457/544 501/460/544 503/316/544 499/315/544
f 497/465/545 493/468/545 492/341/545 495/340/545
f 191/30/546 505/29/546 504/59/546 192/58/546
f 186/14/547 507/13/547 506/167/547 187/69/547
f 339/302/548 509/331/548 508/413/548 340/414/548
f 334/291/549 511/425/549 510/281/549 335/271/549
f 186/14/550 32/17/550 109/20/550 72/15/550
o Icosphere
v -1.031685 -1.326697 2.463928
v -1.024253 -1.154351 2.523551
v -1.062976 -1.722031 1.765274
v -1.102931 -1.710491 1.935652
v -1.138153 -1.670617 2.093802
v -1.166630 -1.591945 2.234106
v -1.195553 -0.962927 2.523677
v -1.181447 -0.781251 2.513273
v -1.159520 -0.605674 2.468493
v -1.130801 -0.446355 2.390924
v -1.097000 -0.320453 2.283121
v -1.059524 -0.234820 2.149151
v -1.019500 -0.187004 1.994382
v -0.977809 -0.166847 1.825225
v -1.186955 -1.471757 2.351395
v -1.198457 -1.316683 2.441084
v -1.201296 -1.143720 2.499300
v -1.370138 -1.132224 2.440940
v -1.357502 -1.305854 2.386110
v -1.330092 -1.462011 2.301920
v -1.011394 -0.164560 1.813616
v -1.085379 -0.182518 1.971611
v -1.155165 -0.228308 2.116092
v -1.218727 -0.312165 2.241046
v -1.273938 -0.436609 2.341448
v -1.318565 -0.594845 2.413519
v -1.350288 -0.769755 2.454913
v -1.367702 -0.951205 2.464172
v -1.288358 -1.583657 2.192031
v -1.233793 -1.664105 2.060743
v -1.168810 -1.706006 1.912881
v -1.096560 -1.719744 1.753665
v -1.127223 -1.717373 1.735717
v -1.228956 -1.701355 1.877676
v -1.321113 -1.657353 2.009633
v -1.399495 -1.575063 2.126980
v -1.524873 -0.939052 2.372177
v -1.504439 -0.757835 2.364686
v -1.463772 -0.583616 2.328526
v -1.404621 -0.426504 2.264957
v -1.329864 -0.303571 2.175995
v -1.242484 -0.221556 2.064982
v -1.145525 -0.177867 1.936406
v -1.042056 -0.162189 1.795669
v -1.460775 -1.451905 2.225429
v -1.502709 -1.294626 2.301117
v -1.524289 -1.120304 2.350713
v -1.657825 -1.108418 2.232086
v -1.628497 -1.283430 2.189373
v -1.573981 -1.441829 2.124861
v -1.068618 -0.159825 1.772073
v -1.197628 -0.173230 1.890120
v -1.318126 -0.214823 1.997786
v -1.426138 -0.295002 2.090470
v -1.517827 -0.416428 2.164390
v -1.589560 -0.572420 2.216783
v -1.637975 -0.745949 2.246059
v -1.661025 -0.926933 2.251227
v -1.495769 -1.566494 2.041455
v -1.396755 -1.650620 1.942437
v -1.281059 -1.696717 1.831390
v -1.153785 -1.715008 1.712121
v -1.175226 -1.712742 1.683782
v -1.323117 -1.692271 1.775802
v -1.457813 -1.644165 1.861735
v -1.573481 -1.558279 1.938742
v -1.770927 -0.915315 2.105968
v -1.745765 -0.734554 2.103591
v -1.691096 -0.561686 2.082581
v -1.609207 -0.406767 2.043612
v -1.503850 -0.286786 1.987757
v -1.379184 -0.208369 1.917084
v -1.239686 -0.168784 1.834532
v -1.090059 -0.157558 1.743734
v -1.665361 -1.432169 2.004083
v -1.730033 -1.272696 2.055172
v -1.765615 -1.097023 2.089618
v -1.843516 -1.086557 1.928785
v -1.803415 -1.262837 1.903670
v -1.731403 -1.423296 1.867735
v -1.105554 -0.155477 1.711742
v -1.270082 -0.164700 1.771778
v -1.423312 -0.202440 1.825980
v -1.560014 -0.279241 1.871803
v -1.675249 -0.397895 1.907264
v -1.764477 -0.551827 1.931079
v -1.823666 -0.724088 1.942758
v -1.850355 -0.904644 1.941983
v -1.629645 -1.550733 1.822788
v -1.501941 -1.638237 1.770631
v -1.353513 -1.688187 1.713048
v -1.190721 -1.710660 1.651791
v -1.199676 -1.708843 1.617375
v -1.371078 -1.684623 1.645540
v -1.527442 -1.633062 1.672623
v -1.662102 -1.544147 1.698048
v -1.896256 -0.895330 1.765575
v -1.868685 -0.714953 1.769740
v -1.806885 -0.543222 1.768099
v -1.713414 -0.390150 1.760586
v -1.592471 -0.272655 1.747063
v -1.448813 -0.197266 1.727973
v -1.287647 -0.161136 1.704269
v -1.114509 -0.153660 1.677326
v -1.769568 -1.415552 1.721057
v -1.845822 -1.254232 1.740690
v -1.888535 -1.077422 1.755767
v -1.898942 -1.069969 1.577212
v -1.855624 -1.247211 1.572495
v -1.778390 -1.409233 1.569686
v -1.116579 -0.152177 1.641810
v -1.291708 -0.158228 1.634601
v -1.454708 -0.193044 1.626830
v -1.599974 -0.267281 1.618333
v -1.722236 -0.383832 1.609215
v -1.816687 -0.536202 1.599905
v -1.879092 -0.707500 1.591185
v -1.906866 -0.887731 1.583523
v -1.669605 -1.538774 1.569317
v -1.533337 -1.628840 1.571480
v -1.375139 -1.681715 1.575871
v -1.201746 -1.707361 1.581858
v -1.196852 -1.706269 1.546606
v -1.365538 -1.679575 1.506720
v -1.519399 -1.625733 1.471088
v -1.651865 -1.534820 1.441542
v -1.881779 -0.882139 1.402822
v -1.854486 -0.702015 1.413957
v -1.793509 -0.531035 1.432959
v -1.701377 -0.379182 1.458968
v -1.582234 -0.263327 1.490558
v -1.440770 -0.189937 1.526438
v -1.282107 -0.156088 1.565449
v -1.111685 -0.151086 1.606557
v -1.757531 -1.404584 1.419439
v -1.832447 -1.242045 1.405550
v -1.874336 -1.064485 1.399984
v -1.815664 -1.061179 1.230892
v -1.777179 -1.238932 1.246268
v -1.707791 -1.401782 1.276090
v -1.100014 -0.150429 1.572922
v -1.259214 -0.154798 1.499473
v -1.407535 -0.188065 1.430655
v -1.539934 -0.260944 1.368649
v -1.651637 -0.376380 1.315619
v -1.738241 -0.527922 1.273677
v -1.795814 -0.698710 1.244865
v -1.821957 -0.878769 1.230417
v -1.609565 -1.532437 1.319634
v -1.486164 -1.623861 1.375305
v -1.342645 -1.678286 1.440743
v -1.185181 -1.705612 1.512971
v -1.020638 -1.719682 1.588638
v -1.167183 -1.705413 1.482247
v -1.307340 -1.677896 1.380477
v -1.434909 -1.623295 1.287812
v -1.544329 -1.531716 1.208276
v -1.729700 -0.877750 1.072934
v -1.705330 -0.697711 1.090407
v -1.653007 -0.526981 1.128182
v -1.574928 -0.375533 1.184676
v -1.474699 -0.260224 1.257292
v -1.356280 -0.187499 1.343161
v -1.223909 -0.154408 1.439207
v -1.082016 -0.150230 1.542199
v -1.631082 -1.400935 1.145147
v -1.691944 -1.237990 1.100773
v -1.725180 -1.060180 1.076434
v -1.606361 -1.061526 0.942547
v -1.580019 -1.239258 0.974654
v -1.530352 -1.402076 1.031643
v -1.058381 -0.150498 1.515567
v -1.177548 -0.154933 1.386966
v -1.288975 -0.188261 1.267320
v -1.389035 -0.261194 1.160764
v -1.474198 -0.376674 1.071172
v -1.541082 -0.528248 1.002063
v -1.586511 -0.699056 0.956520
v -1.608553 -0.879122 0.936423
v -1.458666 -1.532686 1.111749
v -1.367603 -1.624057 1.211971
v -1.260979 -1.678421 1.328237
v -1.143548 -1.705681 1.455616
v -1.115185 -1.706405 1.434099
v -1.205344 -1.679840 1.286031
v -1.286834 -1.626118 1.150697
v -1.355866 -1.535310 1.033761
v -1.463172 -0.882832 0.826133
v -1.443924 -0.702695 0.848348
v -1.406767 -0.531676 0.900167
v -1.353318 -0.379759 0.979468
v -1.286235 -0.263817 1.082777
v -1.208205 -0.190322 1.206046
v -1.121913 -0.156353 1.344760
v -1.030019 -0.151221 1.494051
v -1.409472 -1.405160 0.939939
v -1.445705 -1.242685 0.872758
v -1.463774 -1.065164 0.834375
v -1.302897 -1.070956 0.756076
v -1.294162 -1.248141 0.799002
v -1.273088 -1.410070 0.873561
v -0.998019 -0.152373 1.478476
v -1.059143 -0.158613 1.314209
v -1.117076 -0.193603 1.161693
v -1.170249 -0.267993 1.026326
v -1.216934 -0.384669 0.913089
v -1.255225 -0.537131 0.826411
v -1.283047 -0.708487 0.770049
v -1.299144 -0.888737 0.746299
v -1.239880 -1.539485 0.977311
v -1.195705 -1.629399 1.106344
v -1.142573 -1.682100 1.255479
v -1.083185 -1.707557 1.418524
v -1.048777 -1.709093 1.409490
v -1.075079 -1.685113 1.237758
v -1.097718 -1.633774 1.080617
v -1.115166 -1.545053 0.944566
v -1.122772 -0.896610 0.699992
v -1.110064 -0.716209 0.724631
v -1.092279 -0.544406 0.783629
v -1.070286 -0.391215 0.874586
v -1.045536 -0.273560 0.993582
v -1.019089 -0.197977 1.135966
v -0.991648 -0.161626 1.296488
v -0.963610 -0.153909 1.469442
v -1.126440 -1.416617 0.835057
v -1.131216 -1.255415 0.756220
v -1.129914 -1.078678 0.710659
v -0.951472 -1.088034 0.699868
v -0.963127 -1.264228 0.746055
v -0.975164 -1.424548 0.825910
v -0.928116 -0.155770 1.467295
v -0.922023 -0.165276 1.292278
v -0.918010 -0.203277 1.129854
v -0.916886 -0.280306 0.985802
v -0.919010 -0.399147 0.865438
v -0.924190 -0.553219 0.773464
v -0.931622 -0.725565 0.713841
v -0.940834 -0.906150 0.688990
v -0.986517 -1.551798 0.936787
v -0.996638 -1.639073 1.074504
v -1.005454 -1.688764 1.233548
v -1.013282 -1.710954 1.407343
v -0.978066 -1.713068 1.412167
v -0.936375 -1.692912 1.243010
v -0.896351 -1.645095 1.088241
v -0.858876 -1.559462 0.954271
v -0.760322 -0.916988 0.713716
v -0.754578 -0.736195 0.738091
v -0.757418 -0.563232 0.796308
v -0.768920 -0.408159 0.885997
v -0.789245 -0.287970 1.003286
v -0.817722 -0.209298 1.143591
v -0.852944 -0.169424 1.301740
v -0.892900 -0.157885 1.472119
v -0.825074 -1.433560 0.846468
v -0.796355 -1.274242 0.768899
v -0.774428 -1.098665 0.724118
v -0.605587 -1.110161 0.782479
v -0.637310 -1.285071 0.823873
v -0.681937 -1.443306 0.895944
v -0.859315 -0.160172 1.483728
v -0.787066 -0.173909 1.324511
v -0.722082 -0.215810 1.176649
v -0.667517 -0.296258 1.045362
v -0.625783 -0.417905 0.935473
v -0.598373 -0.574061 0.851282
v -0.585737 -0.747691 0.796452
v -0.588173 -0.928710 0.773220
v -0.737148 -1.567750 0.996346
v -0.800710 -1.651607 1.121300
v -0.870496 -1.697397 1.265781
v -0.944481 -1.715355 1.423776
v -0.913819 -1.717726 1.441723
v -0.810350 -1.702048 1.300987
v -0.713391 -1.658359 1.172410
v -0.626011 -1.576344 1.061397
v -0.431002 -0.940863 0.865215
v -0.431586 -0.759611 0.886679
v -0.453166 -0.585290 0.936275
v -0.495100 -0.428010 1.011964
v -0.556380 -0.304852 1.110412
v -0.634762 -0.222563 1.227759
v -0.726919 -0.178560 1.359716
v -0.828652 -0.162543 1.501675
v -0.551254 -1.453411 0.972435
v -0.492103 -1.296299 0.908866
v -0.451436 -1.122081 0.872706
v -0.317900 -1.133966 0.991333
v -0.366315 -1.307496 1.020610
v -0.438048 -1.463488 1.073002
v -0.802090 -0.164907 1.525271
v -0.674816 -0.183198 1.406002
v -0.559120 -0.229295 1.294956
v -0.460106 -0.313421 1.195937
v -0.381894 -0.438086 1.112531
v -0.327378 -0.596486 1.048019
v -0.298050 -0.771497 1.005306
v -0.294849 -0.952982 0.986166
v -0.529737 -1.584913 1.146922
v -0.637748 -1.665092 1.239607
v -0.758246 -1.706686 1.347272
v -0.887257 -1.720090 1.465320
v -0.865816 -1.722357 1.493658
v -0.716189 -1.711132 1.402860
v -0.576690 -1.671546 1.320308
v -0.452024 -1.593129 1.249635
v -0.184948 -0.964600 1.131425
v -0.190260 -0.782892 1.147774
v -0.225842 -0.607220 1.182220
v -0.290514 -0.447746 1.233309
v -0.382394 -0.321636 1.298651
v -0.498062 -0.235750 1.375657
v -0.632758 -0.187644 1.461590
v -0.780650 -0.167174 1.553610
v -0.346668 -1.473148 1.193780
v -0.264779 -1.318229 1.154811
v -0.210110 -1.145361 1.133801
v -0.132209 -1.155828 1.294634
v -0.191398 -1.328088 1.306313
v -0.280626 -1.482021 1.330128
v -0.765154 -0.169255 1.585602
v -0.602362 -0.191728 1.524344
v -0.453934 -0.241678 1.466762
v -0.326230 -0.329182 1.414605
v -0.224472 -0.456619 1.369657
v -0.152460 -0.617078 1.333722
v -0.112359 -0.793358 1.308607
v -0.105520 -0.975271 1.295409
v -0.395861 -1.600674 1.365590
v -0.532563 -1.677475 1.411413
v -0.685793 -1.715216 1.465615
v -0.850321 -1.724439 1.525650
v -0.841366 -1.726256 1.560066
v -0.668228 -1.718780 1.533123
v -0.507061 -1.682650 1.509420
v -0.363404 -1.607260 1.490329
v -0.059619 -0.984585 1.471817
v -0.067340 -0.802493 1.481626
v -0.110053 -0.625684 1.496702
v -0.186307 -0.464363 1.516335
v -0.293773 -0.335768 1.539345
v -0.428433 -0.246853 1.564769
v -0.584797 -0.195292 1.591853
v -0.756199 -0.171072 1.620017
v -0.242461 -1.489765 1.476806
v -0.148991 -1.336693 1.469293
v -0.087190 -1.164963 1.467653
v -0.076783 -1.172416 1.646207
v -0.139188 -1.343714 1.637487
v -0.233638 -1.496083 1.628177
v -0.754129 -0.172555 1.655534
v -0.580736 -0.198200 1.661521
v -0.422538 -0.251075 1.665912
v -0.286270 -0.341141 1.668075
v -0.177484 -0.470682 1.667706
v -0.100251 -0.632704 1.664897
v -0.056933 -0.809946 1.660180
v -0.049008 -0.992184 1.653869
v -0.355901 -1.612634 1.619060
v -0.501166 -1.686872 1.610563
v -0.664167 -1.721688 1.602792
v -0.839296 -1.727738 1.595582
v -0.844190 -1.728829 1.630835
v -0.673768 -1.723828 1.671943
v -0.515104 -1.689978 1.710955
v -0.373641 -1.616588 1.746835
v -0.074096 -0.997776 1.834570
v -0.081538 -0.815431 1.837409
v -0.123429 -0.637870 1.831843
v -0.198344 -0.475331 1.817953
v -0.304010 -0.345095 1.795850
v -0.436476 -0.254182 1.766304
v -0.590337 -0.200340 1.730673
v -0.759024 -0.173646 1.690787
v -0.935238 -0.160234 1.648754
v -0.254498 -1.500733 1.778425
v -0.162366 -1.348880 1.804434
v -0.101388 -1.177900 1.823436
v -0.160061 -1.181206 1.992528
v -0.217634 -1.351994 1.963715
v -0.304238 -1.503535 1.921774
v -0.770694 -0.174303 1.724422
v -0.613230 -0.201630 1.796649
v -0.469711 -0.256054 1.862087
v -0.346310 -0.347478 1.917759
v -0.248084 -0.478134 1.961303
v -0.178697 -0.640984 1.991124
v -0.140211 -0.818736 2.006501
v -0.133918 -1.001146 2.006975
v -0.415941 -1.618971 1.868744
v -0.548340 -1.691851 1.806738
v -0.696661 -1.725118 1.737920
v -0.855861 -1.729487 1.664470
v -0.873859 -1.729685 1.695194
v -0.731966 -1.725507 1.798186
v -0.599595 -1.692417 1.894231
v -0.481176 -1.619691 1.980101
v -0.226175 -1.002165 2.164459
v -0.230695 -0.819735 2.160959
v -0.263931 -0.641925 2.136620
v -0.324793 -0.478981 2.092246
v -0.411546 -0.348199 2.029116
v -0.520966 -0.256620 1.949580
v -0.648535 -0.202020 1.856915
v -0.788693 -0.174502 1.755145
v -0.380947 -1.504382 2.052717
v -0.302868 -1.352935 2.109211
v -0.250545 -1.182205 2.146986
v -0.369364 -1.180859 2.280873
v -0.414793 -1.351667 2.235330
v -0.481677 -1.503241 2.166221
v -0.812327 -0.174234 1.781777
v -0.694896 -0.201495 1.909156
v -0.588272 -0.255858 2.025421
v -0.497209 -0.347228 2.125644
v -0.425523 -0.477840 2.205750
v -0.375856 -0.640658 2.262739
v -0.349514 -0.818390 2.294846
v -0.347322 -1.000793 2.300969
v -0.566840 -1.618721 2.076629
v -0.666900 -1.691654 1.970072
v -0.778327 -1.724982 1.850426
v -0.897494 -1.729418 1.721825
v -0.925856 -1.728694 1.743342
v -0.833962 -1.723563 1.892633
v -0.747670 -1.689593 2.031347
v -0.669640 -1.616098 2.154616
v -0.492703 -0.997083 2.411260
v -0.492101 -0.814751 2.403018
v -0.510171 -0.637230 2.364635
v -0.546402 -0.474755 2.297454
v -0.600009 -0.344605 2.203631
v -0.669041 -0.253797 2.086696
v -0.750531 -0.200075 1.951362
v -0.840690 -0.173511 1.803293
v -0.602557 -1.500157 2.257925
v -0.549108 -1.348240 2.337225
v -0.511951 -1.177220 2.389045
v -0.672828 -1.171429 2.467344
v -0.700650 -1.342784 2.410981
v -0.738941 -1.495247 2.324304
v -0.872690 -0.172359 1.818868
v -0.813302 -0.197815 1.981913
v -0.760170 -0.250516 2.131049
v -0.715995 -0.340430 2.260082
v -0.682787 -0.469845 2.363832
v -0.661713 -0.631774 2.438390
v -0.652978 -0.808959 2.481317
v -0.656731 -0.991178 2.491093
v -0.785626 -1.611922 2.211066
v -0.838799 -1.686312 2.075700
v -0.896733 -1.721303 1.923184
v -0.957857 -1.727542 1.758917
v -1.036865 -1.480769 2.371955
v -0.992265 -1.726006 1.767951
v -0.964227 -1.718290 1.940905
v -0.936786 -1.681938 2.101427
v -0.910340 -1.606355 2.243811
v -0.833103 -0.983305 2.537401
v -0.825961 -0.801237 2.526735
v -0.824659 -0.624500 2.481173
v -0.829435 -0.463299 2.402336
v -0.840709 -0.334862 2.292826
v -0.858158 -0.246142 2.156776
v -0.880796 -0.194802 1.999634
v -0.907098 -0.170823 1.827902
v -0.885589 -1.488700 2.362807
v -0.863597 -1.335510 2.453764
v -0.845811 -1.163707 2.512762
v -0.942593 -0.168962 1.830049
v -0.950421 -0.191151 2.003844
v -0.959237 -0.240842 2.162888
v -0.969358 -0.328117 2.300606
v -0.980711 -0.455367 2.411483
v -0.992748 -0.615687 2.491338
v -1.004403 -0.791881 2.537525
v -1.015041 -0.973765 2.548403
v -1.038989 -1.599609 2.251590
v -0.763859 -0.629738 -3.574498
v -0.949167 -0.798603 1.068750
v -0.740341 -0.633397 -3.573693
v -0.925649 -0.802257 1.069555
v -0.717983 -0.641572 -3.573098
v -0.903290 -0.810423 1.070151
v -0.697642 -0.653951 -3.572736
v -0.882949 -0.822797 1.070513
v -0.680101 -0.670057 -3.572622
v -0.865408 -0.838903 1.070627
v -0.666035 -0.689272 -3.572759
v -0.851342 -0.858118 1.070489
v -0.655982 -0.710857 -3.573143
v -0.841289 -0.879703 1.070106
v -0.650330 -0.733982 -3.573758
v -0.835637 -0.902828 1.069490
v -0.649296 -0.757759 -3.574582
v -0.834603 -0.926605 1.068667
v -0.652920 -0.781274 -3.575581
v -0.838227 -0.950120 1.067667
v -0.661062 -0.803624 -3.576719
v -0.846369 -0.972470 1.066530
v -0.673410 -0.823949 -3.577951
v -0.858717 -0.992795 1.065298
v -0.689489 -0.841469 -3.579230
v -0.874796 -1.010315 1.064019
v -0.708680 -0.855510 -3.580506
v -0.893987 -1.024356 1.062742
v -0.730247 -0.865533 -3.581731
v -0.915554 -1.034374 1.061517
v -0.753362 -0.871152 -3.582858
v -0.938668 -1.039983 1.060391
v -0.777134 -0.872151 -3.583843
v -0.962440 -1.040978 1.059406
v -0.800651 -0.868493 -3.584649
v -0.985958 -1.037325 1.058600
v -0.823010 -0.860317 -3.585244
v -1.008317 -1.029159 1.058005
v -0.843351 -0.847939 -3.585605
v -1.028658 -1.016785 1.057643
v -0.860891 -0.831832 -3.585720
v -1.046198 -1.000678 1.057529
v -0.874958 -0.812618 -3.585582
v -1.060265 -0.981464 1.057666
v -0.885011 -0.791033 -3.585199
v -1.070318 -0.959879 1.058050
v -0.890663 -0.767908 -3.584583
v -1.075970 -0.936754 1.058665
v -0.891696 -0.744130 -3.583760
v -1.077003 -0.912977 1.059489
v -0.888073 -0.720615 -3.582760
v -1.073380 -0.889461 1.060488
v -0.879930 -0.698265 -3.581622
v -1.065238 -0.867111 1.061626
v -0.867583 -0.677940 -3.580390
v -1.052890 -0.846786 1.062858
v -0.851504 -0.660420 -3.579112
v -1.036811 -0.829266 1.064137
v -0.832312 -0.646379 -3.577835
v -1.017619 -0.815225 1.065413
v -0.810745 -0.636357 -3.576610
v -0.996052 -0.805208 1.066638
v -0.787631 -0.630738 -3.575483
v -0.972939 -0.799598 1.067765
v -1.037866 -1.676638 2.107539
v -1.033852 -1.714639 1.945115
v -1.027759 -1.724145 1.770097
v -1.158379 -0.445935 2.506501
v -0.985261 -0.456329 2.530215
v -1.041782 -1.488432 2.490428
v -1.214900 -1.478037 2.466714
v -1.034094 -1.328892 2.524290
v -1.212585 -1.318175 2.499840
v -0.995157 -0.617882 2.551699
v -1.173648 -0.607165 2.527250
v -1.379998 -1.466796 2.409648
v -1.382807 -1.306585 2.441003
v -1.343871 -0.595575 2.468412
v -1.323477 -0.434694 2.449435
v -1.499282 -0.583557 2.377447
v -1.538219 -1.294567 2.350038
v -1.530731 -1.455140 2.321421
v -1.474210 -0.423038 2.361208
v -1.661306 -1.443518 2.205424
v -1.672847 -1.282584 2.230441
v -1.633910 -0.571574 2.257850
v -1.604785 -0.411416 2.245211
v -1.710185 -0.400273 2.105902
v -1.742581 -0.560086 2.114217
v -1.781518 -1.271096 2.086808
v -1.766706 -1.432376 2.066115
v -1.842880 -1.422142 1.908848
v -1.860057 -1.260544 1.924659
v -1.821120 -0.549535 1.952069
v -1.786359 -0.390039 1.948635
v -1.830380 -0.381107 1.779453
v -1.866507 -0.540325 1.777636
v -1.905444 -1.251335 1.750226
v -1.886901 -1.413209 1.739666
v -1.897077 -1.405921 1.565070
v -1.915936 -1.243821 1.570212
v -1.876999 -0.532811 1.597621
v -1.840556 -0.373819 1.604857
v -1.816496 -0.368456 1.431558
v -1.852192 -0.527281 1.418943
v -1.891129 -1.238291 1.391534
v -1.873017 -1.400558 1.391771
v -1.759125 -0.365224 1.266215
v -1.815646 -1.397326 1.226428
v -1.793040 -0.523949 1.248468
v -1.831977 -1.234959 1.221059
v -1.670647 -0.364247 1.115182
v -1.701816 -0.522942 1.092747
v -1.740753 -1.233952 1.065339
v -1.727168 -1.396349 1.075395
v -1.554462 -0.365563 0.984263
v -1.610983 -1.397665 0.944476
v -1.620962 -1.235308 0.930357
v -1.582025 -0.524298 0.957766
v -1.415036 -0.369121 0.878490
v -1.438272 -0.527967 0.848710
v -1.477209 -1.238976 0.821301
v -1.471557 -1.401223 0.838703
v -1.276080 -0.533806 0.769770
v -1.257727 -0.374784 0.801927
v -1.314248 -1.406886 0.762140
v -1.315017 -1.244816 0.742361
v -1.088579 -0.382335 0.757516
v -1.101682 -0.541591 0.723981
v -1.145100 -1.414437 0.717729
v -1.140619 -1.252601 0.696572
v -0.960718 -1.262033 0.685693
v -0.921781 -0.551024 0.713102
v -0.914093 -0.391484 0.746965
v -0.970614 -1.423586 0.707178
v -0.740975 -0.401878 0.770678
v -0.743290 -0.561741 0.737552
v -0.797496 -1.433980 0.730891
v -0.782227 -1.272751 0.710143
v -0.612005 -1.284341 0.768981
v -0.573067 -0.573331 0.796390
v -0.575877 -0.413119 0.827744
v -0.632398 -1.445222 0.787957
v -0.481665 -1.456877 0.876184
v -0.425144 -0.424775 0.915971
v -0.456593 -1.296358 0.859946
v -0.417656 -0.585348 0.887355
v -0.351090 -1.468500 0.992181
v -0.321965 -1.308341 0.979542
v -0.283028 -0.597331 1.006951
v -0.294569 -0.436397 1.031968
v -0.245690 -1.479642 1.131490
v -0.189169 -0.447540 1.171277
v -0.213294 -1.319829 1.123175
v -0.174357 -0.608819 1.150584
v -0.169515 -1.489876 1.288757
v -0.134755 -1.330381 1.285323
v -0.095818 -0.619371 1.312733
v -0.112994 -0.457774 1.328544
v -0.125494 -1.498809 1.457940
v -0.089368 -1.339591 1.459757
v -0.050431 -0.628581 1.487166
v -0.068973 -0.466706 1.497727
v -0.039939 -0.636095 1.667180
v -0.058797 -0.473994 1.672322
v -0.115318 -1.506096 1.632535
v -0.078876 -1.347105 1.639771
v -0.082857 -0.479357 1.845622
v -0.064746 -0.641624 1.845858
v -0.139378 -1.511459 1.805835
v -0.103683 -1.352634 1.818449
v -0.162835 -1.355967 1.988924
v -0.123898 -0.644957 2.016333
v -0.140229 -0.482589 2.010965
v -0.196750 -1.514691 1.971178
v -0.228707 -0.483566 2.161998
v -0.215122 -0.645964 2.172054
v -0.285228 -1.515668 2.122211
v -0.254059 -1.356974 2.144645
v -0.373850 -1.355617 2.279627
v -0.334913 -0.644607 2.307036
v -0.344892 -0.482250 2.292917
v -0.401413 -1.514352 2.253130
v -0.484318 -0.478692 2.398690
v -0.478666 -0.640939 2.416092
v -0.517604 -1.351949 2.388683
v -0.540839 -1.510795 2.358903
v -0.640858 -0.635100 2.495031
v -0.641627 -0.473029 2.475253
v -0.698148 -1.505131 2.435466
v -0.679796 -1.346110 2.467622
v -0.810775 -0.465478 2.519664
v -0.815256 -0.627315 2.540820
v -0.867296 -1.497580 2.479877
v -0.854193 -1.338324 2.513411
vt 0.781250 0.937500
vt 0.765625 1.000000
vt 0.750000 0.937500
vt 1.000000 0.875000
vt 1.000000 0.937500
vt 0.968750 0.937500
vt 0.968750 0.875000
vt 0.156250 0.625000
vt 0.187500 0.625000
vt 0.187500 0.625000
vt 0.156250 0.625000
vt 0.781250 0.562500
vt 0.781250 0.625000
vt 0.750000 0.625000
vt 0.750000 0.562500
vt 0.781250 0.500000
vt 0.750000 0.500000
vt 0.812500 0.687500
vt 0.781250 0.687500
vt 0.781250 0.687500
vt 0.812500 0.687500
vt 0.765625 0.000000
vt 0.781250 0.062500
vt 0.750000 0.062500
vt 0.781250 0.750000
vt 0.750000 0.750000
vt 0.750000 0.687500
vt 0.781250 0.375000
vt 0.781250 0.437500
vt 0.750000 0.437500
vt 0.750000 0.375000
vt 0.781250 0.250000
vt 0.781250 0.312500
vt 0.750000 0.312500
vt 0.750000 0.250000
vt 0.781250 0.812500
vt 0.781250 0.875000
vt 0.750000 0.875000
vt 0.750000 0.812500
vt 0.281250 0.625000
vt 0.312500 0.625000
vt 0.312500 0.625000
vt 0.281250 0.625000
vt 0.812500 0.437500
vt 0.812500 0.500000
vt 0.031250 0.375000
vt 0.000000 0.375000
vt 0.000000 0.375000
vt 0.031250 0.375000
vt 0.375000 0.812500
vt 0.343750 0.812500
vt 0.343750 0.750000
vt 0.375000 0.750000
vt 0.843750 0.437500
vt 0.843750 0.500000
vt 0.812500 0.812500
vt 0.812500 0.750000
vt 0.187500 0.687500
vt 0.156250 0.687500
vt 0.156250 0.687500
vt 0.187500 0.687500
vt 0.812500 0.062500
vt 0.812500 0.125000
vt 0.781250 0.125000
vt 0.843750 0.937500
vt 0.828125 1.000000
vt 0.812500 0.937500
vt 0.843750 0.250000
vt 0.843750 0.312500
vt 0.812500 0.312500
vt 0.812500 0.250000
vt 0.796875 0.000000
vt 0.406250 0.375000
vt 0.375000 0.375000
vt 0.375000 0.375000
vt 0.406250 0.375000
vt 0.812500 0.562500
vt 0.812500 0.375000
vt 0.812500 0.875000
vt 0.875000 0.437500
vt 0.875000 0.500000
vt 0.812500 0.625000
vt 0.875000 0.937500
vt 0.859375 1.000000
vt 0.875000 0.687500
vt 0.875000 0.750000
vt 0.843750 0.750000
vt 0.843750 0.687500
vt 0.859375 0.000000
vt 0.875000 0.062500
vt 0.843750 0.062500
vt 0.796875 1.000000
vt 0.218750 0.312500
vt 0.250000 0.312500
vt 0.250000 0.312500
vt 0.218750 0.312500
vt 0.875000 0.562500
vt 0.843750 0.562500
vt 0.843750 0.875000
vt 0.843750 0.125000
vt 0.843750 0.625000
vt 0.875000 0.125000
vt 0.843750 0.812500
vt 0.875000 0.375000
vt 0.843750 0.375000
vt 0.875000 0.812500
vt 0.875000 0.875000
vt 0.875000 0.625000
vt 0.000000 0.312500
vt 0.031250 0.312500
vt 0.031250 0.312500
vt 0.000000 0.312500
vt 0.437500 0.625000
vt 0.468750 0.625000
vt 0.468750 0.625000
vt 0.437500 0.625000
vt 0.828125 0.000000
vt 0.875000 0.250000
vt 0.875000 0.312500
vt 0.906250 0.937500
vt 0.890625 1.000000
vt 0.625000 0.687500
vt 0.593750 0.687500
vt 0.593750 0.687500
vt 0.625000 0.687500
vt 0.906250 0.500000
vt 0.906250 0.562500
vt 0.906250 0.250000
vt 0.906250 0.312500
vt 0.937500 0.812500
vt 0.937500 0.875000
vt 0.906250 0.875000
vt 0.906250 0.812500
vt 0.750000 0.375000
vt 0.781250 0.375000
vt 0.906250 0.437500
vt 0.906250 0.625000
vt 0.937500 0.562500
vt 0.937500 0.625000
vt 0.953125 1.000000
vt 0.937500 0.937500
vt 0.906250 0.375000
vt 0.250000 0.375000
vt 0.218750 0.375000
vt 0.218750 0.375000
vt 0.250000 0.375000
vt 0.890625 0.000000
vt 0.906250 0.062500
vt 0.968750 0.687500
vt 0.937500 0.687500
vt 0.937500 0.687500
vt 0.968750 0.687500
vt 0.906250 0.687500
vt 0.906250 0.750000
vt 0.968750 0.562500
vt 0.968750 0.625000
vt 0.906250 0.125000
vt 0.937500 0.375000
vt 0.937500 0.437500
vt 0.968750 0.250000
vt 0.968750 0.312500
vt 0.937500 0.312500
vt 0.937500 0.250000
vt 0.968750 0.375000
vt 0.968750 0.437500
vt 0.968750 0.500000
vt 0.937500 0.500000
vt 0.781250 0.625000
vt 0.750000 0.625000
vt 0.953125 0.000000
vt 0.968750 0.062500
vt 0.937500 0.062500
vt 0.921875 1.000000
vt 0.125000 0.812500
vt 0.093750 0.812500
vt 0.093750 0.750000
vt 0.125000 0.750000
vt 0.968750 0.812500
vt 0.968750 0.750000
vt 0.937500 0.750000
vt 0.968750 0.125000
vt 0.937500 0.125000
vt 0.921875 0.000000
vt 0.687500 0.812500
vt 0.656250 0.812500
vt 0.656250 0.750000
vt 0.687500 0.750000
vt 0.968750 0.625000
vt 0.937500 0.625000
vt 1.000000 0.250000
vt 1.000000 0.312500
vt 0.984375 1.000000
vt 0.984375 0.000000
vt 1.000000 0.062500
vt 0.031250 0.062500
vt 0.031250 0.125000
vt 0.000000 0.125000
vt 0.000000 0.062500
vt 0.625000 0.812500
vt 0.625000 0.750000
vt 1.000000 0.562500
vt 1.000000 0.625000
vt 1.000000 0.437500
vt 1.000000 0.500000
vt 0.031250 0.437500
vt 0.031250 0.500000
vt 0.000000 0.500000
vt 0.000000 0.437500
vt 0.062500 0.875000
vt 0.062500 0.937500
vt 0.031250 0.937500
vt 0.031250 0.875000
vt 1.000000 0.125000
vt 0.062500 0.250000
vt 0.062500 0.312500
vt 0.031250 0.250000
vt 1.000000 0.687500
vt 1.000000 0.750000
vt 0.000000 0.937500
vt 0.000000 0.875000
vt 0.125000 0.375000
vt 0.093750 0.375000
vt 0.093750 0.375000
vt 0.125000 0.375000
vt 0.750000 0.687500
vt 1.000000 0.375000
vt 1.000000 0.812500
vt 0.218750 0.625000
vt 0.250000 0.625000
vt 0.250000 0.625000
vt 0.218750 0.625000
vt 0.046875 1.000000
vt 0.062500 0.062500
vt 0.062500 0.125000
vt 0.062500 0.687500
vt 0.062500 0.750000
vt 0.031250 0.750000
vt 0.031250 0.687500
vt 0.046875 0.000000
vt 0.015625 1.000000
vt 0.375000 0.625000
vt 0.406250 0.625000
vt 0.406250 0.625000
vt 0.375000 0.625000
vt 0.000000 0.250000
vt 0.000000 0.750000
vt 0.000000 0.687500
vt 0.468750 0.687500
vt 0.437500 0.687500
vt 0.437500 0.687500
vt 0.468750 0.687500
vt 0.062500 0.437500
vt 0.062500 0.500000
vt 0.031250 0.562500
vt 0.031250 0.625000
vt 0.000000 0.625000
vt 0.000000 0.562500
vt 0.062500 0.562500
vt 0.031250 0.812500
vt 0.000000 0.812500
vt 0.062500 0.375000
vt 0.062500 0.812500
vt 0.062500 0.625000
vt 0.937500 0.375000
vt 0.968750 0.375000
vt 0.015625 0.000000
vt 0.093750 0.937500
vt 0.078125 1.000000
vt 0.375000 0.312500
vt 0.406250 0.312500
vt 0.406250 0.312500
vt 0.375000 0.312500
vt 0.093750 0.500000
vt 0.093750 0.562500
vt 0.093750 0.250000
vt 0.093750 0.312500
vt 0.125000 0.437500
vt 0.093750 0.437500
vt 0.093750 0.875000
vt 0.093750 0.625000
vt 0.156250 0.437500
vt 0.156250 0.500000
vt 0.125000 0.500000
vt 0.156250 0.937500
vt 0.140625 1.000000
vt 0.125000 0.937500
vt 0.109375 1.000000
vt 0.656250 0.312500
vt 0.687500 0.312500
vt 0.687500 0.312500
vt 0.656250 0.312500
vt 0.593750 0.812500
vt 0.593750 0.750000
vt 0.156250 0.875000
vt 0.125000 0.875000
vt 0.078125 0.000000
vt 0.093750 0.062500
vt 0.968750 0.312500
vt 0.937500 0.312500
vt 0.093750 0.687500
vt 0.156250 0.562500
vt 0.125000 0.625000
vt 0.125000 0.562500
vt 0.093750 0.125000
vt 0.156250 0.250000
vt 0.156250 0.312500
vt 0.125000 0.312500
vt 0.125000 0.250000
vt 0.156250 0.375000
vt 0.125000 0.625000
vt 0.093750 0.625000
vt 0.687500 0.375000
vt 0.656250 0.375000
vt 0.656250 0.375000
vt 0.687500 0.375000
vt 0.140625 0.000000
vt 0.156250 0.062500
vt 0.125000 0.062500
vt 0.187500 0.312500
vt 0.187500 0.312500
vt 0.156250 0.312500
vt 0.156250 0.812500
vt 0.156250 0.750000
vt 0.125000 0.687500
vt 0.156250 0.125000
vt 0.125000 0.125000
vt 0.187500 0.500000
vt 0.187500 0.562500
vt 0.187500 0.375000
vt 0.187500 0.437500
vt 0.187500 0.812500
vt 0.187500 0.875000
vt 0.109375 0.000000
vt 0.187500 0.937500
vt 0.187500 0.250000
vt 0.343750 0.375000
vt 0.312500 0.375000
vt 0.312500 0.375000
vt 0.343750 0.375000
vt 0.250000 0.500000
vt 0.250000 0.562500
vt 0.218750 0.562500
vt 0.218750 0.500000
vt 0.250000 0.812500
vt 0.250000 0.875000
vt 0.218750 0.875000
vt 0.218750 0.812500
vt 0.171875 1.000000
vt 0.187500 0.750000
vt 0.250000 0.437500
vt 0.218750 0.437500
vt 0.093750 0.687500
vt 0.125000 0.687500
vt 0.250000 0.937500
vt 0.218750 0.937500
vt 0.187500 0.062500
vt 0.187500 0.125000
vt 0.234375 1.000000
vt 0.171875 0.000000
vt 0.843750 0.312500
vt 0.812500 0.312500
vt 0.218750 0.687500
vt 0.218750 0.750000
vt 0.218750 0.062500
vt 0.218750 0.125000
vt 0.250000 0.250000
vt 0.218750 0.250000
vt 0.250000 0.062500
vt 0.250000 0.125000
vt 0.250000 0.687500
vt 0.250000 0.750000
vt 0.234375 0.000000
vt 0.203125 1.000000
vt 0.203125 0.000000
vt 0.562500 0.687500
vt 0.531250 0.687500
vt 0.531250 0.687500
vt 0.562500 0.687500
vt 0.265625 0.000000
vt 0.281250 0.062500
vt 0.281250 0.687500
vt 0.281250 0.750000
vt 0.281250 0.125000
vt 0.281250 0.437500
vt 0.281250 0.500000
vt 0.156250 0.375000
vt 0.187500 0.375000
vt 0.312500 0.812500
vt 0.312500 0.750000
vt 0.281250 0.250000
vt 0.281250 0.312500
vt 0.281250 0.562500
vt 0.875000 0.687500
vt 0.906250 0.687500
vt 0.312500 0.875000
vt 0.281250 0.875000
vt 0.281250 0.812500
vt 0.281250 0.937500
vt 0.265625 1.000000
vt 0.906250 0.625000
vt 0.875000 0.625000
vt 0.343750 0.687500
vt 0.312500 0.687500
vt 0.343750 0.062500
vt 0.343750 0.125000
vt 0.312500 0.125000
vt 0.312500 0.062500
vt 0.312500 0.437500
vt 0.281250 0.375000
vt 0.593750 0.312500
vt 0.625000 0.312500
vt 0.625000 0.312500
vt 0.593750 0.312500
vt 0.343750 0.250000
vt 0.343750 0.312500
vt 0.312500 0.312500
vt 0.312500 0.250000
vt 0.343750 0.875000
vt 0.343750 0.937500
vt 0.312500 0.937500
vt 0.296875 1.000000
vt 0.343750 0.437500
vt 0.343750 0.500000
vt 0.312500 0.500000
vt 0.328125 1.000000
vt 0.296875 0.000000
vt 0.343750 0.625000
vt 0.343750 0.625000
vt 0.343750 0.562500
vt 0.312500 0.562500
vt 0.062500 0.625000
vt 0.031250 0.625000
vt 0.375000 0.500000
vt 0.375000 0.562500
vt 0.781250 0.312500
vt 0.750000 0.312500
vt 0.375000 0.437500
vt 0.375000 0.875000
vt 0.328125 0.000000
vt 0.359375 0.000000
vt 0.375000 0.062500
vt 0.875000 0.375000
vt 0.906250 0.375000
vt 0.375000 0.937500
vt 0.375000 0.250000
vt 0.359375 1.000000
vt 0.375000 0.687500
vt 0.343750 0.312500
vt 0.312500 0.312500
vt 0.406250 0.437500
vt 0.406250 0.500000
vt 0.375000 0.125000
vt 0.437500 0.875000
vt 0.437500 0.937500
vt 0.406250 0.937500
vt 0.406250 0.875000
vt 0.421874 1.000000
vt 0.406250 0.562500
vt 0.406250 0.250000
vt 0.390625 0.000000
vt 0.406250 0.062500
vt 0.437500 0.250000
vt 0.437500 0.312500
vt 0.406250 0.687500
vt 0.406250 0.750000
vt 0.406250 0.125000
vt 0.437500 0.062500
vt 0.437500 0.125000
vt 0.468750 0.812500
vt 0.468750 0.875000
vt 0.437500 0.812500
vt 0.562500 0.812500
vt 0.562500 0.750000
vt 0.468750 0.062500
vt 0.468750 0.125000
vt 0.468750 0.375000
vt 0.468750 0.437500
vt 0.437500 0.437500
vt 0.437500 0.375000
vt 0.390625 1.000000
vt 0.468750 0.250000
vt 0.468750 0.312500
vt 0.437500 0.500000
vt 0.625000 0.375000
vt 0.593750 0.375000
vt 0.593750 0.375000
vt 0.625000 0.375000
vt 0.375000 0.687500
vt 0.406250 0.687500
vt 0.468750 0.750000
vt 0.437500 0.750000
vt 0.406250 0.812500
vt 0.468750 0.500000
vt 0.250000 0.687500
vt 0.281250 0.687500
vt 0.421875 0.000000
vt 0.906250 0.312500
vt 0.875000 0.312500
vt 0.468750 0.562500
vt 0.437500 0.562500
vt 0.468750 0.937500
vt 0.453124 1.000000
vt 0.453125 0.000000
vt 0.062500 0.375000
vt 0.500000 0.812500
vt 0.500000 0.875000
vt 0.500000 0.250000
vt 0.500000 0.312500
vt 0.500000 0.500000
vt 0.500000 0.562500
vt 0.531250 0.562500
vt 0.531250 0.625000
vt 0.500000 0.625000
vt 0.531250 0.375000
vt 0.531250 0.437500
vt 0.500000 0.437500
vt 0.500000 0.375000
vt 0.531250 0.812500
vt 0.531250 0.875000
vt 0.593750 0.625000
vt 0.625000 0.625000
vt 0.625000 0.625000
vt 0.593750 0.625000
vt 0.500000 0.625000
vt 0.515625 0.000000
vt 0.531250 0.062500
vt 0.500000 0.062500
vt 0.500000 0.937500
vt 0.531250 0.125000
vt 0.500000 0.125000
vt 0.484374 1.000000
vt 0.531250 0.500000
vt 0.562500 0.500000
vt 0.562500 0.562500
vt 0.562500 0.375000
vt 0.562500 0.437500
vt 0.562500 0.875000
vt 0.562500 0.062500
vt 0.562500 0.125000
vt 0.500000 0.687500
vt 0.500000 0.687500
vt 0.125000 0.312500
vt 0.093750 0.312500
vt 0.500000 0.750000
vt 0.562500 0.937500
vt 0.531250 0.937500
vt 0.484375 0.000000
vt 0.562500 0.250000
vt 0.562500 0.312500
vt 0.531250 0.312500
vt 0.531250 0.250000
vt 0.281250 0.375000
vt 0.546875 1.000000
vt 0.531250 0.750000
vt 1.000000 0.312500
vt 0.562500 0.625000
vt 0.515625 1.000000
vt 0.546875 0.000000
vt 0.578125 0.000000
vt 0.593750 0.062500
vt 0.593750 0.437500
vt 0.593750 0.500000
vt 0.593750 0.937500
vt 0.578125 1.000000
vt 0.625000 0.437500
vt 0.625000 0.500000
vt 0.593750 0.125000
vt 0.593750 0.875000
vt 0.656250 0.437500
vt 0.656250 0.500000
vt 0.625000 0.562500
vt 0.593750 0.562500
vt 0.593750 0.250000
vt 0.625000 0.062500
vt 0.625000 0.125000
vt 0.687500 0.625000
vt 0.718750 0.625000
vt 0.718750 0.625000
vt 0.687500 0.625000
vt 0.656250 0.937500
vt 0.640625 1.000000
vt 0.625000 0.937500
vt 0.656250 0.062500
vt 0.656250 0.125000
vt 0.656250 0.875000
vt 0.625000 0.875000
vt 0.031250 0.687500
vt 0.062500 0.687500
vt 0.843750 0.687500
vt 0.656250 0.562500
vt 0.656250 0.625000
vt 0.609375 0.000000
vt 1.000000 0.375000
vt 0.656250 0.250000
vt 0.625000 0.250000
vt 0.750000 0.125000
vt 0.734375 0.000000
vt 0.718750 0.062500
vt 0.562500 0.312500
vt 0.531250 0.312500
vt 0.718750 0.687500
vt 0.687500 0.687500
vt 0.687500 0.687500
vt 0.718750 0.687500
vt 0.640625 0.000000
vt 0.609375 1.000000
vt 0.656250 0.687500
vt 0.687500 0.500000
vt 0.687500 0.562500
vt 0.687500 0.937500
vt 0.671875 1.000000
vt 0.687500 0.437500
vt 0.718750 0.375000
vt 0.718750 0.437500
vt 0.843750 0.625000
vt 0.812500 0.625000
vt 0.687500 0.875000
vt 0.687500 0.062500
vt 0.687500 0.125000
vt 0.312500 0.687500
vt 0.343750 0.687500
vt 0.718750 0.500000
vt 0.718750 0.562500
vt 0.687500 0.250000
vt 0.703125 0.000000
vt 0.718750 0.812500
vt 0.718750 0.875000
vt 0.671875 0.000000
vt 0.718750 0.125000
vt 0.281250 0.312500
vt 0.718750 0.937500
vt 0.718750 0.750000
vt 0.703125 1.000000
vt 0.718750 0.250000
vt 0.718750 0.312500
vt 1.000000 0.625000
vt 1.000000 0.500000
vt 1.000000 1.000000
vt 0.968750 1.000000
vt 0.968750 0.500000
vt 0.937500 1.000000
vt 0.937500 0.500000
vt 0.906250 1.000000
vt 0.906250 0.500000
vt 0.875000 1.000000
vt 0.875000 0.500000
vt 0.843750 1.000000
vt 0.843750 0.500000
vt 0.812500 1.000000
vt 0.812500 0.500000
vt 0.781250 1.000000
vt 0.781250 0.500000
vt 0.750000 1.000000
vt 0.750000 0.500000
vt 0.718750 1.000000
vt 0.718750 0.500000
vt 0.687500 1.000000
vt 0.687500 0.500000
vt 0.656250 1.000000
vt 0.656250 0.500000
vt 0.625000 1.000000
vt 0.625000 0.500000
vt 0.593750 1.000000
vt 0.593750 0.500000
vt 0.562500 1.000000
vt 0.562500 0.500000
vt 0.531250 1.000000
vt 0.531250 0.500000
vt 0.500000 1.000000
vt 0.500000 0.500000
vt 0.468750 1.000000
vt 0.468750 0.500000
vt 0.437500 1.000000
vt 0.437500 0.500000
vt 0.406250 1.000000
vt 0.406250 0.500000
vt 0.375000 1.000000
vt 0.375000 0.500000
vt 0.343750 1.000000
vt 0.343750 0.500000
vt 0.312500 1.000000
vt 0.312500 0.500000
vt 0.281250 1.000000
vt 0.281250 0.500000
vt 0.250000 1.000000
vt 0.250000 0.500000
vt 0.218750 1.000000
vt 0.218750 0.500000
vt 0.187500 1.000000
vt 0.187500 0.500000
vt 0.156250 1.000000
vt 0.156250 0.500000
vt 0.125000 1.000000
vt 0.125000 0.500000
vt 0.093750 1.000000
vt 0.093750 0.500000
vt 0.062500 1.000000
vt 0.062500 0.500000
vt 0.296822 0.485388
vt 0.250000 0.490000
vt 0.203179 0.485389
vt 0.158156 0.471731
vt 0.116663 0.449553
vt 0.080295 0.419706
vt 0.050447 0.383337
vt 0.028269 0.341844
vt 0.014612 0.296822
vt 0.010000 0.250000
vt 0.014611 0.203179
vt 0.028269 0.158156
vt 0.050447 0.116663
vt 0.080294 0.080294
vt 0.116663 0.050447
vt 0.158156 0.028269
vt 0.203178 0.014612
vt 0.250000 0.010000
vt 0.296822 0.014612
vt 0.341844 0.028269
vt 0.383337 0.050447
vt 0.419706 0.080294
vt 0.449553 0.116663
vt 0.471731 0.158156
vt 0.485388 0.203178
vt 0.490000 0.250000
vt 0.485388 0.296822
vt 0.471731 0.341844
vt 0.449553 0.383337
vt 0.419706 0.419706
vt 0.383337 0.449553
vt 0.341844 0.471731
vt 0.031250 1.000000
vt 0.031250 0.500000
vt 0.000000 1.000000
vt 0.000000 0.500000
vt 0.750000 0.490000
vt 0.796822 0.485388
vt 0.841844 0.471731
vt 0.883337 0.449553
vt 0.919706 0.419706
vt 0.949553 0.383337
vt 0.971731 0.341844
vt 0.985388 0.296822
vt 0.990000 0.250000
vt 0.985388 0.203178
vt 0.971731 0.158156
vt 0.949553 0.116663
vt 0.919706 0.080294
vt 0.883337 0.050447
vt 0.841844 0.028269
vt 0.796822 0.014612
vt 0.750000 0.010000
vt 0.703178 0.014612
vt 0.658156 0.028269
vt 0.616663 0.050447
vt 0.580294 0.080294
vt 0.550447 0.116663
vt 0.528269 0.158156
vt 0.514611 0.203179
vt 0.510000 0.250000
vt 0.514612 0.296822
vt 0.528269 0.341844
vt 0.550447 0.383337
vt 0.580295 0.419706
vt 0.616663 0.449553
vt 0.658156 0.471731
vt 0.703179 0.485389
vt 0.531250 0.375000
vt 0.562500 0.375000
vt 0.734375 1.000000
vt 0.812500 0.375000
vt 0.843750 0.375000
vt 1.000000 0.687500
vt 0.062500 0.312500
vt 0.000000 0.687500
vt 0.000000 0.625000
vt 0.218750 0.687500
vt 0.437500 0.312500
vt 0.437500 0.375000
vt 0.468750 0.312500
vt 0.468750 0.375000
vt 0.531250 0.625000
vt 0.500000 0.312500
vt 0.500000 0.375000
vt 0.562500 0.625000
vt 0.656250 0.625000
vt 0.656250 0.687500
vt 0.718750 0.312500
vt 0.718750 0.375000
vt 0.781250 0.187500
vt 0.750000 0.187500
vt 0.812500 0.187500
vt 0.843750 0.187500
vt 0.875000 0.187500
vt 0.968750 0.187500
vt 0.937500 0.187500
vt 0.906250 0.187500
vt 1.000000 0.187500
vt 0.031250 0.187500
vt 0.000000 0.187500
vt 0.062500 0.187500
vt 0.093750 0.187500
vt 0.156250 0.187500
vt 0.125000 0.187500
vt 0.187500 0.187500
vt 0.250000 0.187500
vt 0.218750 0.187500
vt 0.312500 0.187500
vt 0.281250 0.187500
vt 0.343750 0.187500
vt 0.375000 0.187500
vt 0.437500 0.187500
vt 0.406250 0.187500
vt 0.468750 0.187500
vt 0.500000 0.187500
vt 0.531250 0.187500
vt 0.562500 0.187500
vt 0.593750 0.187500
vt 0.625000 0.187500
vt 0.656250 0.187500
vt 0.718750 0.187500
vt 0.687500 0.187500
vn -0.0563 -0.9981 -0.0268
vn -0.1451 -0.9889 -0.0328
vn 0.0546 0.9978 0.0385
vn -0.1474 -0.3177 0.9367
vn -0.1421 -0.1278 0.9816
vn -0.0453 -0.9968 -0.0653
vn 0.0530 0.9973 0.0502
vn -0.1377 -0.7036 0.6971
vn -0.1158 0.2590 0.9589
vn -0.1315 0.0668 0.9891
vn -0.0631 0.6588 0.7496
vn -0.0891 -0.9703 0.2248
vn -0.0669 -0.9964 0.0518
vn -0.3209 0.0790 0.9438
vn -0.0546 -0.9978 -0.0385
vn 0.2886 -0.8645 -0.4115
vn -0.4977 0.0918 0.8625
vn -0.2129 -0.8700 0.4446
vn -0.0423 -0.9990 -0.0129
vn 0.0246 0.9919 0.1243
vn -0.0606 -0.9978 -0.0283
vn -0.2768 -0.6947 0.6639
vn -0.3320 0.6771 0.6567
vn 0.0508 0.9975 0.0496
vn -0.3315 -0.1157 0.9363
vn -0.2980 0.2707 0.9154
vn -0.1394 -0.9671 0.2128
vn -0.6552 0.1048 0.7481
vn -0.3296 -0.3060 0.8932
vn -0.0625 -0.9976 -0.0296
vn -0.0842 -0.9953 0.0477
vn -0.5223 -0.6757 0.5202
vn -0.2022 0.6677 0.7164
vn 0.0468 0.9978 0.0473
vn -0.0585 -0.9979 -0.0273
vn 0.0563 0.9962 0.0668
vn -0.6659 -0.0899 0.7406
vn -0.1004 -0.9941 0.0402
vn 0.0084 0.9931 0.1168
vn -0.4997 -0.2937 0.8149
vn -0.0060 0.9943 0.1064
vn -0.1864 -0.9637 0.1912
vn -0.6196 0.2956 0.7271
vn -0.4681 0.2830 0.8371
vn -0.2283 -0.9602 0.1608
vn -0.5084 -0.1029 0.8550
vn -0.6512 -0.2812 0.7049
vn 0.0827 0.9957 0.0423
vn 0.0487 0.9976 0.0487
vn -0.1148 -0.9929 0.0298
vn -0.4066 -0.6853 0.6042
vn -0.4477 0.6867 0.5727
vn -0.0641 -0.9975 -0.0313
vn -0.0758 -0.9955 -0.0573
vn -0.7981 -0.0771 0.5976
vn -0.5447 0.6961 0.4678
vn -0.2904 -0.9537 0.0786
vn -0.1269 -0.9918 0.0167
vn -0.7874 0.1176 0.6051
vn -0.7783 -0.2689 0.5674
vn -0.8761 -0.2574 0.4076
vn -0.2634 -0.9568 0.1228
vn -0.0661 -0.9972 -0.0355
vn -0.7467 0.3078 0.5896
vn -0.1362 -0.9907 0.0015
vn -0.1423 -0.9897 -0.0152
vn 0.0452 0.9979 0.0456
vn -0.0272 -0.9986 -0.0457
vn -0.6193 -0.6664 0.4153
vn -0.9409 -0.2471 0.2318
vn -0.0181 0.9955 0.0933
vn -0.8445 0.3193 0.4298
vn -0.6688 0.7127 0.2116
vn -0.9093 0.3297 0.2540
vn -0.9670 -0.0544 0.2487
vn -0.6193 0.7048 0.3458
vn 0.0432 0.9982 0.0415
vn -0.0653 -0.9973 -0.0333
vn -0.8997 -0.0651 0.4316
vn -0.4245 -0.8271 -0.3684
vn -0.3083 -0.9508 0.0300
vn -0.7434 -0.6497 0.1591
vn -0.8891 0.1295 0.4391
vn -0.0335 0.9976 0.0614
vn -0.0274 0.9966 0.0781
vn -0.9564 0.1403 0.2563
vn -0.6939 -0.6576 0.2933
vn 0.0440 0.9981 0.0436
vn 0.1730 -0.8903 0.4213
vn -0.6910 0.7194 0.0703
vn -0.0664 -0.9971 -0.0378
vn 0.0429 0.9983 0.0392
vn -0.0356 0.9990 0.0260
vn 0.2574 -0.8929 0.3694
vn -0.9701 -0.2383 0.0466
vn -0.9867 0.1493 0.0637
vn -0.9790 0.1564 -0.1311
vn -0.1402 -0.9878 -0.0680
vn -0.0363 0.9984 0.0438
vn -0.6518 0.7281 -0.2119
vn -0.7656 -0.6430 0.0178
vn -0.1444 -0.9882 -0.0506
vn -0.0507 -0.9965 -0.0666
vn -0.9974 -0.0453 0.0562
vn -0.9385 0.3384 0.0688
vn -0.3164 -0.9484 -0.0211
vn -0.0658 -0.9969 -0.0423
vn -0.0314 0.9995 0.0086
vn -0.7265 -0.6343 -0.2645
vn 0.0435 0.9985 0.0346
vn -0.0663 -0.9970 -0.0401
vn -0.6853 0.7246 -0.0727
vn -0.7599 -0.6378 -0.1252
vn -0.0821 -0.9961 -0.0312
vn -0.9334 0.1612 -0.3207
vn -0.9626 -0.2315 -0.1408
vn -0.9440 -0.0334 -0.3282
vn -0.3143 -0.9465 -0.0729
vn -0.8871 0.3498 -0.3010
vn -0.9310 0.3452 -0.1186
vn -0.3022 -0.9452 -0.1233
vn -0.9896 -0.0382 -0.1386
vn -0.9187 -0.2269 -0.3232
vn 0.0429 0.9984 0.0369
vn -0.0648 -0.9969 -0.0444
vn 0.0320 0.9979 0.0556
vn -0.8623 -0.0311 -0.5054
vn -0.5919 0.7299 -0.3420
vn -0.6983 0.3519 -0.6233
vn -0.1328 -0.9876 -0.0842
vn -0.8517 0.1636 -0.4979
vn -0.8402 -0.2246 -0.4936
vn -0.5939 0.1607 -0.7883
vn -0.2805 -0.9446 -0.1704
vn -0.0618 -0.9969 -0.0479
vn -0.8086 0.3521 -0.4714
vn -0.0635 -0.9969 -0.0463
vn 0.0423 0.9990 0.0129
vn 0.3302 -0.8943 0.3020
vn -0.1092 -0.9878 -0.1107
vn 0.0445 0.9985 0.0325
vn 0.0821 0.9961 0.0312
vn -0.6665 -0.6326 -0.3945
vn -0.5922 -0.2274 -0.7730
vn -0.0239 0.9997 -0.0076
vn -0.7477 -0.0313 -0.6633
vn -0.2500 -0.9447 -0.2124
vn -0.4027 0.7277 -0.5552
vn -0.5607 0.3493 -0.7508
vn -0.7299 -0.2248 -0.6455
vn -0.6046 -0.0340 -0.7958
vn -0.1223 -0.9876 -0.0986
vn 0.0475 0.9984 0.0291
vn -0.5077 0.7297 -0.4579
vn 0.0670 0.9957 0.0640
vn -0.2120 -0.9454 -0.2476
vn -0.4773 -0.6347 -0.6078
vn -0.0004 0.9994 -0.0341
vn -0.7371 0.1634 -0.6558
vn -0.4384 -0.0391 -0.8979
vn -0.0135 0.9997 -0.0220
vn -0.4008 0.3443 -0.8490
vn -0.5824 -0.6327 -0.5105
vn -0.1678 -0.9468 -0.2748
vn 0.0458 0.9985 0.0306
vn -0.4324 -0.2324 -0.8712
vn -0.0940 -0.9883 -0.1201
vn -0.2807 0.7239 -0.6302
vn -0.0632 -0.0559 -0.9964
vn -0.0681 -0.9512 -0.3010
vn -0.0598 -0.9970 -0.0491
vn -0.3553 -0.6385 -0.6827
vn -0.0399 0.3282 -0.9438
vn -0.0334 -0.9992 -0.0196
vn -0.0597 -0.9898 -0.1291
vn -0.4278 0.1555 -0.8904
vn -0.2450 0.1481 -0.9582
vn 0.0148 0.9989 -0.0435
vn -0.0714 -0.2485 -0.9660
vn -0.0553 -0.9972 -0.0503
vn 0.0495 0.9984 0.0278
vn 0.0690 0.9975 0.0139
vn -0.5514 -0.8343 -0.0027
vn -0.2211 -0.6439 -0.7325
vn -0.0773 -0.9890 -0.1263
vn 0.0315 0.9983 -0.0496
vn -0.0052 0.7116 -0.7025
vn -0.0525 0.1388 -0.9889
vn 0.0491 0.9974 -0.0525
vn -0.5474 -0.8307 -0.1017
vn -0.0798 -0.6508 -0.7551
vn 0.0539 0.9982 0.0267
vn -0.0576 -0.9971 -0.0499
vn 0.0517 0.9983 0.0270
vn -0.1464 0.7185 -0.6799
vn -0.0814 -0.9955 -0.0477
vn 0.0563 0.9981 0.0268
vn -0.2565 -0.2395 -0.9364
vn 0.0631 -0.6588 -0.7496
vn -0.1192 -0.9487 -0.2928
vn 0.0669 0.9964 -0.0518
vn -0.2250 0.3372 -0.9142
vn 0.1421 0.1278 -0.9816
vn -0.2556 -0.0465 -0.9657
vn 0.2086 -0.8579 -0.4696
vn 0.1377 0.7036 -0.6971
vn 0.1158 -0.2590 -0.9589
vn -0.0320 -0.9979 -0.0556
vn 0.0340 -0.9573 -0.2870
vn -0.0530 -0.9973 -0.0502
vn 0.1315 -0.0668 -0.9891
vn 0.3320 -0.6771 -0.6567
vn 0.1004 0.9941 -0.0402
vn -0.0419 -0.9908 -0.1284
vn 0.3296 0.3060 -0.8932
vn 0.0334 0.9992 0.0196
vn 0.4066 0.6853 -0.6042
vn -0.0163 -0.9541 -0.2990
vn -0.0084 -0.9931 -0.1168
vn 0.1474 0.3177 -0.9367
vn -0.0508 -0.9975 -0.0496
vn 0.5084 0.1029 -0.8550
vn -0.0487 -0.9976 -0.0487
vn 0.0810 -0.9607 -0.2653
vn 0.0585 0.9979 0.0273
vn 0.4997 0.2937 -0.8149
vn 0.4977 -0.0918 -0.8625
vn 0.3209 -0.0790 -0.9438
vn 0.4681 -0.2830 -0.8371
vn 0.2980 -0.2707 -0.9154
vn 0.6552 -0.1048 -0.7481
vn 0.0585 0.9982 0.0103
vn 0.6512 0.2812 -0.7049
vn -0.0246 -0.9919 -0.1243
vn 0.1229 -0.9642 -0.2350
vn 0.2768 0.6947 -0.6639
vn 0.0606 0.9978 0.0283
vn 0.0625 0.9976 0.0296
vn 0.0060 -0.9943 -0.1064
vn 0.3315 0.1157 -0.9363
vn 0.5223 0.6757 -0.5202
vn 0.0842 0.9953 -0.0477
vn -0.0468 -0.9978 -0.0473
vn 0.2022 -0.6677 -0.7164
vn 0.4477 -0.6867 -0.5727
vn 0.1187 -0.8514 -0.5110
vn 0.6659 0.0899 -0.7406
vn 0.0403 0.9972 0.0629
vn 0.7981 0.0771 -0.5976
vn 0.1148 0.9929 -0.0298
vn 0.0274 -0.9966 -0.0781
vn -0.0440 -0.9981 -0.0436
vn 0.7874 -0.1176 -0.6051
vn 0.6193 0.6664 -0.4153
vn 0.0641 0.9975 0.0313
vn 0.6939 0.6576 -0.2933
vn -0.5242 -0.8282 -0.1981
vn 0.5447 -0.6961 -0.4678
vn 0.1269 0.9918 -0.0167
vn 0.1362 0.9907 -0.0015
vn 0.2029 -0.9736 -0.1042
vn 0.3885 -0.8944 0.2218
vn 0.1423 0.9897 0.0152
vn 0.9409 0.2471 -0.2318
vn -0.0452 -0.9979 -0.0456
vn 0.7434 0.6497 -0.1591
vn 0.0181 -0.9955 -0.0933
vn 0.8997 0.0651 -0.4316
vn -0.0772 -0.9968 -0.0213
vn 0.7467 -0.3078 -0.5896
vn 0.6687 -0.7127 -0.2116
vn 0.1580 -0.9676 -0.1969
vn 0.9670 0.0544 -0.2487
vn 0.7783 0.2689 -0.5674
vn -0.0585 -0.9982 -0.0103
vn 0.6193 -0.7049 -0.3458
vn 0.0653 0.9973 0.0333
vn 0.0772 0.9968 0.0213
vn 0.9093 -0.3297 -0.2540
vn 0.8891 -0.1295 -0.4391
vn -0.0432 -0.9982 -0.0415
vn 0.8761 0.2574 -0.4076
vn 0.9564 -0.1403 -0.2563
vn 0.1851 -0.9708 -0.1528
vn 0.0661 0.9972 0.0355
vn 0.8445 -0.3193 -0.4298
vn 0.0335 -0.9976 -0.0614
vn 0.2110 -0.9760 -0.0530
vn 0.7656 0.6430 -0.0178
vn 0.9867 -0.1493 -0.0637
vn 0.9310 -0.3452 0.1186
vn 0.9626 0.2315 0.1408
vn 0.9701 0.2383 -0.0466
vn 0.9974 0.0453 -0.0562
vn 0.9385 -0.3384 -0.0688
vn 0.2089 -0.9779 -0.0013
vn 0.0663 0.9970 0.0401
vn 0.0363 -0.9984 -0.0438
vn 0.1444 0.9882 0.0506
vn -0.0429 -0.9983 -0.0392
vn 0.9790 -0.1564 0.1311
vn 0.9334 -0.1612 0.3207
vn 0.9187 0.2269 0.3232
vn 0.1968 -0.9792 0.0491
vn 0.1402 0.9878 0.0680
vn 0.1451 0.9889 0.0328
vn -0.0829 -0.9959 -0.0367
vn 0.0758 0.9955 0.0573
vn 0.6910 -0.7194 -0.0703
vn 0.0314 -0.9995 -0.0086
vn 0.0664 0.9971 0.0377
vn 0.7265 0.6343 0.2645
vn -0.0435 -0.9985 -0.0346
vn 0.6853 -0.7246 0.0727
vn 0.0829 0.9959 0.0367
vn 0.9896 0.0382 0.1386
vn 0.8871 -0.3498 0.3010
vn 0.6196 -0.2956 -0.7271
vn 0.0224 -0.8452 -0.5340
vn -0.0429 -0.9984 -0.0369
vn 0.9440 0.0334 0.3282
vn 0.7599 0.6378 0.1252
vn 0.6518 -0.7281 0.2119
vn 0.0356 -0.9990 -0.0260
vn 0.0658 0.9969 0.0423
vn 0.0648 0.9969 0.0444
vn 0.8623 0.0311 0.5054
vn -0.0445 -0.9985 -0.0325
vn 0.5919 -0.7299 0.3420
vn 0.7477 0.0313 0.6633
vn 0.1328 0.9876 0.0842
vn 0.1751 -0.9798 0.0962
vn 0.5077 -0.7297 0.4579
vn 0.4300 -0.8932 0.1317
vn 0.6046 0.0340 0.7958
vn 0.7371 -0.1634 0.6558
vn 0.6665 0.6326 0.3945
vn 0.1223 0.9876 0.0986
vn -0.5017 -0.8443 0.1881
vn 0.0239 -0.9997 0.0076
vn -0.0475 -0.9984 -0.0291
vn 0.8086 -0.3521 0.4714
vn 0.1092 0.9878 0.1107
vn 0.8402 0.2246 0.4936
vn 0.0004 -0.9994 0.0341
vn 0.8517 -0.1636 0.4979
vn -0.0278 -0.9992 -0.0292
vn -0.0403 -0.9972 -0.0629
vn 0.5607 -0.3493 0.7508
vn 0.0635 0.9969 0.0463
vn 0.1066 -0.9791 0.1734
vn 0.7299 0.2248 0.6455
vn 0.4773 0.6347 0.6078
vn 0.0419 0.9908 0.1284
vn 0.1446 -0.9798 0.1382
vn 0.0553 0.9972 0.0503
vn 0.6983 -0.3519 0.6233
vn 0.5922 0.2274 0.7730
vn 0.0278 0.9992 0.0292
vn 0.5939 -0.1607 0.7883
vn 0.0135 -0.9997 0.0220
vn -0.0618 -0.9959 -0.0659
vn 0.5824 0.6327 0.5105
vn 0.0618 0.9969 0.0479
vn -0.0458 -0.9985 -0.0306
vn 0.4027 -0.7277 0.5552
vn 0.4278 -0.1555 0.8904
vn 0.4008 -0.3443 0.8490
vn -0.0495 -0.9984 -0.0278
vn 0.4324 0.2324 0.8712
vn 0.2565 0.2395 0.9364
vn 0.0624 -0.9777 0.2006
vn 0.0940 0.9883 0.1201
vn -0.0690 -0.9975 -0.0139
vn 0.2450 -0.1481 0.9582
vn -0.0148 -0.9989 0.0435
vn 0.0525 -0.1388 0.9889
vn 0.3553 0.6385 0.6827
vn 0.2556 0.0465 0.9657
vn 0.0576 0.9971 0.0499
vn 0.0632 0.0559 0.9964
vn -0.5359 -0.8389 0.0952
vn 0.4384 0.0391 0.8979
vn 0.0138 -0.9757 0.2186
vn 0.2807 -0.7239 0.6302
vn 0.0399 -0.3282 0.9438
vn 0.0598 0.9970 0.0491
vn 0.0597 0.9898 0.1291
vn 0.0507 0.9965 0.0666
vn -0.0491 -0.9974 0.0525
vn 0.1464 -0.7185 0.6799
vn 0.0052 -0.7116 0.7025
vn 0.0773 0.9890 0.1263
vn 0.2250 -0.3372 0.9142
vn -0.0373 -0.9732 0.2268
vn -0.0517 -0.9983 -0.0270
vn 0.2211 0.6439 0.7325
vn -0.0315 -0.9983 0.0496
vn 0.1521 0.9875 0.0420
vn 0.3417 0.9386 0.0478
vn 0.5184 0.8536 0.0517
vn 0.6752 0.7357 0.0537
vn 0.8059 0.5896 0.0536
vn 0.9057 0.4209 0.0514
vn 0.9706 0.2360 0.0473
vn 0.9983 0.0420 0.0414
vn 0.9876 -0.1536 0.0338
vn 0.9389 -0.3433 0.0250
vn 0.8541 -0.5198 0.0152
vn 0.7366 -0.6763 0.0048
vn 0.5907 -0.8069 -0.0058
vn 0.4220 -0.9064 -0.0161
vn 0.2371 -0.9711 -0.0258
vn 0.0433 -0.9985 -0.0346
vn -0.1521 -0.9875 -0.0420
vn -0.3417 -0.9386 -0.0478
vn -0.5184 -0.8536 -0.0517
vn -0.6752 -0.7357 -0.0537
vn -0.8059 -0.5896 -0.0536
vn -0.9057 -0.4209 -0.0514
vn -0.9706 -0.2360 -0.0473
vn -0.9983 -0.0420 -0.0414
vn -0.9876 0.1536 -0.0338
vn -0.9389 0.3433 -0.0250
vn -0.8541 0.5198 -0.0152
vn -0.7366 0.6763 -0.0048
vn -0.5907 0.8069 0.0058
vn -0.4220 0.9064 0.0161
vn -0.0399 -0.0363 0.9985
vn -0.2371 0.9711 0.0259
vn -0.0433 0.9985 0.0346
vn 0.0399 0.0363 -0.9985
vn 0.0798 0.6508 0.7551
vn 0.0714 0.2485 0.9660
vn -0.0540 -0.9982 -0.0267
vn -0.1262 0.1384 0.9823
vn -0.1447 -0.1988 0.9693
vn -0.4197 0.2262 -0.8790
vn -0.3323 -0.1868 0.9245
vn -0.3138 0.1504 0.9375
vn -0.4890 0.1631 0.8569
vn -0.6634 -0.1612 0.7307
vn -0.5074 -0.1741 0.8439
vn -0.6450 0.1760 0.7437
vn -0.7758 0.1886 0.6021
vn -0.8765 0.2005 0.4376
vn -0.7943 -0.1485 0.5891
vn -0.9432 0.2111 0.2566
vn -0.9617 -0.1260 0.2436
vn -0.8950 -0.1367 0.4246
vn -0.9917 -0.1171 0.0529
vn -0.9204 0.2319 -0.3148
vn -0.9733 0.2201 0.0659
vn -0.9389 -0.1053 -0.3278
vn -0.9656 0.2271 -0.1270
vn -0.9840 -0.1100 -0.1400
vn -0.8395 0.2342 -0.4903
vn -0.8580 -0.1029 -0.5033
vn -0.5842 0.2313 -0.7779
vn -0.7260 0.2340 -0.6467
vn -0.6027 -0.1058 -0.7909
vn -0.7445 -0.1031 -0.6596
vn -0.0665 -0.1275 -0.9896
vn -0.0481 0.2096 -0.9766
vn -0.4381 -0.1109 -0.8920
vn -0.2386 0.2189 -0.9461
vn -0.2571 -0.1183 -0.9591
vn 0.1262 -0.1384 -0.9823
vn 0.1447 0.1988 -0.9693
vn 0.4890 -0.1631 -0.8569
vn 0.3138 -0.1504 -0.9375
vn 0.6450 -0.1760 -0.7437
vn 0.3323 0.1868 -0.9245
vn 0.5074 0.1741 -0.8439
vn 0.6634 0.1612 -0.7307
vn 0.7758 -0.1886 -0.6021
vn 0.9432 -0.2111 -0.2566
vn 0.7943 0.1485 -0.5891
vn 0.8950 0.1367 -0.4246
vn 0.8765 -0.2005 -0.4376
vn 0.9617 0.1260 -0.2436
vn 0.9656 -0.2271 0.1270
vn 0.9917 0.1170 -0.0529
vn 0.9204 -0.2319 0.3148
vn 0.9389 0.1053 0.3278
vn 0.9733 -0.2201 -0.0659
vn 0.9840 0.1100 0.1400
vn 0.8580 0.1029 0.5033
vn 0.6027 0.1058 0.7909
vn 0.8395 -0.2342 0.4903
vn 0.7260 -0.2340 0.6467
vn 0.7445 0.1031 0.6596
vn 0.5843 -0.2313 0.7779
vn 0.2386 -0.2189 0.9461
vn 0.4381 0.1109 0.8920
vn 0.0481 -0.2096 0.9766
vn 0.4197 -0.2262 0.8790
vn 0.2571 0.1183 0.9591
vn 0.0665 0.1275 0.9896
vn -0.0670 -0.9957 -0.0640
vn 0.0265 0.9990 0.0346
vn -0.0563 -0.9962 -0.0668
vn -0.0265 -0.9990 -0.0346
vn 0.0453 0.9968 0.0653
vn 0.0791 0.9955 0.0528
vn 0.0272 0.9986 0.0457
vn -0.0530 -0.9985 -0.0101
vn -0.0735 -0.9971 -0.0172
vn 0.0530 0.9985 0.0101
vn -0.0358 -0.9976 -0.0597
vn 0.0639 0.9979 0.0116
vn -0.0827 -0.9957 -0.0423
vn 0.0302 0.9993 0.0241
vn -0.0302 -0.9993 -0.0241
vn 0.0358 0.9976 0.0597
vn 0.0717 0.9956 0.0610
vn -0.0639 -0.9979 -0.0116
vn -0.0801 -0.9964 -0.0260
vn 0.0375 0.9992 0.0158
vn -0.0291 -0.9983 -0.0509
vn 0.0735 0.9971 0.0172
vn -0.0791 -0.9955 -0.0528
vn 0.0291 0.9983 0.0509
vn 0.0618 0.9959 0.0659
vn -0.0375 -0.9992 -0.0158
vn 0.0801 0.9964 0.0260
vn 0.0263 0.9988 0.0402
vn 0.0475 0.9988 0.0110
vn -0.0263 -0.9988 -0.0402
vn -0.0717 -0.9956 -0.0610
vn 0.0814 0.9955 0.0477
vn -0.0475 -0.9988 -0.0110
vn -0.3517 -0.8285 -0.4358
vn 0.3558 -0.8710 -0.3388
vn 0.0801 -0.8865 0.4557
vn -0.4827 -0.8270 -0.2881
vn -0.3028 -0.8635 0.4033
vn -0.2673 -0.8311 -0.4877
vn 0.4571 -0.8871 -0.0637
vn -0.0177 -0.8818 0.4714
vn -0.3829 -0.8569 0.3452
vn -0.4500 -0.8504 0.2725
vn 0.4417 -0.8825 -0.1615
vn 0.4075 -0.8771 -0.2544
vn -0.1743 -0.8349 -0.5221
vn 0.4531 -0.8907 0.0353
vn -0.1167 -0.8762 0.4676
vn -0.0765 -0.8396 -0.5377
vn 0.0163 0.9541 0.2990
vn -0.0224 0.8452 0.5340
vn -0.0340 0.9573 0.2870
vn -0.0810 0.9607 0.2654
vn -0.2085 0.8579 0.4696
vn -0.1229 0.9642 0.2350
vn -0.2886 0.8645 0.4115
vn -0.1187 0.8514 0.5110
vn -0.4417 0.8825 0.1615
vn -0.4075 0.8771 0.2544
vn -0.1580 0.9676 0.1969
vn -0.3558 0.8710 0.3388
vn -0.1850 0.9708 0.1528
vn -0.2029 0.9736 0.1042
vn -0.2110 0.9760 0.0530
vn -0.4571 0.8871 0.0637
vn -0.2089 0.9779 0.0013
vn -0.4300 0.8932 -0.1317
vn -0.1968 0.9792 -0.0492
vn -0.3885 0.8944 -0.2218
vn -0.4531 0.8907 -0.0353
vn -0.1751 0.9798 -0.0962
vn -0.1066 0.9791 -0.1734
vn -0.2574 0.8929 -0.3694
vn -0.3302 0.8943 -0.3020
vn -0.1446 0.9798 -0.1382
vn -0.1730 0.8903 -0.4213
vn -0.0624 0.9777 -0.2006
vn 0.0177 0.8818 -0.4714
vn -0.0138 0.9757 -0.2186
vn -0.0801 0.8865 -0.4557
vn 0.0373 0.9732 -0.2268
vn 0.2129 0.8700 -0.4446
vn 0.0891 0.9703 -0.2248
vn 0.1167 0.8762 -0.4676
vn 0.1864 0.9637 -0.1912
vn 0.3829 0.8569 -0.3451
vn 0.3028 0.8635 -0.4033
vn 0.1394 0.9671 -0.2128
vn 0.2283 0.9602 -0.1608
vn 0.2904 0.9537 -0.0786
vn 0.2634 0.9568 -0.1228
vn 0.5017 0.8443 -0.1881
vn 0.4500 0.8504 -0.2725
vn 0.5359 0.8389 -0.0952
vn 0.3083 0.9508 -0.0300
vn 0.5514 0.8343 0.0027
vn 0.3164 0.9484 0.0211
vn 0.3143 0.9465 0.0729
vn 0.5242 0.8282 0.1981
vn 0.5474 0.8307 0.1017
vn 0.3022 0.9452 0.1233
vn 0.2805 0.9446 0.1704
vn 0.2500 0.9447 0.2124
vn 0.4827 0.8270 0.2881
vn 0.3517 0.8285 0.4358
vn 0.2120 0.9454 0.2476
vn 0.4245 0.8271 0.3684
vn 0.0765 0.8396 0.5377
vn 0.2673 0.8311 0.4877
vn 0.1678 0.9468 0.2748
vn 0.0681 0.9512 0.3010
vn 0.1192 0.9487 0.2928
vn 0.1743 0.8349 0.5221
usemtl Color_2
s off
f 514/633/551 664/634/551 1057/635/551
f 632/636/552 633/637/552 604/638/552 605/639/552
f 708/640/553 711/641/553 1117/642/553 1112/643/553
f 528/644/554 527/645/554 512/646/554 513/647/554
f 518/648/555 528/644/555 513/647/555 989/649/555
f 531/650/556 526/651/556 1061/652/556 1066/653/556
f 887/654/557 525/655/557 982/656/557
f 526/651/558 517/657/558 990/658/558 966/659/558
f 520/660/559 519/661/559 988/662/559 987/663/559
f 519/661/560 518/648/560 989/649/560 988/662/560
f 522/664/561 521/665/561 986/666/561 985/667/561
f 516/668/562 515/669/562 1056/670/562 1055/671/562
f 768/672/553 771/673/553 1130/674/553 1129/675/553
f 515/669/563 514/633/563 1057/635/563 1056/670/563
f 538/676/564 539/677/564 518/648/564 519/661/564
f 640/678/565 627/679/565 1092/680/565 1095/681/565
f 812/682/566 787/683/566 788/684/566 811/685/566
f 549/686/567 548/687/567 539/677/567 538/676/567
f 541/688/568 516/668/568 517/657/568 540/689/568
f 712/690/569 707/691/569 1113/692/569 1116/693/569
f 532/694/570 533/695/570 524/696/570 525/655/570
f 544/697/571 664/698/571 543/699/571
f 531/650/572 540/689/572 517/657/572 526/651/572
f 552/700/573 551/701/573 536/702/573 535/703/573
f 887/704/574 532/694/574 525/655/574
f 821/705/565 808/706/565 1140/707/565 1145/708/565
f 539/677/575 529/709/575 528/644/575 518/648/575
f 537/710/576 538/676/576 519/661/576 520/660/576
f 541/688/577 542/711/577 515/669/577 516/668/577
f 568/712/578 569/713/578 548/687/578 549/686/578
f 529/709/579 530/714/579 527/645/579 528/644/579
f 573/715/580 664/716/580 544/697/580
f 542/711/581 543/699/581 514/633/581 515/669/581
f 561/717/582 570/718/582 547/719/582 556/720/582
f 535/703/583 536/702/583 521/665/583 522/664/583
f 887/721/584 562/722/584 555/723/584
f 543/699/585 664/724/585 514/633/585
f 732/725/586 747/726/586 1124/727/586 1118/728/586
f 569/713/587 559/729/587 558/730/587 548/687/587
f 545/731/588 544/697/588 543/699/588 542/711/588
f 555/723/589 554/732/589 533/695/589 532/694/589
f 558/730/590 557/733/590 530/714/590 529/709/590
f 562/722/591 563/734/591 554/732/591 555/723/591
f 546/735/592 545/731/592 542/711/592 541/688/592
f 567/736/593 568/712/593 549/686/593 550/737/593
f 550/737/594 549/686/594 538/676/594 537/710/594
f 571/738/595 572/739/595 545/731/595 546/735/595
f 548/687/596 558/730/596 529/709/596 539/677/596
f 559/729/597 560/740/597 557/733/597 558/730/597
f 626/741/598 641/742/598 1094/743/598 1093/744/598
f 831/745/553 858/746/553 1151/747/553 1147/748/553
f 887/749/599 555/723/599 532/694/599
f 572/739/600 573/715/600 544/697/600 545/731/600
f 556/720/601 547/719/601 540/689/601 531/650/601
f 565/750/602 566/751/602 551/701/602 552/700/602
f 574/752/603 664/753/603 573/715/603
f 923/754/604 918/755/604 1168/756/604 1173/757/604
f 578/758/605 588/759/605 559/729/605 569/713/605
f 582/760/606 581/761/606 566/751/606 565/750/606
f 601/762/607 602/763/607 575/764/607 576/765/607
f 520/660/565 987/663/565 1064/766/565 1065/767/565
f 575/764/608 574/752/608 573/715/608 572/739/608
f 579/768/609 578/758/609 569/713/609 568/712/609
f 588/759/610 587/769/610 560/740/610 559/729/610
f 589/770/611 590/771/611 587/769/611 588/759/611
f 576/765/612 575/764/612 572/739/612 571/738/612
f 604/638/613 664/772/613 603/773/613
f 580/774/614 579/768/614 568/712/614 567/736/614
f 748/775/565 731/776/565 1119/777/565 1123/778/565
f 602/763/615 603/773/615 574/752/615 575/764/615
f 605/639/616 604/638/616 603/773/616 602/763/616
f 887/779/617 585/780/617 562/722/617
f 616/781/618 591/782/618 1082/783/618 1089/784/618
f 586/785/619 577/786/619 570/718/619 561/717/619
f 618/787/620 617/788/620 590/771/620 589/770/620
f 585/780/621 584/789/621 563/734/621 562/722/621
f 597/790/622 598/791/622 579/768/622 580/774/622
f 612/792/623 611/793/623 596/794/623 595/795/623
f 610/796/624 609/797/624 598/791/624 597/790/624
f 608/798/625 618/787/625 589/770/625 599/799/625
f 512/646/553 527/645/553 1063/800/553 1062/801/553
f 595/795/626 596/794/626 581/761/626 582/760/626
f 887/802/627 615/803/627 592/804/627
f 603/773/628 664/805/628 574/752/628
f 599/799/629 589/770/629 588/759/629 578/758/629
f 692/806/630 667/807/630 668/808/630 691/809/630
f 606/810/631 605/639/631 602/763/631 601/762/631
f 616/781/632 607/811/632 600/812/632 591/782/632
f 598/791/633 599/799/633 578/758/633 579/768/633
f 615/803/634 614/813/634 593/814/634 592/804/634
f 592/804/635 593/814/635 584/789/635 585/780/635
f 609/797/636 608/798/636 599/799/636 598/791/636
f 591/782/637 600/812/637 577/786/637 586/785/637
f 887/815/638 592/804/638 585/780/638
f 963/816/639 938/817/639 939/818/639 962/819/639
f 590/771/553 617/788/553 1088/820/553 1083/821/553
f 625/822/640 626/823/640 611/793/640 612/792/640
f 633/637/641 664/824/641 604/638/641
f 887/825/642 622/826/642 615/803/642
f 645/827/643 644/828/643 623/829/643 622/830/643
f 938/817/644 933/831/644 932/832/644 939/818/644
f 619/833/645 620/834/645 617/788/645 618/787/645
f 628/835/646 629/836/646 608/798/646 609/797/646
f 639/837/647 638/838/647 629/839/647 628/840/647
f 662/841/648 663/842/648 634/843/648 635/844/648
f 622/826/649 623/845/649 614/813/649 615/803/649
f 655/846/650 656/847/650 641/742/650 642/848/650
f 621/849/651 630/850/651 607/811/651 616/781/651
f 635/844/652 634/843/652 633/851/652 632/852/652
f 688/853/565 671/854/565 1103/855/565 1109/856/565
f 526/651/653 966/659/653 1060/857/653 1061/652/653
f 629/836/654 619/833/654 618/787/654 608/798/654
f 627/858/655 628/835/655 609/797/655 610/796/655
f 631/859/656 632/636/656 605/639/656 606/810/656
f 738/860/553 741/861/553 1122/862/553 1121/863/553
f 663/842/657 664/864/657 634/843/657
f 652/865/658 653/866/658 644/828/658 645/827/658
f 651/867/659 660/868/659 637/869/659 646/870/659
f 887/871/660 652/865/660 645/827/660
f 634/843/661 664/872/661 633/851/661
f 801/873/553 828/874/553 1144/875/553 1139/876/553
f 642/848/662 641/742/662 626/741/662 625/877/662
f 646/870/663 637/869/663 630/878/663 621/879/663
f 857/880/664 832/881/664 1146/882/664 1150/883/664
f 658/884/665 659/885/665 638/838/665 639/837/665
f 648/886/666 647/887/666 620/888/666 619/889/666
f 659/885/667 649/890/667 648/886/667 638/838/667
f 636/891/668 635/844/668 632/852/668 631/892/668
f 657/893/669 658/884/669 639/837/669 640/678/669
f 640/678/670 639/837/670 628/840/670 627/679/670
f 661/894/671 662/841/671 635/844/671 636/891/671
f 638/838/672 648/886/672 619/889/672 629/839/672
f 649/890/673 650/895/673 647/887/673 648/886/673
f 610/796/565 597/790/565 1084/896/565 1087/897/565
f 887/898/674 645/827/674 622/830/674
f 665/899/675 664/900/675 663/842/675
f 807/901/676 822/902/676 1143/903/676 1141/904/676
f 669/905/677 679/906/677 649/890/677 659/885/677
f 673/907/678 672/908/678 656/847/678 655/846/678
f 688/853/679 689/909/679 670/910/679 671/854/679
f 666/911/680 665/899/680 663/842/680 662/841/680
f 670/910/681 669/905/681 659/885/681 658/884/681
f 679/906/682 678/912/682 650/895/682 649/890/682
f 700/913/683 699/914/683 690/915/683 689/909/683
f 667/807/684 666/911/684 662/841/684 661/894/684
f 695/916/685 664/917/685 694/918/685
f 671/854/686 670/910/686 658/884/686 657/893/686
f 694/918/687 664/919/687 665/899/687
f 943/920/688 958/921/688 1179/922/688 1174/923/688
f 933/831/689 908/924/689 909/925/689 932/832/689
f 696/926/690 695/916/690 694/918/690 693/927/690
f 887/928/691 676/929/691 652/865/691
f 596/794/692 611/793/692 1086/930/692 1085/931/692
f 677/932/693 668/808/693 660/868/693 651/867/693
f 709/933/694 708/640/694 681/934/694 680/935/694
f 676/929/695 675/936/695 653/866/695 652/865/695
f 690/915/696 680/935/696 679/906/696 669/905/696
f 692/806/697 693/927/697 666/911/697 667/807/697
f 703/937/698 702/938/698 687/939/698 686/940/698
f 701/941/699 700/913/699 689/909/699 688/853/699
f 680/935/700 681/934/700 678/912/700 679/906/700
f 699/914/701 709/933/701 680/935/701 690/915/701
f 678/912/553 681/934/553 1108/942/553 1104/943/553
f 959/944/565 942/945/565 1175/946/565 1178/947/565
f 693/927/702 694/918/702 665/899/702 666/911/702
f 887/948/703 706/949/703 683/950/703
f 686/940/704 687/939/704 672/908/704 673/907/704
f 702/938/705 717/951/705 1115/952/705 1110/953/705
f 697/954/706 696/926/706 693/927/706 692/806/706
f 707/691/707 698/955/707 691/809/707 682/956/707
f 706/949/708 705/957/708 684/958/708 683/950/708
f 689/909/709 690/915/709 669/905/709 670/910/709
f 720/959/710 710/960/710 709/933/710 699/914/710
f 683/950/711 684/958/711 675/936/711 676/929/711
f 718/961/712 719/962/712 700/913/712 701/941/712
f 682/956/713 691/809/713 668/808/713 677/932/713
f 722/963/714 723/964/714 696/926/714 697/954/714
f 887/965/715 683/950/715 676/929/715
f 710/960/716 711/641/716 708/640/716 709/933/716
f 723/964/717 724/966/717 695/916/717 696/926/717
f 716/967/718 717/951/718 702/938/718 703/937/718
f 791/968/565 778/969/565 1131/970/565 1137/971/565
f 750/972/719 740/973/719 739/974/719 729/975/719
f 752/976/720 753/977/720 726/978/720 727/979/720
f 724/966/721 664/980/721 695/916/721
f 712/690/722 721/981/722 698/955/722 707/691/722
f 748/775/723 749/982/723 730/983/723 731/776/723
f 682/956/724 677/932/724 1105/984/724 1107/985/724
f 753/977/725 754/986/725 725/987/725 726/978/725
f 719/962/726 720/959/726 699/914/726 700/913/726
f 730/983/727 729/975/727 720/959/727 719/962/727
f 713/988/728 714/989/728 705/957/728 706/949/728
f 740/973/729 741/861/729 738/860/729 739/974/729
f 754/986/730 664/990/730 725/987/730
f 887/991/731 713/988/731 706/949/731
f 536/702/732 551/701/732 1073/992/732 1069/993/732
f 631/859/733 606/810/733 607/811/733 630/850/733
f 737/994/734 728/995/734 721/981/734 712/690/734
f 726/978/735 725/987/735 724/966/735 723/964/735
f 736/996/736 735/997/736 714/989/736 713/988/736
f 746/998/737 747/726/737 732/725/737 733/999/737
f 749/982/738 750/972/738 729/975/738 730/983/738
f 743/1000/739 744/1001/739 735/997/739 736/996/739
f 636/891/740 631/892/740 630/878/740 637/869/740
f 742/1002/741 751/1003/741 728/995/741 737/994/741
f 887/1004/742 743/1000/742 736/996/742
f 725/987/743 664/1005/743 724/966/743
f 887/1006/744 736/996/744 713/988/744
f 733/999/745 732/725/745 717/951/745 716/967/745
f 893/1007/746 888/1008/746 1160/1009/746 1165/1010/746
f 887/1011/747 766/1012/747 743/1000/747
f 739/974/748 738/860/748 711/641/748 710/960/748
f 767/1013/749 758/1014/749 751/1003/749 742/1002/749
f 727/979/750 726/978/750 723/964/750 722/963/750
f 766/1012/751 765/1015/751 744/1001/751 743/1000/751
f 731/776/752 730/983/752 719/962/752 718/961/752
f 760/1016/753 759/1017/753 750/972/753 749/982/753
f 729/975/754 739/974/754 710/960/754 720/959/754
f 718/961/565 701/941/565 1111/1018/565 1114/1019/565
f 787/683/755 782/1020/755 781/1021/755 788/684/755
f 763/1022/756 762/1023/756 747/726/756 746/998/756
f 769/1024/757 768/672/757 741/861/757 740/973/757
f 586/785/758 561/717/758 1074/1025/758 1081/1026/758
f 782/1020/759 783/1027/759 756/1028/759 757/1029/759
f 755/1030/760 664/1031/760 754/986/760
f 560/740/553 587/769/553 1080/1032/553 1075/1033/553
f 759/1017/761 769/1024/761 740/973/761 750/972/761
f 797/1034/762 788/684/762 781/1021/762 772/1035/762
f 796/1036/763 795/1037/763 774/1038/763 773/1039/763
f 756/1028/764 755/1030/764 754/986/764 753/977/764
f 778/969/765 779/1040/765 760/1016/765 761/1041/765
f 913/1042/766 928/1043/766 1172/1044/766 1166/1045/766
f 793/1046/767 792/1047/767 777/1048/767 776/1049/767
f 757/1029/768 756/1028/768 753/977/768 752/976/768
f 786/1050/769 785/1051/769 784/1052/769 783/1027/769
f 761/1041/770 760/1016/770 749/982/770 748/775/770
f 784/1052/771 664/1053/771 755/1030/771
f 790/1054/772 789/1055/772 780/1056/772 779/1040/772
f 785/1051/773 664/1057/773 784/1052/773
f 787/683/774 786/1050/774 783/1027/774 782/1020/774
f 887/1058/775 773/1039/775 766/1012/775
f 791/968/776 790/1054/776 779/1040/776 778/969/776
f 771/673/553 798/1059/553 1136/1060/553 1130/674/553
f 789/1055/777 799/1061/777 770/1062/777 780/1056/777
f 780/1056/778 770/1062/778 769/1024/778 759/1017/778
f 799/1061/779 798/1059/779 771/673/779 770/1062/779
f 647/887/553 650/895/553 1101/1063/553 1096/1064/553
f 770/1062/780 771/673/780 768/672/780 769/1024/780
f 810/1065/781 800/1066/781 799/1061/781 789/1055/781
f 986/666/782 521/665/782 1058/1067/782 1059/1068/782
f 808/706/783 809/1069/783 790/1054/783 791/968/783
f 783/1027/784 784/1052/784 755/1030/784 756/1028/784
f 812/682/785 813/1070/785 786/1050/785 787/683/785
f 776/1049/786 777/1048/786 762/1023/786 763/1022/786
f 887/1071/787 796/1036/787 773/1039/787
f 741/861/553 768/672/553 1129/675/553 1122/862/553
f 887/1072/788 803/1073/788 796/1036/788
f 580/774/565 567/736/565 1076/1074/565 1079/1075/565
f 813/1070/789 814/1076/789 785/1051/789 786/1050/789
f 779/1040/790 780/1056/790 759/1017/790 760/1016/790
f 806/1077/791 807/901/791 792/1047/791 793/1046/791
f 773/1039/792 774/1038/792 765/1015/792 766/1012/792
f 814/1076/793 664/1078/793 785/1051/793
f 772/1035/794 781/1021/794 758/1014/794 767/1013/794
f 802/1079/795 811/685/795 788/684/795 797/1034/795
f 782/1020/796 757/1029/796 758/1014/796 781/1021/796
f 809/1069/797 810/1065/797 789/1055/797 790/1054/797
f 777/1048/798 792/1047/798 1135/1080/798 1132/1081/798
f 820/1082/799 819/1083/799 810/1065/799 809/1069/799
f 803/1073/800 804/1084/800 795/1037/800 796/1036/800
f 843/1085/801 844/1086/801 815/1087/801 816/1088/801
f 844/1086/802 664/1089/802 815/1087/802
f 819/1083/803 829/1090/803 800/1066/803 810/1065/803
f 823/1091/804 822/902/804 807/901/804 806/1077/804
f 887/1092/805 826/1093/805 803/1073/805
f 836/1094/806 837/1095/806 822/902/806 823/1091/806
f 661/894/807 636/891/807 637/869/807 660/868/807
f 827/1096/808 818/1097/808 811/685/808 802/1079/808
f 826/1093/809 825/1098/809 804/1084/809 803/1073/809
f 833/1099/810 834/1100/810 825/1098/810 826/1093/810
f 847/1101/811 846/1102/811 843/1085/811 842/1103/811
f 908/924/812 903/1104/812 902/1105/812 909/925/812
f 856/1106/813 855/1107/813 834/1100/813 833/1099/813
f 851/1108/814 850/1109/814 839/1110/814 838/1111/814
f 815/1087/815 664/1112/815 814/1076/815
f 853/1113/816 852/1114/816 837/1095/816 836/1094/816
f 816/1088/817 815/1087/817 814/1076/817 813/1070/817
f 839/1110/818 840/1115/818 819/1083/818 820/1082/818
f 929/1116/565 912/1117/565 1167/1118/565 1171/1119/565
f 827/1096/819 802/1079/819 1138/1120/819 1142/1121/819
f 829/1090/820 828/874/820 801/873/820 800/1066/820
f 857/880/821 848/1122/821 841/1123/821 832/881/821
f 817/1124/822 816/1088/822 813/1070/822 812/682/822
f 850/1109/823 849/1125/823 840/1115/823 839/1110/823
f 821/705/824 820/1082/824 809/1069/824 808/706/824
f 767/1013/825 742/1002/825 1125/1126/825 1128/1127/825
f 832/881/826 841/1123/826 818/1097/826 827/1096/826
f 887/1128/827 833/1099/827 826/1093/827
f 566/751/828 581/761/828 1078/1129/828 1077/1130/828
f 859/1131/829 858/746/829 831/745/829 830/1132/829
f 840/1115/830 830/1132/830 829/1090/830 819/1083/830
f 845/1133/831 664/1134/831 844/1086/831
f 838/1111/832 839/1110/832 820/1082/832 821/705/832
f 849/1125/833 859/1131/833 830/1132/833 840/1115/833
f 842/1103/834 843/1085/834 816/1088/834 817/1124/834
f 887/1135/835 856/1106/835 833/1099/835
f 830/1132/836 831/745/836 828/874/836 829/1090/836
f 846/1102/837 845/1133/837 844/1086/837 843/1085/837
f 657/893/565 640/678/565 1095/681/565 1100/1136/565
f 872/1137/838 873/1138/838 846/1102/838 847/1101/838
f 866/1139/839 867/1140/839 852/1114/839 853/1113/839
f 870/1141/840 860/1142/840 859/1131/840 849/1125/840
f 890/1143/841 889/1144/841 861/1145/841 860/1142/841
f 881/1146/842 880/1147/842 869/1148/842 868/1149/842
f 868/1149/843 869/1148/843 850/1109/843 851/1108/843
f 869/1148/844 870/1141/844 849/1125/844 850/1109/844
f 860/1142/845 861/1145/845 858/746/845 859/1131/845
f 877/1150/846 876/1151/846 873/1138/846 872/1137/846
f 919/1152/553 922/1153/553 1170/1154/553 1169/1155/553
f 858/746/553 861/1145/553 1157/1156/553 1151/747/553
f 887/1157/847 886/1158/847 863/1159/847
f 873/1138/848 874/1160/848 845/1133/848 846/1102/848
f 886/1158/849 885/1161/849 864/1162/849 863/1159/849
f 874/1160/850 664/1163/850 845/1133/850
f 879/1164/851 890/1143/851 860/1142/851 870/1141/851
f 901/1165/852 891/1166/852 890/1143/852 879/1164/852
f 899/1167/853 900/1168/853 880/1147/853 881/1146/853
f 903/1104/854 904/1169/854 876/1151/854 877/1150/854
f 894/1170/855 895/1171/855 885/1161/855 886/1158/855
f 863/1159/856 864/1162/856 855/1107/856 856/1106/856
f 862/1172/857 857/880/857 1150/883/857 1156/1173/857
f 672/908/858 687/939/858 1106/1174/858 1102/1175/858
f 862/1172/859 871/1176/859 848/1122/859 857/880/859
f 904/1169/860 905/1177/860 875/1178/860 876/1151/860
f 887/1179/861 863/1159/861 856/1106/861
f 897/1180/862 898/1181/862 882/1182/862 883/1183/862
f 761/1041/565 748/775/565 1123/778/565 1127/1184/565
f 905/1177/863 664/1185/863 875/1178/863
f 888/1008/864 878/1186/864 871/1176/864 862/1172/864
f 611/793/865 626/823/865 1093/1187/865 1086/930/865
f 880/1147/866 879/1164/866 870/1141/866 869/1148/866
f 891/1166/867 892/1188/867 889/1144/867 890/1143/867
f 800/1066/868 801/873/868 798/1059/868 799/1061/868
f 757/1029/869 752/976/869 751/1003/869 758/1014/869
f 875/1178/870 664/1189/870 874/1160/870
f 900/1168/871 901/1165/871 879/1164/871 880/1147/871
f 883/1183/872 882/1182/872 867/1140/872 866/1139/872
f 893/1007/873 902/1105/873 878/1186/873 888/1008/873
f 876/1151/874 875/1178/874 874/1160/874 873/1138/874
f 887/1190/875 894/1170/875 886/1158/875
f 887/1191/876 917/1192/876 894/1170/876
f 911/1193/877 910/1194/877 901/1165/877 900/1168/877
f 906/1195/878 664/1196/878 905/1177/878
f 918/755/879 909/925/879 902/1105/879 893/1007/879
f 930/1197/880 931/1198/880 910/1194/880 911/1193/880
f 917/1192/881 916/1199/881 895/1171/881 894/1170/881
f 908/924/882 907/1200/882 904/1169/882 903/1104/882
f 923/754/883 932/832/883 909/925/883 918/755/883
f 903/1104/884 877/1150/884 878/1186/884 902/1105/884
f 941/1201/885 940/1202/885 931/1198/885 930/1197/885
f 931/1198/886 921/1203/886 920/1204/886 910/1194/886
f 914/1205/887 913/1042/887 898/1181/887 897/1180/887
f 924/1206/888 925/1207/888 916/1199/888 917/1192/888
f 601/762/889 576/765/889 577/786/889 600/812/889
f 907/1200/890 906/1195/890 905/1177/890 904/1169/890
f 952/1208/553 980/1209/553 1185/1210/553 1181/1211/553
f 936/1212/891 664/1213/891 935/1214/891
f 920/1204/892 919/1152/892 892/1188/892 891/1166/892
f 947/1215/893 946/1216/893 925/1207/893 924/1206/893
f 912/1117/894 911/1193/894 900/1168/894 899/1167/894
f 937/1217/895 936/1212/895 935/1214/895 934/1218/895
f 910/1194/896 920/1204/896 891/1166/896 901/1165/896
f 651/867/897 646/870/897 1097/1219/897 1099/1220/897
f 556/720/898 531/650/898 1066/653/898 1072/1221/898
f 950/1222/899 949/1223/899 922/1153/899 921/1203/899
f 887/1224/900 924/1206/900 917/1192/900
f 938/817/901 937/1217/901 934/1218/901 933/831/901
f 627/858/565 610/796/565 1087/897/565 1092/1225/565
f 929/1116/902 930/1197/902 911/1193/902 912/1117/902
f 944/1226/903 943/920/903 928/1043/903 927/1227/903
f 525/655/904 524/696/904 983/1228/904 982/656/904
f 933/831/905 934/1218/905 907/1200/905 908/924/905
f 887/1229/906 982/656/906 978/1230/906
f 921/1203/907 922/1153/907 919/1152/907 920/1204/907
f 942/945/908 941/1201/908 930/1197/908 929/1116/908
f 882/1182/909 898/1181/909 1164/1231/909 1158/1232/909
f 940/1202/910 950/1222/910 921/1203/910 931/1198/910
f 934/1218/911 935/1214/911 906/1195/911 907/1200/911
f 979/1233/912 953/1234/912 1180/1235/912 1184/1236/912
f 927/1227/913 928/1043/913 913/1042/913 914/1205/913
f 887/1237/914 947/1215/914 924/1206/914
f 935/1214/915 664/1238/915 906/1195/915
f 948/1239/916 939/818/916 932/832/916 923/754/916
f 961/1240/917 951/1241/917 950/1222/917 940/1202/917
f 951/1241/918 952/1208/918 949/1223/918 950/1222/918
f 965/1242/919 664/1243/919 936/1212/919
f 959/944/920 960/1244/920 941/1201/920 942/945/920
f 973/1245/921 972/1246/921 960/1244/921 959/944/921
f 530/714/553 557/733/553 1071/1247/553 1067/1248/553
f 963/816/922 964/1249/922 937/1217/922 938/817/922
f 954/1250/923 955/1251/923 946/1216/923 947/1215/923
f 797/1034/924 772/1035/924 1133/1252/924 1134/1253/924
f 971/1254/925 981/1255/925 951/1241/925 961/1240/925
f 964/1249/926 965/1242/926 936/1212/926 937/1217/926
f 989/649/927 513/647/927 981/1255/927 971/1254/927
f 957/1256/928 958/921/928 943/920/928 944/1226/928
f 972/1246/929 971/1254/929 961/1240/929 960/1244/929
f 887/1257/930 978/1230/930 954/1250/930
f 988/662/931 989/649/931 971/1254/931 972/1246/931
f 606/810/932 601/762/932 600/812/932 607/811/932
f 711/641/553 738/860/553 1121/863/553 1117/642/553
f 960/1244/933 961/1240/933 940/1202/933 941/1201/933
f 969/1258/934 968/1259/934 964/1249/934 963/816/934
f 953/1234/935 962/819/935 939/818/935 948/1239/935
f 513/647/936 512/646/936 980/1209/936 981/1255/936
f 887/1260/937 954/1250/937 947/1215/937
f 982/656/938 983/1228/938 977/1261/938 978/1230/938
f 747/726/939 762/1023/939 1126/1262/939 1124/727/939
f 1056/670/940 1057/635/940 967/1263/940 968/1259/940
f 979/1233/941 970/1264/941 962/819/941 953/1234/941
f 966/659/942 990/658/942 970/1264/942 979/1233/942
f 978/1230/943 977/1261/943 955/1251/943 954/1250/943
f 981/1255/944 980/1209/944 952/1208/944 951/1241/944
f 1055/671/945 1056/670/945 968/1259/945 969/1258/945
f 967/1263/946 664/1265/946 965/1242/946
f 975/1266/947 974/1267/947 958/921/947 957/1256/947
f 968/1259/948 967/1263/948 965/1242/948 964/1249/948
f 617/788/553 620/834/553 1091/1268/553 1088/820/553
f 991/1269/949 992/1270/949 994/1271/949 993/1272/949
f 993/1272/950 994/1271/950 996/1273/950 995/1274/950
f 995/1274/951 996/1273/951 998/1275/951 997/1276/951
f 997/1276/952 998/1275/952 1000/1277/952 999/1278/952
f 999/1278/953 1000/1277/953 1002/1279/953 1001/1280/953
f 1001/1280/954 1002/1279/954 1004/1281/954 1003/1282/954
f 1003/1282/955 1004/1281/955 1006/1283/955 1005/1284/955
f 1005/1284/956 1006/1283/956 1008/1285/956 1007/1286/956
f 1007/1286/957 1008/1285/957 1010/1287/957 1009/1288/957
f 1009/1288/958 1010/1287/958 1012/1289/958 1011/1290/958
f 1011/1290/959 1012/1289/959 1014/1291/959 1013/1292/959
f 1013/1292/960 1014/1291/960 1016/1293/960 1015/1294/960
f 1015/1294/961 1016/1293/961 1018/1295/961 1017/1296/961
f 1017/1296/962 1018/1295/962 1020/1297/962 1019/1298/962
f 1019/1298/963 1020/1297/963 1022/1299/963 1021/1300/963
f 1021/1300/964 1022/1299/964 1024/1301/964 1023/1302/964
f 1023/1302/965 1024/1301/965 1026/1303/965 1025/1304/965
f 1025/1304/966 1026/1303/966 1028/1305/966 1027/1306/966
f 1027/1306/967 1028/1305/967 1030/1307/967 1029/1308/967
f 1029/1308/968 1030/1307/968 1032/1309/968 1031/1310/968
f 1031/1310/969 1032/1309/969 1034/1311/969 1033/1312/969
f 1033/1312/970 1034/1311/970 1036/1313/970 1035/1314/970
f 1035/1314/971 1036/1313/971 1038/1315/971 1037/1316/971
f 1037/1316/972 1038/1315/972 1040/1317/972 1039/1318/972
f 1039/1318/973 1040/1317/973 1042/1319/973 1041/1320/973
f 1041/1320/974 1042/1319/974 1044/1321/974 1043/1322/974
f 1043/1322/975 1044/1321/975 1046/1323/975 1045/1324/975
f 1045/1324/976 1046/1323/976 1048/1325/976 1047/1326/976
f 1047/1326/977 1048/1325/977 1050/1327/977 1049/1328/977
f 1049/1328/978 1050/1327/978 1052/1329/978 1051/1330/978
f 994/1331/979 992/1332/979 1054/1333/979 1052/1334/979 1050/1335/979 1048/1336/979 1046/1337/979 1044/1338/979 1042/1339/979 1040/1340/979 1038/1341/979 1036/1342/979 1034/1343/979 1032/1344/979 1030/1345/979 1028/1346/979 1026/1347/979 1024/1348/979 1022/1349/979 1020/1350/979 1018/1351/979 1016/1352/979 1014/1353/979 1012/1354/979 1010/1355/979 1008/1356/979 1006/1357/979 1004/1358/979 1002/1359/979 1000/1360/979 998/1361/979 996/1362/979
f 1051/1330/980 1052/1329/980 1054/1363/980 1053/1364/980
f 1053/1364/981 1054/1363/981 992/1365/981 991/1366/981
f 991/1367/982 993/1368/982 995/1369/982 997/1370/982 999/1371/982 1001/1372/982 1003/1373/982 1005/1374/982 1007/1375/982 1009/1376/982 1011/1377/982 1013/1378/982 1015/1379/982 1017/1380/982 1019/1381/982 1021/1382/982 1023/1383/982 1025/1384/982 1027/1385/982 1029/1386/982 1031/1387/982 1033/1388/982 1035/1389/982 1037/1390/982 1039/1391/982 1041/1392/982 1043/1393/982 1045/1394/982 1047/1395/982 1049/1396/982 1051/1397/982 1053/1398/982
f 985/667/983 986/666/983 974/1267/983 975/1266/983
f 899/1167/565 881/1146/565 1159/1399/565 1163/1400/565
f 987/663/984 988/662/984 972/1246/984 973/1245/984
f 1057/635/985 664/1401/985 967/1263/985
f 1058/1067/986 1065/767/986 1064/766/986 1059/1068/986
f 1063/800/987 1061/652/987 1060/857/987 1062/801/987
f 1115/952/988 1114/1019/988 1111/1018/988 1110/953/988
f 1067/1248/989 1066/653/989 1061/652/989 1063/800/989
f 1069/993/990 1068/1402/990 1065/767/990 1058/1067/990
f 1073/992/991 1070/1403/991 1068/1402/991 1069/993/991
f 1075/1033/992 1074/1025/992 1072/1221/992 1071/1247/992
f 1071/1247/993 1072/1221/993 1066/653/993 1067/1248/993
f 1077/1130/994 1076/1074/994 1070/1403/994 1073/992/994
f 1078/1129/995 1079/1075/995 1076/1074/995 1077/1130/995
f 1085/931/996 1084/896/996 1079/1075/996 1078/1129/996
f 1080/1032/997 1081/1026/997 1074/1025/997 1075/1033/997
f 1086/930/998 1087/897/998 1084/896/998 1085/931/998
f 1088/820/999 1089/784/999 1082/783/999 1083/821/999
f 1083/821/1000 1082/783/1000 1081/1026/1000 1080/1032/1000
f 1091/1268/1001 1090/1404/1001 1089/784/1001 1088/820/1001
f 1098/1405/1002 1100/1136/1002 1095/681/1002 1094/743/1002
f 1093/1187/1003 1092/1225/1003 1087/897/1003 1086/930/1003
f 1101/1063/1004 1099/1220/1004 1097/1219/1004 1096/1064/1004
f 1094/743/1005 1095/681/1005 1092/680/1005 1093/744/1005
f 1096/1064/1006 1097/1219/1006 1090/1406/1006 1091/1407/1006
f 1102/1175/1007 1103/855/1007 1100/1136/1007 1098/1405/1007
f 1104/943/1008 1105/984/1008 1099/1220/1008 1101/1063/1008
f 1110/953/1009 1111/1018/1009 1109/856/1009 1106/1174/1009
f 1106/1174/1010 1109/856/1010 1103/855/1010 1102/1175/1010
f 1112/643/1011 1113/692/1011 1107/985/1011 1108/942/1011
f 1108/942/1012 1107/985/1012 1105/984/1012 1104/943/1012
f 1122/862/1013 1125/1126/1013 1120/1408/1013 1121/863/1013
f 1124/727/1014 1123/778/1014 1119/777/1014 1118/728/1014
f 1117/642/1015 1116/693/1015 1113/692/1015 1112/643/1015
f 1118/728/1016 1119/777/1016 1114/1019/1016 1115/952/1016
f 1121/863/1017 1120/1408/1017 1116/693/1017 1117/642/1017
f 1129/675/1018 1128/1127/1018 1125/1126/1018 1122/862/1018
f 1126/1262/1019 1127/1184/1019 1123/778/1019 1124/727/1019
f 1136/1060/1020 1134/1253/1020 1133/1252/1020 1130/674/1020
f 1130/674/1021 1133/1252/1021 1128/1127/1021 1129/675/1021
f 1139/876/1022 1138/1120/1022 1134/1253/1022 1136/1060/1022
f 1132/1081/1023 1131/970/1023 1127/1184/1023 1126/1262/1023
f 1135/1080/1024 1137/971/1024 1131/970/1024 1132/1081/1024
f 1141/904/1025 1140/707/1025 1137/971/1025 1135/1080/1025
f 1144/875/1026 1142/1121/1026 1138/1120/1026 1139/876/1026
f 1151/747/1027 1150/883/1027 1146/882/1027 1147/748/1027
f 1143/903/1028 1145/708/1028 1140/707/1028 1141/904/1028
f 1149/1409/1029 1148/1410/1029 1145/708/1029 1143/903/1029
f 1147/748/1030 1146/882/1030 1142/1121/1030 1144/875/1030
f 1153/1411/1031 1152/1412/1031 1148/1410/1031 1149/1409/1031
f 1161/1413/1032 1160/1009/1032 1156/1173/1032 1157/1156/1032
f 1155/1414/1033 1154/1415/1033 1152/1412/1033 1153/1411/1033
f 1162/1416/1034 1165/1010/1034 1160/1009/1034 1161/1413/1034
f 1164/1231/1035 1163/1400/1035 1159/1399/1035 1158/1232/1035
f 1157/1156/1036 1156/1173/1036 1150/883/1036 1151/747/1036
f 1158/1232/1037 1159/1399/1037 1154/1415/1037 1155/1414/1037
f 1166/1045/1038 1167/1118/1038 1163/1400/1038 1164/1231/1038
f 1174/923/1039 1175/946/1039 1171/1119/1039 1172/1044/1039
f 1169/1155/1040 1168/756/1040 1165/1010/1040 1162/1416/1040
f 1170/1154/1041 1173/757/1041 1168/756/1041 1169/1155/1041
f 1172/1044/1042 1171/1119/1042 1167/1118/1042 1166/1045/1042
f 1176/1417/1043 1177/1418/1043 1173/757/1043 1170/1154/1043
f 1185/1210/1044 1184/1236/1044 1180/1235/1044 1181/1211/1044
f 1179/922/1045 1178/947/1045 1175/946/1045 1174/923/1045
f 1062/801/1046 1060/857/1046 1184/1236/1046 1185/1210/1046
f 1181/1211/1047 1180/1235/1047 1177/1418/1047 1176/1417/1047
f 1182/1419/1048 1183/1420/1048 1178/947/1048 1179/922/1048
f 1059/1068/1049 1064/766/1049 1183/1420/1049 1182/1419/1049
f 620/888/553 647/887/553 1096/1064/553 1091/1407/553
f 778/969/565 761/1041/565 1127/1184/565 1131/970/565
f 953/1234/1050 948/1239/1050 1177/1418/1050 1180/1235/1050
f 867/1140/1051 882/1182/1051 1158/1232/1051 1155/1414/1051
f 966/659/1052 979/1233/1052 1184/1236/1052 1060/857/1052
f 949/1223/553 952/1208/553 1181/1211/553 1176/1417/553
f 980/1209/553 512/646/553 1062/801/553 1185/1210/553
f 851/1108/565 838/1111/565 1148/1410/565 1152/1412/565
f 646/870/1053 621/879/1053 1090/1406/1053 1097/1219/1053
f 762/1023/1054 777/1048/1054 1132/1081/1054 1126/1262/1054
f 656/847/1055 672/908/1055 1102/1175/1055 1098/1405/1055
f 527/645/553 530/714/553 1067/1248/553 1063/800/553
f 837/1095/1056 852/1114/1056 1153/1411/1056 1149/1409/1056
f 742/1002/1057 737/994/1057 1120/1408/1057 1125/1126/1057
f 881/1146/565 868/1149/565 1154/1415/565 1159/1399/565
f 802/1079/1058 797/1034/1058 1134/1253/1058 1138/1120/1058
f 537/710/565 520/660/565 1065/767/565 1068/1402/565
f 987/663/565 973/1245/565 1183/1420/565 1064/766/565
f 798/1059/553 801/873/553 1139/876/553 1136/1060/553
f 671/854/565 657/893/565 1100/1136/565 1103/855/565
f 974/1267/1059 986/666/1059 1059/1068/1059 1182/1419/1059
f 561/717/1060 556/720/1060 1072/1221/1060 1074/1025/1060
f 521/665/1061 536/702/1061 1069/993/1061 1058/1067/1061
f 888/1008/1062 862/1172/1062 1156/1173/1062 1160/1009/1062
f 808/706/565 791/968/565 1137/971/565 1140/707/565
f 650/895/553 678/912/553 1104/943/553 1101/1063/553
f 861/1145/553 889/1144/553 1161/1413/553 1157/1156/553
f 898/1181/1063 913/1042/1063 1166/1045/1063 1164/1231/1063
f 677/932/1064 651/867/1064 1099/1220/1064 1105/984/1064
f 792/1047/1065 807/901/1065 1141/904/1065 1135/1080/1065
f 557/733/553 560/740/553 1075/1033/553 1071/1247/553
f 687/939/1066 702/938/1066 1110/953/1066 1106/1174/1066
f 772/1035/1067 767/1013/1067 1128/1127/1067 1133/1252/1067
f 567/736/565 550/737/565 1070/1403/565 1076/1074/565
f 832/881/1068 827/1096/1068 1142/1121/1068 1146/882/1068
f 928/1043/1069 943/920/1069 1174/923/1069 1172/1044/1069
f 912/1117/565 899/1167/565 1163/1400/565 1167/1118/565
f 828/874/553 831/745/553 1147/748/553 1144/875/553
f 591/782/1070 586/785/1070 1081/1026/1070 1082/783/1070
f 551/701/1071 566/751/1071 1077/1130/1071 1073/992/1071
f 701/941/565 688/853/565 1109/856/565 1111/1018/565
f 838/1111/565 821/705/565 1145/708/565 1148/1410/565
f 918/755/1072 893/1007/1072 1165/1010/1072 1168/756/1072
f 942/945/565 929/1116/565 1171/1119/565 1175/946/565
f 892/1188/553 919/1152/553 1169/1155/553 1162/1416/553
f 681/934/553 708/640/553 1112/643/553 1108/942/553
f 822/902/1073 837/1095/1073 1149/1409/1073 1143/903/1073
f 587/769/553 590/771/553 1083/821/553 1080/1032/553
f 717/951/1074 732/725/1074 1118/728/1074 1115/952/1074
f 868/1149/565 851/1108/565 1152/1412/565 1154/1415/565
f 707/691/1075 682/956/1075 1107/985/1075 1113/692/1075
f 922/1153/553 949/1223/553 1176/1417/553 1170/1154/553
f 597/790/565 580/774/565 1079/1075/565 1084/896/565
f 581/761/1076 596/794/1076 1085/931/1076 1078/1129/1076
f 852/1114/1077 867/1140/1077 1155/1414/1077 1153/1411/1077
f 958/921/1078 974/1267/1078 1182/1419/1078 1179/922/1078
f 621/849/1079 616/781/1079 1089/784/1079 1090/1404/1079
f 948/1239/1080 923/754/1080 1173/757/1080 1177/1418/1080
f 641/742/1081 656/847/1081 1098/1405/1081 1094/743/1081
f 731/776/565 718/961/565 1114/1019/565 1119/777/565
f 889/1144/553 892/1188/553 1162/1416/553 1161/1413/553
f 973/1245/565 959/944/565 1178/947/565 1183/1420/565
f 550/737/565 537/710/565 1068/1402/565 1070/1403/565
f 737/994/1082 712/690/1082 1116/693/1082 1120/1408/1082
f 697/954/1083 692/806/1083 691/809/1083 698/955/1083
f 817/1124/1084 812/682/1084 811/685/1084 818/1097/1084
f 969/1258/1085 963/816/1085 962/819/1085 970/1264/1085
f 667/807/1086 661/894/1086 660/868/1086 668/808/1086
f 546/735/1087 541/688/1087 540/689/1087 547/719/1087
f 722/963/1088 697/954/1088 698/955/1088 721/981/1088
f 872/1137/1089 847/1101/1089 848/1122/1089 871/1176/1089
f 1055/671/1090 969/1258/1090 970/1264/1090 990/658/1090
f 571/738/1091 546/735/1091 547/719/1091 570/718/1091
f 576/765/1092 571/738/1092 570/718/1092 577/786/1092
f 847/1101/1093 842/1103/1093 841/1123/1093 848/1122/1093
f 842/1103/1094 817/1124/1094 818/1097/1094 841/1123/1094
f 727/979/1095 722/963/1095 721/981/1095 728/995/1095
f 877/1150/1096 872/1137/1096 871/1176/1096 878/1186/1096
f 516/668/1097 1055/671/1097 990/658/1097 517/657/1097
f 752/976/1098 727/979/1098 728/995/1098 751/1003/1098
usemtl Color_3
f 524/696/1099 523/1421/1099 984/1422/1099 983/1228/1099
f 523/1421/1100 522/664/1100 985/667/1100 984/1422/1100
f 533/695/1101 534/1423/1101 523/1421/1101 524/696/1101
f 554/732/1102 553/1424/1102 534/1423/1102 533/695/1102
f 553/1424/1103 552/700/1103 535/703/1103 534/1423/1103
f 563/734/1104 564/1425/1104 553/1424/1104 554/732/1104
f 564/1425/1105 565/750/1105 552/700/1105 553/1424/1105
f 534/1423/1106 535/703/1106 522/664/1106 523/1421/1106
f 613/1426/1107 612/792/1107 595/795/1107 594/1427/1107
f 594/1427/1108 595/795/1108 582/760/1108 583/1428/1108
f 584/789/1109 583/1428/1109 564/1425/1109 563/734/1109
f 583/1428/1110 582/760/1110 565/750/1110 564/1425/1110
f 593/814/1111 594/1427/1111 583/1428/1111 584/789/1111
f 614/813/1112 613/1426/1112 594/1427/1112 593/814/1112
f 623/845/1113 624/1429/1113 613/1426/1113 614/813/1113
f 624/1429/1114 625/822/1114 612/792/1114 613/1426/1114
f 644/828/1115 643/1430/1115 624/1431/1115 623/829/1115
f 654/1432/1116 655/846/1116 642/848/1116 643/1430/1116
f 653/866/1117 654/1432/1117 643/1430/1117 644/828/1117
f 674/1433/1118 673/907/1118 655/846/1118 654/1432/1118
f 643/1430/1119 642/848/1119 625/877/1119 624/1431/1119
f 675/936/1120 674/1433/1120 654/1432/1120 653/866/1120
f 705/957/1121 704/1434/1121 685/1435/1121 684/958/1121
f 704/1434/1122 703/937/1122 686/940/1122 685/1435/1122
f 685/1435/1123 686/940/1123 673/907/1123 674/1433/1123
f 684/958/1124 685/1435/1124 674/1433/1124 675/936/1124
f 715/1436/1125 716/967/1125 703/937/1125 704/1434/1125
f 714/989/1126 715/1436/1126 704/1434/1126 705/957/1126
f 745/1437/1127 746/998/1127 733/999/1127 734/1438/1127
f 735/997/1128 734/1438/1128 715/1436/1128 714/989/1128
f 734/1438/1129 733/999/1129 716/967/1129 715/1436/1129
f 744/1001/1130 745/1437/1130 734/1438/1130 735/997/1130
f 775/1439/1131 776/1049/1131 763/1022/1131 764/1440/1131
f 765/1015/1132 764/1440/1132 745/1437/1132 744/1001/1132
f 764/1440/1133 763/1022/1133 746/998/1133 745/1437/1133
f 795/1037/1134 794/1441/1134 775/1439/1134 774/1038/1134
f 805/1442/1135 806/1077/1135 793/1046/1135 794/1441/1135
f 794/1441/1136 793/1046/1136 776/1049/1136 775/1439/1136
f 774/1038/1137 775/1439/1137 764/1440/1137 765/1015/1137
f 804/1084/1138 805/1442/1138 794/1441/1138 795/1037/1138
f 834/1100/1139 835/1443/1139 824/1444/1139 825/1098/1139
f 825/1098/1140 824/1444/1140 805/1442/1140 804/1084/1140
f 835/1443/1141 836/1094/1141 823/1091/1141 824/1444/1141
f 824/1444/1142 823/1091/1142 806/1077/1142 805/1442/1142
f 854/1445/1143 853/1113/1143 836/1094/1143 835/1443/1143
f 855/1107/1144 854/1445/1144 835/1443/1144 834/1100/1144
f 865/1446/1145 866/1139/1145 853/1113/1145 854/1445/1145
f 864/1162/1146 865/1446/1146 854/1445/1146 855/1107/1146
f 885/1161/1147 884/1447/1147 865/1446/1147 864/1162/1147
f 896/1448/1148 897/1180/1148 883/1183/1148 884/1447/1148
f 884/1447/1149 883/1183/1149 866/1139/1149 865/1446/1149
f 895/1171/1150 896/1448/1150 884/1447/1150 885/1161/1150
f 916/1199/1151 915/1449/1151 896/1448/1151 895/1171/1151
f 925/1207/1152 926/1450/1152 915/1449/1152 916/1199/1152
f 915/1449/1153 914/1205/1153 897/1180/1153 896/1448/1153
f 945/1451/1154 944/1226/1154 927/1227/1154 926/1450/1154
f 946/1216/1155 945/1451/1155 926/1450/1155 925/1207/1155
f 926/1450/1156 927/1227/1156 914/1205/1156 915/1449/1156
f 984/1422/1157 985/667/1157 975/1266/1157 976/1452/1157
f 956/1453/1158 957/1256/1158 944/1226/1158 945/1451/1158
f 955/1251/1159 956/1453/1159 945/1451/1159 946/1216/1159
f 983/1228/1160 984/1422/1160 976/1452/1160 977/1261/1160
f 977/1261/1161 976/1452/1161 956/1453/1161 955/1251/1161
f 976/1452/1162 975/1266/1162 957/1256/1162 956/1453/1162
o Plane.002_Plane
v 1.599999 -3.599850 0.068875
v 0.999999 -3.599850 0.069504
v 1.599999 -1.999851 0.068875
v 0.999999 -1.999851 0.069504
v 3.999998 -4.199851 0.066359
v 0.899999 -4.199851 0.069609
v 3.999998 -1.899850 0.066359
v 0.899999 -1.899850 0.069609
v 1.699999 -1.999851 0.068771
v 2.299999 -1.999851 0.068141
v 1.699999 -3.599850 0.068770
v 2.299999 -3.599850 0.068141
v 3.199998 -3.599850 0.067198
v 2.599998 -3.599850 0.067827
v 3.199998 -1.999851 0.067198
v 2.599998 -1.999851 0.067827
v 3.299998 -1.999851 0.067093
v 3.899998 -1.999851 0.066464
v 3.299998 -3.599850 0.067093
v 3.899998 -3.599850 0.066464
v 1.156200 -4.058486 0.069341
v 1.126427 -4.058486 0.069372
v 0.999999 -3.762481 0.069504
v 1.043149 -3.762481 0.069459
v 1.080257 -3.849212 0.069420
v 1.205390 -3.849212 0.069289
v 1.244656 -3.762481 0.069248
v 1.287806 -3.762481 0.069203
v 1.140666 -3.993762 0.069357
v 1.188131 -3.887183 0.069307
v 1.096654 -3.887183 0.069403
v 1.317579 -3.956222 0.069171
v 1.317579 -3.762481 0.069171
v 1.355982 -3.762481 0.069131
v 1.355982 -3.863883 0.069131
v 1.356404 -3.872034 0.069131
v 1.357638 -3.879830 0.069129
v 1.359629 -3.887203 0.069127
v 1.362326 -3.894087 0.069124
v 1.365677 -3.900414 0.069121
v 1.369628 -3.906115 0.069117
v 1.374127 -3.911124 0.069112
v 1.379122 -3.915374 0.069107
v 1.384561 -3.918797 0.069101
v 1.390391 -3.921325 0.069095
v 1.396560 -3.922892 0.069089
v 1.403015 -3.923429 0.069082
v 1.405400 -3.923269 0.069079
v 1.408005 -3.922801 0.069077
v 1.410795 -3.922040 0.069074
v 1.413738 -3.921000 0.069071
v 1.416801 -3.919696 0.069067
v 1.419951 -3.918143 0.069064
v 1.423154 -3.916357 0.069061
v 1.426379 -3.914351 0.069057
v 1.429592 -3.912142 0.069054
v 1.432760 -3.909745 0.069051
v 1.435849 -3.907173 0.069047
v 1.438828 -3.904443 0.069044
v 1.459109 -3.937668 0.069023
v 1.455143 -3.941282 0.069027
v 1.451224 -3.944574 0.069031
v 1.447344 -3.947545 0.069035
v 1.443495 -3.950197 0.069039
v 1.439670 -3.952532 0.069043
v 1.435862 -3.954550 0.069047
v 1.432063 -3.956254 0.069051
v 1.428265 -3.957644 0.069055
v 1.424461 -3.958724 0.069059
v 1.420644 -3.959492 0.069063
v 1.416806 -3.959953 0.069067
v 1.412939 -3.960106 0.069071
v 1.408399 -3.959806 0.069076
v 1.403840 -3.958893 0.069081
v 1.399259 -3.957348 0.069086
v 1.394656 -3.955152 0.069091
v 1.390029 -3.952284 0.069095
v 1.385377 -3.948725 0.069100
v 1.380698 -3.944456 0.069105
v 1.375990 -3.939458 0.069110
v 1.371253 -3.933710 0.069115
v 1.366483 -3.927194 0.069120
v 1.361681 -3.919890 0.069125
v 1.356845 -3.911778 0.069130
v 1.355982 -3.911778 0.069131
v 1.355982 -3.956222 0.069131
v 1.484135 -3.956222 0.068997
v 1.484135 -3.762481 0.068997
v 1.522538 -3.762481 0.068957
v 1.522538 -3.903148 0.068957
v 1.526472 -3.907530 0.068952
v 1.530313 -3.911413 0.068948
v 1.534094 -3.914819 0.068944
v 1.537848 -3.917771 0.068940
v 1.541608 -3.920292 0.068937
v 1.545407 -3.922404 0.068933
v 1.549278 -3.924129 0.068928
v 1.553254 -3.925490 0.068924
v 1.557368 -3.926510 0.068920
v 1.561652 -3.927210 0.068915
v 1.566141 -3.927614 0.068911
v 1.570866 -3.927744 0.068906
v 1.575542 -3.927462 0.068901
v 1.580047 -3.926607 0.068896
v 1.584336 -3.925161 0.068892
v 1.588365 -3.923109 0.068887
v 1.592088 -3.920434 0.068884
v 1.595461 -3.917118 0.068880
v 1.598438 -3.913146 0.068877
v 1.600974 -3.908502 0.068874
v 1.603025 -3.903169 0.068872
v 1.604546 -3.897130 0.068871
v 1.605491 -3.890368 0.068870
v 1.605816 -3.882868 0.068869
v 1.605816 -3.762481 0.068869
v 1.644220 -3.762481 0.068829
v 1.644220 -3.903148 0.068829
v 1.647730 -3.906632 0.068825
v 1.651341 -3.909945 0.068821
v 1.655027 -3.913059 0.068818
v 1.658762 -3.915949 0.068814
v 1.662522 -3.918588 0.068810
v 1.666280 -3.920948 0.068806
v 1.670011 -3.923002 0.068802
v 1.673689 -3.924723 0.068798
v 1.677289 -3.926085 0.068794
v 1.680787 -3.927060 0.068791
v 1.684155 -3.927622 0.068787
v 1.687369 -3.927744 0.068784
v 1.692781 -3.927413 0.068778
v 1.697982 -3.926425 0.068773
v 1.702923 -3.924791 0.068767
v 1.707553 -3.922518 0.068763
v 1.711824 -3.919616 0.068758
v 1.715686 -3.916093 0.068754
v 1.719089 -3.911960 0.068750
v 1.721984 -3.907224 0.068747
v 1.724322 -3.901895 0.068745
v 1.726053 -3.895981 0.068743
v 1.727129 -3.889492 0.068742
v 1.727498 -3.882437 0.068742
v 1.727498 -3.762481 0.068742
v 1.765901 -3.762481 0.068701
v 1.765901 -3.884163 0.068701
v 1.765386 -3.895265 0.068702
v 1.763865 -3.905670 0.068703
v 1.761377 -3.915325 0.068706
v 1.757958 -3.924180 0.068710
v 1.753646 -3.932184 0.068714
v 1.748479 -3.939286 0.068720
v 1.742494 -3.945436 0.068726
v 1.735728 -3.950581 0.068733
v 1.728219 -3.954672 0.068741
v 1.720005 -3.957657 0.068749
v 1.711122 -3.959485 0.068759
v 1.701608 -3.960106 0.068769
v 1.694855 -3.959781 0.068776
v 1.688394 -3.958835 0.068783
v 1.682211 -3.957314 0.068789
v 1.676294 -3.955263 0.068795
v 1.670628 -3.952727 0.068801
v 1.665201 -3.949750 0.068807
v 1.659998 -3.946377 0.068812
v 1.655007 -3.942654 0.068818
v 1.650213 -3.938625 0.068823
v 1.645604 -3.934336 0.068827
v 1.641165 -3.929831 0.068832
v 1.636884 -3.925155 0.068837
v 1.633497 -3.930646 0.068840
v 1.629814 -3.935684 0.068844
v 1.625847 -3.940264 0.068848
v 1.621606 -3.944380 0.068853
v 1.617101 -3.948029 0.068857
v 1.612343 -3.951206 0.068862
v 1.607342 -3.953907 0.068868
v 1.602109 -3.956126 0.068873
v 1.596654 -3.957860 0.068879
v 1.590988 -3.959105 0.068885
v 1.585121 -3.959855 0.068891
v 1.579064 -3.960106 0.068897
v 1.574524 -3.959908 0.068902
v 1.569963 -3.959311 0.068907
v 1.565377 -3.958312 0.068912
v 1.560765 -3.956909 0.068916
v 1.556123 -3.955099 0.068921
v 1.551448 -3.952878 0.068926
v 1.546737 -3.950244 0.068931
v 1.541987 -3.947193 0.068936
v 1.537196 -3.943722 0.068941
v 1.532359 -3.939829 0.068946
v 1.527474 -3.935511 0.068951
v 1.522538 -3.930764 0.068957
v 1.522538 -3.956222 0.068957
v 1.986394 -4.056760 0.068470
v 1.944108 -4.056760 0.068514
v 1.944108 -3.762481 0.068514
v 1.986394 -3.762481 0.068470
v 2.142163 -3.917388 0.068307
v 2.270317 -4.056760 0.068172
v 2.217675 -4.056760 0.068228
v 2.093836 -3.922134 0.068357
v 2.093836 -4.056760 0.068357
v 2.051550 -4.056760 0.068402
v 2.051550 -3.762481 0.068402
v 2.093836 -3.762481 0.068358
v 2.093836 -3.907895 0.068357
v 2.243564 -3.762481 0.068201
v 2.301816 -3.762481 0.068139
v 2.686012 -4.103536 0.067737
v 2.637004 -4.103536 0.067788
v 2.637004 -3.762481 0.067788
v 2.840037 -3.762481 0.067575
v 2.840037 -3.806489 0.067575
v 2.686012 -3.806489 0.067737
v 3.064073 -3.827492 0.067340
v 3.057580 -3.823389 0.067347
v 3.051103 -3.819588 0.067354
v 3.044632 -3.816099 0.067361
v 3.038161 -3.812934 0.067367
v 3.031683 -3.810102 0.067374
v 3.025191 -3.807614 0.067381
v 3.018679 -3.805480 0.067388
v 3.012138 -3.803710 0.067395
v 3.005563 -3.802316 0.067402
v 2.998947 -3.801307 0.067409
v 2.992281 -3.800694 0.067415
v 2.985560 -3.800488 0.067423
v 2.975173 -3.800966 0.067433
v 2.965520 -3.802397 0.067444
v 2.956602 -3.804777 0.067453
v 2.948424 -3.808100 0.067461
v 2.940990 -3.812360 0.067469
v 2.934302 -3.817553 0.067476
v 2.928364 -3.823673 0.067483
v 2.923180 -3.830714 0.067488
v 2.918753 -3.838673 0.067493
v 2.915086 -3.847544 0.067496
v 2.912183 -3.857320 0.067499
v 2.910048 -3.867998 0.067502
v 3.068073 -3.867998 0.067336
v 3.067291 -3.887867 0.067337
v 3.064982 -3.905972 0.067339
v 3.061205 -3.922319 0.067343
v 3.056015 -3.936917 0.067349
v 3.049472 -3.949770 0.067356
v 3.041631 -3.960888 0.067364
v 3.032551 -3.970276 0.067373
v 3.022288 -3.977942 0.067384
v 3.010900 -3.983892 0.067396
v 2.998444 -3.988133 0.067409
v 2.984978 -3.990673 0.067423
v 2.970558 -3.991518 0.067438
v 2.955465 -3.990573 0.067454
v 2.941247 -3.987795 0.067469
v 2.927988 -3.983267 0.067483
v 2.915771 -3.977071 0.067496
v 2.904679 -3.969292 0.067507
v 2.894795 -3.960013 0.067518
v 2.886204 -3.949317 0.067527
v 2.878987 -3.937287 0.067534
v 2.873230 -3.924007 0.067540
v 2.869014 -3.909560 0.067545
v 2.866423 -3.894030 0.067547
v 2.865541 -3.877500 0.067548
v 2.866349 -3.862122 0.067548
v 2.868754 -3.847115 0.067545
v 2.872729 -3.832664 0.067541
v 2.878247 -3.818954 0.067535
v 2.885278 -3.806166 0.067528
v 2.893795 -3.794487 0.067519
v 2.903771 -3.784099 0.067508
v 2.915178 -3.775187 0.067496
v 2.927988 -3.767935 0.067483
v 2.942173 -3.762528 0.067468
v 2.957706 -3.759148 0.067452
v 2.974558 -3.757981 0.067434
v 2.983788 -3.758158 0.067424
v 2.992510 -3.758694 0.067415
v 3.000781 -3.759590 0.067407
v 3.008657 -3.760851 0.067398
v 3.016191 -3.762481 0.067390
v 3.023441 -3.764482 0.067383
v 3.030462 -3.766858 0.067375
v 3.037309 -3.769612 0.067368
v 3.044038 -3.772748 0.067361
v 3.050704 -3.776271 0.067354
v 3.057364 -3.780181 0.067347
v 3.064073 -3.784485 0.067340
v 2.911048 -3.897503 0.067501
v 2.912850 -3.906054 0.067499
v 2.915252 -3.913943 0.067496
v 2.918252 -3.921155 0.067493
v 2.921846 -3.927675 0.067489
v 2.926030 -3.933485 0.067485
v 2.930801 -3.938572 0.067480
v 2.936156 -3.942919 0.067474
v 2.942090 -3.946511 0.067468
v 2.948601 -3.949332 0.067461
v 2.955685 -3.951366 0.067454
v 2.963338 -3.952598 0.067446
v 2.971558 -3.953012 0.067437
v 2.979180 -3.952569 0.067429
v 2.986282 -3.951262 0.067422
v 2.992842 -3.949121 0.067415
v 2.998840 -3.946177 0.067409
v 3.004254 -3.942463 0.067403
v 3.009064 -3.938010 0.067398
v 3.013248 -3.932847 0.067393
v 3.016787 -3.927008 0.067390
v 3.019659 -3.920522 0.067387
v 3.021843 -3.913422 0.067384
v 3.023319 -3.905739 0.067383
v 3.024066 -3.897503 0.067382
v 3.295110 -3.987017 0.067098
v 3.202595 -3.987017 0.067195
v 3.187955 -3.986409 0.067210
v 3.174324 -3.984610 0.067225
v 3.161752 -3.981657 0.067238
v 3.150290 -3.977590 0.067250
v 3.139987 -3.972446 0.067261
v 3.130896 -3.966264 0.067270
v 3.123064 -3.959082 0.067278
v 3.116544 -3.950937 0.067285
v 3.111385 -3.941869 0.067291
v 3.107637 -3.931916 0.067295
v 3.105352 -3.921115 0.067297
v 3.104579 -3.909505 0.067298
v 3.104662 -3.905431 0.067298
v 3.104912 -3.901462 0.067297
v 3.105329 -3.897597 0.067297
v 3.105913 -3.893836 0.067296
v 3.106663 -3.890179 0.067296
v 3.107580 -3.886626 0.067295
v 3.108663 -3.883178 0.067293
v 3.109913 -3.879833 0.067292
v 3.111330 -3.876593 0.067291
v 3.112914 -3.873457 0.067289
v 3.114664 -3.870426 0.067287
v 3.116581 -3.867498 0.067285
v 3.118790 -3.864550 0.067283
v 3.121165 -3.861706 0.067280
v 3.123707 -3.858965 0.067278
v 3.126416 -3.856330 0.067275
v 3.129291 -3.853798 0.067272
v 3.132334 -3.851371 0.067269
v 3.135542 -3.849047 0.067265
v 3.138918 -3.846828 0.067262
v 3.142460 -3.844713 0.067258
v 3.146169 -3.842702 0.067254
v 3.150044 -3.840796 0.067250
v 3.154087 -3.838994 0.067246
v 3.154087 -3.837994 0.067246
v 3.148871 -3.836590 0.067251
v 3.143990 -3.834893 0.067256
v 3.139467 -3.832922 0.067261
v 3.135325 -3.830696 0.067266
v 3.131585 -3.828233 0.067269
v 3.128270 -3.825554 0.067273
v 3.125404 -3.822676 0.067276
v 3.123008 -3.819620 0.067278
v 3.121105 -3.816404 0.067280
v 3.119718 -3.813047 0.067282
v 3.118869 -3.809569 0.067283
v 3.118581 -3.805988 0.067283
v 3.118728 -3.803508 0.067283
v 3.119172 -3.801064 0.067282
v 3.119917 -3.798651 0.067282
v 3.120971 -3.796265 0.067281
v 3.122336 -3.793899 0.067279
v 3.124019 -3.791548 0.067277
v 3.126026 -3.789209 0.067275
v 3.128361 -3.786874 0.067273
v 3.131028 -3.784540 0.067270
v 3.134035 -3.782200 0.067267
v 3.137385 -3.779850 0.067263
v 3.141085 -3.777484 0.067259
v 3.131779 -3.774898 0.067269
v 3.123355 -3.771883 0.067278
v 3.115799 -3.768428 0.067286
v 3.109098 -3.764519 0.067293
v 3.103237 -3.760144 0.067299
v 3.098203 -3.755293 0.067304
v 3.093981 -3.749951 0.067309
v 3.090558 -3.744108 0.067312
v 3.087920 -3.737751 0.067315
v 3.086053 -3.730867 0.067317
v 3.084943 -3.723446 0.067318
v 3.084576 -3.715474 0.067319
v 3.085457 -3.705837 0.067318
v 3.088042 -3.696718 0.067315
v 3.092241 -3.688180 0.067311
v 3.097967 -3.680283 0.067305
v 3.105130 -3.673087 0.067297
v 3.113643 -3.666654 0.067288
v 3.123416 -3.661043 0.067278
v 3.134361 -3.656316 0.067267
v 3.146390 -3.652534 0.067254
v 3.159414 -3.649757 0.067240
v 3.173344 -3.648046 0.067226
v 3.188092 -3.647463 0.067210
v 3.204150 -3.648020 0.067193
v 3.219039 -3.649669 0.067178
v 3.232717 -3.652378 0.067163
v 3.245138 -3.656112 0.067150
v 3.256261 -3.660841 0.067139
v 3.266042 -3.666528 0.067128
v 3.274437 -3.673144 0.067120
v 3.281404 -3.680654 0.067112
v 3.286897 -3.689024 0.067107
v 3.290875 -3.698223 0.067102
v 3.293293 -3.708218 0.067100
v 3.294109 -3.718974 0.067099
v 3.293747 -3.726011 0.067099
v 3.292628 -3.732842 0.067101
v 3.290703 -3.739431 0.067103
v 3.287923 -3.745738 0.067106
v 3.284241 -3.751726 0.067109
v 3.279607 -3.757355 0.067114
v 3.273973 -3.762589 0.067120
v 3.267290 -3.767390 0.067127
v 3.259510 -3.771717 0.067135
v 3.250584 -3.775534 0.067145
v 3.240463 -3.778803 0.067155
v 3.229099 -3.781484 0.067167
v 3.218296 -3.783707 0.067179
v 3.208396 -3.785890 0.067189
v 3.199407 -3.788056 0.067198
v 3.191334 -3.790226 0.067207
v 3.184184 -3.792425 0.067214
v 3.177966 -3.794674 0.067221
v 3.172685 -3.796996 0.067226
v 3.168348 -3.799413 0.067231
v 3.164963 -3.801949 0.067234
v 3.162537 -3.804625 0.067237
v 3.161077 -3.807464 0.067239
v 3.160588 -3.810489 0.067239
v 3.161806 -3.816282 0.067238
v 3.165246 -3.820618 0.067234
v 3.170589 -3.823812 0.067229
v 3.177517 -3.826177 0.067221
v 3.185708 -3.828028 0.067213
v 3.194843 -3.829679 0.067203
v 3.204604 -3.831446 0.067193
v 3.214671 -3.833641 0.067182
v 3.224723 -3.836579 0.067172
v 3.234442 -3.840575 0.067162
v 3.243509 -3.845942 0.067152
v 3.251602 -3.852996 0.067144
v 3.254222 -3.855842 0.067141
v 3.256805 -3.859099 0.067138
v 3.259315 -3.862716 0.067135
v 3.261715 -3.866646 0.067133
v 3.263970 -3.870840 0.067131
v 3.266042 -3.875249 0.067128
v 3.267896 -3.879825 0.067127
v 3.269494 -3.884520 0.067125
v 3.270801 -3.889283 0.067123
v 3.271779 -3.894067 0.067122
v 3.272393 -3.898824 0.067122
v 3.272606 -3.903504 0.067122
v 3.272478 -3.908126 0.067122
v 3.272080 -3.912517 0.067122
v 3.271395 -3.916717 0.067123
v 3.270402 -3.920766 0.067124
v 3.269082 -3.924704 0.067125
v 3.267417 -3.928571 0.067127
v 3.265388 -3.932406 0.067129
v 3.262975 -3.936250 0.067132
v 3.260158 -3.940143 0.067135
v 3.256920 -3.944124 0.067138
v 3.253241 -3.948234 0.067142
v 3.249102 -3.952512 0.067146
v 3.295110 -3.952512 0.067098
v 3.232599 -3.909005 0.067164
v 3.232231 -3.903031 0.067164
v 3.231150 -3.897385 0.067165
v 3.229396 -3.892104 0.067167
v 3.227006 -3.887224 0.067169
v 3.224019 -3.882781 0.067173
v 3.220472 -3.878813 0.067176
v 3.216405 -3.875355 0.067180
v 3.211855 -3.872443 0.067185
v 3.206861 -3.870116 0.067190
v 3.201460 -3.868408 0.067196
v 3.195691 -3.867357 0.067202
v 3.189593 -3.866998 0.067209
v 3.183034 -3.867337 0.067215
v 3.176882 -3.868334 0.067222
v 3.171168 -3.869959 0.067228
v 3.165922 -3.872184 0.067233
v 3.161177 -3.874978 0.067238
v 3.156962 -3.878312 0.067243
v 3.153311 -3.882157 0.067247
v 3.150253 -3.886483 0.067250
v 3.147820 -3.891260 0.067252
v 3.146044 -3.896459 0.067254
v 3.144955 -3.902050 0.067255
v 3.144585 -3.908005 0.067256
v 3.144993 -3.913424 0.067255
v 3.146180 -3.918645 0.067254
v 3.148094 -3.923616 0.067252
v 3.150679 -3.928286 0.067249
v 3.153882 -3.932600 0.067246
v 3.157650 -3.936509 0.067242
v 3.161928 -3.939960 0.067238
v 3.166663 -3.942899 0.067233
v 3.171800 -3.945276 0.067227
v 3.177287 -3.947039 0.067221
v 3.183069 -3.948134 0.067215
v 3.189093 -3.948511 0.067209
v 3.194886 -3.948144 0.067203
v 3.200476 -3.947078 0.067197
v 3.205806 -3.945362 0.067192
v 3.210818 -3.943047 0.067186
v 3.215455 -3.940184 0.067181
v 3.219660 -3.936822 0.067177
v 3.223375 -3.933012 0.067173
v 3.226543 -3.928804 0.067170
v 3.229107 -3.924249 0.067167
v 3.231009 -3.919398 0.067165
v 3.232192 -3.914299 0.067164
v 3.251102 -3.715474 0.067144
v 3.250627 -3.710527 0.067145
v 3.249218 -3.705947 0.067146
v 3.246898 -3.701745 0.067149
v 3.243694 -3.697934 0.067152
v 3.239628 -3.694526 0.067156
v 3.234725 -3.691533 0.067161
v 3.229009 -3.688966 0.067167
v 3.222505 -3.686840 0.067174
v 3.215237 -3.685164 0.067182
v 3.207230 -3.683953 0.067190
v 3.198507 -3.683217 0.067199
v 3.189093 -3.682969 0.067209
v 3.179353 -3.683218 0.067219
v 3.170397 -3.683962 0.067229
v 3.162236 -3.685195 0.067237
v 3.154883 -3.686914 0.067245
v 3.148350 -3.689111 0.067252
v 3.142648 -3.691782 0.067258
v 3.137789 -3.694923 0.067263
v 3.133787 -3.698527 0.067267
v 3.130653 -3.702589 0.067270
v 3.128400 -3.707104 0.067273
v 3.127039 -3.712068 0.067274
v 3.126583 -3.717474 0.067275
v 3.127013 -3.722345 0.067274
v 3.128277 -3.726939 0.067273
v 3.130333 -3.731226 0.067271
v 3.133139 -3.735181 0.067268
v 3.136653 -3.738774 0.067264
v 3.140835 -3.741978 0.067260
v 3.145641 -3.744766 0.067255
v 3.151031 -3.747108 0.067249
v 3.156962 -3.748979 0.067243
v 3.163394 -3.750350 0.067236
v 3.170284 -3.751193 0.067229
v 3.177591 -3.751480 0.067221
v 3.184815 -3.751316 0.067214
v 3.192586 -3.750792 0.067205
v 3.200680 -3.749862 0.067197
v 3.208873 -3.748479 0.067188
v 3.216942 -3.746596 0.067180
v 3.224661 -3.744166 0.067172
v 3.231807 -3.741142 0.067164
v 3.238156 -3.737477 0.067158
v 3.243484 -3.733125 0.067152
v 3.247567 -3.728038 0.067148
v 3.250181 -3.722170 0.067145
v 3.524146 -4.103536 0.066858
v 3.475138 -4.103536 0.066909
v 3.475138 -3.762481 0.066909
v 3.524146 -3.762481 0.066858
v 3.704675 -3.942010 0.066669
v 3.853199 -4.103536 0.066513
v 3.792189 -4.103536 0.066577
v 3.648666 -3.947511 0.066727
v 3.648666 -4.103536 0.066727
v 3.599658 -4.103536 0.066779
v 3.599658 -3.762481 0.066779
v 3.648666 -3.762481 0.066727
v 3.648666 -3.931008 0.066727
v 3.822194 -3.762481 0.066545
v 3.889704 -3.762481 0.066475
l 1186 1187
l 1188 1186
l 1189 1188
l 1187 1189
l 1190 1191
l 1192 1190
l 1193 1192
l 1191 1193
l 1194 1196
l 1195 1194
l 1197 1195
l 1196 1197
l 1199 1198
l 1198 1200
l 1200 1201
l 1201 1199
l 1202 1204
l 1203 1202
l 1205 1203
l 1204 1205
l 1206 1207
l 1207 1208
l 1208 1209
l 1209 1210
l 1210 1211
l 1211 1212
l 1212 1213
l 1213 1206
l 1214 1215
l 1215 1216
l 1216 1214
l 1217 1218
l 1218 1219
l 1219 1220
l 1220 1221
l 1221 1222
l 1222 1223
l 1223 1224
l 1224 1225
l 1225 1226
l 1226 1227
l 1227 1228
l 1228 1229
l 1229 1230
l 1230 1231
l 1231 1232
l 1232 1233
l 1233 1234
l 1234 1235
l 1235 1236
l 1236 1237
l 1237 1238
l 1238 1239
l 1239 1240
l 1240 1241
l 1241 1242
l 1242 1243
l 1243 1244
l 1244 1245
l 1245 1246
l 1246 1247
l 1247 1248
l 1248 1249
l 1249 1250
l 1250 1251
l 1251 1252
l 1252 1253
l 1253 1254
l 1254 1255
l 1255 1256
l 1256 1257
l 1257 1258
l 1258 1259
l 1259 1260
l 1260 1261
l 1261 1262
l 1262 1263
l 1263 1264
l 1264 1265
l 1265 1266
l 1266 1267
l 1267 1268
l 1268 1269
l 1269 1270
l 1270 1271
l 1271 1217
l 1272 1273
l 1273 1274
l 1274 1275
l 1275 1276
l 1276 1277
l 1277 1278
l 1278 1279
l 1279 1280
l 1280 1281
l 1281 1282
l 1282 1283
l 1283 1284
l 1284 1285
l 1285 1286
l 1286 1287
l 1287 1288
l 1288 1289
l 1289 1290
l 1290 1291
l 1291 1292
l 1292 1293
l 1293 1294
l 1294 1295
l 1295 1296
l 1296 1297
l 1297 1298
l 1298 1299
l 1299 1300
l 1300 1301
l 1301 1302
l 1302 1303
l 1303 1304
l 1304 1305
l 1305 1306
l 1306 1307
l 1307 1308
l 1308 1309
l 1309 1310
l 1310 1311
l 1311 1312
l 1312 1313
l 1313 1314
l 1314 1315
l 1315 1316
l 1316 1317
l 1317 1318
l 1318 1319
l 1319 1320
l 1320 1321
l 1321 1322
l 1322 1323
l 1323 1324
l 1324 1325
l 1325 1326
l 1326 1327
l 1327 1328
l 1328 1329
l 1329 1330
l 1330 1331
l 1331 1332
l 1332 1333
l 1333 1334
l 1334 1335
l 1335 1336
l 1336 1337
l 1337 1338
l 1338 1339
l 1339 1340
l 1340 1341
l 1341 1342
l 1342 1343
l 1343 1344
l 1344 1345
l 1345 1346
l 1346 1347
l 1347 1348
l 1348 1349
l 1349 1350
l 1350 1351
l 1351 1352
l 1352 1353
l 1353 1354
l 1354 1355
l 1355 1356
l 1356 1357
l 1357 1358
l 1358 1359
l 1359 1360
l 1360 1361
l 1361 1362
l 1362 1363
l 1363 1364
l 1364 1365
l 1365 1366
l 1366 1367
l 1367 1368
l 1368 1369
l 1369 1370
l 1370 1371
l 1371 1372
l 1372 1373
l 1373 1374
l 1374 1375
l 1375 1376
l 1376 1377
l 1377 1378
l 1378 1272
l 1379 1380
l 1380 1381
l 1381 1382
l 1382 1379
l 1383 1384
l 1384 1385
l 1385 1386
l 1386 1387
l 1387 1388
l 1388 1389
l 1389 1390
l 1390 1391
l 1391 1392
l 1392 1393
l 1393 1383
l 1394 1395
l 1395 1396
l 1396 1397
l 1397 1398
l 1398 1399
l 1399 1394
l 1400 1401
l 1401 1402
l 1402 1403
l 1403 1404
l 1404 1405
l 1405 1406
l 1406 1407
l 1407 1408
l 1408 1409
l 1409 1410
l 1410 1411
l 1411 1412
l 1412 1413
l 1413 1414
l 1414 1415
l 1415 1416
l 1416 1417
l 1417 1418
l 1418 1419
l 1419 1420
l 1420 1421
l 1421 1422
l 1422 1423
l 1423 1424
l 1424 1425
l 1425 1426
l 1426 1427
l 1427 1428
l 1428 1429
l 1429 1430
l 1430 1431
l 1431 1432
l 1432 1433
l 1433 1434
l 1434 1435
l 1435 1436
l 1436 1437
l 1437 1438
l 1438 1439
l 1439 1440
l 1440 1441
l 1441 1442
l 1442 1443
l 1443 1444
l 1444 1445
l 1445 1446
l 1446 1447
l 1447 1448
l 1448 1449
l 1449 1450
l 1450 1451
l 1451 1452
l 1452 1453
l 1453 1454
l 1454 1455
l 1455 1456
l 1456 1457
l 1457 1458
l 1458 1459
l 1459 1460
l 1460 1461
l 1461 1462
l 1462 1463
l 1463 1464
l 1464 1465
l 1465 1466
l 1466 1467
l 1467 1468
l 1468 1469
l 1469 1470
l 1470 1471
l 1471 1472
l 1472 1473
l 1473 1400
l 1474 1475
l 1475 1476
l 1476 1477
l 1477 1478
l 1478 1479
l 1479 1480
l 1480 1481
l 1481 1482
l 1482 1483
l 1483 1484
l 1484 1485
l 1485 1486
l 1486 1487
l 1487 1488
l 1488 1489
l 1489 1490
l 1490 1491
l 1491 1492
l 1492 1493
l 1493 1494
l 1494 1495
l 1495 1496
l 1496 1497
l 1497 1498
l 1498 1474
l 1499 1500
l 1500 1501
l 1501 1502
l 1502 1503
l 1503 1504
l 1504 1505
l 1505 1506
l 1506 1507
l 1507 1508
l 1508 1509
l 1509 1510
l 1510 1511
l 1511 1512
l 1512 1513
l 1513 1514
l 1514 1515
l 1515 1516
l 1516 1517
l 1517 1518
l 1518 1519
l 1519 1520
l 1520 1521
l 1521 1522
l 1522 1523
l 1523 1524
l 1524 1525
l 1525 1526
l 1526 1527
l 1527 1528
l 1528 1529
l 1529 1530
l 1530 1531
l 1531 1532
l 1532 1533
l 1533 1534
l 1534 1535
l 1535 1536
l 1536 1537
l 1537 1538
l 1538 1539
l 1539 1540
l 1540 1541
l 1541 1542
l 1542 1543
l 1543 1544
l 1544 1545
l 1545 1546
l 1546 1547
l 1547 1548
l 1548 1549
l 1549 1550
l 1550 1551
l 1551 1552
l 1552 1553
l 1553 1554
l 1554 1555
l 1555 1556
l 1556 1557
l 1557 1558
l 1558 1559
l 1559 1560
l 1560 1561
l 1561 1562
l 1562 1563
l 1563 1564
l 1564 1565
l 1565 1566
l 1566 1567
l 1567 1568
l 1568 1569
l 1569 1570
l 1570 1571
l 1571 1572
l 1572 1573
l 1573 1574
l 1574 1575
l 1575 1576
l 1576 1577
l 1577 1578
l 1578 1579
l 1579 1580
l 1580 1581
l 1581 1582
l 1582 1583
l 1583 1584
l 1584 1585
l 1585 1586
l 1586 1587
l 1587 1588
l 1588 1589
l 1589 1590
l 1590 1591
l 1591 1592
l 1592 1593
l 1593 1594
l 1594 1595
l 1595 1596
l 1596 1597
l 1597 1598
l 1598 1599
l 1599 1600
l 1600 1601
l 1601 1602
l 1602 1603
l 1603 1604
l 1604 1605
l 1605 1606
l 1606 1607
l 1607 1608
l 1608 1609
l 1609 1610
l 1610 1611
l 1611 1612
l 1612 1613
l 1613 1614
l 1614 1615
l 1615 1616
l 1616 1617
l 1617 1618
l 1618 1619
l 1619 1620
l 1620 1621
l 1621 1622
l 1622 1623
l 1623 1624
l 1624 1625
l 1625 1626
l 1626 1627
l 1627 1628
l 1628 1629
l 1629 1630
l 1630 1631
l 1631 1632
l 1632 1633
l 1633 1634
l 1634 1635
l 1635 1636
l 1636 1637
l 1637 1638
l 1638 1639
l 1639 1640
l 1640 1641
l 1641 1642
l 1642 1643
l 1643 1644
l 1644 1645
l 1645 1646
l 1646 1647
l 1647 1648
l 1648 1649
l 1649 1650
l 1650 1651
l 1651 1652
l 1652 1653
l 1653 1654
l 1654 1655
l 1655 1656
l 1656 1657
l 1657 1658
l 1658 1499
l 1659 1660
l 1660 1661
l 1661 1662
l 1662 1663
l 1663 1664
l 1664 1665
l 1665 1666
l 1666 1667
l 1667 1668
l 1668 1669
l 1669 1670
l 1670 1671
l 1671 1672
l 1672 1673
l 1673 1674
l 1674 1675
l 1675 1676
l 1676 1677
l 1677 1678
l 1678 1679
l 1679 1680
l 1680 1681
l 1681 1682
l 1682 1683
l 1683 1684
l 1684 1685
l 1685 1686
l 1686 1687
l 1687 1688
l 1688 1689
l 1689 1690
l 1690 1691
l 1691 1692
l 1692 1693
l 1693 1694
l 1694 1695
l 1695 1696
l 1696 1697
l 1697 1698
l 1698 1699
l 1699 1700
l 1700 1701
l 1701 1702
l 1702 1703
l 1703 1704
l 1704 1705
l 1705 1706
l 1706 1659
l 1707 1708
l 1708 1709
l 1709 1710
l 1710 1711
l 1711 1712
l 1712 1713
l 1713 1714
l 1714 1715
l 1715 1716
l 1716 1717
l 1717 1718
l 1718 1719
l 1719 1720
l 1720 1721
l 1721 1722
l 1722 1723
l 1723 1724
l 1724 1725
l 1725 1726
l 1726 1727
l 1727 1728
l 1728 1729
l 1729 1730
l 1730 1731
l 1731 1732
l 1732 1733
l 1733 1734
l 1734 1735
l 1735 1736
l 1736 1737
l 1737 1738
l 1738 1739
l 1739 1740
l 1740 1741
l 1741 1742
l 1742 1743
l 1743 1744
l 1744 1745
l 1745 1746
l 1746 1747
l 1747 1748
l 1748 1749
l 1749 1750
l 1750 1751
l 1751 1752
l 1752 1753
l 1753 1754
l 1754 1707
l 1755 1756
l 1756 1757
l 1757 1758
l 1758 1755
l 1759 1760
l 1760 1761
l 1761 1762
l 1762 1763
l 1763 1764
l 1764 1765
l 1765 1766
l 1766 1767
l 1767 1768
l 1768 1769
l 1769 1759
o Hitbox_1_Icosphere.002
v -0.237194 1.503675 -4.996597
v -0.237194 1.503675 -4.996597
v -0.237194 1.503675 -4.996597
v -0.237194 1.503675 -4.996597
v -0.237194 1.503675 -4.996597
v -0.237194 1.503675 -4.996597
v -0.237194 1.503675 -4.996597
v -0.237194 1.503675 -4.996597
v -0.237194 1.503675 -4.996597
v -0.237194 1.503675 -4.996597
v -0.237194 1.503675 -4.996597
v -0.237194 1.503675 -4.996597
v -0.237194 1.503675 -4.996597
v -0.237194 1.503675 -4.996597
v -0.237194 1.503675 -4.996597
v -0.237194 1.503675 -4.996597
v -0.237194 1.503675 -4.996597
v -0.237194 1.503675 -4.996597
v -0.237194 1.503675 -4.996597
v -0.237194 1.503675 -4.996597
v -0.237194 1.503675 -4.996597
v -0.237194 1.503675 -4.996597
v -0.237194 1.503675 -4.996597
v -0.237194 1.503675 -4.996597
v -0.237194 1.503675 -4.996597
v -0.237194 1.503675 -4.996597
v -0.237194 1.503675 -4.996597
v -0.237194 1.503675 -4.996597
v -0.237194 1.503675 -4.996597
v -0.237194 1.503675 -4.996597
v -0.237194 1.503675 -4.996597
v -0.237194 1.503675 -4.996597
v -0.237194 1.503675 -4.996597
v -0.237194 1.503675 -4.996597
v -0.237194 1.503675 -4.996597
v -0.237194 1.503675 -4.996597
v -0.237194 1.503675 -4.996597
v -0.237194 1.503675 -4.996597
v -0.237194 1.503675 -4.996597
v -0.237194 1.503675 -4.996597
v -0.237194 1.503675 -4.996597
v -0.237194 1.503675 -4.996597
l 1782 1770
l 1783 1771
l 1784 1772
l 1785 1771
l 1786 1775
l 1787 1770
l 1788 1773
l 1789 1770
l 1790 1774
l 1791 1775
l 1792 1771
l 1793 1780
l 1794 1772
l 1795 1776
l 1796 1773
l 1797 1777
l 1798 1774
l 1799 1778
l 1800 1775
l 1801 1779
l 1802 1776
l 1803 1777
l 1804 1778
l 1805 1779
l 1806 1780
l 1807 1776
l 1808 1781
l 1809 1777
l 1810 1778
l 1811 1779
l 1772 1782
l 1770 1783
l 1771 1784
l 1775 1785
l 1770 1786
l 1773 1787
l 1772 1788
l 1774 1789
l 1773 1790
l 1774 1791
l 1780 1792
l 1775 1793
l 1776 1794
l 1771 1795
l 1777 1796
l 1772 1797
l 1778 1798
l 1773 1799
l 1779 1800
l 1774 1801
l 1780 1802
l 1776 1803
l 1777 1804
l 1778 1805
l 1779 1806
l 1781 1807
l 1780 1808
l 1781 1809
l 1781 1810
l 1781 1811
l 1808 1811
l 1808 1806
l 1811 1806
l 1811 1810
l 1811 1805
l 1810 1805
l 1810 1809
l 1810 1804
l 1809 1804
l 1809 1807
l 1809 1803
l 1807 1803
l 1807 1808
l 1807 1802
l 1808 1802
l 1793 1806
l 1793 1800
l 1806 1800
l 1801 1805
l 1801 1798
l 1805 1798
l 1799 1804
l 1799 1796
l 1804 1796
l 1797 1803
l 1797 1794
l 1803 1794
l 1795 1802
l 1795 1792
l 1802 1792
l 1800 1801
l 1800 1791
l 1801 1791
l 1798 1799
l 1798 1790
l 1799 1790
l 1796 1797
l 1796 1788
l 1797 1788
l 1794 1795
l 1794 1784
l 1795 1784
l 1792 1793
l 1792 1785
l 1793 1785
l 1786 1791
l 1786 1789
l 1791 1789
l 1789 1790
l 1789 1787
l 1790 1787
l 1787 1788
l 1787 1782
l 1788 1782
l 1785 1786
l 1785 1783
l 1786 1783
l 1782 1784
l 1782 1783
l 1784 1783
o Hitbox_Direction_1_Icosphere.003
v -0.237194 1.503675 -4.996597
v -0.237194 1.503675 -4.996597
v -0.237194 1.503675 -4.996597
v -0.237194 1.503675 -4.996597
v -0.237194 1.503675 -4.996597
v -0.237194 1.503675 -4.996597
v -0.237194 1.503675 -4.996597
v -0.237194 1.503675 -4.996597
v -0.237194 1.503675 -4.996597
v -0.237194 1.503675 -4.996597
v -0.237194 1.503675 -4.996597
v -0.237194 1.503675 -4.996597
v -0.237194 1.503675 -4.996597
v -0.237194 1.503675 -4.996597
v -0.237194 1.503675 -4.996597
v -0.237194 1.503675 -4.996597
v -0.237194 1.503675 -4.996597
v -0.237194 1.503675 -4.996597
v -0.237194 1.503675 -4.996597
v -0.237194 1.503675 -4.996597
v -0.237194 1.503675 -4.996597
v -0.237194 1.503675 -4.996597
v -0.237194 1.503675 -4.996597
v -0.237194 1.503675 -4.996597
v -0.237194 1.503675 -4.996597
v -0.237194 1.503675 -4.996597
v -0.237194 1.503675 -4.996597
v -0.237194 1.503675 -4.996597
v -0.237194 1.503675 -4.996597
v -0.237194 1.503675 -4.996597
v -0.237194 1.503675 -4.996597
v -0.237194 1.503675 -4.996597
v -0.237194 1.503675 -4.996597
v -0.237194 1.503675 -4.996597
v -0.237194 1.503675 -4.996597
v -0.237194 1.503675 -4.996597
v -0.237194 1.503675 -4.996597
v -0.237194 1.503675 -4.996597
v -0.237194 1.503675 -4.996597
v -0.237194 1.503675 -4.996597
v -0.237194 1.503675 -4.996597
v -0.237194 1.503675 -4.996597
l 1824 1812
l 1825 1813
l 1826 1814
l 1827 1813
l 1828 1817
l 1829 1812
l 1830 1815
l 1831 1812
l 1832 1816
l 1833 1817
l 1834 1813
l 1835 1822
l 1836 1814
l 1837 1818
l 1838 1815
l 1839 1819
l 1840 1816
l 1841 1820
l 1842 1817
l 1843 1821
l 1844 1818
l 1845 1819
l 1846 1820
l 1847 1821
l 1848 1822
l 1849 1818
l 1850 1823
l 1851 1819
l 1852 1820
l 1853 1821
l 1814 1824
l 1812 1825
l 1813 1826
l 1817 1827
l 1812 1828
l 1815 1829
l 1814 1830
l 1816 1831
l 1815 1832
l 1816 1833
l 1822 1834
l 1817 1835
l 1818 1836
l 1813 1837
l 1819 1838
l 1814 1839
l 1820 1840
l 1815 1841
l 1821 1842
l 1816 1843
l 1822 1844
l 1818 1845
l 1819 1846
l 1820 1847
l 1821 1848
l 1823 1849
l 1822 1850
l 1823 1851
l 1823 1852
l 1823 1853
l 1850 1853
l 1850 1848
l 1853 1848
l 1853 1852
l 1853 1847
l 1852 1847
l 1852 1851
l 1852 1846
l 1851 1846
l 1851 1849
l 1851 1845
l 1849 1845
l 1849 1850
l 1849 1844
l 1850 1844
l 1835 1848
l 1835 1842
l 1848 1842
l 1843 1847
l 1843 1840
l 1847 1840
l 1841 1846
l 1841 1838
l 1846 1838
l 1839 1845
l 1839 1836
l 1845 1836
l 1837 1844
l 1837 1834
l 1844 1834
l 1842 1843
l 1842 1833
l 1843 1833
l 1840 1841
l 1840 1832
l 1841 1832
l 1838 1839
l 1838 1830
l 1839 1830
l 1836 1837
l 1836 1826
l 1837 1826
l 1834 1835
l 1834 1827
l 1835 1827
l 1828 1833
l 1828 1831
l 1833 1831
l 1831 1832
l 1831 1829
l 1832 1829
l 1829 1830
l 1829 1824
l 1830 1824
l 1827 1828
l 1827 1825
l 1828 1825
l 1824 1826
l 1824 1825
l 1826 1825
o Circle.001
v -0.000000 -0.366598 0.138180
v -0.071520 -0.359554 0.138180
v -0.140291 -0.338693 0.138180
v -0.203671 -0.304815 0.138180
v -0.259224 -0.259224 0.138180
v -0.304816 -0.203671 0.138180
v -0.338693 -0.140291 0.138180
v -0.359554 -0.071520 0.138180
v -0.366599 0.000000 0.138180
v -0.359555 0.071520 0.138180
v -0.338693 0.140291 0.138180
v -0.304816 0.203671 0.138180
v -0.259224 0.259224 0.138180
v -0.203671 0.304816 0.138180
v -0.140291 0.338693 0.138180
v -0.071520 0.359555 0.138180
v 0.000000 0.366599 0.138180
v 0.071520 0.359555 0.138180
v 0.140291 0.338693 0.138180
v 0.203671 0.304816 0.138180
v 0.259224 0.259224 0.138180
v 0.304816 0.203671 0.138180
v 0.338693 0.140291 0.138180
v 0.359554 0.071520 0.138180
v 0.366598 -0.000000 0.138180
v 0.359554 -0.071520 0.138180
v 0.338693 -0.140291 0.138180
v 0.304815 -0.203672 0.138180
v 0.259224 -0.259225 0.138180
v 0.203671 -0.304816 0.138180
v 0.140291 -0.338693 0.138180
v 0.071519 -0.359554 0.138180
l 1855 1854
l 1856 1855
l 1857 1856
l 1858 1857
l 1859 1858
l 1860 1859
l 1861 1860
l 1862 1861
l 1863 1862
l 1864 1863
l 1865 1864
l 1866 1865
l 1867 1866
l 1868 1867
l 1869 1868
l 1870 1869
l 1871 1870
l 1872 1871
l 1873 1872
l 1874 1873
l 1875 1874
l 1876 1875
l 1877 1876
l 1878 1877
l 1879 1878
l 1880 1879
l 1881 1880
l 1882 1881
l 1883 1882
l 1884 1883
l 1885 1884
l 1854 1885
o Cube.001_Cube.006
v 0.313071 -0.539570 0.973374
v -0.272767 -0.539570 0.973374
v 0.313071 -0.539570 0.712451
v -0.272767 -0.539570 0.712451
v 0.313071 0.539570 0.973374
v -0.272767 0.539570 0.973374
v 0.313071 0.539570 0.712451
v -0.272767 0.539570 0.712451
l 1888 1886
l 1886 1887
l 1889 1888
l 1889 1893
l 1893 1892
l 1890 1892
l 1891 1890
l 1891 1887
o Plane.001_Plane.002
v -0.561603 0.447706 0.130313
v 0.561603 0.447706 0.130313
v -0.561603 -0.447706 0.130313
v 0.561603 -0.447706 0.130313
l 1896 1894
l 1894 1895
l 1895 1897
l 1897 1896
o Plane_Plane.001
v -0.200394 0.200394 0.291510
v 0.200394 0.200394 0.291510
v -0.200394 -0.200394 0.291510
v 0.200394 -0.200394 0.291510
v -0.200394 0.200394 0.509250
v 0.200394 0.200394 0.509250
v -0.200394 -0.200394 0.509250
v 0.200394 -0.200394 0.509250
l 1900 1898
l 1898 1899
l 1899 1901
l 1901 1900
l 1904 1902
l 1902 1903
l 1903 1905
l 1905 1904
o Circle
v -0.000000 -0.939668 0.000000
v -0.183320 -0.921613 0.000000
v -0.359596 -0.868140 0.000000
v -0.522052 -0.781306 0.000001
v -0.664446 -0.664446 0.000001
v -0.781306 -0.522052 0.000001
v -0.868141 -0.359595 0.000001
v -0.921613 -0.183320 0.000001
v -0.939669 0.000000 0.000001
v -0.921613 0.183320 0.000001
v -0.868141 0.359596 0.000001
v -0.781306 0.522052 0.000001
v -0.664446 0.664446 0.000001
v -0.522052 0.781306 0.000001
v -0.359596 0.868141 0.000001
v -0.183320 0.921614 0.000001
v 0.000000 0.939669 0.000001
v 0.183321 0.921614 0.000001
v 0.359596 0.868141 0.000001
v 0.522052 0.781306 0.000001
v 0.664446 0.664446 0.000001
v 0.781306 0.522052 0.000001
v 0.868141 0.359595 0.000001
v 0.921613 0.183320 0.000001
v 0.939669 -0.000001 0.000001
v 0.921613 -0.183321 0.000001
v 0.868140 -0.359596 0.000001
v 0.781305 -0.522053 0.000001
v 0.664445 -0.664447 0.000001
v 0.522051 -0.781307 0.000001
v 0.359594 -0.868141 0.000000
v 0.183319 -0.921613 0.000000
l 1907 1906
l 1908 1907
l 1909 1908
l 1910 1909
l 1911 1910
l 1912 1911
l 1913 1912
l 1914 1913
l 1915 1914
l 1916 1915
l 1917 1916
l 1918 1917
l 1919 1918
l 1920 1919
l 1921 1920
l 1922 1921
l 1923 1922
l 1924 1923
l 1925 1924
l 1926 1925
l 1927 1926
l 1928 1927
l 1929 1928
l 1930 1929
l 1931 1930
l 1932 1931
l 1933 1932
l 1934 1933
l 1935 1934
l 1936 1935
l 1937 1936
l 1906 1937
o Plane.003_Plane.004
v 0.200000 0.000000 0.200000
v -0.200000 0.000000 0.200000
v 0.200000 0.000000 -0.200000
v -0.200000 0.000000 -0.200000
l 1940 1938
l 1938 1939
l 1939 1941
l 1941 1940
